iteration,epoch,loss,smoothed_loss_41
0,0.0,0.05272122099995613,
1,0.0037313432835820895,0.05228807032108307,
2,0.007462686567164179,0.05017615109682083,
3,0.011194029850746268,0.048578664660453796,
4,0.014925373134328358,0.04741974174976349,
5,0.018656716417910446,0.045191265642642975,
6,0.022388059701492536,0.0446818545460701,
7,0.026119402985074626,0.04386080428957939,
8,0.029850746268656716,0.042826566845178604,
9,0.033582089552238806,0.04270736128091812,
10,0.03731343283582089,0.042090438306331635,
11,0.041044776119402986,0.04262169823050499,
12,0.04477611940298507,0.04285545274615288,
13,0.048507462686567165,0.041788250207901,
14,0.05223880597014925,0.04245883226394653,
15,0.055970149253731345,0.041516296565532684,
16,0.05970149253731343,0.041610270738601685,
17,0.06343283582089553,0.041053079068660736,
18,0.06716417910447761,0.04100403934717178,
19,0.0708955223880597,0.04051018878817558,
20,0.07462686567164178,0.04087689146399498,0.04219255769034711
21,0.07835820895522388,0.04101663827896118,0.04187610418331332
22,0.08208955223880597,0.04031659662723541,0.04157444089651108
23,0.08582089552238806,0.040635768324136734,0.04132881951404781
24,0.08955223880597014,0.04016605764627457,0.04110508075937992
25,0.09328358208955224,0.03991447389125824,0.04091835503534573
26,0.09701492537313433,0.04013865068554878,0.040783105372655684
27,0.10074626865671642,0.040395595133304596,0.040656800767997416
28,0.1044776119402985,0.040275998413562775,0.040569938083247443
29,0.10820895522388059,0.039280764758586884,0.04050946526411103
30,0.11194029850746269,0.04016527161002159,0.04043361944396321
31,0.11567164179104478,0.04005502164363861,0.04036340408208894
32,0.11940298507462686,0.04029998183250427,0.04027536384216169
33,0.12313432835820895,0.03962182253599167,0.04019026612726653
34,0.12686567164179105,0.0397610142827034,0.04012039194746715
35,0.13059701492537312,0.039426304399967194,0.040043726381732196
36,0.13432835820895522,0.04046822339296341,0.03997011619006715
37,0.13805970149253732,0.03953007608652115,0.03989710086366025
38,0.1417910447761194,0.040166787803173065,0.03982327705839785
39,0.1455223880597015,0.03976205363869667,0.03975145854964489
40,0.14925373134328357,0.03966062515974045,0.039705787308332394
41,0.15298507462686567,0.03974662721157074,0.039638168564656885
42,0.15671641791044777,0.03991987556219101,0.03956410488704356
43,0.16044776119402984,0.0401056744158268,0.03950849211797482
44,0.16417910447761194,0.039405375719070435,0.03945455145908565
45,0.16791044776119404,0.03976398706436157,0.039403224045910484
46,0.17164179104477612,0.039646029472351074,0.03934320634821566
47,0.17537313432835822,0.03950336575508118,0.03927672300033453
48,0.1791044776119403,0.0402994342148304,0.039200222346840834
49,0.1828358208955224,0.040347181260585785,0.039120352668006245
50,0.1865671641791045,0.039597682654857635,0.039067944284619356
51,0.19029850746268656,0.03921160846948624,0.03899496639283692
52,0.19402985074626866,0.03901204839348793,0.03891469456437158
53,0.19776119402985073,0.03936644643545151,0.03884297963686106
54,0.20149253731343283,0.03892340883612633,0.03876936390269094
55,0.20522388059701493,0.039315544068813324,0.03869446594177223
56,0.208955223880597,0.038498278707265854,0.038626927155547025
57,0.2126865671641791,0.038616642355918884,0.03852047580407887
58,0.21641791044776118,0.03802630305290222,0.03842990463826715
59,0.22014925373134328,0.038059480488300323,0.03833944813870802
60,0.22388059701492538,0.0386376678943634,0.03824962512022111
61,0.22761194029850745,0.038104522973299026,0.03814921346379489
62,0.23134328358208955,0.03798002749681473,0.03805046274167735
63,0.23507462686567165,0.03803647309541702,0.037922063615263964
64,0.23880597014925373,0.03842420130968094,0.03780360892415047
65,0.24253731343283583,0.038061633706092834,0.03769880878489192
66,0.2462686567164179,0.037453748285770416,0.03759543661300729
67,0.25,0.03741283342242241,0.037474980350674654
68,0.2537313432835821,0.037259068340063095,0.03737220549728812
69,0.2574626865671642,0.037001341581344604,0.037246452508176243
70,0.26119402985074625,0.03713202103972435,0.03710725494637722
71,0.26492537313432835,0.03717317804694176,0.03698758126758948
72,0.26865671641791045,0.03676387667655945,0.0368759262307388
73,0.27238805970149255,0.03735966980457306,0.036770845422657523
74,0.27611940298507465,0.03660357743501663,0.03665351195306313
75,0.2798507462686567,0.03669019788503647,0.0365544121439864
76,0.2835820895522388,0.03665721416473389,0.036431833738233985
77,0.2873134328358209,0.03610371798276901,0.0363298835369145
78,0.291044776119403,0.03581665828824043,0.0362263634437468
79,0.2947761194029851,0.03645807132124901,0.036138505107019006
80,0.29850746268656714,0.03607930988073349,0.03604141958966488
81,0.30223880597014924,0.03554374724626541,0.03592220902806375
82,0.30597014925373134,0.03569784760475159,0.03581966914054824
83,0.30970149253731344,0.03465551137924194,0.03572246341443643
84,0.31343283582089554,0.03524903208017349,0.03562787729429036
85,0.31716417910447764,0.035108570009469986,0.03552316465392345
86,0.3208955223880597,0.03552572801709175,0.03542290945968977
87,0.3246268656716418,0.03470732271671295,0.03534063442451198
88,0.3283582089552239,0.035289596766233444,0.03524502157801535
89,0.332089552238806,0.03514356166124344,0.03515216044899894
90,0.3358208955223881,0.034640081226825714,0.03506534519355472
91,0.33955223880597013,0.034691061824560165,0.03497272030245967
92,0.34328358208955223,0.03463375195860863,0.03488493229194385
93,0.34701492537313433,0.03470373526215553,0.034806380820710484
94,0.35074626865671643,0.03455577418208122,0.0347200049678
95,0.35447761194029853,0.034860316663980484,0.03462894733359174
96,0.3582089552238806,0.034289829432964325,0.03454060025694894
97,0.3619402985074627,0.03431832045316696,0.03444367329158434
98,0.3656716417910448,0.03437231853604317,0.034363167496716106
99,0.3694029850746269,0.03442411124706268,0.034293694921383046
100,0.373134328358209,0.03407897427678108,0.0341941860572594
101,0.376865671641791,0.033750034868717194,0.034098938470933496
102,0.3805970149253731,0.033900387585163116,0.03402703082779559
103,0.3843283582089552,0.03399459272623062,0.03396068295327628
104,0.3880597014925373,0.03415844216942787,0.03390551585613227
105,0.3917910447761194,0.03413098305463791,0.03383381410342891
106,0.39552238805970147,0.03395117074251175,0.03375705095326028
107,0.39925373134328357,0.034080471843481064,0.03366685804070496
108,0.40298507462686567,0.03349270671606064,0.03360992715489573
109,0.40671641791044777,0.033451762050390244,0.0335191576400908
110,0.41044776119402987,0.03344191610813141,0.03344222112763219
111,0.4141791044776119,0.0333344005048275,0.03336879929027906
112,0.417910447761194,0.03357386961579323,0.033293157543351014
113,0.4216417910447761,0.033543266355991364,0.03322341138633286
114,0.4253731343283582,0.033818259835243225,0.033143853541554476
115,0.4291044776119403,0.03287021443247795,0.03306041657924652
116,0.43283582089552236,0.0330679677426815,0.032967486214347
117,0.43656716417910446,0.03268320858478546,0.0328906548277634
118,0.44029850746268656,0.03280298039317131,0.03280255302968549
119,0.44402985074626866,0.03296828269958496,0.032720518639174904
120,0.44776119402985076,0.03237820789217949,0.03262955118425009
121,0.45149253731343286,0.032174158841371536,0.032550055897090494
122,0.4552238805970149,0.03259553387761116,0.03247069067707876
123,0.458955223880597,0.03297758474946022,0.03237878667508683
124,0.4626865671641791,0.03239366039633751,0.032278125424210616
125,0.4664179104477612,0.032309260219335556,0.03217942122279144
126,0.4701492537313433,0.03196128085255623,0.03207361480084861
127,0.47388059701492535,0.03182781860232353,0.03196268328806249
128,0.47761194029850745,0.032373156398534775,0.03184138179370543
129,0.48134328358208955,0.031568046659231186,0.031746478933023244
130,0.48507462686567165,0.031989164650440216,0.03163764966515506
131,0.48880597014925375,0.031629785895347595,0.031525647994585154
132,0.4925373134328358,0.031589750200510025,0.03141504040033352
133,0.4962686567164179,0.03177415952086449,0.03128894095922389
134,0.5,0.031441863626241684,0.031160730005400938
135,0.503731343283582,0.03113485872745514,0.03104320263898954
136,0.5074626865671642,0.031050171703100204,0.030920246706866637
137,0.5111940298507462,0.031139742583036423,0.03080410950976174
138,0.5149253731343284,0.030706146731972694,0.030698307539995123
139,0.5186567164179104,0.03100890852510929,0.030585764248560115
140,0.5223880597014925,0.030694445595145226,0.03045640554188228
141,0.5261194029850746,0.030819667503237724,0.030349931747811597
142,0.5298507462686567,0.030496060848236084,0.03022988981044874
143,0.5335820895522388,0.030132323503494263,0.03010160880299603
144,0.5373134328358209,0.02986748144030571,0.029964712380272585
145,0.5410447761194029,0.03011156991124153,0.029834656908017832
146,0.5447761194029851,0.029792919754981995,0.029700048767575402
147,0.5485074626865671,0.029402978718280792,0.029577957920548393
148,0.5522388059701493,0.0291071105748415,0.029465730097599147
149,0.5559701492537313,0.02960168942809105,0.029326698720091728
150,0.5597014925373134,0.0289897620677948,0.029204031179954366
151,0.5634328358208955,0.028849847614765167,0.029062359752814945
152,0.5671641791044776,0.02879948914051056,0.028924731083396004
153,0.5708955223880597,0.028403792530298233,0.028789793527344378
154,0.5746268656716418,0.028286617249250412,0.028643325152920514
155,0.5783582089552238,0.028999637812376022,0.02849609359371953
156,0.582089552238806,0.027829021215438843,0.02836906541956634
157,0.585820895522388,0.028306342661380768,0.028234440878760522
158,0.5895522388059702,0.028345327824354172,0.028096996247768402
159,0.5932835820895522,0.028188705444335938,0.02796841680821849
160,0.5970149253731343,0.02766457572579384,0.027842023750630822
161,0.6007462686567164,0.028012782335281372,0.02771389357200483
162,0.6044776119402985,0.0272524394094944,0.0275810286857006
163,0.6082089552238806,0.027336012572050095,0.027450943910857527
164,0.6119402985074627,0.027364831417798996,0.027334889851328804
165,0.6156716417910447,0.02706138603389263,0.027229179560047823
166,0.6194029850746269,0.026790326461195946,0.027113724091067548
167,0.6231343283582089,0.026955556124448776,0.027003188912824886
168,0.6268656716417911,0.02722647786140442,0.02690053304157606
169,0.6305970149253731,0.02667286992073059,0.026785090111377762
170,0.6343283582089553,0.026538677513599396,0.02667660629603921
171,0.6380597014925373,0.026180636137723923,0.026565019541033883
172,0.6417910447761194,0.025987010449171066,0.026470351964235306
173,0.6455223880597015,0.02605731040239334,0.026371423473081936
174,0.6492537313432836,0.025768956169486046,0.02627771738462332
175,0.6529850746268657,0.025405369699001312,0.026188995462001825
176,0.6567164179104478,0.025926703587174416,0.026069492056238944
177,0.6604477611940298,0.025530565530061722,0.025990296382366156
178,0.664179104477612,0.02550451271235943,0.025888438495557484
179,0.667910447761194,0.02543438971042633,0.025786954318968262
180,0.6716417910447762,0.025826793164014816,0.02569496204576841
181,0.6753731343283582,0.025441108271479607,0.025613455465290605
182,0.6791044776119403,0.025372207164764404,0.025509271089260172
183,0.6828358208955224,0.025162585079669952,0.02542514349447518
184,0.6865671641791045,0.02537410706281662,0.025339393944638532
185,0.6902985074626866,0.025533359497785568,0.025249830969586606
186,0.6940298507462687,0.025377895683050156,0.025157637894153595
187,0.6977611940298507,0.02526097744703293,0.02507987545757759
188,0.7014925373134329,0.025194087997078896,0.02500435887131749
189,0.7052238805970149,0.02437395043671131,0.02491201169607116
190,0.7089552238805971,0.025153852999210358,0.02482521129635776
191,0.7126865671641791,0.024414705112576485,0.024745366059061958
192,0.7164179104477612,0.024968476966023445,0.024665912885854884
193,0.7201492537313433,0.024743421003222466,0.02459132757673903
194,0.7238805970149254,0.024561842903494835,0.024525041169509654
195,0.7276119402985075,0.024649018421769142,0.024454234849389005
196,0.7313432835820896,0.02409999817609787,0.02437791273724742
197,0.7350746268656716,0.024581998586654663,0.024298181166736092
198,0.7388059701492538,0.024130169302225113,0.02422772924892786
199,0.7425373134328358,0.02418447658419609,0.024155132290793628
200,0.746268656716418,0.024417022243142128,0.0240885482692137
201,0.75,0.024322805926203728,0.024005299797508775
202,0.753731343283582,0.0237412229180336,0.023924530733649325
203,0.7574626865671642,0.023803208023309708,0.023844979612565622
204,0.7611940298507462,0.02382028102874756,0.023769016309482294
205,0.7649253731343284,0.023692749440670013,0.023683134375548944
206,0.7686567164179104,0.02328146994113922,0.02359478666288097
207,0.7723880597014925,0.023602066561579704,0.023496176593187378
208,0.7761194029850746,0.023859376087784767,0.023413328045025106
209,0.7798507462686567,0.023440243676304817,0.023332678826480376
210,0.7835820895522388,0.023114053532481194,0.02326309676395684
211,0.7873134328358209,0.023265022784471512,0.023185655792675366
212,0.7910447761194029,0.022923056036233902,0.02311805095069292
213,0.7947761194029851,0.022929012775421143,0.02303612777372686
214,0.7985074626865671,0.023339567705988884,0.02296659055097801
215,0.8022388059701493,0.02286589704453945,0.02289731882330848
216,0.8059701492537313,0.02227616310119629,0.02281605284206751
217,0.8097014925373134,0.022657709196209908,0.022739853709936142
218,0.8134328358208955,0.022642036899924278,0.022659920882887957
219,0.8171641791044776,0.022528037428855896,0.022575609476827994
220,0.8208955223880597,0.02270444482564926,0.022496874921205567
221,0.8246268656716418,0.022413605824112892,0.0224234561276872
222,0.8283582089552238,0.02212957665324211,0.022345442461167892
223,0.832089552238806,0.02211061120033264,0.022280906849518056
224,0.835820895522388,0.022048089653253555,0.02219368830868384
225,0.8395522388059702,0.021852947771549225,0.022118098806680704
226,0.8432835820895522,0.021911103278398514,0.022051804676288513
227,0.8470149253731343,0.021334882825613022,0.021995604946845916
228,0.8507462686567164,0.021864186972379684,0.02192329960625346
229,0.8544776119402985,0.02188747003674507,0.02185197138204807
230,0.8582089552238806,0.021521085873246193,0.021790378022848104
231,0.8619402985074627,0.021978773176670074,0.021721953571569627
232,0.8656716417910447,0.021642906591296196,0.02166337120096858
233,0.8694029850746269,0.021609626710414886,0.021606038710693033
234,0.8731343283582089,0.021892394870519638,0.0215369340759225
235,0.8768656716417911,0.021721702069044113,0.0214737967656153
236,0.8805970149253731,0.02131711319088936,0.02140988750246967
237,0.8843283582089553,0.020975833758711815,0.02136031188434217
238,0.8880597014925373,0.021304752677679062,0.021305697811086002
239,0.8917910447761194,0.020673401653766632,0.02124542711166347
240,0.8955223880597015,0.020956359803676605,0.021186447815924155
241,0.8992537313432836,0.021406851708889008,0.021129949063789552
242,0.9029850746268657,0.02112424559891224,0.02108116302548385
243,0.9067164179104478,0.021095262840390205,0.02103083612533604
244,0.9104477611940298,0.02022724784910679,0.020979157535404695
245,0.914179104477612,0.020721111446619034,0.02094448439595176
246,0.917910447761194,0.020974690094590187,0.02090356880571784
247,0.9216417910447762,0.020977281033992767,0.020868781363455262
248,0.9253731343283582,0.020637547597289085,0.020845131221704366
249,0.9291044776119403,0.020934918895363808,0.02080838459475738
250,0.9328358208955224,0.020914915949106216,0.02076333038872335
251,0.9365671641791045,0.02030865103006363,0.020729073436885345
252,0.9402985074626866,0.02086314558982849,0.020675905412290155
253,0.9440298507462687,0.020572423934936523,0.02062047472814234
254,0.9477611940298507,0.020095722749829292,0.02057762244125692
255,0.9514925373134329,0.02075093798339367,0.02051237211903421
256,0.9552238805970149,0.020245617255568504,0.020442920396240745
257,0.9589552238805971,0.020243562757968903,0.02040521700571223
258,0.9626865671641791,0.020418532192707062,0.02037371027215225
259,0.9664179104477612,0.020170938223600388,0.020320652007329756
260,0.9701492537313433,0.020109886303544044,0.02029104889711229
261,0.9738805970149254,0.02038799598813057,0.020253883583880052
262,0.9776119402985075,0.02041337825357914,0.020206541958742025
263,0.9813432835820896,0.020066173747181892,0.020161885813605493
264,0.9850746268656716,0.019991789013147354,0.020119857451901202
265,0.9888059701492538,0.02062649093568325,0.02008715362810507
266,0.9925373134328358,0.020175408571958542,0.0200441012658724
267,0.996268656716418,0.020484818145632744,0.020006712253500775
268,1.0,0.02036522701382637,0.01996185644189032
269,1.0037313432835822,0.02035757526755333,0.01992813829423451
270,1.007462686567164,0.020040247589349747,0.019873646019798952
271,1.0111940298507462,0.020116550847887993,0.019822044298052788
272,1.0149253731343284,0.01979888416826725,0.019789754935517545
273,1.0186567164179106,0.019370248541235924,0.019742189429518654
274,1.0223880597014925,0.019852682948112488,0.019708367064595222
275,1.0261194029850746,0.019217131659388542,0.019680787332174255
276,1.0298507462686568,0.01887418143451214,0.019645269596722068
277,1.0335820895522387,0.0197712741792202,0.019606828644144828
278,1.037313432835821,0.01968405768275261,0.01956146969119223
279,1.041044776119403,0.01912936381995678,0.019531180264382827
280,1.044776119402985,0.019459674134850502,0.019501509690066664
281,1.0485074626865671,0.019432581961154938,0.019455370107075064
282,1.0522388059701493,0.019465845078229904,0.01941047840547271
283,1.0559701492537314,0.019293343648314476,0.0193619145671042
284,1.0597014925373134,0.01937210001051426,0.019326372617265074
285,1.0634328358208955,0.018886391073465347,0.019287240623337466
286,1.0671641791044777,0.018955964595079422,0.01922614577158195
287,1.0708955223880596,0.019441740587353706,0.0191829239086407
288,1.0746268656716418,0.019138192757964134,0.01913609473807056
289,1.078358208955224,0.019255103543400764,0.01909511967948297
290,1.0820895522388059,0.01870073564350605,0.01903712390581282
291,1.085820895522388,0.018799245357513428,0.018993619147960734
292,1.0895522388059702,0.018984787166118622,0.018937858866482245
293,1.0932835820895523,0.018912959843873978,0.01889258336911841
294,1.0970149253731343,0.019185706973075867,0.018868717296821314
295,1.1007462686567164,0.01896495372056961,0.018822334706783295
296,1.1044776119402986,0.01929471082985401,0.01879577624906854
297,1.1082089552238805,0.01866953819990158,0.01878523285977724
298,1.1119402985074627,0.018383845686912537,0.018736699141743706
299,1.1156716417910448,0.0191766656935215,0.018700427216727558
300,1.1194029850746268,0.01895444467663765,0.018675749212866875
301,1.123134328358209,0.018218163400888443,0.018631358699100774
302,1.126865671641791,0.018547436222434044,0.01859430868814631
303,1.1305970149253732,0.018422260880470276,0.018550307012912704
304,1.1343283582089552,0.018608953803777695,0.018524194363413786
305,1.1380597014925373,0.01838737726211548,0.018475216109214758
306,1.1417910447761195,0.01812160201370716,0.01843872289286881
307,1.1455223880597014,0.01840331219136715,0.01840290599843351
308,1.1492537313432836,0.018564822152256966,0.018351364199344706
309,1.1529850746268657,0.018685249611735344,0.018313409306290673
310,1.1567164179104477,0.01797974854707718,0.01827060985492497
311,1.1604477611940298,0.018256552517414093,0.018238317221403122
312,1.164179104477612,0.01783037930727005,0.018204219457579822
313,1.1679104477611941,0.01794258877635002,0.018161922647822196
314,1.171641791044776,0.018391739577054977,0.018114779417107745
315,1.1753731343283582,0.01795099675655365,0.0180639334295581
316,1.1791044776119404,0.018128234893083572,0.01801756283313763
317,1.1828358208955223,0.018441902473568916,0.01797203469748904
318,1.1865671641791045,0.017781391739845276,0.01793698902900626
319,1.1902985074626866,0.01819690875709057,0.01791551050434752
320,1.1940298507462686,0.018117565661668777,0.01785926093778959
321,1.1977611940298507,0.017639663070440292,0.017809271539856748
322,1.2014925373134329,0.01791353151202202,0.01778306044274714
323,1.205223880597015,0.017661776393651962,0.017749327303069395
324,1.208955223880597,0.01822272501885891,0.0177134344490563
325,1.212686567164179,0.01736399158835411,0.017663603057948556
326,1.2164179104477613,0.017390169203281403,0.01762411675256927
327,1.2201492537313432,0.01748747192323208,0.017592465005269866
328,1.2238805970149254,0.017328526824712753,0.01755735941412972
329,1.2276119402985075,0.017582042142748833,0.01751564774753117
330,1.2313432835820894,0.01750032603740692,0.01747517183241321
331,1.2350746268656716,0.017376737669110298,0.017454294078960653
332,1.2388059701492538,0.017401237040758133,0.017421774520743186
333,1.242537313432836,0.01725061796605587,0.017406554074912536
334,1.2462686567164178,0.016980087384581566,0.017370982277320653
335,1.25,0.017101021483540535,0.017327174953207736
336,1.2537313432835822,0.01706375926733017,0.01729621243004392
337,1.257462686567164,0.01742805726826191,0.017266404519720776
338,1.2611940298507462,0.017232665792107582,0.01722830111478887
339,1.2649253731343284,0.017503226175904274,0.017202338158357436
340,1.2686567164179106,0.01687043346464634,0.017151136360153918
341,1.2723880597014925,0.016904879361391068,0.017112746471311988
342,1.2761194029850746,0.017143508419394493,0.01708441441197221
343,1.2798507462686568,0.017164377495646477,0.017049084849110465
344,1.2835820895522387,0.01695065386593342,0.017025239674783334
345,1.287313432835821,0.016565866768360138,0.01697846624727656
346,1.291044776119403,0.01676843874156475,0.016950809056075607
347,1.294776119402985,0.01682388037443161,0.016924001867087875
348,1.2985074626865671,0.016963982954621315,0.016890623447735134
349,1.3022388059701493,0.01685464382171631,0.01685708415944402
350,1.3059701492537314,0.017025737091898918,0.01682750553619571
351,1.3097014925373134,0.017123760655522346,0.01678973981520025
352,1.3134328358208955,0.016923250630497932,0.016759021616563563
353,1.3171641791044777,0.0172063410282135,0.016746108897212075
354,1.3208955223880596,0.01648414507508278,0.01670915815161496
355,1.3246268656716418,0.016595639288425446,0.016687759084672463
356,1.328358208955224,0.016681533306837082,0.016665851833616813
357,1.3320895522388059,0.01690611056983471,0.01664517415551151
358,1.335820895522388,0.01687966287136078,0.016615109518170357
359,1.3395522388059702,0.016716910526156425,0.01658723094477886
360,1.3432835820895523,0.01609763503074646,0.016556509293434097
361,1.3470149253731343,0.01654358021914959,0.016534349404093696
362,1.3507462686567164,0.016478048637509346,0.01650914604344019
363,1.3544776119402986,0.016465019434690475,0.016482627291868373
364,1.3582089552238805,0.016684124246239662,0.016456415876746178
365,1.3619402985074627,0.016305014491081238,0.016444667855777393
366,1.3656716417910448,0.01623004674911499,0.016418557205214734
367,1.3694029850746268,0.016291074454784393,0.016393618703615373
368,1.373134328358209,0.016118956729769707,0.01636956441329747
369,1.376865671641791,0.015953416004776955,0.016354640400627764
370,1.3805970149253732,0.016369318589568138,0.016331522339364378
371,1.3843283582089552,0.015951931476593018,0.016300355697550426
372,1.3880597014925373,0.016117291525006294,0.016261990182101727
373,1.3917910447761195,0.01687181554734707,0.01622736899227631
374,1.3955223880597014,0.01573563739657402,0.01618500408239481
375,1.3992537313432836,0.016102725639939308,0.016167274835269627
376,1.4029850746268657,0.01620282419025898,0.01615176168156833
377,1.4067164179104477,0.01621597446501255,0.016131297526199642
378,1.4104477611940298,0.016195407137274742,0.016090426503158197
379,1.414179104477612,0.01608964428305626,0.016066273992381443
380,1.4179104477611941,0.01624363847076893,0.01603615238535695
381,1.421641791044776,0.01596187800168991,0.016021755910137804
382,1.4253731343283582,0.01587154157459736,0.01599259115755558
383,1.4291044776119404,0.01605623960494995,0.015974473844214184
384,1.4328358208955223,0.016089709475636482,0.015951941289552827
385,1.4365671641791045,0.016468985006213188,0.01592097288315616
386,1.4402985074626866,0.015495330095291138,0.01590600362183844
387,1.4440298507462686,0.01574596017599106,0.015881682587106052
388,1.4477611940298507,0.0158376544713974,0.015860118494346376
389,1.4514925373134329,0.016352098435163498,0.01584004331380129
390,1.455223880597015,0.01590680330991745,0.015829775823143925
391,1.458955223880597,0.015747904777526855,0.015799477764564317
392,1.462686567164179,0.015550774522125721,0.015787514471789686
393,1.4664179104477613,0.015503781847655773,0.015763949511981592
394,1.4701492537313432,0.015469379723072052,0.015722851064510462
395,1.4738805970149254,0.01575724594295025,0.01570222149716645
396,1.4776119402985075,0.0159595999866724,0.015679869755375678
397,1.4813432835820894,0.015842502936720848,0.01565124364796935
398,1.4850746268656716,0.015230398625135422,0.015619254534746089
399,1.4888059701492538,0.01588940992951393,0.01559721060642382
400,1.492537313432836,0.015481924638152122,0.015574712033678845
401,1.4962686567164178,0.015507379546761513,0.015560796938654853
402,1.5,0.015347825363278389,0.015534669819583253
403,1.5037313432835822,0.015735238790512085,0.015533579172702825
404,1.507462686567164,0.015541184693574905,0.015507753733999846
405,1.5111940298507462,0.015414419583976269,0.015486231141882698
406,1.5149253731343284,0.015691274777054787,0.015451111194745796
407,1.5186567164179106,0.01523288432508707,0.015446558322121457
408,1.5223880597014925,0.015406946651637554,0.015431729894949169
409,1.5261194029850746,0.015295874327421188,0.015404951417954957
410,1.5298507462686568,0.015532448887825012,0.015363657438173526
411,1.5335820895522387,0.015127098187804222,0.01534716464669966
412,1.537313432835821,0.015461436472833157,0.015330153199412474
413,1.541044776119403,0.01515112817287445,0.015315801404961726
414,1.544776119402985,0.015186779201030731,0.01529778210764251
415,1.5485074626865671,0.014889825135469437,0.015276178558606928
416,1.5522388059701493,0.015186304226517677,0.015253811415920897
417,1.5559701492537314,0.015029153786599636,0.015223610828199037
418,1.5597014925373134,0.01490442082285881,0.01519696287265638
419,1.5634328358208955,0.015291606076061726,0.015183203671945304
420,1.5671641791044777,0.015167202800512314,0.015160143352681545
421,1.5708955223880596,0.015673119574785233,0.015150461459486949
422,1.5746268656716418,0.014890666119754314,0.015142578586209111
423,1.578358208955224,0.01582682505249977,0.015124542547798738
424,1.5820895522388059,0.014997396618127823,0.01509894432908878
425,1.585820895522388,0.015207283198833466,0.015077876086096937
426,1.5895522388059702,0.015029067173600197,0.015056078254086216
427,1.5932835820895523,0.015308662317693233,0.015024309273718334
428,1.5970149253731343,0.015137994661927223,0.01500224063127506
429,1.6007462686567164,0.014739736914634705,0.014987531186240475
430,1.6044776119402986,0.01465904526412487,0.014965009534867799
431,1.6082089552238805,0.015230598859488964,0.014954174346313244
432,1.6119402985074627,0.015050435438752174,0.014926947244420284
433,1.6156716417910448,0.014962350949645042,0.014902880846908906
434,1.6194029850746268,0.014764990657567978,0.014870199465715304
435,1.623134328358209,0.014583634212613106,0.01485118058669131
436,1.626865671641791,0.014840193092823029,0.014841091273943098
437,1.6305970149253732,0.01472137589007616,0.014818284365280373
438,1.6343283582089552,0.014749936759471893,0.01480198678810422
439,1.6380597014925373,0.014666271395981312,0.014781993972819025
440,1.6417910447761195,0.014943936839699745,0.01477666367299673
441,1.6455223880597014,0.015084967017173767,0.014757608676828989
442,1.6492537313432836,0.015184181742370129,0.014721388451573326
443,1.6529850746268657,0.014608347788453102,0.01471305461373271
444,1.6567164179104477,0.014685711823403835,0.014683971976543345
445,1.6604477611940298,0.014677386730909348,0.014680415369206813
446,1.664179104477612,0.014520708471536636,0.014665695679623907
447,1.6679104477611941,0.014388746581971645,0.014631900527491802
448,1.671641791044776,0.014328069984912872,0.014604473690979364
449,1.6753731343283582,0.014803859405219555,0.014577944831150333
450,1.6791044776119404,0.014372486621141434,0.0145616639042046
451,1.6828358208955223,0.01508820615708828,0.014550797141543248
452,1.6865671641791045,0.014010787010192871,0.014529368363139106
453,1.6902985074626866,0.014474714174866676,0.014512260171880082
454,1.6940298507462686,0.01381119154393673,0.014481596217104575
455,1.6977611940298507,0.014407005161046982,0.014465296572846611
456,1.7014925373134329,0.014476163312792778,0.014459943285257352
457,1.705223880597015,0.014251220971345901,0.014446042523514934
458,1.708955223880597,0.014360953122377396,0.014428727533213975
459,1.712686567164179,0.014084715396165848,0.014415057830330803
460,1.7164179104477613,0.015073063783347607,0.01439724460516761
461,1.7201492537313432,0.014385947957634926,0.014365609439953072
462,1.7238805970149254,0.014188090339303017,0.014333511202982286
463,1.7276119402985075,0.01454897876828909,0.014304362691757156
464,1.7313432835820894,0.014634436927735806,0.014292195552914607
465,1.7350746268656716,0.014851575717329979,0.014278903512693033
466,1.7388059701492538,0.014603775925934315,0.014263916306379364
467,1.742537313432836,0.01364346593618393,0.014258675413524232
468,1.7462686567164178,0.014184162020683289,0.014241486901371943
469,1.75,0.014050311408936977,0.01422599800748796
470,1.7537313432835822,0.014072218909859657,0.014200046022490757
471,1.757462686567164,0.014213507995009422,0.014196162793512752
472,1.7611940298507462,0.01435201894491911,0.014155848360643155
473,1.7649253731343284,0.014348999597132206,0.014156487452366003
474,1.7686567164179106,0.01370512880384922,0.014148426991773815
475,1.7723880597014925,0.014096705242991447,0.0141488381820481
476,1.7761194029850746,0.014364149421453476,0.014132713444712685
477,1.7798507462686568,0.014270261861383915,0.01411743448456613
478,1.7835820895522387,0.014011461287736893,0.014104664212138188
479,1.787313432835821,0.014189478941261768,0.014095581931675353
480,1.791044776119403,0.013935929164290428,0.014101521271031077
481,1.794776119402985,0.013646895065903664,0.01405974593376968
482,1.7985074626865671,0.013768939301371574,0.014046269559823885
483,1.8022388059701493,0.013989092782139778,0.014040164672201726
484,1.8059701492537314,0.014109495095908642,0.014012305384002081
485,1.8097014925373134,0.014140738174319267,0.013984432602982695
486,1.8134328358208955,0.01406291127204895,0.013980951046616567
487,1.8171641791044777,0.014305831864476204,0.013967765994915149
488,1.8208955223880596,0.013684017583727837,0.01396761421205067
489,1.8246268656716418,0.013693025335669518,0.013949715782229493
490,1.828358208955224,0.013739828020334244,0.013954130750967235
491,1.8320895522388059,0.014213274233043194,0.013951116196084313
492,1.835820895522388,0.013435314409434795,0.013926663231558917
493,1.8395522388059702,0.014036989770829678,0.013910926310572683
494,1.8432835820895523,0.014144235290586948,0.01389532109222761
495,1.8470149253731343,0.013828050345182419,0.013905395185802041
496,1.8507462686567164,0.01374589093029499,0.013900312731360517
497,1.8544776119402986,0.01384972594678402,0.01388538419836905
498,1.8582089552238805,0.013727639801800251,0.0138842064614703
499,1.8619402985074627,0.013988579623401165,0.013883881611613238
500,1.8656716417910448,0.014328228309750557,0.013867544873458584
501,1.8694029850746268,0.013360274955630302,0.013854728012186726
502,1.873134328358209,0.013833416625857353,0.013860936049462818
503,1.876865671641791,0.01393778994679451,0.013849366592561327
504,1.8805970149253732,0.013406747952103615,0.013844453706973937
505,1.8843283582089552,0.01349165290594101,0.013837705389028641
506,1.8880597014925373,0.014708831906318665,0.01382424682378769
507,1.8917910447761195,0.014063188806176186,0.01381188472051446
508,1.8955223880597014,0.013637242838740349,0.013804624584026454
509,1.8992537313432836,0.013450326398015022,0.013801433872885821
510,1.9029850746268657,0.014231325127184391,0.013809379621795037
511,1.9067164179104477,0.013948622159659863,0.01379889327033264
512,1.9104477611940298,0.013210936449468136,0.013784971701480993
513,1.914179104477612,0.013706805184483528,0.013796276390189079
514,1.9179104477611941,0.013709185644984245,0.013791837911235123
515,1.921641791044776,0.014118166640400887,0.013775329219131934
516,1.9253731343283582,0.013888324610888958,0.013763864002213246
517,1.9291044776119404,0.01375207956880331,0.013747630958876959
518,1.9328358208955223,0.014221974648535252,0.013743239704792092
519,1.9365671641791045,0.013998142443597317,0.013741964247168564
520,1.9402985074626866,0.01351967267692089,0.013741119492163018
521,1.9440298507462686,0.013410437852144241,0.013723465250577868
522,1.9477611940298507,0.0139014245942235,0.013722905821007927
523,1.9514925373134329,0.013294591568410397,0.013706919941596868
524,1.955223880597015,0.013787664473056793,0.013695292629119827
525,1.958955223880597,0.013832814060151577,0.013686139000261702
526,1.962686567164179,0.013588936999440193,0.01368483026489252
527,1.9664179104477613,0.013556065037846565,0.013643950700941609
528,1.9701492537313432,0.014008166268467903,0.0136352534882906
529,1.9738805970149254,0.013553198426961899,0.013628710470185048
530,1.9776119402985075,0.014018801040947437,0.01363922378457174
531,1.9813432835820894,0.013309887610375881,0.013615011805441321
532,1.9850746268656716,0.013642489910125732,0.013599943256051076
533,1.9888059701492538,0.013898806646466255,0.013614057790397144
534,1.992537313432836,0.013855012133717537,0.013611487771679715
535,1.9962686567164178,0.013467378914356232,0.013599221640062041
536,2.0,0.013357976451516151,0.013580447017419629
537,2.003731343283582,0.013080336153507233,0.013569326321707993
538,2.0074626865671643,0.013669684529304504,0.013561509958491093
539,2.0111940298507465,0.013675346039235592,0.013542032573462986
540,2.014925373134328,0.01395394466817379,0.013536634037225711
541,2.0186567164179103,0.013604404404759407,0.013537723071328023
542,2.0223880597014925,0.013337338343262672,0.013540470404777585
543,2.0261194029850746,0.013177995570003986,0.013526581795659007
544,2.029850746268657,0.013461070135235786,0.013525433202342289
545,2.033582089552239,0.013031449168920517,0.013512210557010115
546,2.037313432835821,0.013437994755804539,0.013492368684127563
547,2.041044776119403,0.013032769784331322,0.013482342110719622
548,2.044776119402985,0.013706603087484837,0.013469729776971223
549,2.048507462686567,0.013368979096412659,0.013445113876425639
550,2.0522388059701493,0.013881372287869453,0.013432233185484642
551,2.0559701492537314,0.0132386339828372,0.01340904886402735
552,2.0597014925373136,0.013330811634659767,0.013406107997203745
553,2.0634328358208953,0.013789632357656956,0.01339992660483936
554,2.0671641791044775,0.013601434417068958,0.013380735794582018
555,2.0708955223880596,0.01320627424865961,0.01336929158920922
556,2.074626865671642,0.013348407112061977,0.013370318451850879
557,2.078358208955224,0.013432376086711884,0.01336691503572028
558,2.082089552238806,0.0134316086769104,0.013372073245302932
559,2.0858208955223883,0.013423401862382889,0.013361606406184232
560,2.08955223880597,0.013776802457869053,0.013350474421025776
561,2.093283582089552,0.01356432307511568,0.013330095288593595
562,2.0970149253731343,0.01352307852357626,0.013313490647550037
563,2.1007462686567164,0.013331991620361805,0.0133126436437412
564,2.1044776119402986,0.013247499242424965,0.013307372789557388
565,2.1082089552238807,0.013245536014437675,0.013301363941736338
566,2.111940298507463,0.013019297271966934,0.013301424863861828
567,2.1156716417910446,0.013177847489714622,0.013298905318284907
568,2.1194029850746268,0.013038959354162216,0.013302677992458751
569,2.123134328358209,0.0129989143460989,0.013288457537206208
570,2.126865671641791,0.013025090098381042,0.013284129022461613
571,2.1305970149253732,0.013068243861198425,0.013263312395571209
572,2.1343283582089554,0.013189312070608139,0.013256451592031048
573,2.138059701492537,0.01338905282318592,0.013250927781549895
574,2.1417910447761193,0.013111983425915241,0.01322374013593284
575,2.1455223880597014,0.013385799713432789,0.01320150219721765
576,2.1492537313432836,0.013509480282664299,0.013194584083266375
577,2.1529850746268657,0.013218436390161514,0.013174293858067291
578,2.156716417910448,0.013291822746396065,0.013159494324610001
579,2.16044776119403,0.013240544125437737,0.01314564728427951
580,2.1641791044776117,0.013218934647738934,0.013133606510009707
581,2.167910447761194,0.013118400238454342,0.013121029816386177
582,2.171641791044776,0.012923614121973515,0.013100189861001038
583,2.175373134328358,0.01330261118710041,0.013091052110057051
584,2.1791044776119404,0.012961890548467636,0.013092771581396824
585,2.1828358208955225,0.013214707374572754,0.013082071798058545
586,2.1865671641791047,0.013033946976065636,0.013080180940649859
587,2.1902985074626864,0.013334693387150764,0.013078800129999475
588,2.1940298507462686,0.013187449425458908,0.013081221818560508
589,2.1977611940298507,0.013123564422130585,0.01308198170963584
590,2.201492537313433,0.013191509991884232,0.013075978858623563
591,2.205223880597015,0.013027890585362911,0.013071270886717773
592,2.208955223880597,0.01295734103769064,0.013074806959527294
593,2.212686567164179,0.013104335404932499,0.013070473515587608
594,2.216417910447761,0.012674938887357712,0.01304945424653408
595,2.220149253731343,0.012689678929746151,0.013048220880147888
596,2.2238805970149254,0.012922631576657295,0.013052042868987816
597,2.2276119402985075,0.012516507878899574,0.013034952441003264
598,2.2313432835820897,0.01282559521496296,0.01302170022050055
599,2.235074626865672,0.012863880023360252,0.013010184575871723
600,2.2388059701492535,0.012929730117321014,0.012996871024370193
601,2.2425373134328357,0.013261158019304276,0.012994995317989734
602,2.246268656716418,0.012709884904325008,0.01299403337534608
603,2.25,0.013148430734872818,0.012993854584126937
604,2.253731343283582,0.013402489945292473,0.012987038529500729
605,2.2574626865671643,0.012808808125555515,0.012973788398795011
606,2.2611940298507465,0.013168010860681534,0.012956912720167055
607,2.264925373134328,0.012962684035301208,0.012949970618980686
608,2.2686567164179103,0.013277136720716953,0.012936457082992646
609,2.2723880597014925,0.013070114888250828,0.01292496651592778
610,2.2761194029850746,0.012752797454595566,0.012916987761855125
611,2.279850746268657,0.012832063250243664,0.012906411776273715
612,2.283582089552239,0.013213222846388817,0.012895545036327548
613,2.287313432835821,0.01301164086908102,0.012890046121688878
614,2.291044776119403,0.012527262791991234,0.012886907769049086
615,2.294776119402985,0.013061415404081345,0.012885662908779412
616,2.298507462686567,0.013542501255869865,0.012882251837631552
617,2.3022388059701493,0.01280877273529768,0.012878510010678594
618,2.3059701492537314,0.012675095349550247,0.012885617591985843
619,2.3097014925373136,0.012819681316614151,0.012884266810809694
620,2.3134328358208953,0.012694688513875008,0.012881497012042418
621,2.3171641791044775,0.01314203068614006,0.012878720671301934
622,2.3208955223880596,0.013078960590064526,0.012865905808966334
623,2.324626865671642,0.012916283681988716,0.012867259702122793
624,2.328358208955224,0.013023152947425842,0.012853180285452343
625,2.332089552238806,0.012418635189533234,0.012834223782325663
626,2.3358208955223883,0.01252280455082655,0.012843980590199552
627,2.33955223880597,0.012749320827424526,0.01282900222009275
628,2.343283582089552,0.012780638411641121,0.012818280380310082
629,2.3470149253731343,0.01271633617579937,0.012818012295699701
630,2.3507462686567164,0.012796435505151749,0.012811766596647298
631,2.3544776119402986,0.012757894583046436,0.012809392996132374
632,2.3582089552238807,0.012582354247570038,0.012804348226182344
633,2.361940298507463,0.01273188553750515,0.012789270000123396
634,2.3656716417910446,0.01297566294670105,0.012777385756191684
635,2.3694029850746268,0.01262389961630106,0.01277452212099622
636,2.373134328358209,0.012549825012683868,0.012761672481712772
637,2.376865671641791,0.012769216671586037,0.012733872525575684
638,2.3805970149253732,0.012807918712496758,0.012742478332323273
639,2.3843283582089554,0.012770213186740875,0.012745590721506899
640,2.388059701492537,0.01275031827390194,0.012745757905266634
641,2.3917910447761193,0.012815900146961212,0.012746273676251493
642,2.3955223880597014,0.012735748663544655,0.012734099177689088
643,2.3992537313432836,0.012765394523739815,0.01272513244937106
644,2.4029850746268657,0.012571174651384354,0.01272010730534065
645,2.406716417910448,0.012625273317098618,0.012711025547327065
646,2.41044776119403,0.013208837248384953,0.012718839616310306
647,2.4141791044776117,0.012553897686302662,0.01271467533235143
648,2.417910447761194,0.012523088604211807,0.012709073177198084
649,2.421641791044776,0.013266145251691341,0.012707067040226809
650,2.425373134328358,0.01281404122710228,0.012700832221747898
651,2.4291044776119404,0.012655479833483696,0.012688828291507756
652,2.4328358208955225,0.012625227682292461,0.012687953325306497
653,2.4365671641791047,0.012595015577971935,0.012687133670580096
654,2.4402985074626864,0.012524386867880821,0.012685576749102371
655,2.4440298507462686,0.012409853748977184,0.012681747491403324
656,2.4477611940298507,0.012534580193459988,0.012678937804771633
657,2.451492537313433,0.012402703054249287,0.012682440349968469
658,2.455223880597015,0.013161610811948776,0.01267203416039304
659,2.458955223880597,0.01280270330607891,0.012666066154474166
660,2.462686567164179,0.012826535850763321,0.012656803765311473
661,2.466417910447761,0.012715835124254227,0.012653041403831505
662,2.470149253731343,0.012642876245081425,0.012650646996207354
663,2.4738805970149254,0.012711324729025364,0.012642752061166414
664,2.4776119402985075,0.012710252776741982,0.012645857499503508
665,2.4813432835820897,0.012650800868868828,0.012644935444724269
666,2.485074626865672,0.012739012017846107,0.012638337069713488
667,2.4888059701492535,0.012352068908512592,0.012619105826427297
668,2.4925373134328357,0.01251963246613741,0.012615354436381562
669,2.496268656716418,0.012698386795818806,0.012604352927244291
670,2.5,0.012460708618164062,0.012589388413400186
671,2.503731343283582,0.0123042743653059,0.01256973555356991
672,2.5074626865671643,0.012722020968794823,0.012561928117420615
673,2.5111940298507465,0.012548748403787613,0.01256362725867004
674,2.514925373134328,0.01266805175691843,0.012566956146279486
675,2.5186567164179103,0.012818663381040096,0.01256054165068923
676,2.5223880597014925,0.012508702464401722,0.012562793452383541
677,2.5261194029850746,0.012693429365754128,0.01256027027237706
678,2.529850746268657,0.012342562898993492,0.012552227824926376
679,2.533582089552239,0.012563230469822884,0.012529161031834962
680,2.537313432835821,0.012390455231070518,0.012519427075436929
681,2.541044776119403,0.012596061453223228,0.01250510183503715
682,2.544776119402985,0.012717729434370995,0.012497510897313676
683,2.548507462686567,0.01241205632686615,0.012488210641938011
684,2.5522388059701493,0.012892717495560646,0.012485661248608334
685,2.5559701492537314,0.012533370405435562,0.01248154239501895
686,2.5597014925373136,0.01235473994165659,0.012482729990307877
687,2.5634328358208953,0.012420356273651123,0.012480986372726719
688,2.5671641791044775,0.01240009069442749,0.012480736755561538
689,2.5708955223880596,0.01207202672958374,0.012477749799628084
690,2.574626865671642,0.012652600184082985,0.012475203222981313
691,2.578358208955224,0.012008273974061012,0.0124735152348876
692,2.582089552238806,0.01233537495136261,0.012476256616958758
693,2.5858208955223883,0.012694892473518848,0.012479391176162697
694,2.58955223880597,0.012731499969959259,0.012485177914907292
695,2.593283582089552,0.012261392548680305,0.012481222315350683
696,2.5970149253731343,0.012502177618443966,0.012468375629041253
697,2.6007462686567164,0.012431129813194275,0.01246032586730108
698,2.6044776119402986,0.012072962708771229,0.012458512059799054
699,2.6082089552238807,0.012215872295200825,0.012457207481308682
700,2.611940298507463,0.012403611093759537,0.01245674749881756
701,2.6156716417910446,0.012239200994372368,0.012449073923251978
702,2.6194029850746268,0.0124046066775918,0.012446835023782602
703,2.623134328358209,0.012261565774679184,0.012432803513436782
704,2.626865671641791,0.012606799602508545,0.012437796583626329
705,2.6305970149253732,0.012541379779577255,0.01242310980834612
706,2.6343283582089554,0.012699492275714874,0.012421588163550308
707,2.638059701492537,0.012667523697018623,0.01241736999917321
708,2.6417910447761193,0.012341834604740143,0.012409166773644889
709,2.6455223880597014,0.012397167272865772,0.012404124865808138
710,2.6492537313432836,0.012593977153301239,0.012410275342806084
711,2.6529850746268657,0.012391501106321812,0.012398234000656663
712,2.656716417910448,0.01241667103022337,0.012406814479973258
713,2.66044776119403,0.012850537896156311,0.01240438749877418
714,2.6641791044776117,0.012786004692316055,0.012391453040990888
715,2.667910447761194,0.012505872175097466,0.012384039758727318
716,2.671641791044776,0.01229194924235344,0.01238851033423732
717,2.675373134328358,0.012178662233054638,0.01238188129372713
718,2.6791044776119404,0.012619063258171082,0.012376386036233204
719,2.6828358208955225,0.012289075180888176,0.012377187586957362
720,2.6865671641791047,0.01254437118768692,0.012377812095531604
721,2.6902985074626864,0.012075838632881641,0.012373366029705943
722,2.6940298507462686,0.012504266574978828,0.012373665461271274
723,2.6977611940298507,0.012142437510192394,0.01236884668469429
724,2.701492537313433,0.012616772204637527,0.01236933054084458
725,2.705223880597015,0.012290559709072113,0.012350133461196249
726,2.708955223880597,0.01247098296880722,0.012336145541289957
727,2.712686567164179,0.012181795202195644,0.012320816062572525
728,2.716417910447761,0.012084024026989937,0.012301471175217047
729,2.720149253731343,0.01219337247312069,0.012298532875209319
730,2.7238805970149254,0.0123241962864995,0.012306574959217048
731,2.7276119402985075,0.012158905155956745,0.012274253772707975
732,2.7313432835820897,0.012360073626041412,0.012272994238428953
733,2.735074626865672,0.012235868722200394,0.012271973077298664
734,2.7388059701492535,0.012164579704403877,0.012258134123573943
735,2.7425373134328357,0.0124275553971529,0.012232032559085183
736,2.746268656716418,0.012444686144590378,0.012236547202053593
737,2.75,0.012230386957526207,0.012235515705514245
738,2.753731343283582,0.012205824255943298,0.01222764189559512
739,2.7574626865671643,0.012105826288461685,0.01221269971077762
740,2.7611940298507465,0.012241477146744728,0.012206361629068851
741,2.764925373134328,0.012221322394907475,0.012192418389930957
742,2.7686567164179103,0.012251477688550949,0.012190582571414912
743,2.7723880597014925,0.012207036837935448,0.012170526698776862
744,2.7761194029850746,0.012281403876841068,0.012166883523871259
745,2.779850746268657,0.011819719336926937,0.012150627083894684
746,2.783582089552239,0.011967875063419342,0.012154925796316891
747,2.787313432835821,0.012070983648300171,0.012146648950874805
748,2.791044776119403,0.011874383315443993,0.012143742202258691
749,2.794776119402985,0.012221364304423332,0.012140632788764268
750,2.798507462686567,0.012726892717182636,0.01213892933162974
751,2.8022388059701493,0.011268808506429195,0.012136447220677284
752,2.8059701492537314,0.012339860200881958,0.012138082055238688
753,2.8097014925373136,0.01237480342388153,0.012126764577881591
754,2.8134328358208953,0.012283140793442726,0.012113300833578517
755,2.8171641791044775,0.011715840548276901,0.012113304354432152
756,2.8208955223880596,0.012690972536802292,0.012105004543938288
757,2.824626865671642,0.01224965788424015,0.012106120972553404
758,2.828358208955224,0.011855836026370525,0.012113977200919536
759,2.832089552238806,0.012006433680653572,0.012113532982766628
760,2.8358208955223883,0.012029213830828667,0.012117796214070262
761,2.83955223880597,0.011972698383033276,0.012112657675837598
762,2.843283582089552,0.012000570073723793,0.012113806973325043
763,2.8470149253731343,0.011681975796818733,0.012108355556137679
764,2.8507462686567164,0.01199306733906269,0.012104864868267281
765,2.8544776119402986,0.011950258165597916,0.01209982918439115
766,2.8582089552238807,0.012466806918382645,0.01211521579179822
767,2.861940298507463,0.012131632305681705,0.012115083680283733
768,2.8656716417910446,0.012062618508934975,0.012108811767908132
769,2.8694029850746268,0.011956538073718548,0.012105783652059915
770,2.873134328358209,0.012123530730605125,0.01210957050050904
771,2.876865671641791,0.012222429737448692,0.012076176248672531
772,2.8805970149253732,0.012225933372974396,0.01209428131852935
773,2.8843283582089554,0.011896057054400444,0.012082199725072558
774,2.888059701492537,0.011683855205774307,0.012071171571023581
775,2.8917910447761193,0.012164724059402943,0.012065834570221784
776,2.8955223880597014,0.01208726316690445,0.012059235354749167
777,2.8992537313432836,0.012490459717810154,0.012029133055631707
778,2.9029850746268657,0.012552492320537567,0.012028643270818198
779,2.906716417910448,0.012187611311674118,0.012024540613155539
780,2.91044776119403,0.012280618771910667,0.012021096309692395
781,2.9141791044776117,0.012030797079205513,0.012020889919523785
782,2.917910447761194,0.01226844359189272,0.012022153292669029
783,2.921641791044776,0.01202796958386898,0.012019287272379166
784,2.925373134328358,0.012063918635249138,0.012019362255204015
785,2.9291044776119404,0.012074940837919712,0.012013474388456926
786,2.9328358208955225,0.012450570240616798,0.012009631001912966
787,2.9365671641791047,0.011962458491325378,0.012006654358673386
788,2.9402985074626864,0.011813835240900517,0.01199434806660908
789,2.9440298507462686,0.011750230565667152,0.011988879840185002
790,2.9477611940298507,0.012376625090837479,0.011984374964746034
791,2.951492537313433,0.011357728391885757,0.011980953444613189
792,2.955223880597015,0.012011116370558739,0.011970400401368373
793,2.958955223880597,0.0118445148691535,0.011955626127196521
794,2.962686567164179,0.01192264910787344,0.011949890066029095
795,2.966417910447761,0.012064323760569096,0.011945600462395971
796,2.970149253731343,0.011445272713899612,0.01194151191086304
797,2.9738805970149254,0.011456778272986412,0.011932924889573237
798,2.9776119402985075,0.012229576706886292,0.011912965533755175
799,2.9813432835820897,0.0116876270622015,0.011901276731273024
800,2.985074626865672,0.011865217238664627,0.011887207172992752
801,2.9888059701492535,0.01202075183391571,0.011878870745621077
802,2.9925373134328357,0.01202449668198824,0.011869087406411403
803,2.996268656716418,0.011883063241839409,0.011858947461516393
804,3.0,0.011685050092637539,0.011858981943166837
805,3.003731343283582,0.01175166480243206,0.011855165110673846
806,3.0074626865671643,0.011792679317295551,0.011853745343481622
807,3.0111940298507465,0.012344764545559883,0.011829991302475697
808,3.014925373134328,0.01162707433104515,0.011823459732823255
809,3.0186567164179103,0.01183842122554779,0.011823068236614146
810,3.0223880597014925,0.011771838180720806,0.011820961403228887
811,3.0261194029850746,0.01198324840515852,0.011809425133212311
812,3.029850746268657,0.011789754964411259,0.011819094873783065
813,3.033582089552239,0.011620188131928444,0.011810412585008435
814,3.037313432835821,0.011660878546535969,0.011798242038888176
815,3.041044776119403,0.011507981456816196,0.011789697767576067
816,3.044776119402985,0.011997093446552753,0.011784292007910042
817,3.048507462686567,0.01173519529402256,0.011790191209534319
818,3.0522388059701493,0.0116721261292696,0.011795238682591334
819,3.0559701492537314,0.01207325141876936,0.011787077116711838
820,3.0597014925373136,0.011610759422183037,0.011786717058318416
821,3.0634328358208953,0.011938825249671936,0.011785109913567217
822,3.0671641791044775,0.011629680171608925,0.01177339476147076
823,3.0708955223880596,0.011852705851197243,0.011748394974302955
824,3.074626865671642,0.012029383331537247,0.011743381551307877
825,3.078358208955224,0.011907428503036499,0.011743927556203633
826,3.082089552238806,0.01201673038303852,0.011739045199824542
827,3.0858208955223883,0.011476654559373856,0.011740415765926606
828,3.08955223880597,0.011694664135575294,0.011724789740472304
829,3.093283582089552,0.011797783896327019,0.011715373160635553
830,3.0970149253731343,0.011663850396871567,0.011704082986930521
831,3.1007462686567164,0.011903638020157814,0.011704988777637482
832,3.1044776119402986,0.011754187755286694,0.011683744650970145
833,3.1082089552238807,0.011655142530798912,0.01167198127453647
834,3.111940298507463,0.011345522478222847,0.011664845662691244
835,3.1156716417910446,0.011572333984076977,0.0116560080701985
836,3.1194029850746268,0.011842687614262104,0.011666105378691742
837,3.123134328358209,0.011687139980494976,0.011645855245793738
838,3.126865671641791,0.011663724668323994,0.01163922023118996
839,3.1305970149253732,0.01189495250582695,0.011644388344593165
840,3.1343283582089554,0.01167286466807127,0.011629497745960223
841,3.138059701492537,0.011799324303865433,0.011630006952256692
842,3.1417910447761193,0.011540430597960949,0.011622979714557892
843,3.1455223880597014,0.010999505408108234,0.011620256663640825
844,3.1492537313432836,0.011677512899041176,0.011609304582745564
845,3.1529850746268657,0.011707436293363571,0.011605657659834477
846,3.156716417910448,0.011551488190889359,0.011591071967126393
847,3.16044776119403,0.011848872527480125,0.011580209429489403
848,3.1641791044776117,0.011704097501933575,0.011572998971110436
849,3.167910447761194,0.011240994557738304,0.011562981574637135
850,3.171641791044776,0.01137552410364151,0.011550902320844372
851,3.175373134328358,0.011808975599706173,0.011541919850903313
852,3.1791044776119404,0.011112239211797714,0.011546158277225204
853,3.1828358208955225,0.011307456530630589,0.011542013641901133
854,3.1865671641791047,0.011327628046274185,0.011538724437719437
855,3.1902985074626864,0.011298537254333496,0.011539640563835458
856,3.1940298507462686,0.01192197110503912,0.011533159490038709
857,3.1977611940298507,0.011166837997734547,0.011531531174735325
858,3.201492537313433,0.011463159695267677,0.01152500135415211
859,3.205223880597015,0.011884018778800964,0.011523211102296666
860,3.208955223880597,0.011462736874818802,0.0115130999829711
861,3.212686567164179,0.011631636880338192,0.011506790726831773
862,3.216417910447761,0.011650708504021168,0.011500355083404518
863,3.220149253731343,0.01151803508400917,0.011510062940055278
864,3.2238805970149254,0.011403670534491539,0.011519596094220149
865,3.2276119402985075,0.011879859492182732,0.011512686362172045
866,3.2313432835820897,0.011309415102005005,0.011502077144275352
867,3.235074626865672,0.011571366339921951,0.011496621729215471
868,3.2388059701492535,0.011181025765836239,0.011485629828601348
869,3.2425373134328357,0.011283950880169868,0.01148218995459923
870,3.246268656716418,0.011302534490823746,0.011486026140429624
871,3.25,0.011295569129288197,0.011484064820517854
872,3.253731343283582,0.012077413499355316,0.011475783954488068
873,3.2574626865671643,0.011584257706999779,0.011474665095348184
874,3.2611940298507465,0.011520285159349442,0.011473058677482896
875,3.264925373134328,0.011383083648979664,0.011474272031791327
876,3.2686567164179103,0.011306609958410263,0.01147474441677332
877,3.2723880597014925,0.011775926686823368,0.011463702974341265
878,3.2761194029850746,0.011419417336583138,0.01147110140087401
879,3.279850746268657,0.011590324342250824,0.011465729168820672
880,3.283582089552239,0.01148039661347866,0.011450781237061431
881,3.287313432835821,0.011414185166358948,0.011445113662176015
882,3.291044776119403,0.01153546292334795,0.011445706573928275
883,3.294776119402985,0.01193845272064209,0.011433706709706202
884,3.298507462686567,0.011390364728868008,0.011433448846928956
885,3.3022388059701493,0.011394213885068893,0.011430725432568935
886,3.3059701492537314,0.011272458359599113,0.011415590395832934
887,3.3097014925373136,0.011327816173434258,0.011427308977922289
888,3.3134328358208953,0.01139820460230112,0.011419847039732992
889,3.3171641791044775,0.01156306266784668,0.01142706392650924
890,3.3208955223880596,0.011398278176784515,0.011425697040267108
891,3.324626865671642,0.011295109987258911,0.011428205523549057
892,3.328358208955224,0.011469460092484951,0.011431566780296767
893,3.332089552238806,0.011066365987062454,0.01141211599475
894,3.3358208955223883,0.011241593398153782,0.01140416359029165
895,3.33955223880597,0.011377375572919846,0.011401494669659836
896,3.343283582089552,0.0113179050385952,0.011396704764082664
897,3.3470149253731343,0.011469271965324879,0.011388701341319375
898,3.3507462686567164,0.011470173485577106,0.011389375891445614
899,3.3544776119402986,0.011242898181080818,0.01138223369219681
900,3.3582089552238807,0.011271153576672077,0.01137146326463397
901,3.361940298507463,0.011230366304516792,0.01135784171794246
902,3.3656716417910446,0.011655946262180805,0.01135180688395006
903,3.3694029850746268,0.011158714070916176,0.011340638577211194
904,3.373134328358209,0.011507462710142136,0.011314825381992794
905,3.376865671641791,0.01129201054573059,0.011312390745776455
906,3.3805970149253732,0.011259322986006737,0.011315412887531082
907,3.3843283582089554,0.011789876967668533,0.011318324747063764
908,3.388059701492537,0.011265426874160767,0.011308651667360852
909,3.3917910447761193,0.011476918123662472,0.011315525214119656
910,3.3955223880597014,0.011227908544242382,0.011302545144245392
911,3.3992537313432836,0.011405382305383682,0.011302719642294616
912,3.4029850746268657,0.011433380655944347,0.011303576277341784
913,3.406716417910448,0.011279931291937828,0.011296406615434624
914,3.41044776119403,0.011258209124207497,0.011298899447954282
915,3.4141791044776117,0.011410859413444996,0.011293233485846984
916,3.417910447761194,0.011186697520315647,0.011297114670458363
917,3.421641791044776,0.010978469625115395,0.011287459899194358
918,3.425373134328358,0.01180358324199915,0.01128030332123361
919,3.4291044776119404,0.01112658716738224,0.01126875785156721
920,3.4328358208955225,0.01114873681217432,0.01127252595998892
921,3.4365671641791047,0.01092191319912672,0.011270995796998827
922,3.4402985074626864,0.011166756972670555,0.011269866261722111
923,3.4440298507462686,0.011077562347054482,0.011264172587089422
924,3.4477611940298507,0.01088011171668768,0.01126686865236701
925,3.451492537313433,0.011290544643998146,0.0112595693549005
926,3.455223880597015,0.01151812169700861,0.011255886791864546
927,3.458955223880597,0.011391844600439072,0.011251844147719988
928,3.462686567164179,0.010931219905614853,0.011238469265219642
929,3.466417910447761,0.01168002001941204,0.011245664254557796
930,3.470149253731343,0.01103087980300188,0.011233014077311608
931,3.4738805970149254,0.011405432596802711,0.01122978854379276
932,3.4776119402985075,0.01133023202419281,0.011207322067603833
933,3.4813432835820897,0.011175503954291344,0.011200082283921359
934,3.485074626865672,0.01116857212036848,0.011194350243341632
935,3.4888059701492535,0.01100928895175457,0.011185297946922662
936,3.4925373134328357,0.01153650414198637,0.011181998589053386
937,3.496268656716418,0.010922059416770935,0.011181785952208973
938,3.5,0.01117585226893425,0.011187824148048715
939,3.503731343283582,0.010996809229254723,0.011161339991703266
940,3.5074626865671643,0.011397390626370907,0.011164154357663015
941,3.5111940298507465,0.011208416894078255,0.011157198127631733
942,3.514925373134328,0.011184055358171463,0.011161933516765513
943,3.5186567164179103,0.011422505602240562,0.01115380402472688
944,3.5223880597014925,0.011269252747297287,0.011151926546562009
945,3.5261194029850746,0.011208191514015198,0.011151173242890253
946,3.529850746268657,0.011141025461256504,0.011142202834712296
947,3.533582089552239,0.011093574576079845,0.011133703834763387
948,3.537313432835821,0.011241506785154343,0.011126765027278808
949,3.541044776119403,0.01156042143702507,0.011126043479435327
950,3.544776119402985,0.010958260856568813,0.01110739674328304
951,3.548507462686567,0.011095661669969559,0.011116741974724502
952,3.5522388059701493,0.010484256781637669,0.011100672548863946
953,3.5559701492537314,0.011136549524962902,0.011097227700236367
954,3.5597014925373136,0.01104491762816906,0.011092399996591777
955,3.5634328358208953,0.010887064971029758,0.01108847469909162
956,3.5671641791044775,0.011275585740804672,0.011089365929365158
957,3.5708955223880596,0.011177979409694672,0.011067638741578997
958,3.574626865671642,0.01122603565454483,0.011066766569345462
959,3.578358208955224,0.010717732831835747,0.011057892882424156
960,3.582089552238806,0.011241976171731949,0.011062876548527218
961,3.5858208955223883,0.0108635313808918,0.011051436522748412
962,3.58955223880597,0.01111606415361166,0.011051850665996715
963,3.593283582089552,0.01083344779908657,0.011045184531589834
964,3.5970149253731343,0.011000585742294788,0.011025016559515058
965,3.6007462686567164,0.010849226266145706,0.011024047438873023
966,3.6044776119402986,0.010922757908701897,0.01101945951671862
967,3.6082089552238807,0.011169662699103355,0.011014937445884797
968,3.611940298507463,0.011107353493571281,0.01100525543911428
969,3.6156716417910446,0.010901636444032192,0.010993726165374605
970,3.6194029850746268,0.010915503837168217,0.010971697683377964
971,3.623134328358209,0.01141403429210186,0.01097851893978148
972,3.626865671641791,0.010746586136519909,0.010969199331068411
973,3.6305970149253732,0.011188993230462074,0.010978836270912392
974,3.6343283582089554,0.010977568104863167,0.010971848966508376
975,3.638059701492537,0.011007634922862053,0.010961477985469306
976,3.6417910447761193,0.011045829392969608,0.010963053351677046
977,3.6455223880597014,0.010645689442753792,0.010965277804288923
978,3.6492537313432836,0.010886300355196,0.010952555347324871
979,3.6529850746268657,0.010812031105160713,0.010948133927474662
980,3.656716417910448,0.01120113953948021,0.010954038512597724
981,3.66044776119403,0.010928349569439888,0.010946518968699909
982,3.6641791044776117,0.011225396767258644,0.010949266711022795
983,3.667910447761194,0.010910743847489357,0.010945080961214333
984,3.671641791044776,0.01059561874717474,0.010958584820533671
985,3.675373134328358,0.011229518800973892,0.010956092147020305
986,3.6791044776119404,0.011020086705684662,0.010961638059376217
987,3.6828358208955225,0.010955620557069778,0.010976583765047352
988,3.6865671641791047,0.010696612298488617,0.010966620567004854
989,3.6902985074626864,0.01076880656182766,0.010969051341639786
990,3.6940298507462686,0.010657253675162792,0.0109590660871529
991,3.6977611940298507,0.011237932369112968,0.010962668124858925
992,3.701492537313433,0.010713557712733746,0.010944550993239007
993,3.705223880597015,0.01087937131524086,0.010948899656352474
994,3.708955223880597,0.010850070044398308,0.010939184099254085
995,3.712686567164179,0.01061970740556717,0.010942812463859232
996,3.716417910447761,0.010951654985547066,0.010934779420495033
997,3.720149253731343,0.011366788297891617,0.010921565270641954
998,3.7238805970149254,0.010656358674168587,0.010930787749225047
999,3.7276119402985075,0.011044757440686226,0.010934231643814867
1000,3.7313432835820897,0.010959820821881294,0.010935607320833497
1001,3.735074626865672,0.01093367487192154,0.010925914842362812
1002,3.7388059701492535,0.010976188816130161,0.010922897834239937
1003,3.7425373134328357,0.010944448411464691,0.010908943396515963
1004,3.746268656716418,0.011387106031179428,0.010908381740857915
1005,3.75,0.010898386128246784,0.010911655794011384
1006,3.753731343283582,0.011076608672738075,0.010901661135438011
1007,3.7574626865671643,0.011535531841218472,0.010893496389432652
1008,3.7611940298507465,0.010761171579360962,0.010888372525209335
1009,3.764925373134328,0.011207015253603458,0.010898270258089392
1010,3.7686567164179103,0.010492241010069847,0.01089617619063796
1011,3.7723880597014925,0.011063187383115292,0.010901892080721332
1012,3.7761194029850746,0.010671231895685196,0.010890172953467543
1013,3.779850746268657,0.01092488132417202,0.010903196000471347
1014,3.783582089552239,0.010790655389428139,0.010904271996057615
1015,3.787313432835821,0.011126331053674221,0.010900140013091447
1016,3.791044776119403,0.010678280144929886,0.010902818019797162
1017,3.794776119402985,0.010504049248993397,0.010903742482385985
1018,3.798507462686567,0.01102381106466055,0.010885516704037422
1019,3.8022388059701493,0.011027500033378601,0.01089497274015008
1020,3.8059701492537314,0.010868433862924576,0.010881946717457073
1021,3.8097014925373136,0.010803747922182083,0.010886408388614655
1022,3.8134328358208953,0.010804652236402035,0.010886760246826381
1023,3.8171641791044775,0.010653264820575714,0.010877583244043152
1024,3.8208955223880596,0.010887715965509415,0.01086371787255857
1025,3.824626865671642,0.010729854926466942,0.010854656399204963
1026,3.828358208955224,0.010819737799465656,0.010847093378443544
1027,3.832089552238806,0.010685332119464874,0.010838815170090372
1028,3.8358208955223883,0.010745542123913765,0.010822479476834216
1029,3.83955223880597,0.011102419346570969,0.010820632050858765
1030,3.843283582089552,0.010682949796319008,0.010814088964607657
1031,3.8470149253731343,0.010891605168581009,0.010824630241386773
1032,3.8507462686567164,0.01075744815170765,0.010816905374934033
1033,3.8544776119402986,0.011247502639889717,0.010827012996121151
1034,3.8582089552238807,0.01092348713427782,0.010809544791899077
1035,3.861940298507463,0.010680658742785454,0.010806111914173858
1036,3.8656716417910446,0.010729505680501461,0.010795735231623417
1037,3.8694029850746268,0.010989557951688766,0.010800368584147313
1038,3.873134328358209,0.010619531385600567,0.010804849426920822
1039,3.876865671641791,0.01104405615478754,0.010794276121731212
1040,3.8805970149253732,0.01051069051027298,0.010784710939155846
1041,3.8843283582089554,0.011142749339342117,0.010778358637741426
1042,3.888059701492537,0.010948101058602333,0.010774019946594065
1043,3.8917910447761193,0.010599931702017784,0.010771917156511691
1044,3.8955223880597014,0.010375968180596828,0.01077077185689676
1045,3.8992537313432836,0.011015585623681545,0.01075867906485389
1046,3.9029850746268657,0.01058830227702856,0.010750171455849961
1047,3.906716417910448,0.010737202130258083,0.010748360760328247
1048,3.91044776119403,0.010865768417716026,0.010746609510445013
1049,3.9141791044776117,0.010685427114367485,0.010738916059092777
1050,3.917910447761194,0.010938748717308044,0.010732522098029532
1051,3.921641791044776,0.01092443335801363,0.010733040026956943
1052,3.925373134328358,0.010746467858552933,0.010721796487526195
1053,3.9291044776119404,0.011085644364356995,0.01072063574158564
1054,3.9328358208955225,0.01020868495106697,0.010699579810223929
1055,3.9365671641791047,0.010649907402694225,0.01069056967318785
1056,3.9402985074626864,0.010700887069106102,0.01069589938241534
1057,3.9440298507462686,0.010868247598409653,0.010691262736189656
1058,3.9477611940298507,0.010687763802707195,0.010676585137844086
1059,3.951492537313433,0.010590305551886559,0.010676068299245544
1060,3.955223880597015,0.01063532754778862,0.010669232777706006
1061,3.958955223880597,0.010607989504933357,0.010679913184991697
1062,3.962686567164179,0.010625861585140228,0.010661126159858413
1063,3.966417910447761,0.01071843784302473,0.01065274859528716
1064,3.970149253731343,0.010606307536363602,0.010646673827999976
1065,3.9738805970149254,0.01039191149175167,0.01065220874620647
1066,3.9776119402985075,0.010381042957305908,0.010637312764074744
1067,3.9813432835820897,0.010745499283075333,0.010639332689163162
1068,3.985074626865672,0.01061353087425232,0.010638391349192073
1069,3.9888059701492535,0.0104301106184721,0.010629883899194439
1070,3.9925373134328357,0.010840266942977905,0.010629517594125212
1071,3.996268656716418,0.010704184882342815,0.01062256154581541
1072,4.0,0.010430620051920414,0.010606146008684867
1073,4.003731343283582,0.010709857568144798,0.010594682336398742
1074,4.007462686567164,0.0103842094540596,0.010594043312821447
1075,4.0111940298507465,0.010554071515798569,0.010601751710765245
1076,4.014925373134329,0.010899176821112633,0.01059583524560056
1077,4.018656716417911,0.010539403185248375,0.010591060422906062
1078,4.022388059701493,0.010387776419520378,0.010589988152610093
1079,4.026119402985074,0.010598341003060341,0.010584278509202526
1080,4.029850746268656,0.010763799771666527,0.010582499183350948
1081,4.0335820895522385,0.010948587208986282,0.010575141916732962
1082,4.037313432835821,0.010372481308877468,0.010571721827656758
1083,4.041044776119403,0.010604620911180973,0.010565231508779816
1084,4.044776119402985,0.010350866243243217,0.010557960355427207
1085,4.048507462686567,0.010602899827063084,0.010553579732048802
1086,4.052238805970149,0.010404850356280804,0.010557991361654386
1087,4.0559701492537314,0.010671119205653667,0.010555404147542104
1088,4.059701492537314,0.010698607191443443,0.010558289021435307
1089,4.063432835820896,0.010516962967813015,0.010549769918547898
1090,4.067164179104478,0.010670408606529236,0.010554912931671956
1091,4.07089552238806,0.010653550736606121,0.010546375066041946
1092,4.074626865671642,0.010251396335661411,0.010536786373250367
1093,4.0783582089552235,0.01027645729482174,0.01053177290482492
1094,4.082089552238806,0.011059444397687912,0.010525230295592693
1095,4.085820895522388,0.010524729266762733,0.010524603878942931
1096,4.08955223880597,0.010407332330942154,0.010526719798402088
1097,4.093283582089552,0.01050511933863163,0.010514646586848468
1098,4.097014925373134,0.010824284516274929,0.01050840531725709
1099,4.100746268656716,0.010453668422996998,0.010511551052331924
1100,4.104477611940299,0.010517353191971779,0.010512825169759552
1101,4.108208955223881,0.010333679616451263,0.010511949544817937
1102,4.111940298507463,0.010467765852808952,0.010495682405989344
1103,4.115671641791045,0.010359758511185646,0.010498798088874758
1104,4.119402985074627,0.010420320555567741,0.010494930896817184
1105,4.123134328358209,0.010426701977849007,0.010495510565616735
1106,4.126865671641791,0.010572788305580616,0.010486586700852325
1107,4.130597014925373,0.010274967178702354,0.010485630414289673
1108,4.134328358208955,0.010863779112696648,0.010471618893306429
1109,4.138059701492537,0.01026424765586853,0.010460049845278263
1110,4.141791044776119,0.010640974156558514,0.010456500120642708
1111,4.145522388059701,0.010490214452147484,0.010450976173870447
1112,4.149253731343284,0.010311048477888107,0.010437594999263927
1113,4.152985074626866,0.010225067846477032,0.01044235462549983
1114,4.156716417910448,0.010441610589623451,0.01045146573153211
1115,4.16044776119403,0.01035852637141943,0.010437753392247165
1116,4.164179104477612,0.010640824213624,0.010439507118085535
1117,4.167910447761194,0.010404175147414207,0.010433966566513225
1118,4.1716417910447765,0.010283511132001877,0.010428576344033567
1119,4.175373134328358,0.010516751557588577,0.010415799938505742
1120,4.17910447761194,0.010650579817593098,0.01041469395887561
1121,4.182835820895522,0.01072789914906025,0.010407024222176249
1122,4.186567164179104,0.010281634517014027,0.010407065518382119
1123,4.190298507462686,0.010500224307179451,0.010403920487478012
1124,4.1940298507462686,0.010446066036820412,0.010402968675806755
1125,4.197761194029851,0.01037463266402483,0.010400595938468852
1126,4.201492537313433,0.010237021371722221,0.010399288747732232
1127,4.205223880597015,0.010365642607212067,0.010401347061482871
1128,4.208955223880597,0.010096646845340729,0.010403380979125092
1129,4.212686567164179,0.010224276222288609,0.01039372416349446
1130,4.2164179104477615,0.01037142425775528,0.010396026074886322
1131,4.220149253731344,0.01044392678886652,0.010388788767158985
1132,4.223880597014926,0.010104922577738762,0.010384119206630602
1133,4.227611940298507,0.010446541011333466,0.010381271631070754
1134,4.231343283582089,0.010650012642145157,0.010388165666926198
1135,4.235074626865671,0.010497238487005234,0.010384848931940591
1136,4.2388059701492535,0.010596632026135921,0.010381512457459437
1137,4.242537313432836,0.010180169716477394,0.010370243863179916
1138,4.246268656716418,0.010284120216965675,0.01037384885385996
1139,4.25,0.010300451889634132,0.01038051321648243
1140,4.253731343283582,0.010408323258161545,0.010379553409066142
1141,4.257462686567164,0.010202893987298012,0.010368989462532648
1142,4.2611940298507465,0.010335372760891914,0.010366101771956536
1143,4.264925373134329,0.010338819585740566,0.01036493069060692
1144,4.268656716417911,0.010320734232664108,0.010367397650531152
1145,4.272388059701493,0.010323038324713707,0.010356369632773282
1146,4.276119402985074,0.01037310715764761,0.010355024053374441
1147,4.279850746268656,0.010657179169356823,0.010363719198943638
1148,4.2835820895522385,0.010358357802033424,0.010361936829257302
1149,4.287313432835821,0.010467849671840668,0.010375769922464358
1150,4.291044776119403,0.010358626022934914,0.010380795793380679
1151,4.294776119402985,0.010344244539737701,0.01038150155417076
1152,4.298507462686567,0.01029876247048378,0.010386756098851925
1153,4.302238805970149,0.010194297879934311,0.010394730627900216
1154,4.3059701492537314,0.010507723316550255,0.010389001812876724
1155,4.309701492537314,0.010305624455213547,0.010384741716268586
1156,4.313432835820896,0.010221730917692184,0.010379801436168392
1157,4.317164179104478,0.010178811848163605,0.010368728624066202
1158,4.32089552238806,0.010551979765295982,0.010375672565182535
1159,4.324626865671642,0.010556749999523163,0.010368497179048817
1160,4.3283582089552235,0.010477399453520775,0.010377091491912923
1161,4.332089552238806,0.010217458009719849,0.010370457635783568
1162,4.335820895522388,0.010609503835439682,0.01037084942729008
1163,4.33955223880597,0.010233620181679726,0.010369390680840829
1164,4.343283582089552,0.01060136966407299,0.010366924175220291
1165,4.347014925373134,0.009993917308747768,0.010369656630223843
1166,4.350746268656716,0.010319463908672333,0.010367783195361859
1167,4.354477611940299,0.01059352234005928,0.010365133060187829
1168,4.358208955223881,0.010292565450072289,0.01035669416461776
1169,4.361940298507463,0.010663803666830063,0.01035879541006757
1170,4.365671641791045,0.01043033692985773,0.01035175343021387
1171,4.369402985074627,0.010400360450148582,0.010350016581757767
1172,4.373134328358209,0.010659363120794296,0.01034877328883584
1173,4.376865671641791,0.01043187826871872,0.010344130032491393
1174,4.380597014925373,0.010211659595370293,0.010345459143381293
1175,4.384328358208955,0.010475348681211472,0.010338624053430267
1176,4.388059701492537,0.010294687002897263,0.010334743868287017
1177,4.391791044776119,0.010142646729946136,0.010330042506499989
1178,4.395522388059701,0.010464871302247047,0.01032657258030845
1179,4.399253731343284,0.009989929385483265,0.010314876599827917
1180,4.402985074626866,0.010652818717062473,0.010315221030174232
1181,4.406716417910448,0.010136335156857967,0.010311488175719249
1182,4.41044776119403,0.01021895743906498,0.010313139887662923
1183,4.414179104477612,0.010275564156472683,0.010305134852121516
1184,4.417910447761194,0.01023769285529852,0.010307635294228065
1185,4.4216417910447765,0.010432764887809753,0.010296197835265137
1186,4.425373134328358,0.010246227495372295,0.010295353193835514
1187,4.42910447761194,0.010264451615512371,0.010289738227317973
1188,4.432835820895522,0.010311184450984001,0.010273542732182072
1189,4.436567164179104,0.010444508865475655,0.010269281499814696
1190,4.440298507462686,0.010179128497838974,0.010259714954328246
1191,4.4440298507462686,0.010287415236234665,0.010260349503014146
1192,4.447761194029851,0.010293269529938698,0.01024668179906723
1193,4.451492537313433,0.01010838896036148,0.010230110049611184
1194,4.455223880597015,0.010248791426420212,0.010226536678468309
1195,4.458955223880597,0.010227484628558159,0.010227408396398149
1196,4.462686567164179,0.010146536864340305,0.010216121402818983
1197,4.4664179104477615,0.010028975084424019,0.01020521731910909
1198,4.470149253731344,0.010036544874310493,0.010209986394861849
1199,4.473880597014926,0.010072444565594196,0.010194289725182987
1200,4.477611940298507,0.010570871643722057,0.01018901521385443
1201,4.481343283582089,0.01032435242086649,0.010175964840483375
1202,4.485074626865671,0.010285178199410439,0.010183292123057493
1203,4.4888059701492535,0.010281297378242016,0.010176534014867573
1204,4.492537313432836,0.010336138308048248,0.010174779425852182
1205,4.496268656716418,0.010132433846592903,0.010173342622271398
1206,4.5,0.009959287010133266,0.010167422817974555
1207,4.503731343283582,0.010089250281453133,0.010158546700528482
1208,4.507462686567164,0.009929507039487362,0.010147649567665123
1209,4.5111940298507465,0.010117854923009872,0.010146919047323668
1210,4.514925373134329,0.010271575301885605,0.010136462566329212
1211,4.518656716417911,0.010456353425979614,0.010135070011928314
1212,4.522388059701493,0.009839984588325024,0.010136219741004268
1213,4.526119402985074,0.009979921393096447,0.010130437045562558
1214,4.529850746268656,0.01028537005186081,0.0101355318343494
1215,4.5335820895522385,0.010247400030493736,0.010132442092204966
1216,4.537313432835821,0.010012581944465637,0.01013438376348193
1217,4.541044776119403,0.009847619570791721,0.010127562711515077
1218,4.544776119402985,0.01033817883580923,0.010131548772134432
1219,4.548507462686567,0.009821307845413685,0.010133862722574211
1220,4.552238805970149,0.009773674421012402,0.010133376299608044
1221,4.5559701492537314,0.01011775340884924,0.010119117228541433
1222,4.559701492537314,0.010436753742396832,0.010114733061594208
1223,4.563432835820896,0.009941875003278255,0.010109375367259107
1224,4.567164179104478,0.01020362600684166,0.010102255996770976
1225,4.57089552238806,0.010178783908486366,0.010097241324440735
1226,4.574626865671642,0.010190052911639214,0.010091636080022266
1227,4.5783582089552235,0.009882306680083275,0.01008852771142634
1228,4.582089552238806,0.009817669168114662,0.010082806119831597
1229,4.585820895522388,0.010281233116984367,0.010081463970425652
1230,4.58955223880597,0.010015793144702911,0.01006847442831935
1231,4.593283582089552,0.010122033767402172,0.01005755542073308
1232,4.597014925373134,0.010334554128348827,0.010045062500710895
1233,4.600746268656716,0.010056179016828537,0.01004471227799247
1234,4.604477611940299,0.010317275300621986,0.010039540007710457
1235,4.608208955223881,0.01012211199849844,0.01004037015685221
1236,4.611940298507463,0.010307093150913715,0.01003866610912288
1237,4.615671641791045,0.009866873733699322,0.010040299353621355
1238,4.619402985074627,0.010192403569817543,0.010041224543096089
1239,4.623134328358209,0.010131416842341423,0.010035180077865356
1240,4.626865671641791,0.01005250122398138,0.010042799227848285
1241,4.630597014925373,0.00998624972999096,0.010050391596628398
1242,4.634328358208955,0.010144601576030254,0.010049077568621171
1243,4.638059701492537,0.010065512731671333,0.010034342569003745
1244,4.641791044776119,0.009989403188228607,0.010040531411948727
1245,4.645522388059701,0.010130536742508411,0.010037071912026987
1246,4.649253731343284,0.009902618825435638,0.010032324233978259
1247,4.652985074626866,0.00983184389770031,0.010031996567438289
1248,4.656716417910448,0.009854665026068687,0.010043327287748092
1249,4.66044776119403,0.009874478913843632,0.01004796284364491
1250,4.664179104477612,0.009585283696651459,0.01003857561182685
1251,4.667910447761194,0.009823895990848541,0.010034797963027546
1252,4.6716417910447765,0.009944143705070019,0.01002793736392405
1253,4.675373134328358,0.009825625456869602,0.01001100376157499
1254,4.67910447761194,0.009767858311533928,0.010014836517412489
1255,4.682835820895522,0.010319406166672707,0.01000795308954832
1256,4.686567164179104,0.010177534073591232,0.010005046522653684
1257,4.690298507462686,0.010079544968903065,0.009994473535476662
1258,4.6940298507462686,0.00988555233925581,0.009996996056742785
1259,4.697761194029851,0.010090355761349201,0.009986906925716051
1260,4.701492537313433,0.010133692994713783,0.00997642918330867
1261,4.705223880597015,0.010084961540997028,0.009973731550683335
1262,4.708955223880597,0.010063878260552883,0.009967245456830757
1263,4.712686567164179,0.00983261875808239,0.00997363605604666
1264,4.7164179104477615,0.010195617564022541,0.009967744373148534
1265,4.720149253731344,0.010061786510050297,0.009974259928595729
1266,4.723880597014926,0.00998412910848856,0.009963277159485875
1267,4.727611940298507,0.010176618583500385,0.009969933185635544
1268,4.731343283582089,0.010346866212785244,0.009973983689234025
1269,4.735074626865671,0.010007726959884167,0.009970888018426372
1270,4.7388059701492535,0.009896356612443924,0.009968404953436153
1271,4.742537313432836,0.009860909543931484,0.00997679028660059
1272,4.746268656716418,0.009840749204158783,0.009980522096157074
1273,4.75,0.009640276432037354,0.009980640555845528
1274,4.753731343283582,0.010213322006165981,0.009975413905411231
1275,4.757462686567164,0.010035054758191109,0.009978875086256644
1276,4.7611940298507465,0.010002942755818367,0.00996712458933272
1277,4.764925373134329,0.00987360067665577,0.009964047158818419
1278,4.768656716417911,0.00997029710561037,0.009959274766648688
1279,4.772388059701493,0.009778749197721481,0.009959680164550863
1280,4.776119402985074,0.00970182940363884,0.009961117672302374
1281,4.779850746268656,0.00994189828634262,0.0099514114738601
1282,4.7835820895522385,0.009720319882035255,0.009944697183261558
1283,4.787313432835821,0.010406616143882275,0.009932092322808941
1284,4.791044776119403,0.009823953732848167,0.009926979225583193
1285,4.794776119402985,0.010256540961563587,0.009912357370300991
1286,4.798507462686567,0.009680243209004402,0.009905315935611725
1287,4.802238805970149,0.01017551589757204,0.009910981125402741
1288,4.8059701492537314,0.009997914545238018,0.009904674549655216
1289,4.809701492537314,0.00972774252295494,0.009891819572303354
1290,4.813432835820896,0.00977267324924469,0.00988586258324908
1291,4.817164179104478,0.009929082356393337,0.009881791113535078
1292,4.82089552238806,0.009976900182664394,0.009875167683675521
1293,4.824626865671642,0.009949000552296638,0.0098783409041239
1294,4.8283582089552235,0.009611332789063454,0.009874187364447408
1295,4.832089552238806,0.009909766726195812,0.009858105763247827
1296,4.835820895522388,0.009837635792791843,0.009845435732930171
1297,4.83955223880597,0.010051359422504902,0.009847396734829357
1298,4.843283582089552,0.009883876889944077,0.009849605809261159
1299,4.847014925373134,0.009902173653244972,0.009848478341066256
1300,4.850746268656716,0.010149293579161167,0.00984025662537755
1301,4.854477611940299,0.00973573885858059,0.009840566937516376
1302,4.858208955223881,0.009809675626456738,0.009830882318499611
1303,4.861940298507463,0.009547078981995583,0.009828726397600115
1304,4.865671641791045,0.009622981771826744,0.009810660784019203
1305,4.869402985074627,0.009596121497452259,0.009803433561833894
1306,4.873134328358209,0.009773087687790394,0.009791950990514057
1307,4.876865671641791,0.010216401889920235,0.009793312924845917
1308,4.880597014925373,0.009918048977851868,0.00977676102846134
1309,4.884328358208955,0.009819812141358852,0.009761277699797618
1310,4.888059701492537,0.009763490408658981,0.009760942809828898
1311,4.891791044776119,0.009729426354169846,0.009753271278629943
1312,4.895522388059701,0.009589348919689655,0.009736415157776053
1313,4.899253731343284,0.009970851242542267,0.009724124130315898
1314,4.902985074626866,0.00946998130530119,0.009715448110932258
1315,4.906716417910448,0.009553976356983185,0.009712398392943347
1316,4.91044776119403,0.009515583515167236,0.009698721035042913
1317,4.914179104477612,0.010083343833684921,0.009684435568931626
1318,4.917910447761194,0.0099641727283597,0.00967402167890857
1319,4.9216417910447765,0.009924070909619331,0.009662858028782577
1320,4.925373134328358,0.009441658854484558,0.009660551233625993
1321,4.92910447761194,0.009714552201330662,0.009647140256697086
1322,4.932835820895522,0.009544828906655312,0.009646681319104462
1323,4.936567164179104,0.009631927125155926,0.009643572382628918
1324,4.940298507462686,0.009665925987064838,0.009642287543634089
1325,4.9440298507462686,0.009527637623250484,0.009641099584902205
1326,4.947761194029851,0.009785755537450314,0.009639369005837091
1327,4.951492537313433,0.009736082516610622,0.009634062420667671
1328,4.955223880597015,0.009496888145804405,0.009615853883144333
1329,4.958955223880597,0.009363098070025444,0.00959737830590911
1330,4.962686567164179,0.009714012034237385,0.009599613366512263
1331,4.9664179104477615,0.009458140470087528,0.009600086114937213
1332,4.970149253731344,0.009237981401383877,0.009589924567901507
1333,4.973880597014926,0.009472968056797981,0.00959747071128066
1334,4.977611940298507,0.009593283757567406,0.009585211416933595
1335,4.981343283582089,0.009486294351518154,0.009594507356424158
1336,4.985074626865671,0.009348995052278042,0.00959516814114844
1337,4.9888059701492535,0.009251931682229042,0.009604847989976406
1338,4.992537313432836,0.009624389931559563,0.00959289557777527
1339,4.996268656716418,0.009426167234778404,0.009577727172432876
1340,5.0,0.009807595051825047,0.009573290079105191
1341,5.003731343283582,0.009599443525075912,0.009579220695829973
1342,5.007462686567164,0.009716922417283058,0.009576223472633013
1343,5.0111940298507465,0.009682209230959415,0.009574913351637562
1344,5.014925373134329,0.009494400583207607,0.009566497784562228
1345,5.018656716417911,0.009574275463819504,0.009562668231565779
1346,5.022388059701493,0.009525167755782604,0.009559198714247564
1347,5.026119402985074,0.009555517695844173,0.00955571570410961
1348,5.029850746268656,0.009469851851463318,0.009554483700634503
1349,5.0335820895522385,0.009160550311207771,0.00955282213030065
1350,5.037313432835821,0.009911449626088142,0.009557097809525525
1351,5.041044776119403,0.009782873094081879,0.009555885613691516
1352,5.044776119402985,0.00931280292570591,0.00955535119353998
1353,5.048507462686567,0.00989874079823494,0.00956325862193253
1354,5.052238805970149,0.009468220174312592,0.009579118886371939
1355,5.0559701492537314,0.009851114824414253,0.009579092445896893
1356,5.059701492537314,0.009581068530678749,0.009582849355732522
1357,5.063432835820896,0.009912457317113876,0.00958836453444347
1358,5.067164179104478,0.009593294933438301,0.00959314658056672
1359,5.07089552238806,0.009342268109321594,0.009582026475449888
1360,5.074626865671642,0.009742150083184242,0.009587243290209189
1361,5.0783582089552235,0.009684814140200615,0.00958039441214102
1362,5.082089552238806,0.009591666050255299,0.00956590689446141
1363,5.085820895522388,0.00949111394584179,0.009567424223372123
1364,5.08955223880597,0.009286888875067234,0.009564954242328318
1365,5.093283582089552,0.009508914314210415,0.009566831357050233
1366,5.097014925373134,0.009385387413203716,0.009573380099382342
1367,5.100746268656716,0.009642952121794224,0.009566857524943061
1368,5.104477611940299,0.009685570374131203,0.009565683876777567
1369,5.108208955223881,0.009428763762116432,0.009567390355031664
1370,5.111940298507463,0.009538400918245316,0.009581126976849102
1371,5.115671641791045,0.00966431200504303,0.009573415762222395
1372,5.119402985074627,0.00943622924387455,0.009569696627738999
1373,5.123134328358209,0.00956218596547842,0.009574620462045437
1374,5.126865671641791,0.010123238898813725,0.009547372734764727
1375,5.130597014925373,0.009592199698090553,0.009549679234623909
1376,5.134328358208955,0.009640327654778957,0.00955081081426725
1377,5.138059701492537,0.009575117379426956,0.00955284673084573
1378,5.141791044776119,0.009447995573282242,0.009539423578577797
1379,5.145522388059701,0.009168465621769428,0.00953959189809677
1380,5.149253731343284,0.009640056639909744,0.009533633750568076
1381,5.152985074626866,0.009526791051030159,0.009524219578540907
1382,5.156716417910448,0.009005455300211906,0.009522528046878373
1383,5.16044776119403,0.009779132902622223,0.009521984881380709
1384,5.164179104477612,0.009580940008163452,0.009522608504062745
1385,5.167910447761194,0.009571362286806107,0.009528000725478662
1386,5.1716417910447765,0.009842773899435997,0.009528381318399093
1387,5.175373134328358,0.009257742203772068,0.009533210362239582
1388,5.17910447761194,0.009507398121058941,0.00953410590839822
1389,5.182835820895522,0.009539817459881306,0.009531757612599105
1390,5.186567164179104,0.009723751805722713,0.009528486648710763
1391,5.190298507462686,0.009595289826393127,0.009524699891122377
1392,5.1940298507462686,0.009630388580262661,0.009524455135006731
1393,5.197761194029851,0.00951468013226986,0.009518496260592124
1394,5.201492537313433,0.008781583979725838,0.009518759120710013
1395,5.205223880597015,0.009562786668539047,0.009504279076326184
1396,5.208955223880597,0.009897509589791298,0.009497487485953948
1397,5.212686567164179,0.009664541110396385,0.009489435952429364
1398,5.2164179104477615,0.009362108074128628,0.009487603291323999
1399,5.220149253731344,0.009600196033716202,0.009486877791038373
1400,5.223880597014926,0.009097984060645103,0.00949836788108436
1401,5.227611940298507,0.009356169030070305,0.00949811156293968
1402,5.231343283582089,0.009615461342036724,0.009495768309911577
1403,5.235074626865671,0.009569396264851093,0.00950595075491725
1404,5.2388059701492535,0.009516682475805283,0.009504406531227798
1405,5.242537313432836,0.009507969953119755,0.00950018223375082
1406,5.246268656716418,0.009524518623948097,0.009524387739053586
1407,5.25,0.009583378210663795,0.009521679543867343
1408,5.253731343283582,0.009679669514298439,0.009522221868903172
1409,5.257462686567164,0.009589290246367455,0.009523630959958566
1410,5.2611940298507465,0.009294654242694378,0.00951644869112387
1411,5.264925373134329,0.009383143857121468,0.009501187903125112
1412,5.268656716417911,0.009654277004301548,0.009503097545991584
1413,5.272388059701493,0.009191915392875671,0.00949616441730319
1414,5.276119402985074,0.00957296323031187,0.009485471766532921
1415,5.279850746268656,0.009529557079076767,0.009507349987582462
1416,5.2835820895522385,0.009313744492828846,0.009503789291512675
1417,5.287313432835821,0.009310214780271053,0.009496256845389925
1418,5.291044776119403,0.00949997827410698,0.00948970449134344
1419,5.294776119402985,0.009418250061571598,0.009488943532654425
1420,5.298507462686567,0.0096395593136549,0.009480705325741594
1421,5.302238805970149,0.009629547595977783,0.00948757530621639
1422,5.3059701492537314,0.009430717676877975,0.009491223796475224
1423,5.309701492537314,0.009422935545444489,0.009482482539080992
1424,5.313432835820896,0.009715819731354713,0.00948517013159467
1425,5.317164179104478,0.00940774381160736,0.009474626151708567
1426,5.32089552238806,0.010563788004219532,0.009467053181696229
1427,5.324626865671642,0.009731737896800041,0.009460997904037557
1428,5.3283582089552235,0.009279977530241013,0.009447849219346919
1429,5.332089552238806,0.009565170854330063,0.009442544542253017
1430,5.335820895522388,0.009245344437658787,0.009437720473037987
1431,5.33955223880597,0.009098059497773647,0.009441350995585686
1432,5.343283582089552,0.009673585183918476,0.00945262036218149
1433,5.347014925373134,0.009346130304038525,0.009451283028394711
1434,5.350746268656716,0.009076281450688839,0.009447392144399444
1435,5.354477611940299,0.009678591042757034,0.00944682456007818
1436,5.358208955223881,0.009416798129677773,0.00944548736258251
1437,5.361940298507463,0.009588679298758507,0.009443701926346233
1438,5.365671641791045,0.009395894594490528,0.009446077116924087
1439,5.369402985074627,0.00933090876787901,0.009442052531351403
1440,5.373134328358209,0.009262429550290108,0.009443915471798035
1441,5.376865671641791,0.009379653260111809,0.009427755344204786
1442,5.380597014925373,0.009505757130682468,0.009411675174061844
1443,5.384328358208955,0.009257069788873196,0.009416272227720516
1444,5.388059701492537,0.009679587557911873,0.009415827873276501
1445,5.391791044776119,0.00908437930047512,0.009407240238676711
1446,5.395522388059701,0.00919747818261385,0.00940214047526441
1447,5.399253731343284,0.00927625223994255,0.00937329814201448
1448,5.402985074626866,0.009044282138347626,0.009359903429157851
1449,5.406716417910448,0.009462177753448486,0.009356363699203583
1450,5.41044776119403,0.009391503408551216,0.009346570955907426
1451,5.414179104477612,0.00944350566715002,0.009342091680481666
1452,5.417910447761194,0.0098451878875494,0.009344591600138967
1453,5.4216417910447765,0.009599446319043636,0.009328532804984873
1454,5.425373134328358,0.009032389149069786,0.009321210042732517
1455,5.42910447761194,0.009549692273139954,0.00932392230393683
1456,5.432835820895522,0.009474731981754303,0.009309737079935829
1457,5.436567164179104,0.009240541607141495,0.009305686371900686
1458,5.440298507462686,0.009407597593963146,0.009303107221678989
1459,5.4440298507462686,0.009334970265626907,0.009306426228183071
1460,5.447761194029851,0.009494630619883537,0.009304633568518045
1461,5.451492537313433,0.008976994082331657,0.009304261084918568
1462,5.455223880597015,0.008970260620117188,0.009306014969763233
1463,5.458955223880597,0.009619196876883507,0.009299746282943866
1464,5.462686567164179,0.00940471701323986,0.009309759068234665
1465,5.4664179104477615,0.00936372671276331,0.009303295644136464
1466,5.470149253731344,0.009198653511703014,0.00931028994481738
1467,5.473880597014926,0.009381252340972424,0.009312139869463153
1468,5.477611940298507,0.009182554669678211,0.00931504600476928
1469,5.481343283582089,0.009134848602116108,0.009321967276131235
1470,5.485074626865671,0.009163668379187584,0.009316675001528205
1471,5.4888059701492535,0.009061694145202637,0.009323382772868725
1472,5.492537313432836,0.009200556203722954,0.009325746787575686
1473,5.496268656716418,0.009015174582600594,0.009311090586934148
1474,5.5,0.009045897051692009,0.009303229497518481
1475,5.503731343283582,0.009187484160065651,0.009309380996699741
1476,5.507462686567164,0.009096996858716011,0.009303052046495239
1477,5.5111940298507465,0.009250719100236893,0.009300237180801427
1478,5.514925373134329,0.009482934139668941,0.009314122359927108
1479,5.518656716417911,0.009531973861157894,0.009308364742049357
1480,5.522388059701493,0.00925740972161293,0.009306871513949662
1481,5.526119402985074,0.009247157722711563,0.009296572994349933
1482,5.529850746268656,0.009451562538743019,0.00930636396586168
1483,5.5335820895522385,0.00924874097108841,0.009315328990540854
1484,5.537313432835821,0.009667593985795975,0.009312307507526584
1485,5.541044776119403,0.009414587169885635,0.009306658877105248
1486,5.544776119402985,0.009371145628392696,0.00930833532588511
1487,5.548507462686567,0.009273325093090534,0.009317256101384395
1488,5.552238805970149,0.009395403787493706,0.00932003450920669
1489,5.5559701492537314,0.009328054264187813,0.009321516447859566
1490,5.559701492537314,0.009245194494724274,0.009327673216963686
1491,5.563432835820896,0.009666522033512592,0.00933827530229237
1492,5.567164179104478,0.009540430270135403,0.009338829348363527
1493,5.57089552238806,0.0092442836612463,0.00934332509229823
1494,5.574626865671642,0.009277141653001308,0.009351777980422101
1495,5.5783582089552235,0.009284600615501404,0.009356657111244957
1496,5.582089552238806,0.00929020531475544,0.00936177913553831
1497,5.585820895522388,0.009359322488307953,0.009366762483628785
1498,5.58955223880597,0.009809833951294422,0.009364202845750786
1499,5.593283582089552,0.009171535260975361,0.009350302311160215
1500,5.597014925373134,0.00927374791353941,0.009353820325397864
1501,5.600746268656716,0.00907239131629467,0.009351560391667412
1502,5.604477611940299,0.009378423914313316,0.00935187808624128
1503,5.608208955223881,0.009337826631963253,0.00933771335133692
1504,5.611940298507463,0.009495316073298454,0.009337259047641986
1505,5.615671641791045,0.00917312316596508,0.009328439377430008
1506,5.619402985074627,0.009432461112737656,0.009325580444277786
1507,5.623134328358209,0.009564405307173729,0.009317246379285323
1508,5.626865671641791,0.009495167061686516,0.009316791166983
1509,5.630597014925373,0.009243314154446125,0.009309830984509573
1510,5.634328358208955,0.009387276135385036,0.009305541267300524
1511,5.638059701492537,0.009598353877663612,0.009309826486902992
1512,5.641791044776119,0.009084410034120083,0.009306600521795633
1513,5.645522388059701,0.0093848817050457,0.00929399309452714
1514,5.649253731343284,0.009361742995679379,0.009298202263691076
1515,5.652985074626866,0.009245941415429115,0.009298062292722667
1516,5.656716417910448,0.00939748715609312,0.00930451610829772
1517,5.66044776119403,0.009301314130425453,0.009301900772786722
1518,5.664179104477612,0.009145773947238922,0.009301279921357224
1519,5.667910447761194,0.008913012221455574,0.009286300756218956
1520,5.6716417910447765,0.009676212444901466,0.00928994786085152
1521,5.675373134328358,0.009164752438664436,0.009295017776511065
1522,5.67910447761194,0.009260183200240135,0.009303886511522095
1523,5.682835820895522,0.008870808407664299,0.009301744219733447
1524,5.686567164179104,0.0092301145195961,0.009290386241201947
1525,5.690298507462686,0.009305987507104874,0.009281692594834945
1526,5.6940298507462686,0.009297370910644531,0.009286398794956324
1527,5.697761194029851,0.009029448963701725,0.009280630432796188
1528,5.701492537313433,0.00925466138869524,0.009269547262569754
1529,5.705223880597015,0.009110036306083202,0.00928494352393034
1530,5.708955223880597,0.009152175858616829,0.0092840768714867
1531,5.712686567164179,0.009420888498425484,0.0092756953544733
1532,5.7164179104477615,0.009534257464110851,0.009262593167765839
1533,5.720149253731344,0.00902352575212717,0.009265435859560966
1534,5.723880597014926,0.009416859596967697,0.009260667578839674
1535,5.727611940298507,0.009271402843296528,0.009259191750571496
1536,5.731343283582089,0.009549207054078579,0.009255087934434414
1537,5.735074626865671,0.009182976558804512,0.009247285427480208
1538,5.7388059701492535,0.009333867579698563,0.009246106304955192
1539,5.742537313432836,0.009195688180625439,0.009243934142698602
1540,5.746268656716418,0.009321066550910473,0.009252383260101808
1541,5.75,0.009481614455580711,0.009245067880284496
1542,5.753731343283582,0.00943600945174694,0.009240831180316647
1543,5.757462686567164,0.009290589950978756,0.009227903468943224
1544,5.7611940298507465,0.008872149512171745,0.009236605656219692
1545,5.764925373134329,0.00913887657225132,0.0092299230078735
1546,5.768656716417911,0.009366077370941639,0.009227378998042607
1547,5.772388059701493,0.009195958264172077,0.00921900036585767
1548,5.776119402985074,0.00910999532788992,0.00922066632022218
1549,5.779850746268656,0.010126413777470589,0.009217485035883217
1550,5.7835820895522385,0.00920778140425682,0.009214107174335457
1551,5.787313432835821,0.009043633937835693,0.00921272663626729
1552,5.791044776119403,0.00906116422265768,0.009207287530710057
1553,5.794776119402985,0.009200960397720337,0.009200947745362432
1554,5.798507462686567,0.009189382195472717,0.009197632918452344
1555,5.802238805970149,0.009301234036684036,0.009185683368364485
1556,5.8059701492537314,0.009077684953808784,0.009184435577835978
1557,5.809701492537314,0.009077584370970726,0.009172700527237683
1558,5.813432835820896,0.009252970106899738,0.009171345952625682
1559,5.817164179104478,0.009056715294718742,0.009164035456573091
1560,5.82089552238806,0.009259426034986973,0.009162860422781327
1561,5.824626865671642,0.0093762818723917,0.009153848513960838
1562,5.8283582089552235,0.008991047739982605,0.009142417846838148
1563,5.832089552238806,0.008730147033929825,0.009131469354942077
1564,5.835820895522388,0.009227598085999489,0.009118043953870855
1565,5.83955223880597,0.008956125937402248,0.0091288310543793
1566,5.843283582089552,0.009201683104038239,0.009124721377724555
1567,5.847014925373134,0.008953846991062164,0.009117164694499679
1568,5.850746268656716,0.009097753092646599,0.009113166231389453
1569,5.854477611940299,0.009124228730797768,0.009102895469745485
1570,5.858208955223881,0.008971543982625008,0.009070671004493063
1571,5.861940298507463,0.009095573797821999,0.009068201954771832
1572,5.865671641791045,0.009197885170578957,0.009078376404032475
1573,5.869402985074627,0.009274326264858246,0.00908023289336664
1574,5.873134328358209,0.008887617848813534,0.009076568025459603
1575,5.876865671641791,0.008926928043365479,0.009068350693801554
1576,5.880597014925373,0.00922024343162775,0.009066147956906296
1577,5.884328358208955,0.009068069979548454,0.009064464034830652
1578,5.888059701492537,0.009127438999712467,0.009062668217754945
1579,5.891791044776119,0.00903413724154234,0.00904956946104038
1580,5.895522388059701,0.009147511795163155,0.009051590067584341
1581,5.899253731343284,0.008951578289270401,0.009042238544036702
1582,5.902985074626866,0.009012957103550434,0.009038295869420215
1583,5.906716417910448,0.008987121284008026,0.009040615680377657
1584,5.91044776119403,0.00874014850705862,0.009056589111867474
1585,5.914179104477612,0.009314420633018017,0.009058318873185938
1586,5.917910447761194,0.008970379829406738,0.009057175277209863
1587,5.9216417910447765,0.009056253358721733,0.009048108511218211
1588,5.925373134328358,0.009032021276652813,0.009054829275644407
1589,5.92910447761194,0.008688894100487232,0.00905812847450739
1590,5.932835820895522,0.008805210702121258,0.009056835026457542
1591,5.936567164179104,0.009106550365686417,0.00905625678871463
1592,5.940298507462686,0.00946078635752201,0.009057884922296536
1593,5.9440298507462686,0.009137280285358429,0.009055077098309994
1594,5.947761194029851,0.009050700813531876,0.009050236174427882
1595,5.951492537313433,0.008852471597492695,0.009046005721135838
1596,5.955223880597015,0.009210921823978424,0.009049176806356848
1597,5.958955223880597,0.00900864414870739,0.009039357122851581
1598,5.962686567164179,0.009003955870866776,0.009043513161198394
1599,5.9664179104477615,0.008715921081602573,0.00904227638753449
1600,5.970149253731344,0.009139560163021088,0.009047182026977947
1601,5.973880597014926,0.008876013569533825,0.009038956495138204
1602,5.977611940298507,0.009214632213115692,0.009035976262899434
1603,5.981343283582089,0.009086159989237785,0.009031403718925104
1604,5.985074626865671,0.009385057725012302,0.009029881665255965
1605,5.9888059701492535,0.009298518300056458,0.009044631089015705
1606,5.992537313432836,0.008909238502383232,0.009042197565843419
1607,5.996268656716418,0.00882994569838047,0.00903638731688261
1608,6.0,0.00922939833253622,0.00903251474132625
1609,6.003731343283582,0.0092330202460289,0.009030657002656924
1610,6.007462686567164,0.009071197360754013,0.009037312324635866
1611,6.0111940298507465,0.008947836235165596,0.00904111064425329
1612,6.014925373134329,0.009162327274680138,0.009042599374746404
1613,6.018656716417911,0.009082764387130737,0.009030562666494673
1614,6.022388059701493,0.009075848385691643,0.009022681905729016
1615,6.026119402985074,0.008714169263839722,0.009023996615191786
1616,6.029850746268656,0.009056942537426949,0.009021169551443763
1617,6.0335820895522385,0.008817636407911777,0.009022339951337837
1618,6.037313432835821,0.009238467551767826,0.009022018599619226
1619,6.041044776119403,0.009076731279492378,0.00901874375143429
1620,6.044776119402985,0.009235268458724022,0.009018153497358648
1621,6.048507462686567,0.008810264989733696,0.009016878766621031
1622,6.052238805970149,0.00882938876748085,0.009016173346558722
1623,6.0559701492537314,0.008825482800602913,0.00901632163128475
1624,6.059701492537314,0.008924717083573341,0.009012555998818176
1625,6.063432835820896,0.009344874881207943,0.00900324381797052
1626,6.067164179104478,0.009214646182954311,0.008991824940028714
1627,6.07089552238806,0.008732159622013569,0.008991165381924408
1628,6.074626865671642,0.008897477760910988,0.008995513817886026
1629,6.0783582089552235,0.00895585399121046,0.008990829447057189
1630,6.082089552238806,0.008961762301623821,0.008979664275013819
1631,6.085820895522388,0.008960941806435585,0.008969088289432409
1632,6.08955223880597,0.00916758831590414,0.008974915938224734
1633,6.093283582089552,0.008967281319200993,0.008970777708582761
1634,6.097014925373134,0.008814169093966484,0.008971978047090332
1635,6.100746268656716,0.00910460390150547,0.008973840669524379
1636,6.104477611940299,0.008736561983823776,0.008973619787067903
1637,6.108208955223881,0.009258908219635487,0.008967539272838977
1638,6.111940298507463,0.008995468728244305,0.008976854474806204
1639,6.115671641791045,0.008869687095284462,0.008969091651279753
1640,6.119402985074627,0.00869172066450119,0.008969473311813867
1641,6.123134328358209,0.009087296202778816,0.008962991738283053
1642,6.126865671641791,0.008847091346979141,0.008968878332979796
1643,6.130597014925373,0.009220711886882782,0.00896581480415856
1644,6.134328358208955,0.00893176905810833,0.008968808733653732
1645,6.138059701492537,0.009003258310258389,0.008968214754287789
1646,6.141791044776119,0.008830344304442406,0.008958075081974996
1647,6.145522388059701,0.008882196620106697,0.008946149996141108
1648,6.149253731343284,0.009008231572806835,0.008950441916723078
1649,6.152985074626866,0.009037339128553867,0.008953675355126218
1650,6.156716417910448,0.008775248192250729,0.008951791266842587
1651,6.16044776119403,0.008637581951916218,0.00895317375841664
1652,6.164179104477612,0.009186769835650921,0.008959188330464246
1653,6.167910447761194,0.008992659859359264,0.008958469894601077
1654,6.1716417910447765,0.009131978265941143,0.008953895578842337
1655,6.175373134328358,0.009152215905487537,0.008951684164746506
1656,6.17910447761194,0.00870511308312416,0.008943838317219803
1657,6.182835820895522,0.008807641454041004,0.008949948270328162
1658,6.186567164179104,0.009199559688568115,0.008945259969772362
1659,6.190298507462686,0.008920191787183285,0.008941898781170205
1660,6.1940298507462686,0.009092379361391068,0.008937743038120793
1661,6.197761194029851,0.008969523943960667,0.008941120536225597
1662,6.201492537313433,0.009051615372300148,0.008936069973903457
1663,6.205223880597015,0.008703784085810184,0.008937647679775226
1664,6.208955223880597,0.008948233909904957,0.008926276026702509
1665,6.212686567164179,0.008900363929569721,0.00893141829022547
1666,6.2164179104477615,0.008929148316383362,0.008931213671841272
1667,6.220149253731344,0.008725717663764954,0.008934063882362552
1668,6.223880597014926,0.00890812836587429,0.008928675681534336
1669,6.227611940298507,0.009030048735439777,0.008920100949159482
1670,6.231343283582089,0.008878606371581554,0.008916826464417504
1671,6.235074626865671,0.009018444456160069,0.008923224627789928
1672,6.2388059701492535,0.00920753926038742,0.0089282355293995
1673,6.242537313432836,0.009138132445514202,0.008911985222522805
1674,6.246268656716418,0.008779734373092651,0.008908658515571094
1675,6.25,0.008723501116037369,0.008896579239063146
1676,6.253731343283582,0.00878292415291071,0.00889240232546155
1677,6.257462686567164,0.008987070061266422,0.008899748166341608
1678,6.2611940298507465,0.009066687896847725,0.008907385761054551
1679,6.264925373134329,0.008857659995555878,0.008906912512895538
1680,6.268656716417911,0.00869930163025856,0.00890732885951676
1681,6.272388059701493,0.008830198086798191,0.008899989219882139
1682,6.276119402985074,0.008880223147571087,0.008900135301235245
1683,6.279850746268656,0.008911777287721634,0.00889496373512396
1684,6.2835820895522385,0.008754474110901356,0.008893721259948684
1685,6.287313432835821,0.009142601862549782,0.00889428750407405
1686,6.291044776119403,0.008994868956506252,0.0088933368735924
1687,6.294776119402985,0.008947202935814857,0.008891783359392388
1688,6.298507462686567,0.008661280386149883,0.008894942405565483
1689,6.302238805970149,0.008656667545437813,0.008894407553825437
1690,6.3059701492537314,0.008903085254132748,0.008890639763416313
1691,6.309701492537314,0.009037572890520096,0.00889616464151115
1692,6.313432835820896,0.008843028917908669,0.00889158578271546
1693,6.317164179104478,0.008520507253706455,0.008887273032309078
1694,6.32089552238806,0.008856264874339104,0.008880064686442294
1695,6.324626865671642,0.008636727929115295,0.008885823167497066
1696,6.3283582089552235,0.008980962447822094,0.008890442413891234
1697,6.332089552238806,0.009006292559206486,0.00889486453791217
1698,6.335820895522388,0.00912078283727169,0.008894786397676642
1699,6.33955223880597,0.009180156514048576,0.008890673427320108
1700,6.343283582089552,0.008937261998653412,0.008891088615466908
1701,6.347014925373134,0.008791454136371613,0.008889683704005509
1702,6.350746268656716,0.008975513279438019,0.008887284276325529
1703,6.354477611940299,0.008839581161737442,0.008885109092949367
1704,6.358208955223881,0.008652842603623867,0.008882356239709913
1705,6.361940298507463,0.008971449919044971,0.008890080152124894
1706,6.365671641791045,0.008861388079822063,0.008893080532732533
1707,6.369402985074627,0.008865454234182835,0.008889193396742752
1708,6.373134328358209,0.008855238556861877,0.0088912052352254
1709,6.376865671641791,0.008886199444532394,0.008895639239287958
1710,6.380597014925373,0.008875569328665733,0.008897914460337743
1711,6.384328358208955,0.00910512637346983,0.008901209684043395
1712,6.388059701492537,0.008830711245536804,0.00889522841245663
1713,6.391791044776119,0.009030716493725777,0.008905506579250825
1714,6.395522388059701,0.008842590264976025,0.00890983202744548
1715,6.399253731343284,0.009015832096338272,0.008918738106220233
1716,6.402985074626866,0.0089128902181983,0.008931706841217309
1717,6.406716417910448,0.008964231237769127,0.008931269801062782
1718,6.41044776119403,0.008983866311609745,0.008928673682598079
1719,6.414179104477612,0.008898056112229824,0.008930169863671792
1720,6.417910447761194,0.0088746827095747,0.00892087785390819
1721,6.4216417910447765,0.008641700260341167,0.008915337438626988
1722,6.425373134328358,0.008731821551918983,0.008918130497743443
1723,6.42910447761194,0.008791040629148483,0.008919539475222914
1724,6.432835820895522,0.008798910304903984,0.00891650213700969
1725,6.436567164179104,0.00907115451991558,0.008926852083787686
1726,6.440298507462686,0.009265617467463017,0.008920479429567732
1727,6.4440298507462686,0.008835496380925179,0.008922180592468599
1728,6.447761194029851,0.009029688313603401,0.008923187056874357
1729,6.451492537313433,0.008843074552714825,0.008918819426581627
1730,6.455223880597015,0.008749951608479023,0.008914384536626862
1731,6.458955223880597,0.009038189426064491,0.008918342612138608
1732,6.462686567164179,0.008792340755462646,0.008910921311414823
1733,6.4664179104477615,0.00926443375647068,0.008905624925363355
1734,6.470149253731344,0.00869785062968731,0.008895655957663931
1735,6.473880597014926,0.009221414104104042,0.008900829590857029
1736,6.477611940298507,0.009168446063995361,0.008901921487072618
1737,6.481343283582089,0.008963043801486492,0.00890186176885192
1738,6.485074626865671,0.008899851702153683,0.008895413314060466
1739,6.4888059701492535,0.009182126261293888,0.008890906984849675
1740,6.492537313432836,0.008799184113740921,0.008889978865116107
1741,6.496268656716418,0.0087101049721241,0.008896607928341481
1742,6.5,0.008905969560146332,0.008904144690349334
1743,6.503731343283582,0.009033281356096268,0.008910698225585425
1744,6.507462686567164,0.008715050294995308,0.008908940138431585
1745,6.5111940298507465,0.009077190421521664,0.008911134084550345
1746,6.514925373134329,0.008710171096026897,0.008911230805806997
1747,6.518656716417911,0.008931135758757591,0.008905677170288272
1748,6.522388059701493,0.008906719274818897,0.008903235060776152
1749,6.526119402985074,0.008676165714859962,0.008898082484559314
1750,6.529850746268656,0.008704368956387043,0.00890156578999467
1751,6.5335820895522385,0.009037850424647331,0.008909033088967568
1752,6.537313432835821,0.008800853043794632,0.008910896551863449
1753,6.541044776119403,0.008613559417426586,0.008907381104441678
1754,6.544776119402985,0.00862198881804943,0.008893664699138664
1755,6.548507462686567,0.00905470922589302,0.00890599218447034
1756,6.552238805970149,0.009060599841177464,0.008891693202824128
1757,6.5559701492537314,0.008910441771149635,0.008886738475866435
1758,6.559701492537314,0.008699844591319561,0.00889157587889491
1759,6.563432835820896,0.008799106813967228,0.008891043821122588
1760,6.567164179104478,0.00886000320315361,0.008884847459451454
1761,6.57089552238806,0.009146474301815033,0.008878265462088876
1762,6.574626865671642,0.008950707502663136,0.008878474350927807
1763,6.5783582089552235,0.00900051649659872,0.00887557371269639
1764,6.582089552238806,0.008718959055840969,0.008875403893975222
1765,6.585820895522388,0.00888886209577322,0.008880666366255865
1766,6.58955223880597,0.009075120091438293,0.008875112390009368
1767,6.593283582089552,0.009037918411195278,0.008875202319425781
1768,6.597014925373134,0.008735369890928268,0.00887116392302077
1769,6.600746268656716,0.008818432688713074,0.008865225969291315
1770,6.604477611940299,0.008985890075564384,0.008866754383212182
1771,6.608208955223881,0.009056110866367817,0.00887122752553806
1772,6.611940298507463,0.009114591404795647,0.008863212563460919
1773,6.615671641791045,0.008648207411170006,0.00886747343238534
1774,6.619402985074627,0.008702061139047146,0.008871560257564231
1775,6.623134328358209,0.00920327752828598,0.008875344357476002
1776,6.626865671641791,0.008635155856609344,0.008867693633386275
1777,6.630597014925373,0.008965302258729935,0.008867982207093297
1778,6.634328358208955,0.00916137732565403,0.008870860539013294
1779,6.638059701492537,0.008878037333488464,0.008874903523885622
1780,6.641791044776119,0.008928075432777405,0.008869223205781564
1781,6.645522388059701,0.00852932222187519,0.00887469831490662
1782,6.649253731343284,0.008718669414520264,0.008871021544242777
1783,6.652985074626866,0.008787043392658234,0.008865161412736265
1784,6.656716417910448,0.009026318788528442,0.008861102686240905
1785,6.66044776119403,0.008930811658501625,0.008857294894391445
1786,6.664179104477612,0.008849477395415306,0.008852876927249315
1787,6.667910447761194,0.0087138582020998,0.008847615522582357
1788,6.6716417910447765,0.008765561506152153,0.008836488898207501
1789,6.675373134328358,0.00866326317191124,0.00884809949230857
1790,6.67910447761194,0.00873883068561554,0.00884884243785608
1791,6.682835820895522,0.008887767791748047,0.008840224069611328
1792,6.686567164179104,0.008709236979484558,0.008826134453822927
1793,6.690298507462686,0.008975548669695854,0.00881999803752434
1794,6.6940298507462686,0.008781119249761105,0.008835761058257847
1795,6.697761194029851,0.008777136914432049,0.00883735396058821
1796,6.701492537313433,0.008741029538214207,0.008837673563237598
1797,6.705223880597015,0.009072431363165379,0.008843232286957705
1798,6.708955223880597,0.009028453379869461,0.008839071001403215
1799,6.712686567164179,0.008865606971085072,0.008832892493867293
1800,6.7164179104477615,0.008566213771700859,0.008833644298336855
1801,6.720149253731344,0.009084482677280903,0.00882800539001459
1802,6.723880597014926,0.008995726704597473,0.008836609356832214
1803,6.727611940298507,0.00871044211089611,0.00883857549236315
1804,6.731343283582089,0.008834108710289001,0.008839647262925056
1805,6.735074626865671,0.008562839590013027,0.00882819158638396
1806,6.7388059701492535,0.008707725442945957,0.008823477958397167
1807,6.742537313432836,0.008859402500092983,0.008832232027155598
1808,6.746268656716418,0.008581726811826229,0.008841762523643854
1809,6.75,0.009211404249072075,0.008841909808901751
1810,6.753731343283582,0.008848893456161022,0.008847223776506215
1811,6.757462686567164,0.008632536977529526,0.008846567057800002
1812,6.7611940298507465,0.00847843661904335,0.008848636933579677
1813,6.764925373134329,0.008862998336553574,0.008849884587817075
1814,6.768656716417911,0.00929449126124382,0.008850179589921382
1815,6.772388059701493,0.008767370134592056,0.008853404600990981
1816,6.776119402985074,0.00921638123691082,0.008850975416418983
1817,6.779850746268656,0.008863063529133797,0.008851222603059396
1818,6.7835820895522385,0.008794689550995827,0.008842847287291435
1819,6.787313432835821,0.008908058516681194,0.00883488227590555
1820,6.791044776119403,0.008908861316740513,0.008834555699694447
1821,6.794776119402985,0.00869688019156456,0.008842533408868604
1822,6.798507462686567,0.008882084861397743,0.008829121432471566
1823,6.802238805970149,0.008799280971288681,0.008826867927138398
1824,6.8059701492537314,0.008830985985696316,0.008853025030253864
1825,6.809701492537314,0.008556636050343513,0.008854777756624105
1826,6.813432835820896,0.008737552911043167,0.008859902961043322
1827,6.817164179104478,0.009208394214510918,0.008863793436165264
1828,6.82089552238806,0.009104608558118343,0.008854842971919514
1829,6.824626865671642,0.00877160020172596,0.008867913039355742
1830,6.8283582089552235,0.00888113584369421,0.008859496836255237
1831,6.832089552238806,0.008711905218660831,0.008858125020818012
1832,6.835820895522388,0.008972632698714733,0.008860849707228382
1833,6.83955223880597,0.008760390803217888,0.00887690373219368
1834,6.843283582089552,0.008987643755972385,0.008876926583669535
1835,6.847014925373134,0.008913344703614712,0.008866499586984879
1836,6.850746268656716,0.008677540346980095,0.00886224809943176
1837,6.854477611940299,0.008751164190471172,0.008854111770122516
1838,6.858208955223881,0.008729043416678905,0.008855888597303775
1839,6.861940298507463,0.008701887913048267,0.008855284486965435
1840,6.865671641791045,0.008852217346429825,0.008845845896114663
1841,6.869402985074627,0.008893299847841263,0.008842766761961506
1842,6.873134328358209,0.008534591645002365,0.008844050397051544
1843,6.876865671641791,0.008903332985937595,0.008840999407012289
1844,6.880597014925373,0.0097828833386302,0.00884064366450397
1845,6.884328358208955,0.008905970491468906,0.008836540802404648
1846,6.888059701492537,0.008772972971200943,0.008838192718784983
1847,6.891791044776119,0.0088672349229455,0.008847342304340223
1848,6.895522388059701,0.008492433466017246,0.008831702536199151
1849,6.899253731343284,0.009117599576711655,0.008831117824628585
1850,6.902985074626866,0.008866339921951294,0.008826003273631014
1851,6.906716417910448,0.008792649023234844,0.008824336592380593
1852,6.91044776119403,0.008744249120354652,0.008832890563076588
1853,6.914179104477612,0.009136651642620564,0.008828336054958948
1854,6.917910447761194,0.008863935247063637,0.008823810258834826
1855,6.9216417910447765,0.008866984397172928,0.008817183921431623
1856,6.925373134328358,0.00859305914491415,0.008818021225856572
1857,6.92910447761194,0.008882791735231876,0.008819832307536428
1858,6.932835820895522,0.008935913443565369,0.008823697273505897
1859,6.936567164179104,0.008769921027123928,0.008829298383760743
1860,6.940298507462686,0.008521076291799545,0.008831671870699742
1861,6.9440298507462686,0.008782616816461086,0.008828772004784607
1862,6.947761194029851,0.00874950923025608,0.008825515919342273
1863,6.951492537313433,0.008756994269788265,0.008832344717187126
1864,6.955223880597015,0.008784695528447628,0.008829511202326635
1865,6.958955223880597,0.008662768639624119,0.008796906007862672
1866,6.962686567164179,0.008624364621937275,0.00879860215070771
1867,6.9664179104477615,0.009112685918807983,0.008800571443649327
1868,6.970149253731344,0.008567163720726967,0.008791099779489563
1869,6.973880597014926,0.009080635383725166,0.008793565694515297
1870,6.977611940298507,0.008561903610825539,0.008784056959174029
1871,6.981343283582089,0.008812801912426949,0.00878340982627578
1872,6.985074626865671,0.009062618017196655,0.008777734073923855
1873,6.9888059701492535,0.008785897865891457,0.008774060483385877
1874,6.992537313432836,0.008574833162128925,0.008754709213063485
1875,6.996268656716418,0.008715963922441006,0.00874685502906398
1876,7.0,0.008947674185037613,0.00874157547496441
1877,7.003731343283582,0.008751794695854187,0.008737583235814804
1878,7.007462686567164,0.008909627795219421,0.008736290560081237
1879,7.0111940298507465,0.00895868893712759,0.00873416846209183
1880,7.014925373134329,0.008799200877547264,0.008739131480091956
1881,7.018656716417911,0.008733322843909264,0.008737181222475156
1882,7.022388059701493,0.008759800344705582,0.008740729993072951
1883,7.026119402985074,0.008814572356641293,0.008739841102463444
1884,7.029850746268656,0.008787158876657486,0.008737395812825458
1885,7.0335820895522385,0.008446070365607738,0.008736357365439578
1886,7.037313432835821,0.008975512348115444,0.008742646859368174
1887,7.041044776119403,0.008853713981807232,0.008740551315429734
1888,7.044776119402985,0.00847889669239521,0.008730476949273086
1889,7.048507462686567,0.008593535982072353,0.008727652815783896
1890,7.052238805970149,0.008727741427719593,0.008729207329452038
1891,7.0559701492537314,0.008839807473123074,0.00873092421126075
1892,7.059701492537314,0.008559943176805973,0.008730738741777292
1893,7.063432835820896,0.008593631908297539,0.008723655783730308
1894,7.067164179104478,0.008343249559402466,0.00871844959967747
1895,7.07089552238806,0.008541913703083992,0.008718515473713235
1896,7.074626865671642,0.0086505226790905,0.008718826467307603
1897,7.0783582089552235,0.00842937733978033,0.008703775204172948
1898,7.082089552238806,0.008829792030155659,0.008705107063600203
1899,7.085820895522388,0.008848907425999641,0.008709987307467111
1900,7.08955223880597,0.00897340476512909,0.008705280107877604
1901,7.093283582089552,0.008441115729510784,0.008707490522505306
1902,7.097014925373134,0.008928116410970688,0.008704713841037052
1903,7.100746268656716,0.008713064715266228,0.008707760810488609
1904,7.104477611940299,0.008656737394630909,0.008712308072462314
1905,7.108208955223881,0.008742119185626507,0.008707951981483436
1906,7.111940298507463,0.008920637890696526,0.008719883018695727
1907,7.115671641791045,0.008538447320461273,0.008709104390951192
1908,7.119402985074627,0.008699636906385422,0.008698563114172074
1909,7.123134328358209,0.008451374247670174,0.008702030155535152
1910,7.126865671641791,0.009144370444118977,0.008716308988812493
1911,7.130597014925373,0.0086322957649827,0.008721577685053756
1912,7.134328358208955,0.008805197663605213,0.008723248704904464
1913,7.138059701492537,0.008772216737270355,0.008724222709311218
1914,7.141791044776119,0.008572444319725037,0.008725797189626752
1915,7.145522388059701,0.00857753399759531,0.008732328236829944
1916,7.149253731343284,0.008728714659810066,0.008736464626541951
1917,7.152985074626866,0.0083305723965168,0.008736168125235453
1918,7.156716417910448,0.008806400932371616,0.00874603126288914
1919,7.16044776119403,0.009109717793762684,0.008740876937603078
1920,7.164179104477612,0.008765693753957748,0.008734809779902784
1921,7.167910447761194,0.008889827877283096,0.008728995305917612
1922,7.1716417910447765,0.008619478903710842,0.008737987952261436
1923,7.175373134328358,0.008884726092219353,0.00873607158570028
1924,7.17910447761194,0.009001010097563267,0.00872930793500528
1925,7.182835820895522,0.008608559146523476,0.008721252267317074
1926,7.186567164179104,0.008935242891311646,0.008714404706729621
1927,7.190298507462686,0.008533588610589504,0.008702593673838348
1928,7.1940298507462686,0.008421521633863449,0.00870745072550163
1929,7.197761194029851,0.008621045388281345,0.008696491716475022
1930,7.201492537313433,0.009178968146443367,0.008703780178798408
1931,7.205223880597015,0.008943757973611355,0.008696732883591478
1932,7.208955223880597,0.008908319287002087,0.00869887515266494
1933,7.212686567164179,0.00859987735748291,0.008697631927888567
1934,7.2164179104477615,0.008658185601234436,0.008690768330380684
1935,7.220149253731344,0.008611022494733334,0.008686223135488788
1936,7.223880597014926,0.008711505681276321,0.008693509916888505
1937,7.227611940298507,0.008638366125524044,0.008695895624596899
1938,7.231343283582089,0.008833765983581543,0.008706914624426423
1939,7.235074626865671,0.008618464693427086,0.008704794389082164
1940,7.2388059701492535,0.008600153960287571,0.008690441004568485
1941,7.242537313432836,0.008735011331737041,0.008680283705272325
1942,7.246268656716418,0.008809814229607582,0.008675424881824633
1943,7.25,0.008849545381963253,0.008682924867948381
1944,7.253731343283582,0.008435755036771297,0.008676922107796843
1945,7.257462686567164,0.008326455019414425,0.008676703769441059
1946,7.2611940298507465,0.008461369201540947,0.008674950838634154
1947,7.264925373134329,0.008436385542154312,0.008674472820286343
1948,7.268656716417911,0.008737586438655853,0.008677621576480748
1949,7.272388059701493,0.00825031753629446,0.008675734080919406
1950,7.276119402985074,0.00875020120292902,0.008668708887587234
1951,7.279850746268656,0.008855431340634823,0.008659678602182284
1952,7.2835820895522385,0.008720128796994686,0.008656389216279111
1953,7.287313432835821,0.008754225447773933,0.008651120565468219
1954,7.291044776119403,0.008490809239447117,0.00865629283575023
1955,7.294776119402985,0.008386091329157352,0.008656844201429589
1956,7.298507462686567,0.008876292034983635,0.008651796955524422
1957,7.302238805970149,0.008826528675854206,0.008644209175211628
1958,7.3059701492537314,0.00878235138952732,0.00864548206601928
1959,7.309701492537314,0.008719471283257008,0.008644654460978217
1960,7.313432835820896,0.008521229028701782,0.008648176768385783
1961,7.317164179104478,0.008349244482815266,0.008655221042473142
1962,7.32089552238806,0.008690616115927696,0.0086551697288708
1963,7.324626865671642,0.008926978334784508,0.008648558883223592
1964,7.3283582089552235,0.008638612926006317,0.008643350654804125
1965,7.332089552238806,0.008992058224976063,0.008650080232722004
1966,7.335820895522388,0.0085366889834404,0.0086529333962173
1967,7.33955223880597,0.008915644139051437,0.0086584534132626
1968,7.343283582089552,0.008662687614560127,0.008666400911241042
1969,7.347014925373134,0.00834413431584835,0.008658137853916099
1970,7.350746268656716,0.008333012461662292,0.008666158335783132
1971,7.354477611940299,0.008808726444840431,0.008664882560147018
1972,7.358208955223881,0.008808893151581287,0.008656845064606608
1973,7.361940298507463,0.008692304603755474,0.008654395141070935
1974,7.365671641791045,0.00881194043904543,0.008653130904748672
1975,7.369402985074627,0.008680791594088078,0.008657954633235931
1976,7.373134328358209,0.008404085412621498,0.008670243411892799
1977,7.376865671641791,0.008400406688451767,0.008665550250287464
1978,7.380597014925373,0.008690554648637772,0.008664450085744626
1979,7.384328358208955,0.008799834176898003,0.00865471540246068
1980,7.388059701492537,0.00876287929713726,0.008660820449089132
1981,7.391791044776119,0.0088889691978693,0.008665828647591719
1982,7.395522388059701,0.008732907474040985,0.008674432637124526
1983,7.399253731343284,0.00853876955807209,0.008671580995546609
1984,7.402985074626866,0.008636008016765118,0.008666128283593713
1985,7.406716417910448,0.008711667731404305,0.008663987013988378
1986,7.41044776119403,0.008443434722721577,0.008653059647214122
1987,7.414179104477612,0.008687689900398254,0.008656598582136922
1988,7.417910447761194,0.008762232959270477,0.008646395193730913
1989,7.4216417910447765,0.00839880108833313,0.0086452766753188
1990,7.425373134328358,0.008579157292842865,0.008645300344541305
1991,7.42910447761194,0.008697894401848316,0.008650291529370517
1992,7.432835820895522,0.008525894023478031,0.008654249173293754
1993,7.436567164179104,0.008619681932032108,0.008656078904140286
1994,7.440298507462686,0.008702391758561134,0.00865528936974886
1995,7.4440298507462686,0.008688582107424736,0.008652288489407155
1996,7.447761194029851,0.008889931254088879,0.008647615907759202
1997,7.451492537313433,0.008683872409164906,0.008654654207752972
1998,7.455223880597015,0.008781421929597855,0.00864966933774512
1999,7.458955223880597,0.008383229374885559,0.008650076325710227
2000,7.462686567164179,0.008969778195023537,0.008641595066320605
2001,7.4664179104477615,0.008726565167307854,0.008642780753534014
2002,7.470149253731344,0.008702008053660393,0.008633464642959396
2003,7.473880597014926,0.008573698811233044,0.008631730861053235
2004,7.477611940298507,0.008703417144715786,0.008634128380657696
2005,7.481343283582089,0.008550820872187614,0.008636044520067006
2006,7.485074626865671,0.00854403618723154,0.008625882177999833
2007,7.4888059701492535,0.008681785315275192,0.00864118085492675
2008,7.492537313432836,0.00849730521440506,0.008645633258288953
2009,7.496268656716418,0.008616828359663486,0.008648632344131062
2010,7.5,0.0083451047539711,0.008654238588017662
2011,7.503731343283582,0.008537651039659977,0.008651477148438372
2012,7.507462686567164,0.008970989845693111,0.008660335684331453
2013,7.5111940298507465,0.008883912116289139,0.008660443899471586
2014,7.514925373134329,0.00865993369370699,0.008660414119864382
2015,7.518656716417911,0.008688904345035553,0.008652948683536634
2016,7.522388059701493,0.00848921574652195,0.008654072994320857
2017,7.526119402985074,0.008692655712366104,0.008650644705062958
2018,7.529850746268656,0.008196027018129826,0.008650800485799953
2019,7.5335820895522385,0.008707241155207157,0.008643987316002206
2020,7.537313432835821,0.008452102541923523,0.00864051668563994
2021,7.541044776119403,0.00881149247288704,0.008633112943753964
2022,7.544776119402985,0.008507008664309978,0.008635352342957404
2023,7.548507462686567,0.00866182241588831,0.008634413319935159
2024,7.552238805970149,0.00863706786185503,0.008637713881709226
2025,7.5559701492537314,0.008714569732546806,0.00862867605486294
2026,7.559701492537314,0.008295011706650257,0.00862739684923393
2027,7.563432835820896,0.009070680476725101,0.008628730026141899
2028,7.567164179104478,0.008870238438248634,0.008625783026218414
2029,7.57089552238806,0.008885195478796959,0.008620560873390698
2030,7.574626865671642,0.008628657087683678,0.008620648190560864
2031,7.5783582089552235,0.00846593827009201,0.008629508520953538
2032,7.582089552238806,0.009061094373464584,0.008632793091237545
2033,7.585820895522388,0.0085303308442235,0.00862367937295902
2034,7.58955223880597,0.008618460968136787,0.008607594455342467
2035,7.593283582089552,0.008396308869123459,0.00860253639700936
2036,7.597014925373134,0.008734678849577904,0.008607643724578182
2037,7.600746268656716,0.008749371394515038,0.008613940055777387
2038,7.604477611940299,0.008690259419381618,0.008619879849436806
2039,7.608208955223881,0.008502081967890263,0.0086309519119379
2040,7.611940298507463,0.008240933530032635,0.008631726749604794
2041,7.615671641791045,0.008666224777698517,0.008634805020580932
2042,7.619402985074627,0.008818380534648895,0.008622974066472635
2043,7.623134328358209,0.008663508109748363,0.008623419579391072
2044,7.626865671641791,0.008709021843969822,0.008623500740746172
2045,7.630597014925373,0.008332866244018078,0.008628249077535257
2046,7.634328358208955,0.008498373441398144,0.008622547111860135
2047,7.638059701492537,0.008598696440458298,0.008625575159562797
2048,7.641791044776119,0.008560958318412304,0.008620215761588841
2049,7.645522388059701,0.008283196948468685,0.00861673783965227
2050,7.649253731343284,0.008620408363640308,0.008613823049860756
2051,7.652985074626866,0.008708378300070763,0.008617636770373437
2052,7.656716417910448,0.008672318421304226,0.00861654689580929
2053,7.66044776119403,0.008597327396273613,0.00860029393125598
2054,7.664179104477612,0.008224430494010448,0.008595396764576435
2055,7.667910447761194,0.008452553302049637,0.00859153947633941
2056,7.6716417910447765,0.008898304775357246,0.008587034828052289
2057,7.675373134328358,0.008747365325689316,0.008579472079873085
2058,7.67910447761194,0.008936187252402306,0.008578825105981128
2059,7.682835820895522,0.008649981580674648,0.008577527137609517
2060,7.686567164179104,0.008739009499549866,0.008577304097210489
2061,7.690298507462686,0.008578311651945114,0.00858854350247761
2062,7.6940298507462686,0.008326423354446888,0.008585840622644598
2063,7.697761194029851,0.008525274693965912,0.00857941199820943
2064,7.701492537313433,0.00866515003144741,0.008574753340969726
2065,7.705223880597015,0.0088317496702075,0.008574386013717187
2066,7.708955223880597,0.008480789139866829,0.008591193887518674
2067,7.712686567164179,0.008419161662459373,0.008591111113385456
2068,7.7164179104477615,0.0088509451597929,0.008584451748103631
2069,7.720149253731344,0.008727643638849258,0.008583709165999076
2070,7.723880597014926,0.008765689097344875,0.008591244587811029
2071,7.727611940298507,0.008785019628703594,0.00858827684892387
2072,7.731343283582089,0.00842125341296196,0.008573718528013403
2073,7.735074626865671,0.008394722826778889,0.008570624560844608
2074,7.7388059701492535,0.008329547010362148,0.008571977000229242
2075,7.742537313432836,0.008460312150418758,0.008575159692909659
2076,7.746268656716418,0.008211618289351463,0.008578972050511256
2077,7.75,0.008424606174230576,0.008569447028382523
2078,7.753731343283582,0.00872284546494484,0.008557206723929905
2079,7.757462686567164,0.008637042716145515,0.008539970873332605
2080,7.7611940298507465,0.008492937311530113,0.008534313542995511
2081,7.764925373134329,0.00870174914598465,0.008533661571762911
2082,7.768656716417911,0.008555406704545021,0.008535119409604771
2083,7.772388059701493,0.008554806932806969,0.008540434853696242
2084,7.776119402985074,0.008472503162920475,0.008537812158465385
2085,7.779850746268656,0.008693961426615715,0.008532577444140503
2086,7.7835820895522385,0.009021989069879055,0.008518097626908524
2087,7.787313432835821,0.008494979701936245,0.008523484328534545
2088,7.791044776119403,0.008325662463903427,0.008523500615322008
2089,7.794776119402985,0.00853051245212555,0.008510395702792377
2090,7.798507462686567,0.008592149242758751,0.008507298305630684
2091,7.802238805970149,0.008498731069266796,0.008504636926440204
2092,7.8059701492537314,0.00811148714274168,0.008493264024032325
2093,7.809701492537314,0.008545465767383575,0.008496301044232962
2094,7.813432835820896,0.008652777411043644,0.008501386065490363
2095,7.817164179104478,0.008354920893907547,0.008502022703973258
2096,7.82089552238806,0.008608859963715076,0.008505371626375652
2097,7.824626865671642,0.008507778868079185,0.008504247542743275
2098,7.8283582089552235,0.008245512843132019,0.008501861358016002
2099,7.832089552238806,0.008229517377912998,0.008496810704833123
2100,7.835820895522388,0.00841803103685379,0.008489071459668438
2101,7.83955223880597,0.008712278679013252,0.008488105155709313
2102,7.843283582089552,0.008638083003461361,0.0084860660135746
2103,7.847014925373134,0.008544356562197208,0.008485904554041421
2104,7.850746268656716,0.008417744189500809,0.008487594064052513
2105,7.854477611940299,0.008450526744127274,0.008487746005923284
2106,7.858208955223881,0.008238077163696289,0.008481824066399074
2107,7.861940298507463,0.008701643906533718,0.00846732207914678
2108,7.865671641791045,0.008419829420745373,0.008475595789893372
2109,7.869402985074627,0.008313643746078014,0.008494632954641087
2110,7.873134328358209,0.008600650355219841,0.008492062867778103
2111,7.876865671641791,0.008656572550535202,0.008479291323299816
2112,7.880597014925373,0.008318730629980564,0.00847881237362943
2113,7.884328358208955,0.00854577124118805,0.008484489261740592
2114,7.888059701492537,0.00860320869833231,0.008475267896201552
2115,7.891791044776119,0.008355649188160896,0.008472757550274454
2116,7.895522388059701,0.008597617968916893,0.008480707546923219
2117,7.899253731343284,0.008165530860424042,0.00847282099378545
2118,7.902985074626866,0.008326772600412369,0.008472333003471538
2119,7.906716417910448,0.008515768684446812,0.00847907825486689
2120,7.91044776119403,0.008319733664393425,0.008484781197294957
2121,7.914179104477612,0.00845331884920597,0.008483375740669123
2122,7.917910447761194,0.008618144318461418,0.008478524367802026
2123,7.9216417910447765,0.008548786863684654,0.008471156811205352
2124,7.925373134328358,0.008624076843261719,0.008468617185405114
2125,7.92910447761194,0.008478732779622078,0.008465042633072632
2126,7.932835820895522,0.008451161906123161,0.00846860769045789
2127,7.936567164179104,0.008427407592535019,0.00846539617220803
2128,7.940298507462686,0.008834201842546463,0.008457929145817349
2129,7.9440298507462686,0.009106186218559742,0.008461531842263734
2130,7.947761194029851,0.008425138890743256,0.008464847963939353
2131,7.951492537313433,0.008068515919148922,0.008460384884440317
2132,7.955223880597015,0.008479094132781029,0.00845984026517083
2133,7.958955223880597,0.008344239555299282,0.008464920289087586
2134,7.962686567164179,0.008167389780282974,0.008461013777045214
2135,7.9664179104477615,0.008549853228032589,0.008456647736815417
2136,7.970149253731344,0.00868087075650692,0.00845695143883548
2137,7.973880597014926,0.008285511285066605,0.008447035488377257
2138,7.977611940298507,0.008487771265208721,0.008454934398575528
2139,7.981343283582089,0.00852206815034151,0.00846026172270862
2140,7.985074626865671,0.008463338017463684,0.008457999699181172
2141,7.9888059701492535,0.008360407315194607,0.008459117172694788
2142,7.992537313432836,0.008513372391462326,0.00846252728980489
2143,7.996268656716418,0.008336013182997704,0.008453886842400563
2144,8.0,0.008440231904387474,0.008455283826262486
2145,8.003731343283581,0.008271187543869019,0.008453812859043843
2146,8.007462686567164,0.008596694096922874,0.008452932713780462
2147,8.011194029850746,0.008106404915452003,0.008451759247336446
2148,8.014925373134329,0.00839549582451582,0.008448390767159985
2149,8.01865671641791,0.008567539975047112,0.008438170433226155
2150,8.022388059701493,0.008449604734778404,0.008416994611119352
2151,8.026119402985074,0.008417664095759392,0.008414529445694714
2152,8.029850746268657,0.008634243160486221,0.008431036774886817
2153,8.033582089552239,0.00852701161056757,0.008424591931809739
2154,8.037313432835822,0.008385604247450829,0.00842118167840853
2155,8.041044776119403,0.008424201048910618,0.008417343380065953
2156,8.044776119402986,0.008368100970983505,0.008411911906810796
2157,8.048507462686567,0.0081910640001297,0.008404187676383228
2158,8.052238805970148,0.008489386178553104,0.008408338558383105
2159,8.055970149253731,0.008545192889869213,0.008405166178396562
2160,8.059701492537313,0.008423025719821453,0.00840272602239033
2161,8.063432835820896,0.008365550078451633,0.008398071226732032
2162,8.067164179104477,0.00859313365072012,0.00839445948964212
2163,8.07089552238806,0.008263885974884033,0.008391144844453509
2164,8.074626865671641,0.008606063202023506,0.008379893286562547
2165,8.078358208955224,0.008563767187297344,0.008377187113027746
2166,8.082089552238806,0.008442646823823452,0.008376094353635137
2167,8.085820895522389,0.008403049781918526,0.008370725097271001
2168,8.08955223880597,0.00828929990530014,0.008374633744540737
2169,8.093283582089553,0.008415168151259422,0.008375223907755643
2170,8.097014925373134,0.008237977512180805,0.008364861831068993
2171,8.100746268656716,0.00832406710833311,0.008354546229650334
2172,8.104477611940299,0.008745316416025162,0.008343683828304454
2173,8.10820895522388,0.008214855566620827,0.008333628156744852
2174,8.111940298507463,0.008204419165849686,0.008331824003196344
2175,8.115671641791044,0.008010019548237324,0.008332297205924988
2176,8.119402985074627,0.008327162824571133,0.008335742077267751
2177,8.123134328358208,0.00836417730897665,0.008332289346471065
2178,8.126865671641792,0.008455697447061539,0.008335907875401219
2179,8.130597014925373,0.008357703685760498,0.008328516717727592
2180,8.134328358208956,0.008422021754086018,0.008316330361838748
2181,8.138059701492537,0.00827249139547348,0.008316758202343452
2182,8.14179104477612,0.008212326094508171,0.008319142365419283
2183,8.145522388059701,0.008377471938729286,0.008311181102038883
2184,8.149253731343284,0.00787469930946827,0.008305810210181445
2185,8.152985074626866,0.008329278789460659,0.008298828289276215
2186,8.156716417910447,0.008226384408771992,0.008291703103700789
2187,8.16044776119403,0.00837655458599329,0.008292112817488066
2188,8.164179104477611,0.008266659453511238,0.008285153816204245
2189,8.167910447761194,0.008419692516326904,0.008283995023769577
2190,8.171641791044776,0.00814269483089447,0.008275651668266552
2191,8.175373134328359,0.008026665076613426,0.008277517856984603
2192,8.17910447761194,0.00797230564057827,0.008281449878179446
2193,8.182835820895523,0.008221960626542568,0.00827029674518399
2194,8.186567164179104,0.008453041315078735,0.008275045422700847
2195,8.190298507462687,0.008405005559325218,0.008276281560339578
2196,8.194029850746269,0.008565440773963928,0.008281737997582772
2197,8.197761194029852,0.008226539008319378,0.008283930944233405
2198,8.201492537313433,0.008339423686265945,0.008284424999501647
2199,8.205223880597014,0.008186348713934422,0.008279875715876498
2200,8.208955223880597,0.008045552298426628,0.008278601939176641
2201,8.212686567164178,0.008440567180514336,0.00828185488992348
2202,8.216417910447761,0.0084633007645607,0.0082787199445614
2203,8.220149253731343,0.008266721852123737,0.008273693619341386
2204,8.223880597014926,0.008043679408729076,0.00827383499865125
2205,8.227611940298507,0.008319804444909096,0.008291348019932828
2206,8.23134328358209,0.008271634578704834,0.008293093772741353
2207,8.235074626865671,0.008459445089101791,0.008297697209366938
2208,8.238805970149254,0.008117730729281902,0.00829635269758178
2209,8.242537313432836,0.008241789415478706,0.008294570691338399
2210,8.246268656716419,0.008073090575635433,0.00828782555351897
2211,8.25,0.008314491249620914,0.008291324396140692
2212,8.253731343283581,0.008485279977321625,0.008292969952269299
2213,8.257462686567164,0.008288037963211536,0.008300702700891146
2214,8.261194029850746,0.008409551344811916,0.00830670989050371
2215,8.264925373134329,0.008255100809037685,0.008310254708659358
2216,8.26865671641791,0.008233733475208282,0.008301902039930588
2217,8.272388059701493,0.008417073637247086,0.008302890513910026
2218,8.276119402985074,0.008384433574974537,0.008303828946337468
2219,8.279850746268657,0.008269176818430424,0.008297999866488503
2220,8.283582089552239,0.00830547884106636,0.008292993507915881
2221,8.287313432835822,0.008555392734706402,0.008296239394240262
2222,8.291044776119403,0.008143958635628223,0.008290622224349802
2223,8.294776119402986,0.008006246760487556,0.008293736885051901
2224,8.298507462686567,0.008383268490433693,0.008296959079438594
2225,8.302238805970148,0.008592733182013035,0.00829641093931547
2226,8.305970149253731,0.008400854654610157,0.008292990713948158
2227,8.309701492537313,0.00841512531042099,0.008290383919346623
2228,8.313432835820896,0.0083214296028018,0.008282926615055015
2229,8.317164179104477,0.008193597197532654,0.008285210172577603
2230,8.32089552238806,0.008143141865730286,0.008281952020053456
2231,8.324626865671641,0.008286147378385067,0.00827628099245996
2232,8.328358208955224,0.008094132877886295,0.008275589383229977
2233,8.332089552238806,0.00828934833407402,0.008265584275671622
2234,8.335820895522389,0.008468255400657654,0.008257338663608563
2235,8.33955223880597,0.008598378859460354,0.008250258908402629
2236,8.343283582089553,0.008062546141445637,0.008245212911832623
2237,8.347014925373134,0.008605968207120895,0.008247776206855366
2238,8.350746268656716,0.008265014737844467,0.008241866737967583
2239,8.354477611940299,0.00810043141245842,0.008239806788723643
2240,8.35820895522388,0.007981088012456894,0.00824187016796048
2241,8.361940298507463,0.008178633637726307,0.008237558780465185
2242,8.365671641791044,0.008210263215005398,0.008242193677621643
2243,8.369402985074627,0.008591001853346825,0.00824532214915607
2244,8.373134328358208,0.008398831821978092,0.00824789423495531
2245,8.376865671641792,0.00802120566368103,0.008245584464109525
2246,8.380597014925373,0.008179575204849243,0.008231010151708998
2247,8.384328358208956,0.008164756000041962,0.008225932467456272
2248,8.388059701492537,0.008153695613145828,0.008222193820629178
2249,8.39179104477612,0.008211356587707996,0.008216444993527925
2250,8.395522388059701,0.008108205161988735,0.008218860503558705
2251,8.399253731343284,0.007840578444302082,0.00822053270459902
2252,8.402985074626866,0.008286135271191597,0.008218392093734043
2253,8.406716417910447,0.008075070567429066,0.008215775690609363
2254,8.41044776119403,0.007949967868626118,0.008217051511675847
2255,8.414179104477611,0.008119281381368637,0.00820885137541265
2256,8.417910447761194,0.008048214949667454,0.008199996973683194
2257,8.421641791044776,0.008338828571140766,0.008206721826842645
2258,8.425373134328359,0.008174785412847996,0.008195825988744817
2259,8.42910447761194,0.008299975655972958,0.008202874328850246
2260,8.432835820895523,0.00835377536714077,0.008206741884350777
2261,8.436567164179104,0.008128711953759193,0.008211571927659395
2262,8.440298507462687,0.008745423518121243,0.008211347070045588
2263,8.444029850746269,0.008272225968539715,0.00821749557082246
2264,8.447761194029852,0.008111702278256416,0.00820792729898197
2265,8.451492537313433,0.008288567885756493,0.008202360329649798
2266,8.455223880597014,0.007995186373591423,0.008206565955244913
2267,8.458955223880597,0.008192669600248337,0.008210050532730615
2268,8.462686567164178,0.008261840790510178,0.008209276717247032
2269,8.466417910447761,0.00808572769165039,0.00820767166229283
2270,8.470149253731343,0.00829263310879469,0.008209775928862212
2271,8.473880597014926,0.008211702108383179,0.008222493456631171
2272,8.477611940298507,0.008198382332921028,0.008234697144205978
2273,8.48134328358209,0.00798686034977436,0.008220996980260058
2274,8.485074626865671,0.008341656997799873,0.00822253584316591
2275,8.488805970149254,0.008132049813866615,0.008234394032780716
2276,8.492537313432836,0.008235348388552666,0.008238653743230715
2277,8.496268656716419,0.008338265120983124,0.00825148666413819
2278,8.5,0.00815923884510994,0.008243591093072078
2279,8.503731343283581,0.008553996682167053,0.008242467713610428
2280,8.507462686567164,0.008259001187980175,0.008242373286587437
2281,8.511194029850746,0.008179119788110256,0.00823560323021034
2282,8.514925373134329,0.008169414475560188,0.008234493275422876
2283,8.51865671641791,0.008462351746857166,0.008226858520108024
2284,8.522388059701493,0.008198702707886696,0.008220898396358258
2285,8.526119402985074,0.008170586079359055,0.008225558779952003
2286,8.529850746268657,0.008193636313080788,0.00822561370526872
2287,8.533582089552239,0.008322442881762981,0.008236412799394712
2288,8.537313432835822,0.00813302956521511,0.008232098913229093
2289,8.541044776119403,0.008087888360023499,0.008230872565834987
2290,8.544776119402986,0.00829763151705265,0.008228653746588929
2291,8.548507462686567,0.008629623800516129,0.008224948014064534
2292,8.552238805970148,0.008340929634869099,0.008222389239363553
2293,8.555970149253731,0.007724428549408913,0.008224812313550857
2294,8.559701492537313,0.008138163946568966,0.008230878585358946
2295,8.563432835820896,0.008436153642833233,0.008221582577722828
2296,8.567164179104477,0.008293929509818554,0.008227275093881095
2297,8.57089552238806,0.008574364706873894,0.008220958841464869
2298,8.574626865671641,0.008015110157430172,0.008225613182819471
2299,8.578358208955224,0.008128726854920387,0.008222276640192764
2300,8.582089552238806,0.008296104148030281,0.00821488586867728
2301,8.585820895522389,0.008076203055679798,0.008213538744645874
2302,8.58955223880597,0.008083203807473183,0.008214572739855545
2303,8.593283582089553,0.008432398550212383,0.008210099779251145
2304,8.597014925373134,0.008027860894799232,0.008210878046910937
2305,8.600746268656716,0.008302778005599976,0.008213774028529481
2306,8.604477611940299,0.008290819823741913,0.008213842582957046
2307,8.60820895522388,0.008437949232757092,0.008210547699979165
2308,8.611940298507463,0.008015800267457962,0.008205474331611541
2309,8.615671641791044,0.008211560547351837,0.008203780323993869
2310,8.619402985074627,0.00799475610256195,0.008207804296256565
2311,8.623134328358208,0.008140698075294495,0.008205857877505988
2312,8.626865671641792,0.008106792345643044,0.008195703917341987
2313,8.630597014925373,0.00829772837460041,0.008192138155786002
2314,8.634328358208956,0.008235577493906021,0.00819541507105275
2315,8.638059701492537,0.007960520684719086,0.008199219614630791
2316,8.64179104477612,0.008365442976355553,0.008188851950008695
2317,8.645522388059701,0.007976382039487362,0.008188419021302608
2318,8.649253731343284,0.008529093116521835,0.008181059505881333
2319,8.652985074626866,0.00802244059741497,0.008184470554314009
2320,8.656716417910447,0.008250975050032139,0.008187733204444735
2321,8.66044776119403,0.008203769102692604,0.008175550846428407
2322,8.664179104477611,0.008221513591706753,0.008175206915816156
2323,8.667910447761194,0.007986023090779781,0.008170058473762943
2324,8.671641791044776,0.008494260720908642,0.008160705837171251
2325,8.675373134328359,0.008317437954246998,0.008166118047949745
2326,8.67910447761194,0.008173396810889244,0.008165282310872542
2327,8.682835820895523,0.008058546110987663,0.008167028109111437
2328,8.686567164179104,0.008114434778690338,0.008156958354137293
2329,8.690298507462687,0.008063575252890587,0.008160976397736771
2330,8.694029850746269,0.008252871222794056,0.008159399804909056
2331,8.697761194029852,0.008217828348279,0.008167878611058724
2332,8.701492537313433,0.008213311433792114,0.0081638659963884
2333,8.705223880597014,0.008194733411073685,0.00816250731032796
2334,8.708955223880597,0.007858782075345516,0.008154741647403414
2335,8.712686567164178,0.008294150233268738,0.008152815513312817
2336,8.716417910447761,0.008011079393327236,0.008168563746461055
2337,8.720149253731343,0.008276179432868958,0.008166781263198794
2338,8.723880597014926,0.00827262457460165,0.008177626446434638
2339,8.727611940298507,0.00815496314316988,0.008174514466124336
2340,8.73134328358209,0.008262495510280132,0.008180996721110693
2341,8.735074626865671,0.007796627469360828,0.008176924070207084
2342,8.738805970149254,0.008062101900577545,0.008180497941084025
2343,8.742537313432836,0.007872117683291435,0.008178385519763319
2344,8.746268656716419,0.00804894044995308,0.00818387223634778
2345,8.75,0.008249761536717415,0.0081685315136139
2346,8.753731343283581,0.008268512785434723,0.008157300989984012
2347,8.757462686567164,0.00836239755153656,0.008151106922546537
2348,8.761194029850746,0.008025089278817177,0.008158634598480492
2349,8.764925373134329,0.008180540055036545,0.008155494587632215
2350,8.76865671641791,0.0081469202414155,0.008152447118446595
2351,8.772388059701493,0.008342387154698372,0.008151941728301165
2352,8.776119402985074,0.007976180873811245,0.008149037909943884
2353,8.779850746268657,0.008051086217164993,0.008142293385434441
2354,8.783582089552239,0.007979336194694042,0.008141432252780693
2355,8.787313432835822,0.008156605996191502,0.008150036696617196
2356,8.791044776119403,0.008606198243796825,0.008145443731691779
2357,8.794776119402986,0.008292361162602901,0.00814909996782861
2358,8.798507462686567,0.008421034552156925,0.00814675298951021
2359,8.802238805970148,0.008401501923799515,0.008136284651189315
2360,8.805970149253731,0.008288213051855564,0.008135165042448335
2361,8.809701492537313,0.00808399636298418,0.008133423560094543
2362,8.813432835820896,0.008350297808647156,0.00814877450466156
2363,8.817164179104477,0.008134904317557812,0.008145741891206764
2364,8.82089552238806,0.008210978470742702,0.008152287544273749
2365,8.824626865671641,0.007865291088819504,0.00816349421695965
2366,8.828358208955224,0.007856986485421658,0.008155390983674585
2367,8.832089552238806,0.007919440045952797,0.008155233294862072
2368,8.835820895522389,0.008367180824279785,0.008145735962543546
2369,8.83955223880597,0.007985694333910942,0.008148750926299794
2370,8.843283582089553,0.007938629016280174,0.008147969614805245
2371,8.847014925373134,0.008232150226831436,0.008148181774630779
2372,8.850746268656716,0.008098771795630455,0.008142276689773652
2373,8.854477611940299,0.00793678592890501,0.008139251822196856
2374,8.85820895522388,0.008159426972270012,0.008138244608190001
2375,8.861940298507463,0.008211564272642136,0.00814166705964542
2376,8.865671641791044,0.008105838671326637,0.008142685676675017
2377,8.869402985074627,0.008160985074937344,0.008131721465871102
2378,8.873134328358208,0.008179953321814537,0.008126204992394621
2379,8.876865671641792,0.007843422703444958,0.008130656100991295
2380,8.880597014925373,0.008109059184789658,0.008126689257418237
2381,8.884328358208956,0.008191094733774662,0.00812078560361775
2382,8.888059701492537,0.008426016196608543,0.008121650734144012
2383,8.89179104477612,0.007937764748930931,0.008113387858540547
2384,8.895522388059701,0.00814048945903778,0.008116111613628341
2385,8.899253731343284,0.008508414030075073,0.008116426991253364
2386,8.902985074626866,0.007917528972029686,0.00812202728376156
2387,8.906716417910447,0.008262047544121742,0.008129474888669282
2388,8.91044776119403,0.007973006926476955,0.008137933342013418
2389,8.914179104477611,0.008148702792823315,0.008131058886647224
2390,8.917910447761194,0.00814850628376007,0.008133957298790536
2391,8.921641791044776,0.00815561879426241,0.008141800443210253
2392,8.925373134328359,0.008100278675556183,0.008140282864432509
2393,8.92910447761194,0.007852161303162575,0.008141886442899704
2394,8.932835820895523,0.008009790442883968,0.008152928612217671
2395,8.936567164179104,0.008119656704366207,0.00815216858485123
2396,8.940298507462687,0.008198369294404984,0.008154403713599937
2397,8.944029850746269,0.008156665600836277,0.008160731164602244
2398,8.947761194029852,0.008066185750067234,0.008160179980644366
2399,8.951492537313433,0.008603530004620552,0.008157124106840389
2400,8.955223880597014,0.008238861337304115,0.008172921563793973
2401,8.958955223880597,0.008046163246035576,0.00817175379886133
2402,8.962686567164178,0.008119466714560986,0.008169922818679636
2403,8.966417910447761,0.00801151990890503,0.008160107110331698
2404,8.970149253731343,0.00824657827615738,0.008169370567108073
2405,8.973880597014926,0.008223908953368664,0.008166022916756025
2406,8.977611940298507,0.008094903081655502,0.008159492755445039
2407,8.98134328358209,0.00816233828663826,0.008163220135540498
2408,8.985074626865671,0.008266236633062363,0.008162869254081714
2409,8.988805970149254,0.00808532815426588,0.008172014046732972
2410,8.992537313432836,0.008104529231786728,0.008170635507601063
2411,8.996268656716419,0.008260197937488556,0.008179010732508287
2412,9.0,0.00816992949694395,0.008182884511969439
2413,9.003731343283581,0.008164518512785435,0.008180513682707054
2414,9.007462686567164,0.008389514870941639,0.008183098988743817
2415,9.011194029850746,0.008128265850245953,0.008181060618925385
2416,9.014925373134329,0.00830320455133915,0.008185456620483863
2417,9.01865671641791,0.008365264162421227,0.008182892121556328
2418,9.022388059701493,0.008138386532664299,0.008181228075267338
2419,9.026119402985074,0.008054662495851517,0.008189241856154873
2420,9.029850746268657,0.00849111843854189,0.008182119055673844
2421,9.033582089552239,0.00806118082255125,0.008187914017315319
2422,9.037313432835822,0.008116024546325207,0.008190373617519692
2423,9.041044776119403,0.008023572154343128,0.008185902133402301
2424,9.044776119402986,0.008317566476762295,0.008187337960230141
2425,9.048507462686567,0.008003235794603825,0.008189601641966075
2426,9.052238805970148,0.008240677416324615,0.008188812039429096
2427,9.055970149253731,0.008070351555943489,0.008189320791421867
2428,9.059701492537313,0.008247661404311657,0.008189666153090755
2429,9.063432835820896,0.008347943425178528,0.008186918660634902
2430,9.067164179104477,0.00809218268841505,0.008188234937445419
2431,9.07089552238806,0.008491890504956245,0.008181611507585862
2432,9.074626865671641,0.008314443752169609,0.008177457422744937
2433,9.078358208955224,0.008003074675798416,0.008170046411999842
2434,9.082089552238806,0.00795815885066986,0.00817060227528578
2435,9.085820895522389,0.007926217280328274,0.008168657105870364
2436,9.08955223880597,0.008299892768263817,0.00816788692481634
2437,9.093283582089553,0.008093224838376045,0.008165192495032055
2438,9.097014925373134,0.008088439702987671,0.008160427530727736
2439,9.100746268656716,0.008394750766456127,0.008163774794921643
2440,9.104477611940299,0.008311495184898376,0.008161344451875222
2441,9.10820895522388,0.008476454764604568,0.008154399602151498
2442,9.111940298507463,0.00814700685441494,0.008153625763952732
2443,9.115671641791044,0.007936135865747929,0.008157304442692094
2444,9.119402985074627,0.008070388808846474,0.00815958995372057
2445,9.123134328358208,0.008339389227330685,0.008154197118994667
2446,9.126865671641792,0.008191535249352455,0.008152895061889799
2447,9.130597014925373,0.008115761913359165,0.008152234686038843
2448,9.134328358208956,0.008176498115062714,0.008152220784345778
2449,9.138059701492537,0.008153589442372322,0.00815069466465857
2450,9.14179104477612,0.008139295503497124,0.008143222481920951
2451,9.145522388059701,0.007832968607544899,0.008145609847837833
2452,9.149253731343284,0.008089880459010601,0.008134216865206637
2453,9.152985074626866,0.007866078056395054,0.00813141658266143
2454,9.156716417910447,0.00818730890750885,0.00813474026849357
2455,9.16044776119403,0.008309762924909592,0.008137098717980268
2456,9.164179104477611,0.00809668842703104,0.008149983702091182
2457,9.167910447761194,0.00819273293018341,0.008143700568414316
2458,9.171641791044776,0.008169900625944138,0.008139802233838454
2459,9.175373134328359,0.008275624364614487,0.008143030856622428
2460,9.17910447761194,0.007955018430948257,0.008132531307637691
2461,9.182835820895523,0.008206379599869251,0.008126981533700374
2462,9.186567164179104,0.008029453456401825,0.00811289339439898
2463,9.190298507462687,0.008266850374639034,0.008109899101460852
2464,9.194029850746269,0.00811727810651064,0.008108940225367138
2465,9.197761194029852,0.00809646025300026,0.008109177848914774
2466,9.201492537313433,0.00794985145330429,0.008105534583148433
2467,9.205223880597014,0.008213602006435394,0.008100695408335546
2468,9.208955223880597,0.008069781586527824,0.008101680202455056
2469,9.212686567164178,0.008185090497136116,0.008100388458044065
2470,9.216417910447761,0.008041583932936192,0.008098173909252736
2471,9.220149253731343,0.008190064691007137,0.00809082045878579
2472,9.223880597014926,0.008024778217077255,0.008096894226604846
2473,9.227611940298507,0.008199632167816162,0.008102250285446644
2474,9.23134328358209,0.008139345794916153,0.008106897925821746
2475,9.235074626865671,0.008054855279624462,0.008107301120351
2476,9.238805970149254,0.008454501628875732,0.008100583604196222
2477,9.242537313432836,0.008042284287512302,0.00809856058984268
2478,9.246268656716419,0.007933393120765686,0.00809166709915167
2479,9.25,0.008220813237130642,0.00809435753106344
2480,9.253731343283581,0.007964269258081913,0.008091821085389068
2481,9.257462686567164,0.008083954453468323,0.008095656567048736
2482,9.261194029850746,0.007898841053247452,0.008095547420586028
2483,9.264925373134329,0.008024240843951702,0.008100341074168682
2484,9.26865671641791,0.007896821945905685,0.008095932601973778
2485,9.272388059701493,0.008080131374299526,0.00810077759187396
2486,9.276119402985074,0.008190015330910683,0.008092794908074344
2487,9.279850746268657,0.007993129082024097,0.008094600924268001
2488,9.283582089552239,0.008156138472259045,0.008089057374291303
2489,9.287313432835822,0.008123536594212055,0.008086949882165687
2490,9.291044776119403,0.00806279294192791,0.008086756280646092
2491,9.294776119402986,0.007837804034352303,0.008089947559666343
2492,9.298507462686567,0.008081993088126183,0.00808493683977825
2493,9.302238805970148,0.008309478871524334,0.008091143264276226
2494,9.305970149253731,0.008056631311774254,0.008094286500680737
2495,9.309701492537313,0.008203839883208275,0.008094914189380844
2496,9.313432835820896,0.008034344762563705,0.008095358929982999
2497,9.317164179104477,0.008013744838535786,0.008088726936498793
2498,9.32089552238806,0.007910099811851978,0.008087016823815137
2499,9.324626865671641,0.008280208334326744,0.00808850076140427
2500,9.328358208955224,0.008171630091965199,0.00809094914030738
2501,9.332089552238806,0.008112273178994656,0.008096385906200583
2502,9.335820895522389,0.008201904594898224,0.008087658561857008
2503,9.33955223880597,0.008225993253290653,0.008090345177617742
2504,9.343283582089553,0.00808610301464796,0.008082620606462403
2505,9.347014925373134,0.008315922692418098,0.008085099991592692
2506,9.350746268656716,0.007769170217216015,0.008083362847839186
2507,9.354477611940299,0.008023898117244244,0.008088001697437792
2508,9.35820895522388,0.007986316457390785,0.008095834256581417
2509,9.361940298507463,0.007983374409377575,0.008092310495402029
2510,9.365671641791044,0.008177152834832668,0.008087584442209179
2511,9.369402985074627,0.008172426372766495,0.008097030324634255
2512,9.373134328358208,0.007984625175595284,0.008098981604434369
2513,9.376865671641792,0.008279241621494293,0.008101793676160457
2514,9.380597014925373,0.008328504860401154,0.008094284740253919
2515,9.384328358208956,0.008165081031620502,0.008100714818460912
2516,9.388059701492537,0.008073089644312859,0.008095003834857447
2517,9.39179104477612,0.008182589896023273,0.008093129264236224
2518,9.395522388059701,0.007972169667482376,0.008092715416285323
2519,9.399253731343284,0.007994234561920166,0.008089353909670579
2520,9.402985074626866,0.008321196772158146,0.008085893910014776
2521,9.406716417910447,0.008187176659703255,0.008081158725317658
2522,9.41044776119403,0.007726133335381746,0.008075175795522405
2523,9.414179104477611,0.008008992299437523,0.008081768718888847
2524,9.417910447761194,0.007707533426582813,0.008083673387129859
2525,9.421641791044776,0.00799847673624754,0.00808679029663525
2526,9.425373134328359,0.008008908480405807,0.008084909365762298
2527,9.42910447761194,0.008380208164453506,0.008091803696915143
2528,9.432835820895523,0.008314264006912708,0.008101660020013408
2529,9.436567164179104,0.008011664263904095,0.00810153163378922
2530,9.440298507462687,0.007929768413305283,0.008107030275845674
2531,9.444029850746269,0.00845007412135601,0.008105024275165506
2532,9.447761194029852,0.007917806506156921,0.008099183996730461
2533,9.451492537313433,0.008197288028895855,0.008097259634424274
2534,9.455223880597014,0.00800161249935627,0.0080891059279987
2535,9.458955223880597,0.008320264518260956,0.008083336952528575
2536,9.462686567164178,0.007969689555466175,0.008083159592366072
2537,9.466417910447761,0.007957487367093563,0.008082022379356913
2538,9.470149253731343,0.007996777072548866,0.008073873193253105
2539,9.473880597014926,0.007772278040647507,0.008075394383745223
2540,9.477611940298507,0.00813834834843874,0.008077201990001812
2541,9.48134328358209,0.00797748751938343,0.00806735806939442
2542,9.485074626865671,0.00786697305738926,0.00806368102614836
2543,9.488805970149254,0.008472214452922344,0.008068796179098328
2544,9.492537313432836,0.008304084651172161,0.008063838680888094
2545,9.496268656716419,0.008213896304368973,0.008071322902673629
2546,9.5,0.008238804526627064,0.008075579205845914
2547,9.503731343283581,0.008051837794482708,0.00807175871620818
2548,9.507462686567164,0.008428007364273071,0.008066052707230173
2549,9.511194029850746,0.007981052622199059,0.008060053104489314
2550,9.514925373134329,0.00820881873369217,0.008049926743274781
2551,9.51865671641791,0.0080949068069458,0.008050489421116143
2552,9.522388059701493,0.007932974956929684,0.008044880156109973
2553,9.526119402985074,0.007905726321041584,0.00805304751436158
2554,9.529850746268657,0.007944939658045769,0.008048056988272725
2555,9.533582089552239,0.00809197686612606,0.008052586418826406
2556,9.537313432835822,0.008157809264957905,0.008050135609398528
2557,9.541044776119403,0.00802646391093731,0.008051544995751322
2558,9.544776119402986,0.007848473265767097,0.008054262027144432
2559,9.548507462686567,0.008034538477659225,0.008051861531850769
2560,9.552238805970148,0.008068346418440342,0.008062947836772697
2561,9.555970149253731,0.007917596027255058,0.00805647385011359
2562,9.559701492537313,0.0080364178866148,0.0080574640050167
2563,9.563432835820896,0.007935854606330395,0.008060265945770391
2564,9.567164179104477,0.007805734872817993,0.008053066208958626
2565,9.57089552238806,0.008014386519789696,0.008040682458114333
2566,9.574626865671641,0.008172985166311264,0.008032496723278267
2567,9.578358208955224,0.007852268405258656,0.008025361974610061
2568,9.582089552238806,0.008146261796355247,0.00802540915404878
2569,9.585820895522389,0.008068280294537544,0.008015063227858485
2570,9.58955223880597,0.007596483454108238,0.008020392391921543
2571,9.593283582089553,0.007952838204801083,0.008014170180370168
2572,9.597014925373134,0.008220094256103039,0.008013358498673613
2573,9.600746268656716,0.00825266819447279,0.008013407995061176
2574,9.604477611940299,0.007992676459252834,0.00800989295651273
2575,9.60820895522388,0.008187319152057171,0.008014059602850822
2576,9.611940298507463,0.008219781331717968,0.008018746722217014
2577,9.615671641791044,0.008027474395930767,0.008019297928890078
2578,9.619402985074627,0.008068885654211044,0.00801657262916972
2579,9.623134328358208,0.007898356765508652,0.008018261298718975
2580,9.626865671641792,0.008226816542446613,0.008013441545389048
2581,9.630597014925373,0.007872914895415306,0.008015843244587503
2582,9.634328358208956,0.00801808387041092,0.0080146865873802
2583,9.638059701492537,0.007981852628290653,0.008007944811408112
2584,9.64179104477612,0.008177025243639946,0.008009409213938364
2585,9.645522388059701,0.007796350866556168,0.008014236576855183
2586,9.649253731343284,0.00787828117609024,0.008007516993618593
2587,9.652985074626866,0.00794627983123064,0.008012236618414157
2588,9.656716417910447,0.008053772151470184,0.00801156379464196
2589,9.66044776119403,0.008003824390470982,0.008010842383089588
2590,9.664179104477611,0.008199548348784447,0.008007071775997557
2591,9.667910447761194,0.007953708060085773,0.008017889564720595
2592,9.671641791044776,0.008061627857387066,0.00801663545937073
2593,9.675373134328359,0.00793500430881977,0.008007905968442195
2594,9.67910447761194,0.007761609740555286,0.00800042274612479
2595,9.682835820895523,0.008115772157907486,0.00800164518650712
2596,9.686567164179104,0.008284148760139942,0.007995782601760655
2597,9.690298507462687,0.008180408738553524,0.007999006113628061
2598,9.694029850746269,0.007914726622402668,0.008005468697264427
2599,9.697761194029852,0.007917708717286587,0.008010637264971325
2600,9.701492537313433,0.007836928591132164,0.008016553412123425
2601,9.705223880597014,0.008166816085577011,0.008021049678507374
2602,9.708955223880597,0.007870173081755638,0.008025756491938742
2603,9.712686567164178,0.007760005071759224,0.008022230595531987
2604,9.716417910447761,0.007995895110070705,0.008021763117029899
2605,9.720149253731343,0.00800365675240755,0.00801602192223072
2606,9.723880597014926,0.0077388836070895195,0.008017937811772997
2607,9.727611940298507,0.00836648978292942,0.008018062472706887
2608,9.73134328358209,0.007824682630598545,0.008023990499900609
2609,9.735074626865671,0.008116683922708035,0.008019231305253215
2610,9.738805970149254,0.007913685403764248,0.008029618414073455
2611,9.742537313432836,0.008040012791752815,0.008029448322770073
2612,9.746268656716419,0.007901419885456562,0.008027271185888023
2613,9.75,0.007862185128033161,0.008018877595753931
2614,9.753731343283581,0.00794585607945919,0.008022864224252904
2615,9.757462686567164,0.008042796514928341,0.008029053589647136
2616,9.761194029850746,0.007946953177452087,0.008024151084899175
2617,9.764925373134329,0.00835194531828165,0.008014987870233088
2618,9.76865671641791,0.008292440325021744,0.00800798609625639
2619,9.772388059701493,0.008280796930193901,0.008006466654833497
2620,9.776119402985074,0.008140918798744678,0.008005763392713739
2621,9.779850746268657,0.008411163464188576,0.008005552141495594
2622,9.783582089552239,0.00806589424610138,0.007999006761010827
2623,9.787313432835822,0.007873522117733955,0.007999773943660462
2624,9.791044776119403,0.007962686009705067,0.008005675076075443
2625,9.794776119402986,0.007941636256873608,0.00800175931895288
2626,9.798507462686567,0.007874902337789536,0.008001098920386739
2627,9.802238805970148,0.00788339227437973,0.008008838778861412
2628,9.805970149253731,0.008189328946173191,0.008003133814781904
2629,9.809701492537313,0.007858645170927048,0.008005467163989456
2630,9.813432835820896,0.00842969585210085,0.008007623493762278
2631,9.817164179104477,0.008192574605345726,0.00800759766659722
2632,9.82089552238806,0.007864445447921753,0.008011339925138689
2633,9.824626865671641,0.007717490661889315,0.008015812999319012
2634,9.828358208955224,0.00809845607727766,0.008022900250535913
2635,9.832089552238806,0.008015373721718788,0.008018547805344186
2636,9.835820895522389,0.0079147694632411,0.008021762231137694
2637,9.83955223880597,0.007908456958830357,0.008021793805244492
2638,9.843283582089553,0.0078933360055089,0.008015312549726265
2639,9.847014925373134,0.007852429524064064,0.008002214304103358
2640,9.850746268656716,0.007888874970376492,0.00799815171602659
2641,9.854477611940299,0.00782826729118824,0.007983830337208219
2642,9.85820895522388,0.007898455485701561,0.007970264806162293
2643,9.861940298507463,0.007901627570390701,0.007965150073443244
2644,9.865671641791044,0.00800195150077343,0.00796703245808802
2645,9.869402985074627,0.007835349068045616,0.007969155441969633
2646,9.873134328358208,0.007976580411195755,0.007965184816318313
2647,9.876865671641792,0.008056217804551125,0.007959135739905079
2648,9.880597014925373,0.008132586255669594,0.007960972217161482
2649,9.884328358208956,0.007920349948108196,0.007951135701704316
2650,9.888059701492537,0.008205093443393707,0.007951118688030941
2651,9.89179104477612,0.00791262648999691,0.007938435187608731
2652,9.895522388059701,0.008193445391952991,0.007925579142643184
2653,9.899253731343284,0.008084815926849842,0.007933582701697582
2654,9.902985074626866,0.008152762427926064,0.007940682662060349
2655,9.906716417910447,0.007767405826598406,0.007943412141374699
2656,9.91044776119403,0.008174587972462177,0.007933415994956726
2657,9.914179104477611,0.007948247715830803,0.007935833617499688
2658,9.917910447761194,0.00808621384203434,0.007939871309733972
2659,9.921641791044776,0.007755412254482508,0.007934216489424793
2660,9.925373134328359,0.008114230819046497,0.007939607711372578
2661,9.92910447761194,0.00755374226719141,0.007937575270217366
2662,9.932835820895523,0.007854976691305637,0.007933821790374634
2663,9.936567164179104,0.007856190204620361,0.00793125529251084
2664,9.940298507462687,0.007950699888169765,0.007934642876157673
2665,9.944029850746269,0.008049728348851204,0.00793290611856231
2666,9.947761194029852,0.007778840605169535,0.007929247440543116
2667,9.951492537313433,0.007626890204846859,0.007922475612381609
2668,9.955223880597014,0.007958687841892242,0.007916230526639194
2669,9.958955223880597,0.007786031812429428,0.007906818830567161
2670,9.962686567164178,0.00785794761031866,0.007907506896228326
2671,9.966417910447761,0.00790967233479023,0.007906623025674646
2672,9.970149253731343,0.0076654767617583275,0.00791273086627082
2673,9.973880597014926,0.008192591369152069,0.007905940638809669
2674,9.977611940298507,0.008008589036762714,0.007902133142257609
2675,9.98134328358209,0.008210364729166031,0.007891035752325522
2676,9.985074626865671,0.007605531718581915,0.007894253074305087
2677,9.988805970149254,0.008013891987502575,0.007893104049399859
2678,9.992537313432836,0.008074002340435982,0.007893943897925498
2679,9.996268656716419,0.007661488372832537,0.007888489664055226
2680,10.0,0.008073469623923302,0.007883449516645291
2681,10.003731343283581,0.007805544883012772,0.007885358932359917
2682,10.007462686567164,0.007674374617636204,0.007893958901305025
2683,10.011194029850746,0.0077932290732860565,0.007894362686429082
2684,10.014925373134329,0.008040518499910831,0.007903403034660875
2685,10.01865671641791,0.00793074443936348,0.007900820272724802
2686,10.022388059701493,0.0076853432692587376,0.007898905155498808
2687,10.026119402985074,0.007698935456573963,0.00789992039932347
2688,10.029850746268657,0.007800169289112091,0.007907495186550588
2689,10.033582089552239,0.0077467067167162895,0.007907292657963387
2690,10.037313432835822,0.007948560640215874,0.007906681267408336
2691,10.041044776119403,0.008168854750692844,0.007913791483677015
2692,10.044776119402986,0.008163047954440117,0.007915321237793782
2693,10.048507462686567,0.007915046066045761,0.00792499156895934
2694,10.052238805970148,0.00792870856821537,0.007913263105764621
2695,10.055970149253731,0.007697769440710545,0.007918039109648728
2696,10.059701492537313,0.007899316027760506,0.007903638341259666
2697,10.063432835820896,0.008127477951347828,0.007908048937324344
2698,10.067164179104477,0.007982681505382061,0.00790709469512832
2699,10.07089552238806,0.007862590253353119,0.007900853062093986
2700,10.074626865671641,0.0075487662106752396,0.00790743704703523
2701,10.078358208955224,0.0081925168633461,0.00789601844167564
2702,10.082089552238806,0.00790634099394083,0.007897798403552392
2703,10.085820895522389,0.007871531881392002,0.00790146638343974
2704,10.08955223880597,0.008226844482123852,0.007903828308349702
2705,10.093283582089553,0.007844806648790836,0.007899412271998278
2706,10.097014925373134,0.007971208542585373,0.007891735448161276
2707,10.100746268656716,0.007820465601980686,0.007895342630856648
2708,10.104477611940299,0.007937456481158733,0.007896847511846118
2709,10.10820895522388,0.00795038416981697,0.007898591083996907
2710,10.111940298507463,0.007760964799672365,0.007902300428235677
2711,10.115671641791044,0.0081494664773345,0.007906701313558875
2712,10.119402985074627,0.00797239225357771,0.00789547257307099
2713,10.123134328358208,0.008061960339546204,0.007889772447325834
2714,10.126865671641792,0.007711724378168583,0.0078896786790432
2715,10.130597014925373,0.008204405196011066,0.007890864570693271
2716,10.134328358208956,0.007619933225214481,0.007897046803519494
2717,10.138059701492537,0.007786366157233715,0.007900522431222403
2718,10.14179104477612,0.007974768057465553,0.0078885544818349
2719,10.145522388059701,0.00781809538602829,0.007885174030756078
2720,10.149253731343284,0.007931431755423546,0.007887880704024942
2721,10.152985074626866,0.007605306804180145,0.007893287304152802
2722,10.156716417910447,0.00787852331995964,0.007882589883193738
2723,10.16044776119403,0.007824761793017387,0.007879230568594322
2724,10.164179104477611,0.007890067994594574,0.00788280150921243
2725,10.167910447761194,0.007859461009502411,0.0078837731058096
2726,10.171641791044776,0.0076159946620464325,0.007890183944255114
2727,10.175373134328359,0.007833237759768963,0.00788294493288892
2728,10.17910447761194,0.007760635577142239,0.007882243124540986
2729,10.182835820895523,0.007871655747294426,0.007879181265285829
2730,10.186567164179104,0.007898789830505848,0.007878877426974656
2731,10.190298507462687,0.008128996938467026,0.00788027240054273
2732,10.194029850746269,0.0077084763906896114,0.007866547897276355
2733,10.197761194029852,0.007929342798888683,0.007864107355111984
2734,10.201492537313433,0.007911201566457748,0.007858578774442033
2735,10.205223880597014,0.00797733012586832,0.007860880958416113
2736,10.208955223880597,0.007951240986585617,0.007854233995625159
2737,10.212686567164178,0.008041816763579845,0.00785857526494599
2738,10.216417910447761,0.007636792026460171,0.007865199126394056
2739,10.220149253731343,0.00784408301115036,0.00786151190674523
2740,10.223880597014926,0.007973563857376575,0.007862021885357978
2741,10.227611940298507,0.007770436815917492,0.007856671948258469
2742,10.23134328358209,0.00775392260402441,0.007860217038996337
2743,10.235074626865671,0.007768609095364809,0.007866465532016463
2744,10.238805970149254,0.008017940446734428,0.007871117510991852
2745,10.242537313432836,0.00826667994260788,0.007867939225057276
2746,10.246268656716419,0.008107651025056839,0.007868476938910601
2747,10.25,0.0076744090765714645,0.007879140014510328
2748,10.253731343283581,0.007791691459715366,0.007871340028941631
2749,10.257462686567164,0.007811920251697302,0.007874901815340287
2750,10.261194029850746,0.007937926799058914,0.007869265314827605
2751,10.264925373134329,0.007818158715963364,0.007870960798932285
2752,10.26865671641791,0.0075867618434131145,0.007864890256669463
2753,10.272388059701493,0.007872330024838448,0.00787602004981259
2754,10.276119402985074,0.007835288532078266,0.00787122071743375
2755,10.279850746268657,0.007806113921105862,0.00786079509501777
2756,10.283582089552239,0.007931879721581936,0.007854319291143882
2757,10.287313432835822,0.007797925267368555,0.00784590138440452
2758,10.291044776119403,0.008057944476604462,0.007841156818336102
2759,10.294776119402986,0.00782359205186367,0.007849084167945676
2760,10.298507462686567,0.007839004509150982,0.007841503145400344
2761,10.302238805970148,0.007712084334343672,0.007829806210882053
2762,10.305970149253731,0.007750655524432659,0.0078360234023776
2763,10.309701492537313,0.008134711533784866,0.007836672477424145
2764,10.313432835820896,0.008015492931008339,0.007841455193645343
2765,10.317164179104477,0.007759758271276951,0.007834683467702167
2766,10.32089552238806,0.007881507277488708,0.007831505431634625
2767,10.324626865671641,0.008053180761635303,0.007827758243898066
2768,10.328358208955224,0.007513438351452351,0.007834239272264445
2769,10.332089552238806,0.007906668819487095,0.007830340301663411
2770,10.335820895522389,0.00764055922627449,0.007828921670230424
2771,10.33955223880597,0.007968304678797722,0.007827404318604528
2772,10.343283582089553,0.007880104705691338,0.007823725378640541
2773,10.347014925373134,0.00816479790955782,0.007828711100467822
2774,10.350746268656716,0.007732570171356201,0.00782015036064677
2775,10.354477611940299,0.00748375104740262,0.007818160056159264
2776,10.35820895522388,0.0077118221670389175,0.007817773534575613
2777,10.361940298507463,0.00760610681027174,0.00781260217290099
2778,10.365671641791044,0.007847289554774761,0.007815799868960933
2779,10.369402985074627,0.007961813360452652,0.00781472623575388
2780,10.373134328358208,0.007533261086791754,0.007816920136442272
2781,10.376865671641792,0.007493989542126656,0.007817625011340147
2782,10.380597014925373,0.008025341667234898,0.007822688464529631
2783,10.384328358208956,0.00778053468093276,0.007825224955634372
2784,10.388059701492537,0.00796470046043396,0.007817451728553308
2785,10.39179104477612,0.007740299683064222,0.007811438031040314
2786,10.395522388059701,0.008136380463838577,0.0078053188328517644
2787,10.399253731343284,0.007954016327857971,0.007799701912828335
2788,10.402985074626866,0.007940131239593029,0.0077921544065380965
2789,10.406716417910447,0.007631833665072918,0.007805824836307183
2790,10.41044776119403,0.007753756362944841,0.007802817186840423
2791,10.414179104477611,0.007875715382397175,0.007802154039736928
2792,10.417910447761194,0.007667322177439928,0.007797040283770823
2793,10.421641791044776,0.007791176438331604,0.007788612859369051
2794,10.425373134328359,0.007521339692175388,0.007786353925106729
2795,10.42910447761194,0.007753686048090458,0.007780958523564949
2796,10.432835820895523,0.007790266536176205,0.007785018760620094
2797,10.436567164179104,0.007719853892922401,0.0077807743829198
2798,10.440298507462687,0.007929030805826187,0.007784269943197326
2799,10.444029850746269,0.008013925515115261,0.007783567112666078
2800,10.447761194029852,0.007913541980087757,0.007775384228585697
2801,10.451492537313433,0.007867904379963875,0.007785002303468745
2802,10.455223880597014,0.007919685915112495,0.007794561898108662
2803,10.458955223880597,0.007854651659727097,0.007792843607958497
2804,10.462686567164178,0.007816009223461151,0.007790119205487937
2805,10.466417910447761,0.007768931332975626,0.00778450923631104
2806,10.470149253731343,0.007508871145546436,0.007787362547455038
2807,10.473880597014926,0.007651213556528091,0.007782410614465068
2808,10.477611940298507,0.007743733003735542,0.00777642426603451
2809,10.48134328358209,0.008073925971984863,0.007779601961374283
2810,10.485074626865671,0.007783355191349983,0.007785800730855
2811,10.488805970149254,0.007613370195031166,0.007789975497871637
2812,10.492537313432836,0.007758640684187412,0.0077900399862811335
2813,10.496268656716419,0.007534580305218697,0.007793603964695116
2814,10.5,0.008072181604802608,0.007789396487812444
2815,10.503731343283581,0.007511358708143234,0.007798642385751009
2816,10.507462686567164,0.007650220766663551,0.007797714606745214
2817,10.511194029850746,0.007537802681326866,0.007796198981473359
2818,10.514925373134329,0.007749424781650305,0.007793759688644148
2819,10.51865671641791,0.007818473502993584,0.007794400075132527
2820,10.522388059701493,0.007626315113157034,0.00779028512855492
2821,10.526119402985074,0.007927602156996727,0.007784675908979119
2822,10.529850746268657,0.007885932922363281,0.007779027846437402
2823,10.533582089552239,0.00795489177107811,0.00777587140115296
2824,10.537313432835822,0.007668834179639816,0.007776819555679473
2825,10.541044776119403,0.007734691724181175,0.007772000324798793
2826,10.544776119402986,0.007857285439968109,0.007771294280068904
2827,10.548507462686567,0.007933351211249828,0.007776702004598408
2828,10.552238805970148,0.007708576042205095,0.007778297939405936
2829,10.555970149253731,0.008070416748523712,0.007779656500532859
2830,10.559701492537313,0.00788598321378231,0.00777449649645061
2831,10.563432835820896,0.007924921810626984,0.007772639234800164
2832,10.567164179104477,0.007878359407186508,0.007779408541576165
2833,10.57089552238806,0.007813445292413235,0.007784794289164427
2834,10.574626865671641,0.0076186698861420155,0.0077951972986139905
2835,10.578358208955224,0.007900421507656574,0.007788150798438526
2836,10.582089552238806,0.007715647108852863,0.007794533470054952
2837,10.585820895522389,0.007728125900030136,0.007799476884850641
2838,10.58955223880597,0.007619842886924744,0.007805415656326748
2839,10.593283582089553,0.007955286651849747,0.007800342060807274
2840,10.597014925373134,0.007845212705433369,0.007794989681825406
2841,10.600746268656716,0.007683563977479935,0.0077993505089203035
2842,10.604477611940299,0.00763633381575346,0.007789087822524513
2843,10.60820895522388,0.007790271658450365,0.007790416910699228
2844,10.611940298507463,0.007893525995314121,0.007778527839790757
2845,10.615671641791044,0.007618420757353306,0.007781381026001238
2846,10.619402985074627,0.00773998349905014,0.00778281355912729
2847,10.623134328358208,0.007730587851256132,0.007782834593388365
2848,10.626865671641792,0.007716646883636713,0.00777677652176197
2849,10.630597014925373,0.007799434009939432,0.007773178947589747
2850,10.634328358208956,0.007862365804612637,0.007766617087238446
2851,10.638059701492537,0.007707207463681698,0.007763208741912755
2852,10.64179104477612,0.007890911772847176,0.00775698174881499
2853,10.645522388059701,0.007979456335306168,0.007748567726372219
2854,10.649253731343284,0.007961103692650795,0.0077445246279239655
2855,10.652985074626866,0.007783275097608566,0.007746920057731431
2856,10.656716417910447,0.007773048244416714,0.007737948263927204
2857,10.66044776119403,0.00785290077328682,0.0077423792468701924
2858,10.664179104477611,0.00778129231184721,0.007741927350984841
2859,10.667910447761194,0.007541407365351915,0.007745113303294269
2860,10.671641791044776,0.0075990259647369385,0.007736350443759342
2861,10.675373134328359,0.0078051090240478516,0.00773773223116267
2862,10.67910447761194,0.007506832014769316,0.00774103974378327
2863,10.682835820895523,0.007940425537526608,0.007743136786923903
2864,10.686567164179104,0.007467439863830805,0.007744482423110706
2865,10.690298507462687,0.007785814814269543,0.007740153374559269
2866,10.694029850746269,0.0077934255823493,0.007747257071569926
2867,10.697761194029852,0.007858147844672203,0.007746385898804519
2868,10.701492537313433,0.007684970274567604,0.0077464774750718255
2869,10.705223880597014,0.007561075501143932,0.007748510381888326
2870,10.708955223880597,0.0078013804741203785,0.007752908212019176
2871,10.712686567164178,0.007746241055428982,0.007752270051618901
2872,10.716417910447761,0.007669615093618631,0.007762475666113016
2873,10.720149253731343,0.00753338448703289,0.007755702316034131
2874,10.723880597014926,0.007647678256034851,0.007750107702322122
2875,10.727611940298507,0.007716882508248091,0.007745570741684698
2876,10.73134328358209,0.007532577961683273,0.007744364088355768
2877,10.735074626865671,0.00789731740951538,0.0077511871165436945
2878,10.738805970149254,0.007709598168730736,0.0077486400174476755
2879,10.742537313432836,0.0077504669316112995,0.007747309520931505
2880,10.746268656716419,0.007596009410917759,0.007751128318287977
2881,10.75,0.007901865988969803,0.007750834043069583
2882,10.753731343283581,0.007819171994924545,0.007752040605537775
2883,10.757462686567164,0.007722312584519386,0.007759444029411164
2884,10.761194029850746,0.007845442742109299,0.007755499719301375
2885,10.764925373134329,0.007716035004705191,0.007761447804003227
2886,10.76865671641791,0.00790967233479023,0.0077581550789678965
2887,10.772388059701493,0.0077042654156684875,0.007756440309671367
2888,10.776119402985074,0.007734342478215694,0.007759211153337141
2889,10.779850746268657,0.007799996063113213,0.0077531407700806125
2890,10.783582089552239,0.007979745045304298,0.007752253424103667
2891,10.787313432835822,0.00783620122820139,0.007754073330632797
2892,10.791044776119403,0.008125637657940388,0.007751075653132142
2893,10.794776119402986,0.0076132044196128845,0.007752042229673485
2894,10.798507462686567,0.007750077173113823,0.007755317350440636
2895,10.802238805970148,0.007775088306516409,0.007759215526010205
2896,10.805970149253731,0.0077338023111224174,0.0077565733865812055
2897,10.809701492537313,0.008052792400121689,0.007754707379584632
2898,10.813432835820896,0.007748469710350037,0.007751516736589554
2899,10.817164179104477,0.0077267419546842575,0.007752206664895866
2900,10.82089552238806,0.0076979780569672585,0.00776008300755809
2901,10.824626865671641,0.007586960680782795,0.007757624315961105
2902,10.828358208955224,0.007854578085243702,0.007747480895642827
2903,10.832089552238806,0.007810372393578291,0.007748604252389292
2904,10.835820895522389,0.007778708823025227,0.007753865452619587
2905,10.83955223880597,0.007711311336606741,0.0077410486367780985
2906,10.843283582089553,0.007650813087821007,0.007743725655373276
2907,10.847014925373134,0.007723120041191578,0.007742330488726133
2908,10.850746268656716,0.007971752434968948,0.007748422246971508
2909,10.854477611940299,0.007436084561049938,0.007744393618095939
2910,10.85820895522388,0.007524694316089153,0.007744523003788256
2911,10.861940298507463,0.007875996641814709,0.007735498488040232
2912,10.865671641791044,0.007623336277902126,0.0077292928245009445
2913,10.869402985074627,0.007709244731813669,0.007718034474769744
2914,10.873134328358208,0.007667664438486099,0.007714954182142165
2915,10.876865671641792,0.007807503454387188,0.007711109398614343
2916,10.880597014925373,0.007608554791659117,0.007712727753309215
2917,10.884328358208956,0.007456071674823761,0.007712923103898037
2918,10.888059701492537,0.007766501046717167,0.007699541395484674
2919,10.89179104477612,0.007737885229289532,0.007696762203988506
2920,10.895522388059701,0.008073396980762482,0.007695345662352516
2921,10.899253731343284,0.0074952030554413795,0.007686387543089506
2922,10.902985074626866,0.00748598575592041,0.00768521459909474
2923,10.906716417910447,0.00786522962152958,0.007680232386763503
2924,10.91044776119403,0.007938021793961525,0.007675443026350766
2925,10.914179104477611,0.007319953292608261,0.007673199061395191
2926,10.917910447761194,0.007825792767107487,0.007676982377633089
2927,10.921641791044776,0.007852470502257347,0.007676534627268954
2928,10.925373134328359,0.007954027503728867,0.007676516704988189
2929,10.92910447761194,0.007569168694317341,0.0076736846211843375
2930,10.932835820895523,0.007805300876498222,0.0076721169213514505
2931,10.936567164179104,0.007609739899635315,0.0076783518988366535
2932,10.940298507462687,0.007581769023090601,0.007673643109184213
2933,10.944029850746269,0.0076640453189611435,0.0076727835325206195
2934,10.947761194029852,0.0074869124218821526,0.00767217252812371
2935,10.951492537313433,0.00759244104847312,0.007667049765586853
2936,10.955223880597014,0.007841440849006176,0.0076696944718317285
2937,10.958955223880597,0.0077418116852641106,0.007673447622304283
2938,10.962686567164178,0.007504142355173826,0.007677054543775029
2939,10.966417910447761,0.00763452285900712,0.007673662678315872
2940,10.970149253731343,0.007668663747608662,0.007671651544003952
2941,10.973880597014926,0.007330695167183876,0.0076625673327504135
2942,10.977611940298507,0.0075388699769973755,0.007665017915026444
2943,10.98134328358209,0.007650307379662991,0.007664250130424413
2944,10.985074626865671,0.007614008616656065,0.007655671445607412
2945,10.988805970149254,0.007686706259846687,0.00764562256588805
2946,10.992537313432836,0.007866427302360535,0.007647871187456497
2947,10.996268656716419,0.007632455322891474,0.007647978403128502
2948,11.0,0.007722385227680206,0.007642536583106692
2949,11.003731343283581,0.00785563699901104,0.007635031656430262
2950,11.007462686567164,0.007371808867901564,0.00763741068587434
2951,11.011194029850746,0.007780328392982483,0.007633845242330941
2952,11.014925373134329,0.007682936266064644,0.007630975235526155
2953,11.01865671641791,0.007588093634694815,0.0076357653228248034
2954,11.022388059701493,0.007684193551540375,0.007636184667850413
2955,11.026119402985074,0.007457631174474955,0.007642711989763306
2956,11.029850746268657,0.007915936410427094,0.007649489621654517
2957,11.033582089552239,0.007762433961033821,0.007648310351480798
2958,11.037313432835822,0.007603955455124378,0.007646158019580492
2959,11.041044776119403,0.007627434562891722,0.007649594895178225
2960,11.044776119402986,0.007655428722500801,0.007653794228667166
2961,11.048507462686567,0.007700944319367409,0.007654921322061521
2962,11.052238805970148,0.007595676928758621,0.007658151330471766
2963,11.055970149253731,0.00745450658723712,0.007656215315275803
2964,11.059701492537313,0.007513503544032574,0.007652945748371322
2965,11.063432835820896,0.007526017725467682,0.007652372292174798
2966,11.067164179104477,0.0074121467769145966,0.007644480605405278
2967,11.07089552238806,0.007830188609659672,0.007638829919259723
2968,11.074626865671641,0.0076293558813631535,0.007641265725308075
2969,11.078358208955224,0.007646325509995222,0.0076353731110873745
2970,11.082089552238806,0.007666708901524544,0.0076364890626836116
2971,11.085820895522389,0.007659117691218853,0.00764573957180468
2972,11.08955223880597,0.007492069620639086,0.00763582684690269
2973,11.093283582089553,0.007778162602335215,0.00763139671577913
2974,11.097014925373134,0.00768123846501112,0.0076303706027385666
2975,11.100746268656716,0.007754532620310783,0.007632966448621052
2976,11.104477611940299,0.007870323956012726,0.0076423223221265685
2977,11.10820895522388,0.007793090771883726,0.007635190640008304
2978,11.111940298507463,0.00765356607735157,0.007627139220059645
2979,11.115671641791044,0.007645054254680872,0.007627346427974905
2980,11.119402985074627,0.007806695532053709,0.0076289743003321855
2981,11.123134328358208,0.00771487457677722,0.007630432047313306
2982,11.126865671641792,0.007463125512003899,0.0076300748737483486
2983,11.130597014925373,0.007459493353962898,0.007636651510327328
2984,11.134328358208956,0.007516255136579275,0.007643930205121273
2985,11.138059701492537,0.00759049691259861,0.007642878673788978
2986,11.14179104477612,0.007363147102296352,0.007646104888763369
2987,11.145522388059701,0.007634749170392752,0.007652241055194925
2988,11.149253731343284,0.007732323370873928,0.007644696070290193
2989,11.152985074626866,0.007480788044631481,0.007648957575239786
2990,11.156716417910447,0.007901391014456749,0.007655257484080588
2991,11.16044776119403,0.0077510797418653965,0.00765943251232185
2992,11.164179104477611,0.007373906672000885,0.007656449770055166
2993,11.167910447761194,0.007501300889998674,0.007658423129014853
2994,11.171641791044776,0.00754602300003171,0.007658996108192496
2995,11.175373134328359,0.007790623232722282,0.007655022484136791
2996,11.17910447761194,0.007841221988201141,0.007657135995786365
2997,11.182835820895523,0.007623537443578243,0.007648348910506905
2998,11.186567164179104,0.00743232574313879,0.0076471775452174795
2999,11.190298507462687,0.007612450979650021,0.00764537793470592
3000,11.194029850746269,0.007694177329540253,0.007641446935694392
3001,11.197761194029852,0.007715196348726749,0.007637488212799881
3002,11.201492537313433,0.007686300203204155,0.007634617581327514
3003,11.205223880597014,0.007865319028496742,0.0076336987293893245
3004,11.208955223880597,0.007752933073788881,0.00763830657276075
3005,11.212686567164178,0.007470390759408474,0.0076422741886500905
3006,11.216417910447761,0.007658292539417744,0.007640008871420854
3007,11.220149253731343,0.007663729600608349,0.007648606636993042
3008,11.223880597014926,0.007520844228565693,0.007648386242913037
3009,11.227611940298507,0.007804077584296465,0.007641338924990922
3010,11.23134328358209,0.00790462177246809,0.007646172875311316
3011,11.235074626865671,0.007837885059416294,0.0076383566711007095
3012,11.238805970149254,0.007536825258284807,0.0076311534247929
3013,11.242537313432836,0.007572977337986231,0.007638211600573324
3014,11.246268656716419,0.007801654748618603,0.007642988070118718
3015,11.25,0.007518319878727198,0.007643563048232619
3016,11.253731343283581,0.007841186597943306,0.00764102178693908
3017,11.257462686567164,0.007510053459554911,0.007638712163741995
3018,11.261194029850746,0.007745064795017242,0.007638930036436494
3019,11.264925373134329,0.007579782046377659,0.007643741180711403
3020,11.26865671641791,0.007483883295208216,0.0076412464401162256
3021,11.272388059701493,0.007644387893378735,0.007637671978644482
3022,11.276119402985074,0.007597178686410189,0.007635045171965186
3023,11.279850746268657,0.007425452582538128,0.0076266370895432265
3024,11.283582089552239,0.007648414932191372,0.007625371036006183
3025,11.287313432835822,0.0076789273880422115,0.007625443542875894
3026,11.291044776119403,0.007497618906199932,0.007624537706738565
3027,11.294776119402986,0.007715655490756035,0.007623136361561171
3028,11.298507462686567,0.007625713013112545,0.0076200473463026485
3029,11.302238805970148,0.0074433833360672,0.007619084324687719
3030,11.305970149253731,0.007678980007767677,0.007609440150057397
3031,11.309701492537313,0.007580926641821861,0.007603068688384644
3032,11.313432835820896,0.00745574664324522,0.00759733646608344
3033,11.317164179104477,0.00766329187899828,0.007600199669690394
3034,11.32089552238806,0.007697136141359806,0.007604226401848037
3035,11.324626865671641,0.007569597102701664,0.007603229659541351
3036,11.328358208955224,0.007686431519687176,0.0076107696584630305
3037,11.332089552238806,0.007746527437120676,0.007606493672583162
3038,11.335820895522389,0.007632470224052668,0.007605067499708839
3039,11.33955223880597,0.007629582658410072,0.007607440509628959
3040,11.343283582089553,0.0075101666152477264,0.007608253145363272
3041,11.347014925373134,0.007547624409198761,0.007613277846447579
3042,11.350746268656716,0.007607497274875641,0.00761596803984991
3043,11.354477611940299,0.007341568823903799,0.0076141542550630685
3044,11.35820895522388,0.007813410833477974,0.007623046852375676
3045,11.361940298507463,0.007755905855447054,0.007627283007179092
3046,11.365671641791044,0.007433251477777958,0.007620985642438982
3047,11.369402985074627,0.007600837387144566,0.007619269146788411
3048,11.373134328358208,0.0075370799750089645,0.007619786553266571
3049,11.376865671641792,0.007481360342353582,0.007616847242433123
3050,11.380597014925373,0.0074086664244532585,0.007621015138106375
3051,11.384328358208956,0.007643391843885183,0.007632420750380289
3052,11.388059701492537,0.007602863945066929,0.00763069928010426
3053,11.39179104477612,0.007654216606169939,0.007636665559669093
3054,11.395522388059701,0.007738073356449604,0.007643583355607783
3055,11.399253731343284,0.0077607883140444756,0.007643608603535629
3056,11.402985074626866,0.007827459834516048,0.007650406372438117
3057,11.406716417910447,0.007665871176868677,0.007653534162517001
3058,11.41044776119403,0.007451580371707678,0.007655202649624609
3059,11.414179104477611,0.007842358201742172,0.0076503783532577314
3060,11.417910447761194,0.007613100111484528,0.007651597034276985
3061,11.421641791044776,0.007689896039664745,0.007655392571284276
3062,11.425373134328359,0.007754685822874308,0.007653372237322534
3063,11.42910447761194,0.007522813510149717,0.007658952086164457
3064,11.432835820895523,0.007790049072355032,0.0076636552083783034
3065,11.436567164179104,0.007822097279131413,0.007653674519643551
3066,11.440298507462687,0.0074207354336977005,0.007632237620560861
3067,11.444029850746269,0.007427242584526539,0.007636935370633515
3068,11.447761194029852,0.007736869156360626,0.007638328492914031
3069,11.451492537313433,0.007505201268941164,0.007647318617872349
3070,11.455223880597014,0.007614267058670521,0.007649512722997404
3071,11.458955223880597,0.008146610110998154,0.007652801018571708
3072,11.462686567164178,0.007510346360504627,0.0076502108174126325
3073,11.466417910447761,0.007700364105403423,0.0076465833046269124
3074,11.470149253731343,0.00794692151248455,0.007644000826630651
3075,11.473880597014926,0.007698171306401491,0.007634554898775205
3076,11.477611940298507,0.007848305627703667,0.0076332559195778716
3077,11.48134328358209,0.007814670912921429,0.00762408636737524
3078,11.485074626865671,0.00781493540853262,0.007623686705057214
3079,11.488805970149254,0.007434674073010683,0.007625852279910227
3080,11.492537313432836,0.00767954858019948,0.007613746880939821
3081,11.496268656716419,0.007665783632546663,0.007614525648333677
3082,11.5,0.007464790716767311,0.007609929673646282
3083,11.503731343283581,0.007836271077394485,0.007599199804045805
3084,11.507462686567164,0.007534396834671497,0.007599119505867726
3085,11.511194029850746,0.0074042025953531265,0.007594538602705409
3086,11.514925373134329,0.006876992993056774,0.007591094003944862
3087,11.51865671641791,0.00762585923075676,0.007598987712365825
3088,11.522388059701493,0.007657955400645733,0.007601744188677247
3089,11.526119402985074,0.00790567509829998,0.00759496968012394
3090,11.529850746268657,0.007571318652480841,0.00759530705740539
3091,11.533582089552239,0.007543486542999744,0.007595647705673445
3092,11.537313432835822,0.007537193596363068,0.0075787606013075605
3093,11.541044776119403,0.007454135920852423,0.007580979375123251
3094,11.544776119402986,0.007548335008323193,0.007579530532494551
3095,11.548507462686567,0.007350790314376354,0.007572665912803353
3096,11.552238805970148,0.007707530166953802,0.007568361896385507
3097,11.555970149253731,0.007451508194208145,0.007561747370878371
3098,11.559701492537313,0.007649485021829605,0.007557865641102559
3099,11.563432835820896,0.007540368940681219,0.007556027596498408
3100,11.567164179104477,0.007346036843955517,0.007556148861512178
3101,11.57089552238806,0.007645029574632645,0.007551048268995634
3102,11.574626865671641,0.007501461077481508,0.007548503339199758
3103,11.578358208955224,0.00731476116925478,0.00755573253760614
3104,11.582089552238806,0.007519521284848452,0.0075458007092337786
3105,11.585820895522389,0.007602232042700052,0.0075457595379614245
3106,11.58955223880597,0.0076808687299489975,0.0075532542541623116
3107,11.593283582089553,0.007744377478957176,0.007571493945561531
3108,11.597014925373134,0.00754025811329484,0.007573260142036327
3109,11.600746268656716,0.00745911430567503,0.007578436728203442
3110,11.604477611940299,0.00751903373748064,0.007569702535231666
3111,11.60820895522388,0.007628233637660742,0.00757832230046028
3112,11.611940298507463,0.007454238831996918,0.007575698128742416
3113,11.615671641791044,0.007601316086947918,0.007583700506607207
3114,11.619402985074627,0.007640961557626724,0.007589474036471873
3115,11.623134328358208,0.007665472105145454,0.007594088819332239
3116,11.626865671641792,0.007521706633269787,0.007602648094023873
3117,11.630597014925373,0.007577110081911087,0.007600674996288811
3118,11.634328358208956,0.007655519992113113,0.007605882486464773
3119,11.638059701492537,0.007739575579762459,0.007600841135150049
3120,11.64179104477612,0.007439645938575268,0.007602570816965365
3121,11.645522388059701,0.00747042428702116,0.007617916037305826
3122,11.649253731343284,0.007561441510915756,0.007614068130440101
3123,11.652985074626866,0.007761187851428986,0.007620893623225573
3124,11.656716417910447,0.007429066114127636,0.007629705411268443
3125,11.66044776119403,0.007532708812505007,0.007633110701401786
3126,11.664179104477611,0.007711485959589481,0.0076338179159636905
3127,11.667910447761194,0.007624820340424776,0.007633167239496621
3128,11.671641791044776,0.0076982732862234116,0.0076326289236909005
3129,11.675373134328359,0.007870195433497429,0.007636678961628094
3130,11.67910447761194,0.007547573186457157,0.007642298902771095
3131,11.682835820895523,0.007924729026854038,0.007644670686071239
3132,11.686567164179104,0.007435895502567291,0.007641784846782684
3133,11.690298507462687,0.007865291088819504,0.0076430614628806345
3134,11.694029850746269,0.007690850645303726,0.007646213864862192
3135,11.697761194029852,0.007737541105598211,0.0076424259260841985
3136,11.701492537313433,0.007701720576733351,0.007642100394771594
3137,11.705223880597014,0.007626633159816265,0.007639233147861754
3138,11.708955223880597,0.0076650152914226055,0.0076403852733897
3139,11.712686567164178,0.007442789617925882,0.0076364146363807886
3140,11.716417910447761,0.007611285895109177,0.007633399150175292
3141,11.720149253731343,0.007975190877914429,0.007638160866208193
3142,11.723880597014926,0.007487265393137932,0.007642868281591956
3143,11.727611940298507,0.007781306281685829,0.00764197241742073
3144,11.73134328358209,0.007676044479012489,0.007646063558484723
3145,11.735074626865671,0.0076591381803154945,0.0076458230160358475
3146,11.738805970149254,0.007631227839738131,0.007639280861107315
3147,11.742537313432836,0.007654190994799137,0.007632598894216665
3148,11.746268656716419,0.007722306530922651,0.007628193250062262
3149,11.75,0.0077063096687197685,0.0076257652693950545
3150,11.753731343283581,0.007689531892538071,0.007622229389664604
3151,11.757462686567164,0.007616276852786541,0.007621529182737194
3152,11.761194029850746,0.007509914226830006,0.00761276652763893
3153,11.764925373134329,0.007506580092012882,0.007609830624083194
3154,11.76865671641791,0.007730564568191767,0.0076020824632084955
3155,11.772388059701493,0.007485656067728996,0.00760531285777688
3156,11.776119402985074,0.00765212532132864,0.007603828443168867
3157,11.779850746268657,0.0074041495099663734,0.007596948411224819
3158,11.783582089552239,0.007624347228556871,0.007595710161073905
3159,11.787313432835822,0.007492723874747753,0.007598609243315168
3160,11.791044776119403,0.007615940645337105,0.007597822446103503
3161,11.794776119402986,0.007634876295924187,0.0075932172490511
3162,11.798507462686567,0.007663428317755461,0.007582156430566456
3163,11.802238805970148,0.007524711079895496,0.007588719426676995
3164,11.805970149253731,0.007928924635052681,0.007582489560108359
3165,11.809701492537313,0.007419203873723745,0.007580752620791517
3166,11.813432835820896,0.007264480460435152,0.007583035610434486
3167,11.817164179104477,0.007437525317072868,0.007579729494797747
3168,11.82089552238806,0.007444188930094242,0.007585682008960625
3169,11.824626865671641,0.007598726078867912,0.007582182235016328
3170,11.828358208955224,0.007725224364548922,0.007580916862934828
3171,11.832089552238806,0.007518864702433348,0.0075779385046987995
3172,11.835820895522389,0.007565460167825222,0.0075755358287474
3173,11.83955223880597,0.007315523456782103,0.007576470751678798
3174,11.843283582089553,0.007547616492956877,0.007577726378946043
3175,11.847014925373134,0.007823296822607517,0.007577644763287247
3176,11.850746268656716,0.007676680106669664,0.0075779605270704115
3177,11.854477611940299,0.007419639267027378,0.0075764593145832785
3178,11.85820895522388,0.007575864903628826,0.007583989489187554
3179,11.861940298507463,0.0077838776633143425,0.007584929023301456
3180,11.865671641791044,0.007410530932247639,0.007591850181087488
3181,11.869402985074627,0.007422472815960646,0.007592583200099264
3182,11.873134328358208,0.007521697320044041,0.007588133829214224
3183,11.876865671641792,0.007756348233669996,0.007580289060658798
3184,11.880597014925373,0.007525881752371788,0.007582157157452368
3185,11.884328358208956,0.007604829967021942,0.007570404025567014
3186,11.888059701492537,0.007752740755677223,0.0075759297781964625
3187,11.89179104477612,0.007495677098631859,0.007580541517222073
3188,11.895522388059701,0.007898244075477123,0.007584233370768588
3189,11.899253731343284,0.007578815799206495,0.007594310099304449
3190,11.902985074626866,0.007654429413378239,0.007598926801597927
3191,11.906716417910447,0.007567419204860926,0.007592182243015708
3192,11.91044776119403,0.007517767138779163,0.0075957222569097834
3193,11.914179104477611,0.007548246067017317,0.0075927694646141875
3194,11.917910447761194,0.007558060809969902,0.00759750434265631
3195,11.921641791044776,0.007727218326181173,0.007599573525622851
3196,11.925373134328359,0.007498602382838726,0.0075973033473440785
3197,11.92910447761194,0.007590575609356165,0.007594366705544838
3198,11.932835820895523,0.007712886668741703,0.007601705300280961
3199,11.936567164179104,0.0076628681272268295,0.007597235951390936
3200,11.940298507462687,0.007776491343975067,0.007591961621783856
3201,11.944029850746269,0.007645994424819946,0.00760128455827149
3202,11.947761194029852,0.007452452089637518,0.007607319006105748
3203,11.951492537313433,0.007341792806982994,0.007610585267950849
3204,11.955223880597014,0.007601303048431873,0.007612756714679119
3205,11.958955223880597,0.007447046227753162,0.007617270312749031
3206,11.962686567164178,0.007645759731531143,0.007613157319677312
3207,11.966417910447761,0.007453561760485172,0.007607419259573628
3208,11.970149253731343,0.007588891312479973,0.007604253921294358
3209,11.973880597014926,0.007857334800064564,0.007597499879122507
3210,11.977611940298507,0.007788010872900486,0.007603932285635937
3211,11.98134328358209,0.007448697462677956,0.007597937782454055
3212,11.985074626865671,0.007664005272090435,0.007600486164958012
3213,11.988805970149254,0.007444395683705807,0.007598939578889347
3214,11.992537313432836,0.007509653456509113,0.007591495960496548
3215,11.996268656716419,0.007632452994585037,0.007591988459774633
3216,12.0,0.007730219513177872,0.007595089389147555
3217,12.003731343283581,0.007556277792900801,0.007598397901236284
3218,12.007462686567164,0.007720521651208401,0.007596400305174473
3219,12.011194029850746,0.007392621599137783,0.00759376088021005
3220,12.014925373134329,0.007567630149424076,0.007589010317332861
3221,12.01865671641791,0.007792771328240633,0.007586655138832767
3222,12.022388059701493,0.00766988517716527,0.007588671656643472
3223,12.026119402985074,0.00765561405569315,0.007591371390423397
3224,12.029850746268657,0.007845377549529076,0.00759290715270653
3225,12.033582089552239,0.007710939273238182,0.007592868718613938
3226,12.037313432835822,0.007436197251081467,0.007597327539015834
3227,12.041044776119403,0.007517480291426182,0.007592662044505521
3228,12.044776119402986,0.0073658982291817665,0.007594021639173351
3229,12.048507462686567,0.007621328346431255,0.007598853704133411
3230,12.052238805970148,0.007842544466257095,0.007594229960132663
3231,12.055970149253731,0.007408654782921076,0.007591606628876634
3232,12.059701492537313,0.007671902887523174,0.007595632384281333
3233,12.063432835820896,0.007454357109963894,0.007597195188991907
3234,12.067164179104477,0.0072430577129125595,0.007598406919164628
3235,12.07089552238806,0.0075782532803714275,0.007599487741727654
3236,12.074626865671641,0.007854356430470943,0.007598597306485583
3237,12.078358208955224,0.00763425137847662,0.007590510871079637
3238,12.082089552238806,0.007508674170821905,0.00759146228523516
3239,12.085820895522389,0.007604670245200396,0.007582845756920372
3240,12.08955223880597,0.007468095049262047,0.007583777715520161
3241,12.093283582089553,0.0076799290254712105,0.007579162251204252
3242,12.097014925373134,0.007728671655058861,0.0075738290551959015
3243,12.100746268656716,0.0075631411746144295,0.0075700189123248185
3244,12.104477611940299,0.007404759060591459,0.007565910655369119
3245,12.10820895522388,0.007599727250635624,0.007564854637787837
3246,12.111940298507463,0.007629857864230871,0.00756124987425964
3247,12.115671641791044,0.0074544744566082954,0.007563961476723596
3248,12.119402985074627,0.007509305141866207,0.007566455445002492
3249,12.123134328358208,0.007787005975842476,0.007575397379696369
3250,12.126865671641792,0.007667761296033859,0.007573973069467195
3251,12.130597014925373,0.007680454291403294,0.007570406126721603
3252,12.134328358208956,0.00761375343427062,0.007575954708111722
3253,12.138059701492537,0.00772808026522398,0.007575423593019567
3254,12.14179104477612,0.007494076620787382,0.0075747765964124265
3255,12.145522388059701,0.00755396718159318,0.007586754540481218
3256,12.149253731343284,0.0075959451496601105,0.007582284271626211
3257,12.152985074626866,0.007398675661534071,0.007577320992401461
3258,12.156716417910447,0.007595285773277283,0.0075755089907566225
3259,12.16044776119403,0.007367243990302086,0.007575082274653562
3260,12.164179104477611,0.007430831901729107,0.007573194233927785
3261,12.167910447761194,0.007378396112471819,0.007578172039513181
3262,12.171641791044776,0.007574110291898251,0.007570640206700418
3263,12.175373134328359,0.007513669319450855,0.007571910803274411
3264,12.17910447761194,0.007487175520509481,0.007568077843000249
3265,12.182835820895523,0.007802080828696489,0.007574411120447443
3266,12.186567164179104,0.007563143968582153,0.007574951537407753
3267,12.190298507462687,0.007547372952103615,0.007577066514186743
3268,12.194029850746269,0.007619732990860939,0.007581513136534429
3269,12.197761194029852,0.007732517551630735,0.007579708176596862
3270,12.201492537313433,0.007562931627035141,0.00756682247695763
3271,12.205223880597014,0.007696299813687801,0.00756575652148302
3272,12.208955223880597,0.007636146619915962,0.00755967105534382
3273,12.212686567164178,0.0076501271687448025,0.007561399862624523
3274,12.216417910447761,0.007427830249071121,0.007555587751018565
3275,12.220149253731343,0.0077341534197330475,0.007554630090187236
3276,12.223880597014926,0.0073949722573161125,0.007552941784080936
3277,12.227611940298507,0.007650861982256174,0.007546395029327492
3278,12.23134328358209,0.007559959311038256,0.007550323086722595
3279,12.235074626865671,0.007491178810596466,0.007555658338455166
3280,12.238805970149254,0.007527260575443506,0.007565241840827029
3281,12.242537313432836,0.007672185078263283,0.007575275365081503
3282,12.246268656716419,0.007371123880147934,0.007580210091319026
3283,12.25,0.007780766114592552,0.007581922089363017
3284,12.253731343283581,0.007405989803373814,0.007582734702382146
3285,12.257462686567164,0.007664423435926437,0.007582497340059135
3286,12.261194029850746,0.007621884346008301,0.007578753150726964
3287,12.264925373134329,0.0077165719121694565,0.00758077182648022
3288,12.26865671641791,0.007636785972863436,0.007582317594802234
3289,12.272388059701493,0.007435301784425974,0.007585565105262326
3290,12.276119402985074,0.007258692290633917,0.007579739762061253
3291,12.279850746268657,0.007624057121574879,0.007579686529025799
3292,12.283582089552239,0.007430950179696083,0.0075808648905921275
3293,12.287313432835822,0.007684634532779455,0.007580378195043744
3294,12.291044776119403,0.007489783689379692,0.007576611665327374
3295,12.294776119402986,0.007454812526702881,0.007572439771781608
3296,12.298507462686567,0.007484746631234884,0.007579715445455982
3297,12.302238805970148,0.007327528204768896,0.007582451671180202
3298,12.305970149253731,0.0075597260147333145,0.007588184313712324
3299,12.309701492537313,0.007814031094312668,0.0075929261539585706
3300,12.313432835820896,0.007760167587548494,0.007601467654018141
3301,12.317164179104477,0.00784220639616251,0.007602615225151545
3302,12.32089552238806,0.007580719888210297,0.007599629427692513
3303,12.324626865671641,0.00764430221170187,0.007606004523794826
3304,12.328358208955224,0.007546986453235149,0.007600223066330683
3305,12.332089552238806,0.007477443665266037,0.0076086074227421745
3306,12.335820895522389,0.007648569066077471,0.0076036192931053116
3307,12.33955223880597,0.007645909674465656,0.007605988702668649
3308,12.343283582089553,0.007610749453306198,0.007606993542938698
3309,12.347014925373134,0.007752880919724703,0.007600617117998077
3310,12.350746268656716,0.007493678480386734,0.007599313277751207
3311,12.354477611940299,0.00756074907258153,0.007612593278924867
3312,12.35820895522388,0.007744612637907267,0.00761402567575981
3313,12.361940298507463,0.007616192102432251,0.0076130424603456405
3314,12.365671641791044,0.00749569945037365,0.007607984822243452
3315,12.369402985074627,0.007256782613694668,0.007621038330310002
3316,12.373134328358208,0.008032456040382385,0.007619623776252677
3317,12.376865671641792,0.007507157512009144,0.007614447826110735
3318,12.380597014925373,0.00788590032607317,0.007623243020711149
3319,12.384328358208956,0.007754374761134386,0.007624694748168312
3320,12.388059701492537,0.007841380313038826,0.007630609804991542
3321,12.39179104477612,0.00757431099191308,0.007625928489355053
3322,12.395522388059701,0.007549767382442951,0.0076156468244224056
3323,12.399253731343284,0.007632502820342779,0.007610188092945553
3324,12.402985074626866,0.007543726358562708,0.007611540373323894
3325,12.406716417910447,0.007749748416244984,0.007616042557013471
3326,12.41044776119403,0.007459910120815039,0.007623015834790904
3327,12.414179104477611,0.007719030138105154,0.007618559160973967
3328,12.417910447761194,0.007757770363241434,0.007624395032663171
3329,12.421641791044776,0.0073753525502979755,0.007627642917923811
3330,12.425373134328359,0.007381844334304333,0.007625139511485652
3331,12.42910447761194,0.007803172338753939,0.0076210615793015895
3332,12.432835820895523,0.007682785391807556,0.007620566797147437
3333,12.436567164179104,0.007390638347715139,0.0076112493804496965
3334,12.440298507462687,0.007477271370589733,0.007607503771418478
3335,12.444029850746269,0.008024977520108223,0.007615868865353305
3336,12.447761194029852,0.007396815810352564,0.007616998809503346
3337,12.451492537313433,0.0072725326754152775,0.007605995733018328
3338,12.455223880597014,0.007688131183385849,0.0076096113316896485
3339,12.458955223880597,0.00761924684047699,0.007599445241616994
3340,12.462686567164178,0.008056548424065113,0.007591054922469505
3341,12.466417910447761,0.007568233646452427,0.007592073017049853
3342,12.470149253731343,0.007420658133924007,0.007592821868545398
3343,12.473880597014926,0.007356911897659302,0.007592606562666777
3344,12.477611940298507,0.007699745707213879,0.007591758729753698
3345,12.48134328358209,0.007731575984507799,0.007599984727254728
3346,12.485074626865671,0.007763348054140806,0.007590147848354607
3347,12.488805970149254,0.007465845439583063,0.0075897118644561706
3348,12.492537313432836,0.007885180413722992,0.007587851093309682
3349,12.496268656716419,0.007743912748992443,0.007587217214721732
3350,12.5,0.007650241255760193,0.007592617999762297
3351,12.503731343283581,0.0073264832608401775,0.007601720212799747
3352,12.507462686567164,0.007540463004261255,0.007597232271531006
3353,12.511194029850746,0.007362598553299904,0.007592408736122817
3354,12.514925373134329,0.007462622132152319,0.007601136682418789
3355,12.51865671641791,0.007838668301701546,0.007595363073050976
3356,12.522388059701493,0.00730311032384634,0.007586159675223071
3357,12.526119402985074,0.00758132990449667,0.007589362732066614
3358,12.529850746268657,0.007655397057533264,0.00760203894091452
3359,12.533582089552239,0.007469090633094311,0.007601748141119393
3360,12.537313432835822,0.0074103716760873795,0.00759565213513447
3361,12.541044776119403,0.007883122190833092,0.007578250872561845
3362,12.544776119402986,0.007605013903230429,0.007582450773930404
3363,12.548507462686567,0.007540939841419458,0.007589959096526954
3364,12.552238805970148,0.007597741670906544,0.007596277938474242
3365,12.555970149253731,0.007880992256104946,0.007583092795912086
3366,12.559701492537313,0.007346436381340027,0.007578686992751389
3367,12.563432835820896,0.0074420347809791565,0.007573871646167301
3368,12.567164179104477,0.007642738521099091,0.00758131684326544
3369,12.57089552238806,0.007731781341135502,0.007571665751861363
3370,12.574626865671641,0.007596784736961126,0.007567384995792697
3371,12.578358208955224,0.0077550350688397884,0.007566744677449872
3372,12.582089552238806,0.007619166746735573,0.007569886153427566
3373,12.585820895522389,0.007485020440071821,0.007565950872603713
3374,12.58955223880597,0.007748484145849943,0.007572929749674186
3375,12.593283582089553,0.0072405533865094185,0.007582353019132846
3376,12.597014925373134,0.007647638209164143,0.00757367558005016
3377,12.600746268656716,0.007528141140937805,0.0075798440134016475
3378,12.604477611940299,0.007792257238179445,0.0075898927795450865
3379,12.60820895522388,0.007676208391785622,0.007587078629379592
3380,12.611940298507463,0.007369310595095158,0.00759058951104923
3381,12.615671641791044,0.007343096658587456,0.007601504634338908
3382,12.619402985074627,0.007740429602563381,0.007590401576968228
3383,12.623134328358208,0.007728499360382557,0.007591572079080634
3384,12.626865671641792,0.007615984417498112,0.007592642361797937
3385,12.630597014925373,0.007159154862165451,0.007590660212061754
3386,12.634328358208956,0.007550938054919243,0.007582934823159765
3387,12.638059701492537,0.00756591884419322,0.007587710645322393
3388,12.64179104477612,0.007771098520606756,0.007597224196282829
3389,12.645522388059701,0.007489485666155815,0.0075979190992146
3390,12.649253731343284,0.007568401750177145,0.007596102917975769
3391,12.652985074626866,0.007623988203704357,0.007605268233796445
3392,12.656716417910447,0.007455283775925636,0.007595410581859873
3393,12.66044776119403,0.007379116490483284,0.007592952242348253
3394,12.664179104477611,0.007648732513189316,0.007593487809616618
3395,12.667910447761194,0.00784897617995739,0.007586392165138954
3396,12.671641791044776,0.0074828932993113995,0.007589078042656183
3397,12.675373134328359,0.007556016091257334,0.0075942178756543775
3398,12.67910447761194,0.00799332931637764,0.007594013370846103
3399,12.682835820895523,0.0075400169007480145,0.0075836450134108705
3400,12.686567164179104,0.007613036781549454,0.007588227052332424
3401,12.690298507462687,0.007857891730964184,0.007600551630120452
3402,12.694029850746269,0.007427896838635206,0.007604553966169677
3403,12.697761194029852,0.007653004489839077,0.007602399692121075
3404,12.701492537313433,0.007584821432828903,0.007593244791212605
3405,12.705223880597014,0.0075164735317230225,0.007590572645024556
3406,12.708955223880597,0.007564251311123371,0.007600986421471689
3407,12.712686567164178,0.007542245090007782,0.007595177296912525
3408,12.716417910447761,0.007832090370357037,0.00759823752067438
3409,12.720149253731343,0.007671229541301727,0.007595309930876261
3410,12.723880597014926,0.007657317910343409,0.0075923677238567576
3411,12.727611940298507,0.007972562685608864,0.007592550717385077
3412,12.73134328358209,0.007350871339440346,0.007593494953542221
3413,12.735074626865671,0.0075183748267591,0.007596692570099016
3414,12.738805970149254,0.007506978698074818,0.007598241881989851
3415,12.742537313432836,0.00745756272226572,0.0075965994378415546
3416,12.746268656716419,0.007350674364715815,0.007586856486230362
3417,12.75,0.00785837136209011,0.00758629586411322
3418,12.753731343283581,0.007519756443798542,0.007589628159000379
3419,12.757462686567164,0.007367154583334923,0.007573802149059569
3420,12.761194029850746,0.007864071987569332,0.007568783104056265
3421,12.764925373134329,0.007874618284404278,0.007558923373680289
3422,12.76865671641791,0.007507192436605692,0.007555450596733064
3423,12.772388059701493,0.007652104366570711,0.007557414472103119
3424,12.776119402985074,0.007353148423135281,0.007552622590304875
3425,12.779850746268657,0.007506426423788071,0.007549840434477097
3426,12.783582089552239,0.007586119696497917,0.007552741140854068
3427,12.787313432835822,0.007312763947993517,0.007550669516005167
3428,12.791044776119403,0.007691388018429279,0.007554512652682095
3429,12.794776119402986,0.007651067338883877,0.007551002747765402
3430,12.798507462686567,0.007368855178356171,0.007551070711598164
3431,12.802238805970148,0.007575904484838247,0.007550292182713747
3432,12.805970149253731,0.007662701886147261,0.007540058231026661
3433,12.809701492537313,0.007586386054754257,0.007543172289776366
3434,12.813432835820896,0.007442638278007507,0.007542257776438463
3435,12.817164179104477,0.007581392303109169,0.007544974274024731
3436,12.82089552238806,0.007449515163898468,0.0075437542187368
3437,12.824626865671641,0.007459907792508602,0.007555275598949775
3438,12.828358208955224,0.00769264018163085,0.0075495719409933906
3439,12.832089552238806,0.007344462908804417,0.0075521696608786175
3440,12.835820895522389,0.007334236055612564,0.007558229504289423
3441,12.83955223880597,0.007208787836134434,0.0075529420566631525
3442,12.843283582089553,0.007715507876127958,0.007543513744433478
3443,12.847014925373134,0.007508415728807449,0.007549404825379209
3444,12.850746268656716,0.007456537336111069,0.007545838882101745
3445,12.854477611940299,0.007470753043889999,0.007552598421348304
3446,12.85820895522388,0.0076354024931788445,0.007561570942038443
3447,12.861940298507463,0.0074793146923184395,0.007560197366174401
3448,12.865671641791044,0.0076998136937618256,0.007566259708255529
3449,12.869402985074627,0.007688184268772602,0.007557633048968344
3450,12.873134328358208,0.007674016058444977,0.007557064124451178
3451,12.876865671641792,0.007625398226082325,0.007560352147443265
3452,12.880597014925373,0.007552970666438341,0.007552322477284001
3453,12.884328358208956,0.007478547748178244,0.007548275642187857
3454,12.888059701492537,0.007480879779905081,0.007553057745099068
3455,12.89179104477612,0.007618355099111795,0.0075500759909429204
3456,12.895522388059701,0.007407540455460548,0.007550501105625455
3457,12.899253731343284,0.007823050953447819,0.00755413553518493
3458,12.902985074626866,0.0076245213858783245,0.007553945034288052
3459,12.906716417910447,0.0076262629590928555,0.007554088264885472
3460,12.91044776119403,0.007615608163177967,0.007558293629255964
3461,12.914179104477611,0.007647286634892225,0.0075633448048880916
3462,12.917910447761194,0.007488057482987642,0.007563879588482584
3463,12.921641791044776,0.0077487267553806305,0.0075607908685214635
3464,12.925373134328359,0.0075059006921947,0.007566130924515608
3465,12.92910447761194,0.0076302895322442055,0.007573378987882923
3466,12.932835820895523,0.00787429977208376,0.007574308447812389
3467,12.936567164179104,0.0075298030860722065,0.007564752351310922
3468,12.940298507462687,0.007561319973319769,0.007570199361752446
3469,12.944029850746269,0.007337694987654686,0.0075636216348446
3470,12.947761194029852,0.0076277414336800575,0.007559133875297337
3471,12.951492537313433,0.007503664121031761,0.0075586617628975615
3472,12.955223880597014,0.007246688008308411,0.007560931452799861
3473,12.958955223880597,0.007496781647205353,0.007567109699111159
3474,12.962686567164178,0.0077824522741138935,0.007569502210017384
3475,12.966417910447761,0.007320386357605457,0.0075766133348934535
3476,12.970149253731343,0.007598822005093098,0.0075716899208179336
3477,12.973880597014926,0.007598526775836945,0.0075728481680881685
3478,12.977611940298507,0.007452097255736589,0.00757689417408007
3479,12.98134328358209,0.007698512636125088,0.007579712265330117
3480,12.985074626865671,0.007516882847994566,0.007581265949894015
3481,12.988805970149254,0.007541334256529808,0.007584115626608453
3482,12.992537313432836,0.007230713963508606,0.007588739268390871
3483,12.996268656716419,0.007588870357722044,0.007588939048440718
3484,13.0,0.007727358024567366,0.007580449543439034
3485,13.003731343283581,0.007753707934170961,0.00757307720529597
3486,13.007462686567164,0.0075088609009981155,0.007570582725925416
3487,13.011194029850746,0.0072436025366187096,0.007561878176269735
3488,13.014925373134329,0.007702642120420933,0.007562960736544394
3489,13.01865671641791,0.007430126890540123,0.007556273318009406
3490,13.022388059701493,0.007504186127334833,0.007560856538120567
3491,13.026119402985074,0.007654659450054169,0.007562144875253846
3492,13.029850746268657,0.007718455512076616,0.007568727485926413
3493,13.033582089552239,0.007806278765201569,0.00758119577133074
3494,13.037313432835822,0.007576640695333481,0.007572837287514675
3495,13.041044776119403,0.007772435899823904,0.007575357366898437
3496,13.044776119402986,0.007416495122015476,0.0075825423388401186
3497,13.048507462686567,0.007455028593540192,0.00758081461053069
3498,13.052238805970148,0.007988937199115753,0.007577648954238833
3499,13.055970149253731,0.00774006312713027,0.007577760996887597
3500,13.059701492537313,0.007689964026212692,0.007574325177545954
3501,13.063432835820896,0.007732444908469915,0.007579916281761919
3502,13.067164179104477,0.007836855947971344,0.007580441524978818
3503,13.07089552238806,0.007496248465031385,0.007584372864718117
3504,13.074626865671641,0.007400657050311565,0.007583113216863173
3505,13.078358208955224,0.007203634828329086,0.007582553775935638
3506,13.082089552238806,0.007528015878051519,0.007575461084431991
3507,13.085820895522389,0.0075174132362008095,0.007577590735220328
3508,13.08955223880597,0.007574188057333231,0.007583177216896196
3509,13.093283582089553,0.007287135813385248,0.007577606590419281
3510,13.097014925373134,0.0075256070122122765,0.007578690082016514
3511,13.100746268656716,0.007680563256144524,0.007580344712861427
3512,13.104477611940299,0.007773551158607006,0.007575450590016638
3513,13.10820895522388,0.007757887709885836,0.007565379120046046
3514,13.111940298507463,0.00715408381074667,0.007556340611744218
3515,13.115671641791044,0.007885775528848171,0.007555649138805343
3516,13.119402985074627,0.0076149702072143555,0.00755648227499389
3517,13.123134328358208,0.007527985144406557,0.007566371330673375
3518,13.126865671641792,0.007468734867870808,0.007571560046749144
3519,13.130597014925373,0.00745669100433588,0.007553474171223437
3520,13.134328358208956,0.007557644043117762,0.0075489754175267565
3521,13.138059701492537,0.0077461181208491325,0.007548855924297397
3522,13.14179104477612,0.007562869228422642,0.007546531365866341
3523,13.145522388059701,0.0073918988928198814,0.007545696423820606
3524,13.149253731343284,0.007537224795669317,0.007555380509030528
3525,13.152985074626866,0.007704420946538448,0.007551908901915318
3526,13.156716417910447,0.007462907582521439,0.0075583031128455954
3527,13.16044776119403,0.007596176583319902,0.00755577292520462
3528,13.164179104477611,0.007472648285329342,0.007552018400463389
3529,13.167910447761194,0.007474246434867382,0.007558281260837869
3530,13.171641791044776,0.007474550046026707,0.007562249842122561
3531,13.175373134328359,0.007572025991976261,0.007567317690700293
3532,13.17910447761194,0.007454000413417816,0.007572258788547138
3533,13.182835820895523,0.007305525243282318,0.0075725371404210245
3534,13.186567164179104,0.007435699924826622,0.007566481328955511
3535,13.190298507462687,0.007548290304839611,0.007573549442629262
3536,13.194029850746269,0.007806594483554363,0.007562412505560532
3537,13.197761194029852,0.007821946404874325,0.007558955845036884
3538,13.201492537313433,0.007667765952646732,0.007558761448485822
3539,13.205223880597014,0.00724741630256176,0.007557286119951707
3540,13.208955223880597,0.007555614225566387,0.007553462529691254
3541,13.212686567164178,0.0076850648038089275,0.0075610935483582135
3542,13.216417910447761,0.00763713801279664,0.007557872898604085
3543,13.220149253731343,0.007802623324096203,0.007561616565487007
3544,13.223880597014926,0.007893295958638191,0.007566007092685961
3545,13.227611940298507,0.007258321158587933,0.00757270427875039
3546,13.23134328358209,0.00746579747647047,0.007566962379780485
3547,13.235074626865671,0.007424278184771538,0.007571029919767525
3548,13.238805970149254,0.007363477721810341,0.007578778080642223
3549,13.242537313432836,0.007830965332686901,0.00757969179894866
3550,13.246268656716419,0.007449847646057606,0.00757511294015297
3551,13.25,0.007733388803899288,0.0075783882426416005
3552,13.253731343283581,0.007883148267865181,0.007577666808374044
3553,13.257462686567164,0.007784963585436344,0.007588473398511003
3554,13.261194029850746,0.007509599439799786,0.007601526974723107
3555,13.264925373134329,0.007443876471370459,0.007608181331306696
3556,13.26865671641791,0.007429161109030247,0.00760324276620295
3557,13.272388059701493,0.00747324712574482,0.007592080251836195
3558,13.276119402985074,0.007520014885812998,0.00758801670972167
3559,13.279850746268657,0.007408246397972107,0.007582048771948349
3560,13.283582089552239,0.007299923803657293,0.007592376219335853
3561,13.287313432835822,0.007870515808463097,0.007594287770277843
3562,13.291044776119403,0.0076140714809298515,0.007589681937200267
3563,13.294776119402986,0.007716359570622444,0.0075905194801346556
3564,13.298507462686567,0.007571910507977009,0.007581675027656119
3565,13.302238805970148,0.007811809424310923,0.007574373322380025
3566,13.305970149253731,0.007469003088772297,0.007582878625792701
3567,13.309701492537313,0.0076296767219901085,0.007588548790209177
3568,13.313432835820896,0.00791385117918253,0.00759836706537299
3569,13.317164179104477,0.0075101107358932495,0.007595519183158148
3570,13.32089552238806,0.007286513224244118,0.007594967544896573
3571,13.324626865671641,0.0076088374480605125,0.0076055060504231515
3572,13.328358208955224,0.0075424471870064735,0.007602875847823736
3573,13.332089552238806,0.007897070609033108,0.007593845074042314
3574,13.335820895522389,0.007840721867978573,0.007584724518493182
3575,13.33955223880597,0.00770852854475379,0.007589777136539541
3576,13.343283582089553,0.007345809135586023,0.007596749528424769
3577,13.347014925373134,0.007348931394517422,0.007595846611188679
3578,13.350746268656716,0.007655341178178787,0.00760440682856048
3579,13.354477611940299,0.007423080503940582,0.007602532871249245
3580,13.35820895522388,0.0076708416454494,0.007605938081879441
3581,13.361940298507463,0.0076339878141880035,0.007610802232037957
3582,13.365671641791044,0.007496225647628307,0.007601839887750585
3583,13.369402985074627,0.007671477273106575,0.007606306113302708
3584,13.373134328358208,0.007440000772476196,0.007610036491802553
3585,13.376865671641792,0.007593926042318344,0.007609856417175473
3586,13.380597014925373,0.007607038598507643,0.007606281512757627
3587,13.384328358208956,0.007698274217545986,0.00760936838143119
3588,13.388059701492537,0.007826827466487885,0.007607570474558487
3589,13.39179104477612,0.007246714551001787,0.007594005329670702
3590,13.395522388059701,0.007808348163962364,0.007600489594950908
3591,13.399253731343284,0.007881926372647285,0.00760796930777227
3592,13.402985074626866,0.007625550497323275,0.007609999840851964
3593,13.406716417910447,0.007512886542826891,0.007609144057624224
3594,13.41044776119403,0.0074110208079218864,0.007599927973365638
3595,13.414179104477611,0.007716756779700518,0.007593578647640421
3596,13.417910447761194,0.007729744538664818,0.007590794810888971
3597,13.421641791044776,0.007392141502350569,0.0076016478990091054
3598,13.425373134328359,0.007824216037988663,0.007606729796928603
3599,13.42910447761194,0.00744318263605237,0.007609851533410753
3600,13.432835820895523,0.007547860033810139,0.007613471220815327
3601,13.436567164179104,0.007499353960156441,0.0076078598432969755
3602,13.440298507462687,0.007503059692680836,0.007603673730045557
3603,13.444029850746269,0.007797186728566885,0.007604909879041881
3604,13.447761194029852,0.007869305089116096,0.007602302970864424
3605,13.451492537313433,0.007564527448266745,0.007595758839714818
3606,13.455223880597014,0.007665238343179226,0.00759577976039997
3607,13.458955223880597,0.00759556470438838,0.0075914961081452485
3608,13.462686567164178,0.007555962540209293,0.007584248146996266
3609,13.466417910447761,0.0073576802387833595,0.007574191441895758
3610,13.470149253731343,0.007775965612381697,0.007578430424739675
3611,13.473880597014926,0.007593181449919939,0.0075697212979742665
3612,13.477611940298507,0.007692089304327965,0.007558341581010964
3613,13.48134328358209,0.007507360074669123,0.007552688714207672
3614,13.485074626865671,0.007519211154431105,0.007555663983178575
3615,13.488805970149254,0.007580399513244629,0.007557653856077572
3616,13.492537313432836,0.0075943912379443645,0.007549694921003609
3617,13.496268656716419,0.007790785748511553,0.007543527453047473
3618,13.5,0.007557289209216833,0.007549692206539032
3619,13.503731343283581,0.007783332373946905,0.007535471217479647
3620,13.507462686567164,0.007571487687528133,0.007534309767368363
3621,13.511194029850746,0.007440775167196989,0.007533768691667696
3622,13.514925373134329,0.007462357170879841,0.007536753898531925
3623,13.51865671641791,0.007546907756477594,0.007535262805659596
3624,13.522388059701493,0.00756459403783083,0.007531542796641588
3625,13.526119402985074,0.00717169139534235,0.007534138869675921
3626,13.529850746268657,0.007594783790409565,0.007528761924221748
3627,13.533582089552239,0.007431408856064081,0.007527940429565384
3628,13.537313432835822,0.007401107810437679,0.007526617326841849
3629,13.541044776119403,0.007414502557367086,0.007525907977052578
3630,13.544776119402986,0.007420512847602367,0.007526004346223866
3631,13.548507462686567,0.007451273966580629,0.007518166914673113
3632,13.552238805970148,0.007415357977151871,0.00751721024195232
3633,13.555970149253731,0.0073937829583883286,0.007508509054143981
3634,13.559701492537313,0.007634872570633888,0.007510338739560145
3635,13.563432835820896,0.007492605596780777,0.00750710179166096
3636,13.567164179104477,0.007390440441668034,0.007505302624095504
3637,13.57089552238806,0.007476878352463245,0.007506464869238254
3638,13.574626865671641,0.007644896395504475,0.007505709146399323
3639,13.578358208955224,0.007241155486553907,0.007509997455266918
3640,13.582089552238806,0.007395563181489706,0.0075097577305646935
3641,13.585820895522389,0.007525675930082798,0.007516613968352719
3642,13.58955223880597,0.007621747441589832,0.007521482525257076
3643,13.593283582089553,0.007441924884915352,0.007524495660440951
3644,13.597014925373134,0.007644666358828545,0.007525037292663644
3645,13.600746268656716,0.00797574408352375,0.007525796025264554
3646,13.604477611940299,0.007344072684645653,0.007541023637735989
3647,13.60820895522388,0.007631557062268257,0.0075386145333873065
3648,13.611940298507463,0.007541317492723465,0.007538578200449304
3649,13.615671641791044,0.007526879198849201,0.007539907424915128
3650,13.619402985074627,0.007361631374806166,0.007544947526894692
3651,13.623134328358208,0.007454630918800831,0.007546743934565201
3652,13.626865671641792,0.0075539578683674335,0.007544645119640158
3653,13.630597014925373,0.007335340604186058,0.007546834454576417
3654,13.634328358208956,0.007582377176731825,0.007549830723735617
3655,13.638059701492537,0.007386496290564537,0.007545203515669194
3656,13.64179104477612,0.007506633643060923,0.00754955456387706
3657,13.645522388059701,0.00764204328879714,0.007557990756340143
3658,13.649253731343284,0.007759801112115383,0.007559811253464077
3659,13.652985074626866,0.007733109872788191,0.007568026949628824
3660,13.656716417910447,0.007773503661155701,0.0075726292391375795
3661,13.66044776119403,0.007852593436837196,0.007584314622984427
3662,13.664179104477611,0.007640386000275612,0.00758625063818039
3663,13.667910447761194,0.007585895713418722,0.007586032140818311
3664,13.671641791044776,0.007569114677608013,0.007590245035272546
3665,13.675373134328359,0.007595702074468136,0.00759374503636869
3666,13.67910447761194,0.00779602350667119,0.007582281409512933
3667,13.682835820895523,0.007496010512113571,0.007588091919698366
3668,13.686567164179104,0.007429919205605984,0.0075825842256407915
3669,13.690298507462687,0.007455606013536453,0.007578391865713567
3670,13.694029850746269,0.007621146738529205,0.00757834201724064
3671,13.697761194029852,0.007494165562093258,0.0075865260484378515
3672,13.701492537313433,0.007365222554653883,0.007584320472144499
3673,13.705223880597014,0.00750512070953846,0.007583719155773884
3674,13.708955223880597,0.007516629993915558,0.007590534051925671
3675,13.712686567164178,0.007445157039910555,0.007589970976568577
3676,13.716417910447761,0.007670998573303223,0.007593814238179021
3677,13.720149253731343,0.007736324332654476,0.007595231041039635
3678,13.723880597014926,0.007551518734544516,0.007593747625899751
3679,13.727611940298507,0.007981739938259125,0.0075897818272251906
3680,13.73134328358209,0.007429849356412888,0.0075866019739428674
3681,13.735074626865671,0.007874663919210434,0.00757820242107278
3682,13.738805970149254,0.007605052553117275,0.00757635490423659
3683,13.742537313432836,0.007612789049744606,0.007581416710575179
3684,13.746268656716419,0.007614653557538986,0.0075825675640527794
3685,13.75,0.007788166403770447,0.007583358393209737
3686,13.753731343283581,0.007505735382437706,0.0075882988777465936
3687,13.757462686567164,0.00758230360224843,0.007586019420314853
3688,13.761194029850746,0.007405741605907679,0.007586738242336162
3689,13.764925373134329,0.007369430735707283,0.007596515721028171
3690,13.76865671641791,0.0075248354114592075,0.0075992798296416674
3691,13.772388059701493,0.007697176653891802,0.007599354596672262
3692,13.776119402985074,0.007364202290773392,0.007605311619799312
3693,13.779850746268657,0.007529303897172213,0.007608904207988483
3694,13.783582089552239,0.007614751346409321,0.007610299942515246
3695,13.787313432835822,0.007559291087090969,0.007616458642410069
3696,13.791044776119403,0.007544070016592741,0.007614495300846856
3697,13.794776119402986,0.0075647225603461266,0.007613679462271493
3698,13.798507462686567,0.007581223268061876,0.007611630563964931
3699,13.802238805970148,0.007597203366458416,0.007612735510054158
3700,13.805970149253731,0.007602735888212919,0.007610596103093973
3701,13.809701492537313,0.007429121993482113,0.007614282664002442
3702,13.813432835820896,0.007776845246553421,0.007607980449570388
3703,13.817164179104477,0.007847920060157776,0.007610288607638057
3704,13.82089552238806,0.007633080706000328,0.007614727245598305
3705,13.824626865671641,0.007601538673043251,0.007623157350391876
3706,13.828358208955224,0.0077982619404792786,0.007624193821556684
3707,13.832089552238806,0.007702565751969814,0.007630136386468643
3708,13.835820895522389,0.007525482214987278,0.007630305932607592
3709,13.83955223880597,0.007830795831978321,0.0076343604681513655
3710,13.843283582089553,0.007568934466689825,0.007637741294030736
3711,13.847014925373134,0.007624212186783552,0.007642868361095103
3712,13.850746268656716,0.007738403510302305,0.007642525532169313
3713,13.854477611940299,0.007512518670409918,0.007649157855023698
3714,13.85820895522388,0.007562345825135708,0.007650190021660997
3715,13.861940298507463,0.007769136689603329,0.007650177516951793
3716,13.865671641791044,0.007364660035818815,0.007649542593465346
3717,13.869402985074627,0.007637549191713333,0.007654040188687604
3718,13.873134328358208,0.007652319502085447,0.0076519415781992235
3719,13.876865671641792,0.007596821524202824,0.007653797442865808
3720,13.880597014925373,0.00789402425289154,0.00764691851260822
3721,13.884328358208956,0.007580998353660107,0.007646676039368641
3722,13.888059701492537,0.0076162731274962425,0.007653798499121898
3723,13.89179104477612,0.007699687033891678,0.007648386152052298
3724,13.895522388059701,0.007794773206114769,0.0076532961073808555
3725,13.899253731343284,0.007960287854075432,0.007655942733058843
3726,13.902985074626866,0.007830661721527576,0.007651866777095853
3727,13.906716417910447,0.0077493805438280106,0.007650780695967558
3728,13.91044776119403,0.00758925499394536,0.007641356302107253
3729,13.914179104477611,0.007571977563202381,0.007637674352381288
3730,13.917910447761194,0.007508044596761465,0.007635529130333807
3731,13.921641791044776,0.007735045161098242,0.007631085165662736
3732,13.925373134328359,0.007683120667934418,0.007627039171028428
3733,13.92910447761194,0.007636127527803183,0.007615209034666783
3734,13.932835820895523,0.007571622729301453,0.007614679748146999
3735,13.936567164179104,0.007614238653331995,0.007618654882762491
3736,13.940298507462687,0.0075332592241466045,0.007615506842096404
3737,13.944029850746269,0.0077284714207053185,0.0076235076412558556
3738,13.947761194029852,0.007478679530322552,0.007620432266465775
3739,13.951492537313433,0.007657313719391823,0.007611779541504092
3740,13.955223880597014,0.007315167225897312,0.007609775755554438
3741,13.958955223880597,0.007592794485390186,0.007601533550769091
3742,13.962686567164178,0.007721142843365669,0.0075996747899164515
3743,13.966417910447761,0.007554939016699791,0.007600906407233418
3744,13.970149253731343,0.008049228228628635,0.007606742937662979
3745,13.973880597014926,0.007741592358797789,0.007603449122298781
3746,13.977611940298507,0.007434424478560686,0.007589440508859187
3747,13.98134328358209,0.007753732614219189,0.007580694822003928
3748,13.985074626865671,0.0073161656036973,0.007583305773484271
3749,13.988805970149254,0.007374522276222706,0.00758583555225192
3750,13.992537313432836,0.007742841728031635,0.007593935673556677
3751,13.996268656716419,0.007386731915175915,0.007595312883850278
3752,14.0,0.007458326406776905,0.0075900427224795996
3753,14.003731343283581,0.00725336791947484,0.007581205845515176
3754,14.007462686567164,0.007490817923098803,0.0075735759853226385
3755,14.011194029850746,0.007725326344370842,0.007571244782700044
3756,14.014925373134329,0.007640067022293806,0.007563970676373418
3757,14.01865671641791,0.007692692801356316,0.0075614239180051696
3758,14.022388059701493,0.007511458825320005,0.0075675376191190104
3759,14.026119402985074,0.007297557778656483,0.007573471472757619
3760,14.029850746268657,0.007514666300266981,0.0075716021039137025
3761,14.033582089552239,0.007556093856692314,0.007582882669095586
3762,14.037313432835822,0.007504789158701897,0.0075882183978470364
3763,14.041044776119403,0.007666769437491894,0.00759290447231473
3764,14.044776119402986,0.007938984781503677,0.007588951348713259
3765,14.048507462686567,0.0076597267761826515,0.007576369282948535
3766,14.052238805970148,0.007385934703052044,0.007570547029012587
3767,14.055970149253731,0.007472088560461998,0.007571320446980436
3768,14.059701492537313,0.007856429554522038,0.00756524706531952
3769,14.063432835820896,0.007692975923418999,0.007571954087058946
3770,14.067164179104477,0.007904082536697388,0.007577465142963863
3771,14.07089552238806,0.007564510218799114,0.00756383616840694
3772,14.074626865671641,0.007518968544900417,0.007568823309933267
3773,14.078358208955224,0.007320808712393045,0.007574181765227056
3774,14.082089552238806,0.007323303259909153,0.007582104151568762
3775,14.085820895522389,0.007476043421775103,0.007584684903210983
3776,14.08955223880597,0.007316000293940306,0.00757608313976628
3777,14.093283582089553,0.007428842131048441,0.007576831230303136
3778,14.097014925373134,0.007979133166372776,0.00757593565007172
3779,14.100746268656716,0.007721967529505491,0.007577675122131661
3780,14.104477611940299,0.007580669596791267,0.0075860962430696665
3781,14.10820895522388,0.00777767039835453,0.0075854347201018794
3782,14.111940298507463,0.007811559364199638,0.007582638049271048
3783,14.115671641791044,0.007913271896541119,0.007581602304992153
3784,14.119402985074627,0.007392860949039459,0.0075744701572126
3785,14.123134328358208,0.0075333635322749615,0.007565003876551622
3786,14.126865671641792,0.007502879947423935,0.007561286513852637
3787,14.130597014925373,0.007466134615242481,0.007559840919495356
3788,14.134328358208956,0.007504723966121674,0.0075651158624124235
3789,14.138059701492537,0.007591153495013714,0.007558566847498097
3790,14.14179104477612,0.0076004755683243275,0.007556855281042617
3791,14.145522388059701,0.007184053771197796,0.007547767435359519
3792,14.149253731343284,0.007591204717755318,0.0075537464922157726
3793,14.152985074626866,0.00767802307382226,0.007556976670989903
3794,14.156716417910447,0.007578185759484768,0.0075611869418402994
3795,14.16044776119403,0.007596628740429878,0.0075687967785974825
3796,14.164179104477611,0.007372654043138027,0.007573130483761794
3797,14.167910447761194,0.007670738734304905,0.007570367192894947
3798,14.171641791044776,0.0076559740118682384,0.007575686305488755
3799,14.175373134328359,0.007582777179777622,0.007566621708797246
3800,14.17910447761194,0.007642823737114668,0.007568689721931771
3801,14.182835820895523,0.007487543858587742,0.007562875747680664
3802,14.186567164179104,0.007441430352628231,0.007552660536020994
3803,14.190298507462687,0.007462323643267155,0.007547765992945287
3804,14.194029850746269,0.007374351378530264,0.007542238275452358
3805,14.197761194029852,0.007550867274403572,0.007546895081404506
3806,14.201492537313433,0.007507314905524254,0.0075476149256091295
3807,14.205223880597014,0.007326665334403515,0.007549368583301946
3808,14.208955223880597,0.007688361220061779,0.007551651277647513
3809,14.212686567164178,0.007587919943034649,0.007547581466141998
3810,14.216417910447761,0.007622801698744297,0.00754415217741597
3811,14.220149253731343,0.007531480863690376,0.007553270291082743
3812,14.223880597014926,0.0078096515499055386,0.007563824356510871
3813,14.227611940298507,0.0076514058746397495,0.007567758842303258
3814,14.23134328358209,0.007493429817259312,0.007570894105677925
3815,14.235074626865671,0.007635306566953659,0.007578636122095149
3816,14.238805970149254,0.007653725333511829,0.007567427529976136
3817,14.242537313432836,0.00720270536839962,0.007572100122981682
3818,14.246268656716419,0.007646925747394562,0.007567453959093588
3819,14.25,0.0076074847020208836,0.007567810632924481
3820,14.253731343283581,0.007806756068021059,0.007568743954435355
3821,14.257462686567164,0.007342296652495861,0.007570222633459219
3822,14.261194029850746,0.007358846720308065,0.007573750437941493
3823,14.264925373134329,0.0076108830980956554,0.00757514356022201
3824,14.26865671641791,0.0076866354793310165,0.007567525932156458
3825,14.272388059701493,0.0075837899930775166,0.007566237878962987
3826,14.276119402985074,0.007562877144664526,0.007562797902742537
3827,14.279850746268657,0.007574779912829399,0.007561509838191475
3828,14.283582089552239,0.00755972508341074,0.007563578351060065
3829,14.287313432835822,0.007337861694395542,0.007558637593940991
3830,14.291044776119403,0.00745055265724659,0.007556257701319892
3831,14.294776119402986,0.007974318228662014,0.007556725770416783
3832,14.298507462686567,0.007616770453751087,0.00755891792203595
3833,14.302238805970148,0.007752518635243177,0.007542798465980989
3834,14.305970149253731,0.007806568872183561,0.00754209596481992
3835,14.309701492537313,0.007895608432590961,0.007539324894002298
3836,14.313432835820896,0.007137076463550329,0.007538410108082178
3837,14.317164179104477,0.007564230356365442,0.007540100708422138
3838,14.32089552238806,0.007480246014893055,0.0075481603512676755
3839,14.324626865671641,0.007670597638934851,0.007543502500417029
3840,14.328358208955224,0.007621043361723423,0.007540252877444756
3841,14.332089552238806,0.007703449577093124,0.007530529778905031
3842,14.335820895522389,0.007632183842360973,0.007533746533004976
3843,14.33955223880597,0.007498548366129398,0.007543293691081245
3844,14.343283582089553,0.0071500008925795555,0.007543124281233404
3845,14.347014925373134,0.0073215411975979805,0.007540732519928275
3846,14.350746268656716,0.007409828249365091,0.007541842417927777
3847,14.354477611940299,0.007454504258930683,0.0075438623543737865
3848,14.35820895522388,0.007411474362015724,0.007547063616717734
3849,14.361940298507463,0.007485790178179741,0.007546900339969774
3850,14.365671641791044,0.007490344345569611,0.0075519126272056165
3851,14.369402985074627,0.007641992531716824,0.007555591010647576
3852,14.373134328358208,0.007621359080076218,0.00754713394292971
3853,14.376865671641792,0.007148753851652145,0.007541509685901607
3854,14.380597014925373,0.007622603327035904,0.007542625126406187
3855,14.384328358208956,0.00737981591373682,0.0075337976080978785
3856,14.388059701492537,0.0075978003442287445,0.007525068401109155
3857,14.39179104477612,0.007723039947450161,0.007532857835474537
3858,14.395522388059701,0.007533150725066662,0.007536019289457217
3859,14.399253731343284,0.007455953862518072,0.007533732426875248
3860,14.402985074626866,0.0074742501601576805,0.007531233086455159
3861,14.406716417910447,0.007408109027892351,0.007523537068287047
3862,14.41044776119403,0.0074741835705935955,0.007514634169638157
3863,14.414179104477611,0.007750280201435089,0.007509122682144729
3864,14.417910447761194,0.007603937294334173,0.007508719453542698
3865,14.421641791044776,0.007588573265820742,0.007513798796003912
3866,14.425373134328359,0.007629295811057091,0.007534924031394284
3867,14.42910447761194,0.00764569453895092,0.007531267852045414
3868,14.432835820895523,0.007706031668931246,0.0075400849781567005
3869,14.436567164179104,0.007553030736744404,0.007543601674913633
3870,14.440298507462687,0.007543365471065044,0.007546773100862416
3871,14.444029850746269,0.007601366378366947,0.007552793590215648
3872,14.447761194029852,0.0076275784522295,0.007546809047642277
3873,14.451492537313433,0.007386175915598869,0.0075411190528695176
3874,14.455223880597014,0.007798251695930958,0.007547683150666516
3875,14.458955223880597,0.007444640621542931,0.007547377461067787
3876,14.462686567164178,0.0075377109460532665,0.007555542956674244
3877,14.466417910447761,0.0074564432725310326,0.007552549515555545
3878,14.470149253731343,0.007693849969655275,0.007544646766491052
3879,14.473880597014926,0.007386484649032354,0.007545388246909148
3880,14.477611940298507,0.007568124681711197,0.007544160252664148
3881,14.48134328358209,0.007305506616830826,0.0075438471692727835
3882,14.485074626865671,0.007338430732488632,0.007550670981134583
3883,14.488805970149254,0.007406212855130434,0.007550279973301946
3884,14.492537313432836,0.007482015993446112,0.007549648547953949
3885,14.496268656716419,0.007358253933489323,0.007546842211812008
3886,14.5,0.008187675848603249,0.007548460702797989
3887,14.503731343283581,0.0072599248960614204,0.007546048191171594
3888,14.507462686567164,0.007816006429493427,0.007549262298952516
3889,14.511194029850746,0.007555658929049969,0.007543747767624332
3890,14.514925373134329,0.00761581864207983,0.007537874234158818
3891,14.51865671641791,0.0077371844090521336,0.007541452523139192
3892,14.522388059701493,0.00739662628620863,0.007545311390081557
3893,14.526119402985074,0.007388069294393063,0.0075452018120303384
3894,14.529850746268657,0.007417881861329079,0.007551014184860922
3895,14.533582089552239,0.007610070053488016,0.00754687385406436
3896,14.537313432835822,0.00771460123360157,0.007553895231245495
3897,14.541044776119403,0.007475069258362055,0.007560485190280327
3898,14.544776119402986,0.007399027235805988,0.007560002651610752
3899,14.548507462686567,0.007563551422208548,0.007556205876625892
3900,14.552238805970148,0.007405606098473072,0.007562670084397967
3901,14.555970149253731,0.007461413741111755,0.007561034273083617
3902,14.559701492537313,0.0076878853142261505,0.007559887860424635
3903,14.563432835820896,0.007458152249455452,0.007567400873706835
3904,14.567164179104477,0.007724391762167215,0.0075704006069317095
3905,14.57089552238806,0.007488877512514591,0.007577564885340086
3906,14.574626865671641,0.007654931396245956,0.007581966247682165
3907,14.578358208955224,0.007530382834374905,0.0075629572838363125
3908,14.582089552238806,0.007777472957968712,0.0075602253967123785
3909,14.585820895522389,0.007479935884475708,0.007554530415956567
3910,14.58955223880597,0.007312215864658356,0.007552747092232472
3911,14.593283582089553,0.007690075319260359,0.007549694284978436
3912,14.597014925373134,0.007759579923003912,0.0075414227435319885
3913,14.600746268656716,0.007623085752129555,0.0075444351745451365
3914,14.604477611940299,0.007624483201652765,0.007544595225736863
3915,14.60820895522388,0.007628498133271933,0.007549315622848708
3916,14.611940298507463,0.007732517085969448,0.007551269878338023
3917,14.615671641791044,0.0078078992664813995,0.0075508408339285266
3918,14.619402985074627,0.007436659187078476,0.007553662184807585
3919,14.623134328358208,0.007538182195276022,0.007557973254290296
3920,14.626865671641792,0.007651517167687416,0.007568499595835441
3921,14.630597014925373,0.007501056417822838,0.0075645271643269354
3922,14.634328358208956,0.007258503697812557,0.007571435624324694
3923,14.638059701492537,0.00764646427705884,0.007566146518489937
3924,14.64179104477612,0.007529201917350292,0.0075663574516954945
3925,14.645522388059701,0.007775751408189535,0.007557461833263316
3926,14.649253731343284,0.007538709789514542,0.007556914488171659
3927,14.652985074626866,0.007408308330923319,0.007547813013377713
3928,14.656716417910447,0.007147917523980141,0.007554344855612371
3929,14.66044776119403,0.007582512218505144,0.007546899579011086
3930,14.664179104477611,0.007482542656362057,0.007566876311945479
3931,14.667910447761194,0.007490653544664383,0.007572686912991651
3932,14.671641791044776,0.007398051209747791,0.00757001399448732
3933,14.675373134328359,0.007520135957747698,0.00756744951827497
3934,14.67910447761194,0.007394631393253803,0.007563270094645459
3935,14.682835820895523,0.007611418142914772,0.007567365472091407
3936,14.686567164179104,0.00769019452854991,0.007561172438194839
3937,14.690298507462687,0.007697010412812233,0.00756022147834301
3938,14.694029850746269,0.007590744644403458,0.007547886974019248
3939,14.697761194029852,0.007575781084597111,0.00755151971129746
3940,14.701492537313433,0.00799513142555952,0.007544196381165487
3941,14.705223880597014,0.007242736406624317,0.007538037408688446
3942,14.708955223880597,0.007744660601019859,0.007542742904639099
3943,14.712686567164178,0.007471031975001097,0.007548219285814501
3944,14.716417910447761,0.007466800510883331,0.007542529393260072
3945,14.720149253731343,0.007359671406447887,0.007546226823384442
3946,14.723880597014926,0.007466436363756657,0.007542467187726643
3947,14.727611940298507,0.007281770929694176,0.007541870164525945
3948,14.73134328358209,0.007798188365995884,0.00754175428301096
3949,14.735074626865671,0.007472216617316008,0.007542764586282939
3950,14.738805970149254,0.008298981934785843,0.007534882155951203
3951,14.742537313432836,0.007550450507551432,0.00753243729790173
3952,14.746268656716419,0.007580485660582781,0.007531216152284931
3953,14.75,0.007654436398297548,0.007531440555595043
3954,14.753731343283581,0.007451729383319616,0.007530746209185298
3955,14.757462686567164,0.0077923936769366264,0.007529691020708259
3956,14.761194029850746,0.0073745837435126305,0.0075227187196837695
3957,14.764925373134329,0.007693527732044458,0.007511263304367298
3958,14.76865671641791,0.007302184589207172,0.00750968019228156
3959,14.772388059701493,0.007585601415485144,0.00750607430435172
3960,14.776119402985074,0.007237925659865141,0.007503460286321436
3961,14.779850746268657,0.00739899929612875,0.007482892981298813
3962,14.783582089552239,0.0076939817517995834,0.007486764103083349
3963,14.787313432835822,0.007483035326004028,0.007480461797790557
3964,14.791044776119403,0.0074131786823272705,0.007482067329763639
3965,14.794776119402986,0.007680796552449465,0.007482311972303361
3966,14.798507462686567,0.007621606346219778,0.007481149681730241
3967,14.802238805970148,0.007514231838285923,0.007486003008103225
3968,14.805970149253731,0.007403557188808918,0.007490324049552039
3969,14.809701492537313,0.007189339958131313,0.007482424707765259
3970,14.813432835820896,0.007259332574903965,0.007482820463071509
3971,14.817164179104477,0.007382303476333618,0.007466440418417134
3972,14.82089552238806,0.007440586574375629,0.007465568904923957
3973,14.824626865671641,0.007407251745462418,0.00746351304441327
3974,14.828358208955224,0.007491667754948139,0.007461239424784009
3975,14.832089552238806,0.00735136866569519,0.007468077433636275
3976,14.835820895522389,0.007325553800910711,0.007461782056474831
3977,14.83955223880597,0.007220522500574589,0.0074621766873794355
3978,14.843283582089553,0.007632102817296982,0.0074560142621943135
3979,14.847014925373134,0.007442903239279985,0.00746453856685903
3980,14.850746268656716,0.007468606345355511,0.007463916250300117
3981,14.854477611940299,0.007151871919631958,0.00746315116880507
3982,14.85820895522388,0.007401452399790287,0.007470211888686186
3983,14.861940298507463,0.007486266084015369,0.007465023922211513
3984,14.865671641791044,0.007536858785897493,0.007467757512974303
3985,14.869402985074627,0.00747683085501194,0.007469736153214443
3986,14.873134328358208,0.007312017492949963,0.007464397937150263
3987,14.876865671641792,0.007665422745049,0.007455659008062467
3988,14.880597014925373,0.007458933629095554,0.007458363568819151
3989,14.884328358208956,0.007474315352737904,0.007467709720225596
3990,14.888059701492537,0.007488442584872246,0.0074740703353976335
3991,14.89179104477612,0.007627400103956461,0.00747806239282576
3992,14.895522388059701,0.00751471845433116,0.007479778411457452
3993,14.899253731343284,0.007496195379644632,0.007485346107675535
3994,14.902985074626866,0.0075612179934978485,0.007484629500384738
3995,14.906716417910447,0.00773208774626255,0.007482902249094189
3996,14.91044776119403,0.007534283213317394,0.007483861704425114
3997,14.914179104477611,0.007390763610601425,0.007481402070147962
3998,14.917910447761194,0.007440868299454451,0.00749106660894141
3999,14.921641791044776,0.007651681080460548,0.00749206562276657
4000,14.925373134328359,0.007560086436569691,
4001,14.92910447761194,0.00720655731856823,
4002,14.932835820895523,0.007688488811254501,
4003,14.936567164179104,0.007481275126338005,
4004,14.940298507462687,0.007595112547278404,
4005,14.944029850746269,0.007494302932173014,
4006,14.947761194029852,0.007461929693818092,
4007,14.951492537313433,0.007263310253620148,
4008,14.955223880597014,0.00762511882930994,
4009,14.958955223880597,0.007786749396473169,
4010,14.962686567164178,0.007450125180184841,
4011,14.966417910447761,0.007423006929457188,
4012,14.970149253731343,0.0074526602402329445,
4013,14.973880597014926,0.007668862119317055,
4014,14.977611940298507,0.007377870846539736,
4015,14.98134328358209,0.0074208504520356655,
4016,14.985074626865671,0.007390706334263086,
4017,14.988805970149254,0.007224708795547485,
4018,14.992537313432836,0.007616768591105938,
4019,14.996268656716419,0.0076730623841285706,
