iteration,epoch,loss,smoothed_loss_41
0,0.0,0.009774827398359776,
1,0.0037313432835820895,0.010630936361849308,
2,0.007462686567164179,0.00888181570917368,
3,0.011194029850746268,0.008805734105408192,
4,0.014925373134328358,0.008442739024758339,
5,0.018656716417910446,0.006716674193739891,
6,0.022388059701492536,0.00674806535243988,
7,0.026119402985074626,0.006329497322440147,
8,0.029850746268656716,0.00579380989074707,
9,0.033582089552238806,0.00576391164213419,
10,0.03731343283582089,0.005236671306192875,
11,0.041044776119402986,0.005288741551339626,
12,0.04477611940298507,0.005333338864147663,
13,0.048507462686567165,0.0049903299659490585,
14,0.05223880597014925,0.004723803605884314,
15,0.055970149253731345,0.004383652471005917,
16,0.05970149253731343,0.004511505365371704,
17,0.06343283582089553,0.004271913785487413,
18,0.06716417910447761,0.00404911395162344,
19,0.0708955223880597,0.003711768426001072,
20,0.07462686567164178,0.003999804146587849,0.004770287624901024
21,0.07835820895522388,0.004069526679813862,0.00460063824543684
22,0.08208955223880597,0.003888805629685521,0.004413496436006049
23,0.08582089552238806,0.0036424766294658184,0.004268703862979281
24,0.08955223880597014,0.0035931074526160955,0.004123571118703339
25,0.09328358208955224,0.0036762733943760395,0.003981365379309509
26,0.09701492537313433,0.0035020015202462673,0.0038886917755007744
27,0.10074626865671642,0.003710491582751274,0.0037898512318639494
28,0.1044776119402985,0.003421633504331112,0.0037037492332207722
29,0.10820895522388059,0.0032324660569429398,0.003632192596475162
30,0.11194029850746269,0.0034919355530291796,0.0035577208519254515
31,0.11567164179104478,0.003345899051055312,0.003495587399456559
32,0.11940298507462686,0.0033505030442029238,0.0034332022229890996
33,0.12313432835820895,0.0031320909038186073,0.0033694899232104055
34,0.12686567164179105,0.0031563853845000267,0.0033152741947915496
35,0.13059701492537312,0.00316413096152246,0.0032683367466145173
36,0.13432835820895522,0.0030127880163490772,0.003225216278579177
37,0.13805970149253732,0.003007860155776143,0.003181633323703597
38,0.1417910447761194,0.002998646581545472,0.003140940308207419
39,0.1455223880597015,0.002961784601211548,0.0031076406651153795
40,0.14925373134328357,0.002834331477060914,0.003084008752300245
41,0.15298507462686567,0.0028192028403282166,0.003053347932220232
42,0.15671641791044777,0.0029581221751868725,0.003019258368578626
43,0.16044776119402984,0.002945320215076208,0.002988631252153981
44,0.16417910447761194,0.0028552915900945663,0.002967595060287816
45,0.16791044776119404,0.0026123037096112967,0.002945125971852643
46,0.17164179104477612,0.0029170564375817776,0.002919256022745153
47,0.17537313432835822,0.0026956030633300543,0.00289617257942332
48,0.1791044776119403,0.0027993153780698776,0.002869418714331781
49,0.1828358208955224,0.002859987784177065,0.002846586171583068
50,0.1865671641791045,0.002710570115596056,0.002827613972263729
51,0.19029850746268656,0.0026891997549682856,0.0028030452681932507
52,0.19402985074626866,0.002730949316173792,0.002781519512986628
53,0.19776119402985073,0.0027211345732212067,0.002764502239254553
54,0.20149253731343283,0.002767485100775957,0.0027486432127927134
55,0.20522388059701493,0.002799368230625987,0.002732782863171362
56,0.208955223880597,0.002615713281556964,0.0027209603250390145
57,0.2126865671641791,0.0027246042154729366,0.0027083658908561964
58,0.21641791044776118,0.0026035001501441,0.002696136166000875
59,0.22014925373134328,0.0026838285848498344,0.0026837175643843847
60,0.22388059701492538,0.0027428600005805492,0.002670074699491989
61,0.22761194029850745,0.0027427105233073235,0.002658460771937559
62,0.23134328358208955,0.0026718545705080032,0.0026491956115223285
63,0.23507462686567165,0.0026330938562750816,0.002634271797610492
64,0.23880597014925373,0.002779992762953043,0.0026217862543445533
65,0.24253731343283583,0.002671874826774001,0.002608959494930942
66,0.2462686567164179,0.002615605480968952,0.002602242677268095
67,0.25,0.0025555803440511227,0.0025869768692135084
68,0.2537313432835821,0.0026135831139981747,0.002582824624302547
69,0.2574626865671642,0.0024854992516338825,0.0025730990043773155
70,0.26119402985074625,0.002454605884850025,0.0025615942971099442
71,0.26492537313432835,0.0024846186861395836,0.0025523521926072313
72,0.26865671641791045,0.0024633430875837803,0.002539999442311322
73,0.27238805970149255,0.002652794821187854,0.0025294592331458884
74,0.27611940298507465,0.0024818708188831806,0.0025199741102391628
75,0.2798507462686567,0.0025061110500246286,0.0025112414051119874
76,0.2835820895522388,0.002679406898096204,0.0024973789809226263
77,0.2873134328358209,0.002496416214853525,0.0024892891212025792
78,0.291044776119403,0.0025064414367079735,0.0024808110816903956
79,0.2947761194029851,0.002489483915269375,0.002470542432558609
80,0.29850746268656714,0.002402427140623331,0.002458685566103313
81,0.30223880597014924,0.0023581604473292828,0.002444013731735872
82,0.30597014925373134,0.0024393312633037567,0.002431701261141315
83,0.30970149253731344,0.0023462458048015833,0.0024211304943736007
84,0.31343283582089554,0.002433412941172719,0.002410162058545322
85,0.31716417910447764,0.002329394454136491,0.0023947616630211107
86,0.3208955223880597,0.00233691418543458,0.0023833661306104283
87,0.3246268656716418,0.0022911583073437214,0.002376300220309598
88,0.3283582089552239,0.0025253610219806433,0.002363515591884895
89,0.332089552238806,0.0024005649611353874,0.002350565653703198
90,0.3358208955223881,0.0023882947862148285,0.002339057028066458
91,0.33955223880597013,0.002331643830984831,0.0023309820865439934
92,0.34328358208955223,0.0021827369928359985,0.002325375592790362
93,0.34701492537313433,0.002298800740391016,0.002313608297987319
94,0.35074626865671643,0.002332244534045458,0.0023023248934073417
95,0.35447761194029853,0.0024094441905617714,0.0022907983227746518
96,0.3582089552238806,0.0022310088388621807,0.0022818192544325094
97,0.3619402985074627,0.00228402903303504,0.0022683177972439585
98,0.3656716417910448,0.0023770045954734087,0.002254877256502102
99,0.3694029850746269,0.0021824855357408524,0.002242808372191176
100,0.373134328358209,0.0021976970601826906,0.0022313916067615517
101,0.376865671641791,0.0021413147915154696,0.0022225686258113965
102,0.3805970149253731,0.0022378992289304733,0.0022139294050270465
103,0.3843283582089552,0.002238453133031726,0.0022017462349428634
104,0.3880597014925373,0.0021833879873156548,0.0021914775574170963
105,0.3917910447761194,0.00214857654646039,0.0021809012367867116
106,0.39552238805970147,0.0022046579979360104,0.0021750485217880183
107,0.39925373134328357,0.002325903158634901,0.0021652916457685755
108,0.40298507462686567,0.002031410578638315,0.0021553980073005688
109,0.40671641791044777,0.002082635648548603,0.0021398328216292147
110,0.41044776119402987,0.002013645600527525,0.0021296533523127437
111,0.4141791044776119,0.00212353328242898,0.0021210697666946346
112,0.417910447761194,0.002254752442240715,0.002112158588360904
113,0.4216417910447761,0.001980884000658989,0.002107447464723231
114,0.4253731343283582,0.0021901752334088087,0.002099696146437853
115,0.4291044776119403,0.002009281422942877,0.0020905308987627306
116,0.43283582089552236,0.002137969247996807,0.0020791017081270495
117,0.43656716417910446,0.002125847153365612,0.0020744678331539035
118,0.44029850746268656,0.0019453540444374084,0.0020659793162627555
119,0.44402985074626866,0.0020116171799600124,0.0020582283784567217
120,0.44776119402985076,0.0020213965326547623,0.0020520760672076083
121,0.45149253731343286,0.00204068492166698,0.0020483490448763094
122,0.4552238805970149,0.002003952395170927,0.002045140360345746
123,0.458955223880597,0.0019398212898522615,0.002038333522405748
124,0.4626865671641791,0.0019252300262451172,0.0020279841179527886
125,0.4664179104477612,0.001999783795326948,0.0020186578565299877
126,0.4701492537313433,0.0020894331391900778,0.002010920792023038
127,0.47388059701492535,0.0019368822686374187,0.001999510068832556
128,0.47761194029850745,0.0018855191301554441,0.0019877592425384537
129,0.48134328358208955,0.0018871884094551206,0.0019847347951925747
130,0.48507462686567165,0.00198320671916008,0.0019785024924203753
131,0.48880597014925375,0.0020363677758723497,0.0019723464331657787
132,0.4925373134328358,0.0019662855193018913,0.0019634795891938775
133,0.4962686567164179,0.001989580923691392,0.0019502618191082303
134,0.5,0.0019809966906905174,0.0019463650887922906
135,0.503731343283582,0.001956469379365444,0.0019324168750289373
136,0.5074626865671642,0.0019408473744988441,0.0019250491196743961
137,0.5111940298507462,0.0020410199649631977,0.0019142020510782192
138,0.5149253731343284,0.0019359998404979706,0.0019032468667208422
139,0.5186567164179104,0.002059216145426035,0.0018979205306982848
140,0.5223880597014925,0.0019302407745271921,0.0018961294327022099
141,0.5261194029850746,0.0020448891445994377,0.0018884041687337364
142,0.5298507462686567,0.0020097587257623672,0.0018847743986265325
143,0.5335820895522388,0.0019588188733905554,0.0018798021355462147
144,0.5373134328358209,0.0018141275504603982,0.001875518889325421
145,0.5410447761194029,0.001801011268980801,0.0018717239571099237
146,0.5447761194029851,0.0018313569016754627,0.0018661957796345034
147,0.5485074626865671,0.0017368183471262455,0.001862025436400095
148,0.5522388059701493,0.001844119280576706,0.0018576555828586584
149,0.5559701492537313,0.0019074082374572754,0.0018522705877108908
150,0.5597014925373134,0.0018271112348884344,0.0018479143859954869
151,0.5634328358208955,0.0017612471710890532,0.0018389075625369826
152,0.5671641791044776,0.001759992679581046,0.0018318417942060567
153,0.5708955223880597,0.0017128238687291741,0.0018243936611702892
154,0.5746268656716418,0.001821118057705462,0.0018186191999830488
155,0.5783582089552238,0.0016182984691113234,0.0018088467583832581
156,0.582089552238806,0.0017072034534066916,0.0018014982995781593
157,0.585820895522388,0.0016932394355535507,0.0017901491118231562
158,0.5895522388059702,0.0016766845947131515,0.0017796141952957686
159,0.5932835820895522,0.0017269742675125599,0.0017688679026167204
160,0.5970149253731343,0.0019381821621209383,0.0017578215309895758
161,0.6007462686567164,0.0017046607099473476,0.0017498905810232207
162,0.6044776119402985,0.0018918643472716212,0.0017364327710621605
163,0.6082089552238806,0.0018000896088778973,0.0017281204445015004
164,0.6119402985074627,0.0017642081947997212,0.0017171287681998276
165,0.6156716417910447,0.0017696378054097295,0.0017109914035422773
166,0.6194029850746269,0.0017731285188347101,0.0017041293875791315
167,0.6231343283582089,0.0019184490665793419,0.0016967543662048694
168,0.6268656716417911,0.0017577182734385133,0.0016945285733970927
169,0.6305970149253731,0.001664734329096973,0.0016858923396595369
170,0.6343283582089553,0.001708584139123559,0.0016767179462831559
171,0.6380597014925373,0.0016139269573614001,0.0016704063760343848
172,0.6417910447761194,0.00174667127430439,0.0016658669451206196
173,0.6455223880597015,0.0016609120648354292,0.0016595631888954015
174,0.6492537313432836,0.0017528280150145292,0.001656579643079057
175,0.6529850746268657,0.001580326585099101,0.001648500607144542
176,0.6567164179104478,0.0016551825683563948,0.0016460391783677951
177,0.6604477611940298,0.0014755306765437126,0.0016401684218336169
178,0.664179104477612,0.0016090883873403072,0.0016356454509105988
179,0.667910447761194,0.0014954018406569958,0.0016324945509706328
180,0.6716417910447762,0.0016063149087131023,0.0016259431026921403
181,0.6753731343283582,0.0016050718259066343,0.0016157275503046993
182,0.6791044776119403,0.0014931189361959696,0.0016084461495643708
183,0.6828358208955224,0.0016689533367753029,0.001598528418803542
184,0.6865671641791045,0.001508160145021975,0.0015918624377241584
185,0.6902985074626866,0.001562495599500835,0.001584440373202286
186,0.6940298507462687,0.0015196686144918203,0.0015778031722619766
187,0.6977611940298507,0.0015289810253307223,0.001569805888277365
188,0.7014925373134329,0.0016455608420073986,0.0015585491513242808
189,0.7052238805970149,0.0014900336973369122,0.0015526552764108267
190,0.7089552238805971,0.0015312581090256572,0.0015463926630639813
191,0.7126865671641791,0.0015683368546888232,0.0015404046507461406
192,0.7164179104477612,0.0015751305036246777,0.0015359920557452048
193,0.7201492537313433,0.0015015386743471026,0.001527449187095754
194,0.7238805970149254,0.0015904984902590513,0.0015204705144619432
195,0.7276119402985075,0.0014898775843903422,0.0015124744031487442
196,0.7313432835820896,0.0015173798892647028,0.001506457292679243
197,0.7350746268656716,0.0014665024355053902,0.001500253804118895
198,0.7388059701492538,0.001507797627709806,0.0014978276122724864
199,0.7425373134328358,0.001547497697174549,0.0014946139190436863
200,0.746268656716418,0.0014583648880943656,0.0014938766040225944
201,0.75,0.0015193445142358541,0.001487994370641323
202,0.753731343283582,0.001406123279593885,0.0014844985264239878
203,0.7574626865671642,0.0014852373860776424,0.0014844617420216885
204,0.7611940298507462,0.00152678438462317,0.0014761308969066637
205,0.7649253731343284,0.0014599035494029522,0.0014733089440752093
206,0.7686567164179104,0.00149751256685704,0.001468179667959126
207,0.7723880597014925,0.0014452398754656315,0.0014669075721829403
208,0.7761194029850746,0.0014569228515028954,0.001464031994479095
209,0.7798507462686567,0.001516069401986897,0.0014592792509441695
210,0.7835820895522388,0.0014079671818763018,0.0014573822292022224
211,0.7873134328358209,0.0014630756340920925,0.0014547569756736842
212,0.7910447761194029,0.0014330105623230338,0.0014502578670522424
213,0.7947761194029851,0.0013964136596769094,0.0014465808209667846
214,0.7985074626865671,0.0013747864868491888,0.0014433307124574373
215,0.8022388059701493,0.0014249874511733651,0.0014381797603763094
216,0.8059701492537313,0.0013336250558495522,0.0014370709612238697
217,0.8097014925373134,0.0014008395373821259,0.001434538473670439
218,0.8134328358208955,0.0013760568108409643,0.0014324043053997363
219,0.8171641791044776,0.0014773269649595022,0.0014285839151409341
220,0.8208955223880597,0.0014651719247922301,0.0014241061275597753
221,0.8246268656716418,0.0013651433400809765,0.0014227722493204765
222,0.8283582089552238,0.0014617422129958868,0.0014188559811062565
223,0.832089552238806,0.0014916107757017016,0.0014177372525786844
224,0.835820895522388,0.0013273886870592833,0.0014136046619813254
225,0.8395522388059702,0.001392460078932345,0.0014068936821209584
226,0.8432835820895522,0.0013521952787414193,0.0014048763777969814
227,0.8470149253731343,0.0014675126876682043,0.0014001762568269197
228,0.8507462686567164,0.0014110823394730687,0.0013981845241221712
229,0.8544776119402985,0.0014506983570754528,0.0013944464678898817
230,0.8582089552238806,0.0014122558059170842,0.0013899975456297398
231,0.8619402985074627,0.001423622714355588,0.0013875661548454223
232,0.8656716417910447,0.001383873401209712,0.0013844712336388667
233,0.8694029850746269,0.0014243716141209006,0.0013826295716415455
234,0.8731343283582089,0.0013682842254638672,0.0013815905677336381
235,0.8768656716417911,0.0013793094549328089,0.0013798918609121225
236,0.8805970149253731,0.001444416819140315,0.0013762841330523172
237,0.8843283582089553,0.0014135478995740414,0.0013763483602371885
238,0.8880597014925373,0.0013790015364065766,0.001373100225109516
239,0.8917910447761194,0.001351161627098918,0.0013717185058517427
240,0.8955223880597015,0.0013639084063470364,0.0013664820424576357
241,0.8992537313432836,0.0014036758802831173,0.0013637612942924223
242,0.9029850746268657,0.001358777517452836,0.0013624668410956496
243,0.9067164179104478,0.001360255409963429,0.0013561206841387037
244,0.9104477611940298,0.0013158011715859175,0.0013518320941706982
245,0.914179104477612,0.0012516342103481293,0.001352095192798027
246,0.917910447761194,0.0013771940721198916,0.0013494817540049553
247,0.9216417910447762,0.0013048076070845127,0.001348304738313323
248,0.9253731343283582,0.0013635788345709443,0.0013438299008667832
249,0.9291044776119403,0.001303662545979023,0.0013402516062076136
250,0.9328358208955224,0.0013336635893210769,0.0013362521663444434
251,0.9365671641791045,0.0013082801597192883,0.0013313904438712976
252,0.9402985074626866,0.0013361838646233082,0.001328067621216178
253,0.9440298507462687,0.0013575024204328656,0.0013247959985874776
254,0.9477611940298507,0.0013538144994527102,0.0013204728077143067
255,0.9514925373134329,0.0013051395071670413,0.0013173494953662157
256,0.9552238805970149,0.001277070608921349,0.0013154644019356587
257,0.9589552238805971,0.0013362583704292774,0.001310724126197761
258,0.9626865671641791,0.0012676659971475601,0.0013067622970017354
259,0.9664179104477612,0.001319406321272254,0.0013040595449416376
260,0.9701492537313433,0.0012626319658011198,0.0013011642504574322
261,0.9738805970149254,0.0013536212500184774,0.0012993046406247631
262,0.9776119402985075,0.0013120707590132952,0.0012967682971687215
263,0.9813432835820896,0.0012015497777611017,0.0012946865470262199
264,0.9850746268656716,0.001315778587013483,0.001292221526410885
265,0.9888059701492538,0.001338175730779767,0.001290630069334151
266,0.9925373134328358,0.0012853090884163976,0.0012905911525438836
267,0.996268656716418,0.0013039376353845,0.0012865941290084908
268,1.0,0.0012840443523600698,0.0012845254628124033
269,1.0037313432835822,0.0012643722584471107,0.001281498448650648
270,1.007462686567164,0.0012867213226854801,0.0012808527468090376
271,1.0111940298507462,0.0012129251845180988,0.001278780241746728
272,1.0149253731343284,0.0012873869854956865,0.0012782330982523357
273,1.0186567164179106,0.0012497368734329939,0.0012762708214634076
274,1.0223880597014925,0.001247120788320899,0.0012738613621899632
275,1.0261194029850746,0.0012402284191921353,0.001270490675801184
276,1.0298507462686568,0.0013020206242799759,0.0012680744332056947
277,1.0335820895522387,0.0012500655138865113,0.0012665962113249229
278,1.037313432835821,0.0012511129025369883,0.0012625948435104474
279,1.041044776119403,0.001268188701942563,0.00126089602027361
280,1.044776119402985,0.001232454553246498,0.0012591265414546176
281,1.0485074626865671,0.0012876644032076001,0.0012587926140418502
282,1.0522388059701493,0.0012996857985854149,0.0012569181740329396
283,1.0559701492537314,0.0012734257616102695,0.001253974473490039
284,1.0597014925373134,0.0012591895647346973,0.0012558912858366966
285,1.0634328358208955,0.001250551431439817,0.001250980387827972
286,1.0671641791044777,0.0012500386219471693,0.0012500074595530948
287,1.0708955223880596,0.0012133161071687937,0.0012486625190188244
288,1.0746268656716418,0.0012199922930449247,0.0012465778925660543
289,1.078358208955224,0.001239471253938973,0.0012479352583063812
290,1.0820895522388059,0.0012771887704730034,0.0012452174347212038
291,1.085820895522388,0.0012486908817663789,0.0012458068937653813
292,1.0895522388059702,0.0012858472764492035,0.0012471829171905795
293,1.0932835820895523,0.0012557305162772536,0.0012473343934000629
294,1.0970149253731343,0.0012587145902216434,0.0012442585273941115
295,1.1007462686567164,0.001215616357512772,0.0012442991989324006
296,1.1044776119402986,0.0012060735607519746,0.0012439290493181565
297,1.1082089552238805,0.0012164635118097067,0.001241034782696061
298,1.1119402985074627,0.0011722022900357842,0.0012407053699262623
299,1.1156716417910448,0.0011980142444372177,0.0012395294303665075
300,1.1194029850746268,0.0012468576896935701,0.0012358442749600949
301,1.123134328358209,0.0012489409418776631,0.0012360296479040167
302,1.126865671641791,0.0012767692096531391,0.00123271956846754
303,1.1305970149253732,0.0011913790367543697,0.0012319658729588476
304,1.1343283582089552,0.0012801390839740634,0.0012300659237974665
305,1.1380597014925373,0.001114431768655777,0.0012273636970260159
306,1.1417910447761195,0.0012982856715098023,0.0012251515702412623
307,1.1455223880597014,0.0012301665265113115,0.0012244001178570638
308,1.1492537313432836,0.0012184679508209229,0.001221492949010032
309,1.1529850746268657,0.0013396963477134705,0.0012186041397110718
310,1.1567164179104477,0.0011529414914548397,0.0012154756255856737
311,1.1604477611940298,0.0013108891434967518,0.0012125443445700334
312,1.164179104477612,0.0012693421449512243,0.001209935817935663
313,1.1679104477611941,0.0012935975100845098,0.0012068116935197173
314,1.171641791044776,0.0011236263671889901,0.0012022508847777072
315,1.1753731343283582,0.001248788321390748,0.001198250763458995
316,1.1791044776119404,0.0012250522850081325,0.0011945190078510744
317,1.1828358208955223,0.0011833556927740574,0.0011915757530936745
318,1.1865671641791045,0.0012365595903247595,0.0011885972670847324
319,1.1902985074626866,0.0012028993805870414,0.0011854257360782202
320,1.1940298507462686,0.0011170973302796483,0.0011830936078118478
321,1.1977611940298507,0.0012400548439472914,0.0011791460835034165
322,1.2014925373134329,0.001151951146312058,0.0011752110156344204
323,1.205223880597015,0.0012687842827290297,0.0011715562957361704
324,1.208955223880597,0.001195527845993638,0.001168313453246544
325,1.212686567164179,0.0011483982671052217,0.0011627758518088518
326,1.2164179104477613,0.001159854233264923,0.0011634030947234573
327,1.2201492537313432,0.0012192290741950274,0.0011597602151152565
328,1.2238805970149254,0.0010941221844404936,0.0011569703900732283
329,1.2276119402985075,0.0011015511117875576,0.001153773699160211
330,1.2313432835820894,0.0011112021747976542,0.001148940634732021
331,1.2350746268656716,0.001157006248831749,0.0011485178767499037
332,1.2388059701492538,0.0011417412897571921,0.0011442446734801662
333,1.242537313432836,0.0011577581753954291,0.0011417587690918548
334,1.2462686567164178,0.0010687373578548431,0.0011372091702935173
335,1.25,0.0010947096161544323,0.0011371547447108642
336,1.2537313432835822,0.0010626143775880337,0.0011325693723359487
337,1.257462686567164,0.001085400115698576,0.0011326434209988248
338,1.2611940298507462,0.0010943455854430795,0.0011316374165755583
339,1.2649253731343284,0.0010421695187687874,0.0011271593507333863
340,1.2686567164179106,0.0011023969855159521,0.0011255203592931715
341,1.2723880597014925,0.0010850091930478811,0.0011236894330600414
342,1.2761194029850746,0.0010876031592488289,0.001121190640643784
343,1.2798507462686568,0.0011269256938248873,0.0011199187862164363
344,1.2835820895522387,0.0010584224946796894,0.0011160346571492349
345,1.287313432835821,0.0010530974250286818,0.0011138748292379627
346,1.291044776119403,0.0011401487281545997,0.0011127885891033746
347,1.294776119402985,0.0011489276075735688,0.0011121514054560444
348,1.2985074626865671,0.0011157836997881532,0.0011096729402907375
349,1.3022388059701493,0.0010874036233872175,0.0011074253863359734
350,1.3059701492537314,0.0011415407061576843,0.0011068642985575447
351,1.3097014925373134,0.0011356084141880274,0.0011045353504170368
352,1.3134328358208955,0.0011356878094375134,0.0011017701117230988
353,1.3171641791044777,0.0011674200650304556,0.0011006015801529696
354,1.3208955223880596,0.001107063959352672,0.0010979943681599163
355,1.3246268656716418,0.0011213949183002114,0.001097084162188921
356,1.328358208955224,0.0010607880540192127,0.0010961614685451111
357,1.3320895522388059,0.001228088280186057,0.0010969270213802413
358,1.335820895522388,0.0011421095114201307,0.001096239120404168
359,1.3395522388059702,0.0010529588907957077,0.0010970581561417841
360,1.3432835820895523,0.0011357007315382361,0.0010986336302466508
361,1.3470149253731343,0.0010420293547213078,0.0010979771188164994
362,1.3507462686567164,0.0011376043548807502,0.0010981580310660164
363,1.3544776119402986,0.0010998051147907972,0.001098651245872422
364,1.3582089552238805,0.0011095349909737706,0.0010973184579619912
365,1.3619402985074627,0.0011069749016314745,0.0010974633921982675
366,1.3656716417910448,0.0011038624215871096,0.0010988784658654434
367,1.3694029850746268,0.0011337297037243843,0.0010981976321512244
368,1.373134328358209,0.0011176120024174452,0.0010959935011115017
369,1.376865671641791,0.001001972472295165,0.0010953282500140186
370,1.3805970149253732,0.0010785465128719807,0.0010960109264976003
371,1.3843283582089552,0.0010157153010368347,0.0010936308124034507
372,1.3880597014925373,0.00104363146238029,0.0010927134000400945
373,1.3917910447761195,0.0010938314953818917,0.0010914113883655973
374,1.3955223880597014,0.0010508624836802483,0.0010907129532225976
375,1.3992537313432836,0.0010314189130440354,0.0010884254063456887
376,1.4029850746268657,0.0010568791767582297,0.001090846450363354
377,1.4067164179104477,0.0010940020438283682,0.0010933131831357393
378,1.4104477611940298,0.0010571961756795645,0.001090182352061497
379,1.414179104477612,0.0011279260506853461,0.0010904426340059173
380,1.4179104477611941,0.001106763957068324,0.0010913122053507987
381,1.421641791044776,0.0010754800168797374,0.0010908679389281244
382,1.4253731343283582,0.0010924265952780843,0.0010947592885846773
383,1.4291044776119404,0.0011078249663114548,0.0010938695149223616
384,1.4328358208955223,0.0010722813894972205,0.001094566570117888
385,1.4365671641791045,0.0010643647983670235,0.0010947161410912508
386,1.4402985074626866,0.001111115445382893,0.0010944798804547002
387,1.4440298507462686,0.0011122345458716154,0.001093816656687456
388,1.4477611940298507,0.0010585582349449396,0.0010915957220898169
389,1.4514925373134329,0.0010885084047913551,0.001090030038229576
390,1.455223880597015,0.0011153933592140675,0.001091532267221227
391,1.458955223880597,0.0010439560282975435,0.001091360639803475
392,1.462686567164179,0.001097994507290423,0.0010932908342333465
393,1.4664179104477613,0.0010823053307831287,0.0010935681412087344
394,1.4701492537313432,0.0011387842241674662,0.0010922714278510793
395,1.4738805970149254,0.0010132745373994112,0.001092425854195182
396,1.4776119402985075,0.0012206577230244875,0.001091885536613806
397,1.4813432835820894,0.001161924097687006,0.001093416151068196
398,1.4850746268656716,0.0010997242061421275,0.0010932707199372534
399,1.4888059701492538,0.0011527810711413622,0.0010948915960176326
400,1.492537313432836,0.0010886113159358501,0.001091652918925009
401,1.4962686567164178,0.0011174858082085848,0.0010905510933342866
402,1.5,0.0012015746906399727,0.0010894875371510663
403,1.5037313432835822,0.001101123634725809,0.0010872695924396196
404,1.507462686567164,0.0011283843778073788,0.001084975023731226
405,1.5111940298507462,0.001115667400881648,0.0010850870805769795
406,1.5149253731343284,0.001097288215532899,0.0010841772919975038
407,1.5186567164179106,0.001076670247130096,0.0010831553500327395
408,1.5223880597014925,0.0010426713852211833,0.001081540487797522
409,1.5261194029850746,0.0010534189641475677,0.0010820715233865307
410,1.5298507462686568,0.0010635638609528542,0.001079882259435225
411,1.5335820895522387,0.0010715097887441516,0.0010794842042165195
412,1.537313432835821,0.0010948532726615667,0.001080219415243624
413,1.541044776119403,0.0010550010483711958,0.0010792017891639617
414,1.544776119402985,0.0010406662477180362,0.0010787760270986615
415,1.5485074626865671,0.0010571939637884498,0.0010761033442643721
416,1.5522388059701493,0.0010092658922076225,0.001075614184118444
417,1.5559701492537314,0.0011196343693882227,0.0010732399674541339
418,1.5597014925373134,0.0010880393674597144,0.0010685670990269723
419,1.5634328358208955,0.0011236520949751139,0.001066885692658039
420,1.5671641791044777,0.000995140289887786,0.001064444423607755
421,1.5708955223880596,0.0010615891078487039,0.0010629741605598388
422,1.5746268656716418,0.0010318742133677006,0.001061661694221562
423,1.578358208955224,0.001001490862108767,0.0010565277927259847
424,1.5820895522388059,0.0010137476492673159,0.0010568633556320537
425,1.585820895522388,0.0010768757201731205,0.0010537270132861122
426,1.5895522388059702,0.0010270634666085243,0.0010522100705335417
427,1.5932835820895523,0.0010692158248275518,0.001050359938611708
428,1.5970149253731343,0.0010460251942276955,0.001049289184554321
429,1.6007462686567164,0.0010803306940943003,0.0010506491795772824
430,1.6044776119402986,0.0009987485827878118,0.0010484611706399337
431,1.6082089552238805,0.0010990730952471495,0.0010491672494426006
432,1.6119402985074627,0.0010740996804088354,0.0010470924529860297
433,1.6156716417910448,0.0010562718380242586,0.0010455253352297516
434,1.6194029850746268,0.0010648490861058235,0.0010432164644731618
435,1.623134328358209,0.0010292042279615998,0.001042715909822685
436,1.626865671641791,0.0009932189714163542,0.0010408672061180922
437,1.6305970149253732,0.0011233148397877812,0.0010425996506677531
438,1.6343283582089552,0.0009703364921733737,0.0010392533944601694
439,1.6380597014925373,0.0010307865450158715,0.0010377813113580754
440,1.6417910447761195,0.0010526890400797129,0.0010346114413994478
441,1.6455223880597014,0.0010283305309712887,0.0010336733099482044
442,1.6492537313432836,0.0010636746883392334,0.0010326442013426525
443,1.6529850746268657,0.000991084729321301,0.0010307323579426583
444,1.6567164179104477,0.001114881713874638,0.001030242982002475
445,1.6604477611940298,0.0009997943416237831,0.0010303283343091607
446,1.664179104477612,0.0010534727480262518,0.0010304329661289004
447,1.6679104477611941,0.001021432806737721,0.0010293682827046367
448,1.671641791044776,0.0010327693307772279,0.0010283765547749837
449,1.6753731343283582,0.0010984311811625957,0.0010280425478590698
450,1.6791044776119404,0.0009637105977162719,0.0010267654746180263
451,1.6828358208955223,0.0010925130918622017,0.001026602717479918
452,1.6865671641791045,0.0009864431340247393,0.001023750385928263
453,1.6902985074626866,0.0010306014446541667,0.001022213260734045
454,1.6940298507462686,0.0009603373473510146,0.0010205316328920607
455,1.6977611940298507,0.0010201435070484877,0.0010191924251025406
456,1.7014925373134329,0.0009813971119001508,0.001018974538211052
457,1.705223880597015,0.0010802961187437177,0.0010176860108381
458,1.708955223880597,0.0009824378648772836,0.0010142955565597953
459,1.712686567164179,0.0010276839602738619,0.001014248519090981
460,1.7164179104477613,0.0009936874266713858,0.0010130534164334943
461,1.7201492537313432,0.0009566769003868103,0.0010115852261461864
462,1.7238805970149254,0.0010193956550210714,0.0010108173450046197
463,1.7276119402985075,0.000953488633967936,0.0010101799569206267
464,1.7313432835820894,0.0009814264485612512,0.00101106613022616
465,1.7350746268656716,0.0010172470938414335,0.001008049596282767
466,1.7388059701492538,0.001081165624782443,0.0010078763901596752
467,1.742537313432836,0.0009834114462137222,0.0010077470215037465
468,1.7462686567164178,0.001028554979711771,0.0010074260360674887
469,1.75,0.0010323309106752276,0.0010059123912758035
470,1.7537313432835822,0.0010279706912115216,0.0010029205359609389
471,1.757462686567164,0.00099207554012537,0.001002588783527111
472,1.7611940298507462,0.000982127501629293,0.0010000908855212535
473,1.7649253731343284,0.0010110775474458933,0.0009998817127425132
474,1.7686567164179106,0.0009873250965029001,0.0009982587894561087
475,1.7723880597014925,0.001009941566735506,0.0010000135800687642
476,1.7761194029850746,0.0010202708654105663,0.0009985726991123178
477,1.7798507462686568,0.0009403893491253257,0.000998000134486796
478,1.7835820895522387,0.000984306214377284,0.0009956019561419764
479,1.787313432835821,0.0009684079559519887,0.0009945535538263802
480,1.791044776119403,0.0009817873360589147,0.0009922482493537955
481,1.794776119402985,0.000992493238300085,0.0009897241124701573
482,1.7985074626865671,0.000996847404167056,0.000990626297141539
483,1.8022388059701493,0.001037541776895523,0.0009894346713270174
484,1.8059701492537314,0.0010274178348481655,0.0009905166722402523
485,1.8097014925373134,0.00099120382219553,0.000989683856903689
486,1.8134328358208955,0.0009926928905770183,0.000988392409209798
487,1.8171641791044777,0.001048168633133173,0.0009868853617595826
488,1.8208955223880596,0.0010082724038511515,0.0009868966171336247
489,1.8246268656716418,0.0009707098943181336,0.0009857937892353752
490,1.828358208955224,0.0009757651132531464,0.0009845939533012669
491,1.8320895522388059,0.0009501087479293346,0.0009846735217540366
492,1.835820895522388,0.000990099273622036,0.0009831395710068868
493,1.8395522388059702,0.0009778670500963926,0.0009831816395290379
494,1.8432835820895523,0.0009640615899115801,0.0009828394068768474
495,1.8470149253731343,0.0010322837624698877,0.000984136801690045
496,1.8507462686567164,0.0009610673878341913,0.0009828656315576377
497,1.8544776119402986,0.0009579219622537494,0.0009824768725282898
498,1.8582089552238805,0.000981970806606114,0.0009819663572693017
499,1.8619402985074627,0.0009394533699378371,0.0009813420559711208
500,1.8656716417910448,0.0009331664768978953,0.0009814194608025436
501,1.8694029850746268,0.0008901978144422174,0.0009801708780819687
502,1.873134328358209,0.000993666471913457,0.0009788457565463897
503,1.876865671641791,0.0009705389966256917,0.0009775809708005953
504,1.8805970149253732,0.0009978506714105606,0.0009757477560126018
505,1.8843283582089552,0.0009472810197621584,0.0009742910652875719
506,1.8880597014925373,0.000964297738391906,0.0009734248501112367
507,1.8917910447761195,0.0010193766793236136,0.0009731605816518934
508,1.8955223880597014,0.0009838729165494442,0.0009717828744636258
509,1.8992537313432836,0.0009833390358835459,0.0009699797601348198
510,1.9029850746268657,0.0009831376373767853,0.0009718238853099869
511,1.9067164179104477,0.0010312329977750778,0.0009712616575132237
512,1.9104477611940298,0.0009291835594922304,0.0009737536495710473
513,1.914179104477612,0.0009838523110374808,0.000974115485427674
514,1.9179104477611941,0.0009970460087060928,0.000974594355594912
515,1.921641791044776,0.0010405182838439941,0.0009761839329901083
516,1.9253731343283582,0.0009578235913068056,0.0009743257442761849
517,1.9291044776119404,0.0010043317452073097,0.0009754979500274469
518,1.9328358208955223,0.0009194582235068083,0.0009754217320644274
519,1.9365671641791045,0.0009587098611518741,0.0009770836402866535
520,1.9402985074626866,0.0009715815540403128,0.0009772472677002774
521,1.9440298507462686,0.0009305954445153475,0.0009794282576455393
522,1.9477611940298507,0.000938163255341351,0.0009832231898610367
523,1.9514925373134329,0.0009449911885894835,0.0009826626586046342
524,1.955223880597015,0.00096237997058779,0.0009838209640825304
525,1.958955223880597,0.0009676935151219368,0.0009849450988240723
526,1.962686567164179,0.0009556889999657869,0.000987807586902707
527,1.9664179104477613,0.0009818578837439418,0.0009882300935980931
528,1.9701492537313432,0.0009916826384142041,0.000988827108280597
529,1.9738805970149254,0.0009343447163701057,0.0009897592826746404
530,1.9776119402985075,0.0010463190264999866,0.0009917584574417916
531,1.9813432835820894,0.000952713773585856,0.0009914074169767157
532,1.9850746268656716,0.0010522804223001003,0.000993377084718881
533,1.9888059701492538,0.0010049345437437296,0.0009952584415015469
534,1.992537313432836,0.0009975007269531488,0.0009965439420761314
535,1.9962686567164178,0.0010292342631146312,0.0009965870412997901
536,2.0,0.0009560980251990259,0.0009945088290473129
537,2.003731343283582,0.0010091278236359358,0.0009959084705858513
538,2.0074626865671643,0.000954797025769949,0.00099461400035269
539,2.0111940298507465,0.0010501090437173843,0.0009957917230544475
540,2.014925373134328,0.0009461620938964188,0.0009968884292104077
541,2.0186567164179103,0.001022587064653635,0.0009975103226990054
542,2.0223880597014925,0.001045790035277605,0.001000607129265895
543,2.0261194029850746,0.0009706846904009581,0.0010023682829696776
544,2.029850746268657,0.0010180295212194324,0.0010030248142756158
545,2.033582089552239,0.001043940195813775,0.0010040129304908943
546,2.037313432835821,0.0010646430309861898,0.001004803052637726
547,2.041044776119403,0.0009816205129027367,0.0010054955477599146
548,2.044776119402985,0.0010438542813062668,0.0010047145202051757
549,2.048507462686567,0.001022092066705227,0.0010040568261657182
550,2.0522388059701493,0.0010653052013367414,0.0010031975973283918
551,2.0559701492537314,0.0009687449783086777,0.0010009665218204623
552,2.0597014925373136,0.0011119893752038479,0.0009991500850358025
553,2.0634328358208953,0.0010063191875815392,0.0009982383088776615
554,2.0671641791044775,0.0010365578345954418,0.0009975865222059373
555,2.0708955223880596,0.0009988130768761039,0.0009956206024692553
556,2.074626865671642,0.000955311581492424,0.0009938396311864803
557,2.078358208955224,0.0010152088943868876,0.000994029811231374
558,2.082089552238806,0.0009512584656476974,0.0009934580899070857
559,2.0858208955223883,0.0009677448542788625,0.0009946639311681615
560,2.08955223880597,0.0010036748135462403,0.0009913160508248683
561,2.093283582089552,0.0009970791870728135,0.0009916500392846946
562,2.0970149253731343,0.001057564513757825,0.0009901970284195935
563,2.1007462686567164,0.0010103705571964383,0.0009870678640720321
564,2.1044776119402986,0.000971908972132951,0.0009859913204819327
565,2.1082089552238807,0.001002892735414207,0.0009847184126378923
566,2.111940298507463,0.0010000885231420398,0.0009798428040883708
567,2.1156716417910446,0.0009840812999755144,0.0009768943759476448
568,2.1194029850746268,0.0009498357539996505,0.0009745417131542614
569,2.123134328358209,0.0009647171827964485,0.000970507218082231
570,2.126865671641791,0.0008991163340397179,0.0009671977704118301
571,2.1305970149253732,0.0009548449306748807,0.0009627285691705056
572,2.1343283582089554,0.0008782398654147983,0.0009601938242955906
573,2.138059701492537,0.0010148975998163223,0.0009526202991809241
574,2.1417910447761193,0.0009782112902030349,0.000948949575015321
575,2.1455223880597014,0.0009168980177491903,0.0009446543692497582
576,2.1492537313432836,0.0009562144405208528,0.0009411192220840148
577,2.1529850746268657,0.0009638954070396721,0.00093868906359847
578,2.156716417910448,0.000985687249340117,0.0009353625837986063
579,2.16044776119403,0.0010042365174740553,0.0009323461506538456
580,2.1641791044776117,0.0009128459496423602,0.0009311054103508047
581,2.167910447761194,0.0009598556207492948,0.000928204385961247
582,2.171641791044776,0.000963013619184494,0.0009246076749660438
583,2.175373134328358,0.0009174942970275879,0.0009202698824881781
584,2.1791044776119404,0.0009265464032068849,0.00091764494129343
585,2.1828358208955225,0.0009658402996137738,0.0009150134964573492
586,2.1865671641791047,0.000844040245283395,0.0009120393405304994
587,2.1902985074626864,0.0009437574772164226,0.0009089440672385801
588,2.1940298507462686,0.0008851613383740187,0.0009059932965944271
589,2.1977611940298507,0.0008784399833530188,0.0009042694199285129
590,2.201492537313433,0.0008864047122187912,0.0009039464724681726
591,2.205223880597015,0.0008820679504424334,0.0009044270618909561
592,2.208955223880597,0.0008648204384371638,0.0009025879738080065
593,2.212686567164179,0.0008014748455025256,0.0009024840348014017
594,2.216417910447761,0.0008558194967918098,0.0009000065009586695
595,2.220149253731343,0.0008604543982073665,0.0008969069387559302
596,2.2238805970149254,0.0008538720430806279,0.000897431676559968
597,2.2276119402985075,0.0008556750835850835,0.0008963355624185103
598,2.2313432835820897,0.000878823222592473,0.0008954040013344549
599,2.235074626865672,0.0008275847067125142,0.0008918631980877097
600,2.2388059701492535,0.0009168745018541813,0.0008885287268019122
601,2.2425373134328357,0.0008847328135743737,0.0008876565829623582
602,2.246268656716418,0.000849614036269486,0.0008859005600509302
603,2.25,0.0008797150221653283,0.0008837193599902093
604,2.253731343283582,0.0009027479682117701,0.0008826723603372712
605,2.2574626865671643,0.0008640197338536382,0.0008817402143372087
606,2.2611940298507465,0.0008809523424133658,0.0008784321920446506
607,2.264925373134328,0.0008731823181733489,0.0008779000732252692
608,2.2686567164179103,0.0008630997035652399,0.0008753884666054169
609,2.2723880597014925,0.0008791568106971681,0.0008742834424327422
610,2.2761194029850746,0.0009514763369224966,0.0008762304276432387
611,2.279850746268657,0.0009188205003738403,0.0008759379171107601
612,2.283582089552239,0.0008794423192739487,0.0008745710450656167
613,2.287313432835821,0.0008739783661440015,0.0008763457228225179
614,2.291044776119403,0.0009133187122642994,0.0008773838919473858
615,2.294776119402985,0.0008511292398907244,0.0008778400511889741
616,2.298507462686567,0.0009384122677147388,0.0008771020447744466
617,2.3022388059701493,0.0009112737607210875,0.0008789824006692847
618,2.3059701492537314,0.0009257014025934041,0.0008784689054619976
619,2.3097014925373136,0.0008405143162235618,0.0008787065346884291
620,2.3134328358208953,0.0008675231947563589,0.0008811171609544899
621,2.3171641791044775,0.0008770880522206426,0.0008799382684207181
622,2.3208955223880596,0.0008878586813807487,0.0008805449256991468
623,2.324626865671642,0.0008735844166949391,0.0008821165297044123
624,2.328358208955224,0.000874567311257124,0.0008816556457043966
625,2.332089552238806,0.0008883284172043204,0.000880609330346399
626,2.3358208955223883,0.0008302113856188953,0.0008811897515864452
627,2.33955223880597,0.0008222233736887574,0.000879564617828625
628,2.343283582089552,0.0008407816058024764,0.0008793784399153437
629,2.3470149253731343,0.0008398553472943604,0.0008791492990695122
630,2.3507462686567164,0.0009582663769833744,0.0008791163776683189
631,2.3544776119402986,0.0008744117803871632,0.0008778639376254343
632,2.3582089552238807,0.0008260261965915561,0.0008769058863768672
633,2.361940298507463,0.0009375822264701128,0.0008767009173270042
634,2.3656716417910446,0.0008440397796221077,0.0008771646109114333
635,2.3694029850746268,0.0008745220256969333,0.0008758220895443385
636,2.373134328358209,0.000830196135211736,0.0008755088286905936
637,2.376865671641791,0.0009309666347689927,0.0008738858798496062
638,2.3805970149253732,0.0008346217800863087,0.0008717451298541231
639,2.3843283582089554,0.0008885660208761692,0.0008700332979149208
640,2.388059701492537,0.0009264203836210072,0.0008713772474992566
641,2.3917910447761193,0.0008685399079695344,0.0008715273934507333
642,2.3955223880597014,0.0009096057619899511,0.0008700600705995429
643,2.3992537313432836,0.0009140498004853725,0.0008688103975501003
644,2.4029850746268657,0.0008608187781646848,0.0008690214826634563
645,2.406716417910448,0.0008598490385338664,0.0008696146925525149
646,2.41044776119403,0.0008878170046955347,0.0008687815166123938
647,2.4141791044776117,0.000814321858342737,0.0008696216476581446
648,2.417910447761194,0.0008655490237288177,0.0008709290712254076
649,2.421641791044776,0.0008537049288861454,0.0008718727650575158
650,2.425373134328358,0.0008778070332482457,0.0008732117740891692
651,2.4291044776119404,0.0009001262951642275,0.0008717998961645473
652,2.4328358208955225,0.0008795403991825879,0.0008736206687100958
653,2.4365671641791047,0.0008710385882295668,0.000874382270522779
654,2.4402985074626864,0.0008929898031055927,0.0008746916499193303
655,2.4440298507462686,0.0008582753362134099,0.0008765519369484448
656,2.4477611940298507,0.0008382855448871851,0.0008769061405029966
657,2.451492537313433,0.0008718713652342558,0.0008795513152485577
658,2.455223880597015,0.0008235030109062791,0.0008799522879488039
659,2.458955223880597,0.0008555162930861115,0.0008816119842799153
660,2.462686567164179,0.0008956162491813302,0.0008833641541281306
661,2.466417910447761,0.0008736791787669063,0.0008826903649605811
662,2.470149253731343,0.0008169278153218329,0.000883022945078953
663,2.4738805970149254,0.0008366220863536,0.0008811834140499009
664,2.4776119402985075,0.0008822389063425362,0.00088084219506283
665,2.4813432835820897,0.000898888916708529,0.0008812921459604873
666,2.485074626865672,0.0008541682036593556,0.0008821813119916109
667,2.4888059701492535,0.0008646567584946752,0.0008812688572173257
668,2.4925373134328357,0.0008758277399465442,0.0008828486883785667
669,2.496268656716418,0.000879473052918911,0.0008817063715513341
670,2.5,0.00089475471759215,0.0008824344656271179
671,2.503731343283582,0.0009003793820738792,0.0008806972991584278
672,2.5074626865671643,0.0009490634547546506,0.0008804205501247652
673,2.5111940298507465,0.0008572518709115684,0.0008797606867851644
674,2.514925373134328,0.0009502667817287147,0.0008785467560789207
675,2.5186567164179103,0.0009203115478157997,0.0008768856514063551
676,2.5223880597014925,0.0008890443714335561,0.0008763186292859112
677,2.5261194029850746,0.000938648299779743,0.0008766100835622992
678,2.529850746268657,0.0009474065154790878,0.0008755860418626448
679,2.533582089552239,0.000902669329661876,0.0008761315527031334
680,2.537313432835821,0.0009604049846529961,0.0008760075931005725
681,2.541044776119403,0.0008987950277514756,0.0008763075286590653
682,2.544776119402985,0.0008821756928227842,0.0008759489921830231
683,2.548507462686567,0.0008341849897988141,0.0008782382625745745
684,2.5522388059701493,0.0009000598220154643,0.000879580102486127
685,2.5559701492537314,0.0008792667649686337,0.0008794781382808961
686,2.5597014925373136,0.0008963048458099365,0.0008795056264938378
687,2.5634328358208953,0.0008504063589498401,0.0008811280415279836
688,2.5671641791044775,0.0008790949359536171,0.0008818485359547705
689,2.5708955223880596,0.0008187140338122845,0.0008816284400115652
690,2.574626865671642,0.000883556785993278,0.0008825393927442591
691,2.578358208955224,0.0008065832080319524,0.0008857928588418517
692,2.582089552238806,0.0008887795847840607,0.0008865498963220999
693,2.5858208955223883,0.0008524860022589564,0.0008875164813816366
694,2.58955223880597,0.0008212674292735755,0.0008899641617928155
695,2.593283582089552,0.0008248845115303993,0.0008893370537496195
696,2.5970149253731343,0.0008350274292752147,0.0008894486733280667
697,2.6007462686567164,0.0008502351702190936,0.0008893214583555918
698,2.6044776119402986,0.0008298856555484235,0.0008873507414558312
699,2.6082089552238807,0.0008458689553663135,0.0008880100142006286
700,2.611940298507463,0.000850433949381113,0.000888627674146669
701,2.6156716417910446,0.0009079136070795357,0.000886667535424505
702,2.6194029850746268,0.0008589791832491755,0.0008890633698461986
703,2.623134328358209,0.0009107879013754427,0.0008900929526312322
704,2.626865671641791,0.000891637522727251,0.0008952287352280464
705,2.6305970149253732,0.0008780583739280701,0.000896453489719822
706,2.6343283582089554,0.0009000159334391356,0.0009014992591379801
707,2.638059701492537,0.0009206872200593352,0.0009025746783264345
708,2.6417910447761193,0.000894197029992938,0.0009067754229962281
709,2.6455223880597014,0.0008668038062751293,0.0009088524228257196
710,2.6492537313432836,0.0009168221149593592,0.0009148311162390178
711,2.6529850746268657,0.0010281468275934458,0.000915178303640881
712,2.656716417910448,0.0009314179187640548,0.0009212360714516807
713,2.66044776119403,0.000988693442195654,0.0009225174165671555
714,2.6641791044776117,0.0009576067677699029,0.0009276474110509564
715,2.667910447761194,0.0009245553519576788,0.0009300958964314948
716,2.671641791044776,0.0009248879505321383,0.0009344293858015501
717,2.675373134328358,0.000883828557562083,0.000937943529939597
718,2.6791044776119404,0.0008578489068895578,0.0009415301113821021
719,2.6828358208955225,0.0009744366980157793,0.0009449804031358259
720,2.6865671641791047,0.0009279933874495327,0.0009488118159380265
721,2.6902985074626864,0.0008800392970442772,0.0009508783071551745
722,2.6940298507462686,0.0009970242390409112,0.0009523573297462086
723,2.6977611940298507,0.0009243885870091617,0.000953116231291305
724,2.701492537313433,0.001044752076268196,0.000954923603297552
725,2.705223880597015,0.0009502747561782598,0.0009583533122544972
726,2.708955223880597,0.0010861433111131191,0.0009593898146526842
727,2.712686567164179,0.0009403970325365663,0.0009620968911160783
728,2.716417910447761,0.001022636890411377,0.0009627731718554548
729,2.720149253731343,0.0009642519289627671,0.0009643929164356938
730,2.7238805970149254,0.001063840463757515,0.000965217057411082
731,2.7276119402985075,0.0008977914694696665,0.0009667721332800461
732,2.7313432835820897,0.0010549516882747412,0.0009650215705311517
733,2.735074626865672,0.000941314734518528,0.0009648810913104837
734,2.7388059701492535,0.0010628157760947943,0.000963167481908075
735,2.7425373134328357,0.000921655329875648,0.0009637873040557634
736,2.746268656716418,0.0010025575757026672,0.0009619671348823098
737,2.75,0.0009791073389351368,0.0009628140989395721
738,2.753731343283582,0.0009972850093618035,0.0009620125808684928
739,2.7574626865671643,0.0009713476174511015,0.0009631668614995916
740,2.7611940298507465,0.0010029568802565336,0.0009617412494063922
741,2.764925373134328,0.0009351600892841816,0.0009617285161256427
742,2.7686567164179103,0.0009685535333119333,0.0009638947497190135
743,2.7723880597014925,0.0008900941465981305,0.0009640793759012367
744,2.7761194029850746,0.000984890153631568,0.0009641210824001307
745,2.779850746268657,0.0010322555899620056,0.0009622679180011335
746,2.783582089552239,0.0009205549722537398,0.000962040026490463
747,2.787313432835821,0.0010110060684382915,0.0009572195207200399
748,2.791044776119403,0.00094841473037377,0.0009567332383040794
749,2.794776119402985,0.0009606065577827394,0.0009545673028475083
750,2.798507462686567,0.0009005935862660408,0.0009538784194396945
751,2.8022388059701493,0.0009805802255868912,0.0009496281641853474
752,2.8059701492537314,0.000956373754888773,0.0009500481679513142
753,2.8097014925373136,0.0009256582707166672,0.0009453597665968828
754,2.8134328358208953,0.0009184354566968977,0.000944125480245708
755,2.8171641791044775,0.000983019475825131,0.0009388608940331856
756,2.8208955223880596,0.0008499284158460796,0.0009386322713775061
757,2.824626865671642,0.0009596134768798947,0.0009364735522511892
758,2.828358208955224,0.0008509663166478276,0.0009357146833591708
759,2.832089552238806,0.0009051744127646089,0.0009339878579783367
760,2.8358208955223883,0.0009159866021946073,0.0009346161472111395
761,2.83955223880597,0.0009274713229387999,0.0009307951947515149
762,2.843283582089552,0.0009688548743724823,0.0009312653366090139
763,2.8470149253731343,0.001004593912512064,0.0009295256132623408
764,2.8507462686567164,0.0009260985534638166,0.0009304174554261674
765,2.8544776119402986,0.000968772335909307,0.0009288278638339806
766,2.8582089552238807,0.0009409312042407691,0.0009265440479261665
767,2.861940298507463,0.0008885025745257735,0.0009263890820964262
768,2.8656716417910446,0.0009204594534821808,0.0009244265937723401
769,2.8694029850746268,0.0009338335366919637,0.0009229790601061611
770,2.873134328358209,0.0009360077092424035,0.0009217611073925183
771,2.876865671641791,0.0008895799983292818,0.0009236878036839388
772,2.8805970149253732,0.0009150116238743067,0.0009213169034366019
773,2.8843283582089554,0.0008627272327430546,0.0009223645135601301
774,2.888059701492537,0.0008907089941203594,0.0009209502633184013
775,2.8917910447761193,0.000846967741381377,0.0009212741662362
776,2.8955223880597014,0.0009122818009927869,0.0009207383405826077
777,2.8992537313432836,0.0009140500915236771,0.0009209717064528022
778,2.9029850746268657,0.0009479937143623829,0.0009207066883923622
779,2.906716417910448,0.0009264851687476039,0.000921140775572872
780,2.91044776119403,0.0009971074759960175,0.0009217667450174326
781,2.9141791044776117,0.0008462978294119239,0.0009208114096531417
782,2.917910447761194,0.0009544359054416418,0.0009219382418228722
783,2.921641791044776,0.0008972248760983348,0.0009200185588447423
784,2.925373134328358,0.0009266596753150225,0.0009177244714143254
785,2.9291044776119404,0.0009197168983519077,0.0009176910531184659
786,2.9328358208955225,0.0009386191377416253,0.0009153930231837965
787,2.9365671641791047,0.0009142013732343912,0.0009148756152859367
788,2.9402985074626864,0.0009305440471507609,0.0009155207946782977
789,2.9440298507462686,0.0008890658500604331,0.0009152391391647299
790,2.9477611940298507,0.0009106704965233803,0.0009141935847654212
791,2.951492537313433,0.000979588134214282,0.0009128575159304934
792,2.955223880597015,0.0008833733154460788,0.0009127795943286179
793,2.958955223880597,0.0009993257699534297,0.0009127950292966533
794,2.962686567164179,0.0008676740108057857,0.0009131143636229198
795,2.966417910447761,0.0009317154763266444,0.0009134660259161781
796,2.970149253731343,0.0009610506240278482,0.0009144813634409774
797,2.9738805970149254,0.0008594964165240526,0.0009133574359754963
798,2.9776119402985075,0.0009487477364018559,0.0009132425028194742
799,2.9813432835820897,0.0008687638910487294,0.000911176128017648
800,2.985074626865672,0.0009308391599915922,0.0009103374422255267
801,2.9888059701492535,0.0008768178522586823,0.0009079194164880347
802,2.9925373134328357,0.0009736714418977499,0.0009087388469019859
803,2.996268656716418,0.0008901478722691536,0.0009064871701411903
804,3.0,0.0009105363278649747,0.000906501761807992
805,3.003731343283582,0.0009247284033335745,0.0009043561592811673
806,3.0074626865671643,0.0008745531085878611,0.0009048651966334479
807,3.0111940298507465,0.0009197174804285169,0.0009024426846469684
808,3.014925373134328,0.000914954929612577,0.0009009691165396716
809,3.0186567164179103,0.0009089115774258971,0.0008987147480294835
810,3.0223880597014925,0.0008909658063203096,0.0008984990673503135
811,3.0261194029850746,0.0008812288870103657,0.0008979769900622891
812,3.029850746268657,0.0008863852126523852,0.000893869891581012
813,3.033582089552239,0.0009156444575637579,0.0008928911425400434
814,3.037313432835821,0.0008758199401199818,0.0008889307614370454
815,3.041044776119403,0.0009051271481439471,0.0008895260582837026
816,3.044776119402985,0.0008885965798981488,0.0008882547433419926
817,3.048507462686567,0.0008662007749080658,0.0008876058443381292
818,3.0522388059701493,0.0009093378321267664,0.000887025272609984
819,3.0559701492537314,0.0008632723474875093,0.0008843521709644758
820,3.0597014925373136,0.0008920990512706339,0.000885498920092132
821,3.0634328358208953,0.0008979684207588434,0.0008822062333886762
822,3.0671641791044775,0.0008798944763839245,0.0008812414399893364
823,3.0708955223880596,0.0008621171582490206,0.0008787350592816748
824,3.074626865671642,0.0008978231344372034,0.000876368844041192
825,3.078358208955224,0.0008386899717152119,0.0008745786674297983
826,3.082089552238806,0.0009405874297954142,0.0008722222268172517
827,3.0858208955223883,0.0008392961462959647,0.0008721475463882997
828,3.08955223880597,0.0008537850808352232,0.0008686924163002248
829,3.093283582089552,0.0008381149382330477,0.0008669883671511964
830,3.0970149253731343,0.0008802229422144592,0.000864123976675839
831,3.1007462686567164,0.0008892653277143836,0.0008620956583266578
832,3.1044776119402986,0.0008111970964819193,0.0008600830390095347
833,3.1082089552238807,0.0008432446047663689,0.0008584220124204167
834,3.111940298507463,0.0008369501447305083,0.0008557182197209175
835,3.1156716417910446,0.0008920811815187335,0.0008542268201935945
836,3.1194029850746268,0.0008795915637165308,0.0008517594513960364
837,3.123134328358209,0.0009344457648694515,0.0008503346428524976
838,3.126865671641791,0.0008356929756700993,0.0008503049612045288
839,3.1305970149253732,0.0008391505689360201,0.0008480813476347887
840,3.1343283582089554,0.0009157806052826345,0.0008474533338236009
841,3.138059701492537,0.0007958390051499009,0.0008464772637547334
842,3.1417910447761193,0.0008372613228857517,0.0008447449072264135
843,3.1455223880597014,0.0008709098328836262,0.000843342105437797
844,3.1492537313432836,0.0007931330474093556,0.0008428957037877565
845,3.1529850746268657,0.0008371390867978334,0.0008419209426814099
846,3.156716417910448,0.0008281143382191658,0.0008415909095031278
847,3.16044776119403,0.0008714912110008299,0.0008390254877712123
848,3.1641791044776117,0.0007780571468174458,0.0008409841017366001
849,3.167910447761194,0.0008450889145024121,0.0008410159214513331
850,3.171641791044776,0.0007914715679362416,0.0008429757350624153
851,3.175373134328358,0.0008078047540038824,0.0008437539402554493
852,3.1791044776119404,0.0007987114950083196,0.0008425513472657924
853,3.1828358208955225,0.0008182831224985421,0.0008443308321236656
854,3.1865671641791047,0.0008047889568842947,0.0008454520621609579
855,3.1902985074626864,0.0008146725594997406,0.0008471572328722332
856,3.1940298507462686,0.0008039650274440646,0.000847403204250263
857,3.1977611940298507,0.0008301794296130538,0.0008485528566624696
858,3.201492537313433,0.0008649838273413479,0.0008485295594011139
859,3.205223880597015,0.0008181696757674217,0.0008492608194057717
860,3.208955223880597,0.0008375237812288105,0.000849042811839864
861,3.212686567164179,0.0008520801784470677,0.0008496161913726387
862,3.216417910447761,0.0008269418030977249,0.0008504135312694238
863,3.220149253731343,0.0008223796030506492,0.0008509983521568157
864,3.2238805970149254,0.0008438146905973554,0.0008507052723250193
865,3.2276119402985075,0.0008578579290769994,0.0008516459223223714
866,3.2313432835820897,0.0008251586114056408,0.0008519878568377619
867,3.235074626865672,0.0008354051387868822,0.0008524458290350329
868,3.2388059701492535,0.0009195993188768625,0.0008498893045570428
869,3.2425373134328357,0.0008550896891392767,0.0008508999116446186
870,3.246268656716418,0.0009184672962874174,0.0008507534370348766
871,3.25,0.0009121293551288545,0.000851765705170337
872,3.253731343283582,0.0008399590151384473,0.0008513804272430517
873,3.2574626865671643,0.0008841559756547213,0.0008518912321206455
874,3.2611940298507465,0.0008892150362953544,0.0008514950835577599
875,3.264925373134328,0.0009068621438927948,0.0008523459532070996
876,3.2686567164179103,0.0009021660080179572,0.0008525599586413946
877,3.2723880597014925,0.0009267273126170039,0.0008525415337871669
878,3.2761194029850746,0.0009334905771538615,0.000851312721795516
879,3.279850746268657,0.000865674635861069,0.0008498755533520769
880,3.283582089552239,0.000830212258733809,0.0008501128532083296
881,3.287313432835821,0.0009392891661264002,0.0008501896205948802
882,3.291044776119403,0.000828529940918088,0.0008503670701984225
883,3.294776119402985,0.0008612389792688191,0.0008521947737147169
884,3.298507462686567,0.0008588935597799718,0.0008519783476935472
885,3.3022388059701493,0.0008316996973007917,0.0008520780488984977
886,3.3059701492537314,0.0008511584019288421,0.0008529738179498874
887,3.3097014925373136,0.0008468911983072758,0.0008532722514667889
888,3.3134328358208953,0.0007666737074032426,0.0008548443310712351
889,3.3171641791044775,0.0008194920374080539,0.0008540885358276527
890,3.3208955223880596,0.0008390834555029869,0.0008538093051600565
891,3.324626865671642,0.0008329745614901185,0.0008523143024365531
892,3.328358208955224,0.0007920083589851856,0.000849902996134649
893,3.332089552238806,0.0008196544949896634,0.0008504883650258729
894,3.3358208955223883,0.0008020410314202309,0.0008486089049611332
895,3.33955223880597,0.0008396746125072241,0.0008489696575873872
896,3.343283582089552,0.0008234467823058367,0.0008471430997682236
897,3.3470149253731343,0.0008032096084207296,0.0008466653312874459
898,3.3507462686567164,0.0007797981379553676,0.0008442649438909096
899,3.3544776119402986,0.0008060599211603403,0.0008416355817533303
900,3.3582089552238807,0.000827898969873786,0.0008424639122606051
901,3.361940298507463,0.0008406712440773845,0.0008436340495103561
902,3.3656716417910446,0.0008593556121923029,0.0008430451498276032
903,3.3694029850746268,0.0009018776472657919,0.0008434897257446698
904,3.373134328358209,0.0008135061361826956,0.0008430244960458722
905,3.376865671641791,0.0008479024400003254,0.0008428310719886567
906,3.3805970149253732,0.0008945844601839781,0.0008431539143912676
907,3.3843283582089554,0.0008373943855985999,0.0008435430822939407
908,3.388059701492537,0.0008998604025691748,0.0008428343131615803
909,3.3917910447761193,0.0008886117138899863,0.0008455061101036646
910,3.3955223880597014,0.0008436412317678332,0.0008462400419819282
911,3.3992537313432836,0.0008571721846237779,0.0008449950752348253
912,3.4029850746268657,0.0008132657967507839,0.000845567875530389
913,3.406716417910448,0.0008639591396786273,0.0008473272006617995
914,3.41044776119403,0.0008070981130003929,0.0008490484835375555
915,3.4141791044776117,0.000904005893971771,0.000849884656462364
916,3.417910447761194,0.000831973273307085,0.0008484508115343931
917,3.421641791044776,0.0008825775003060699,0.0008481520727821966
918,3.425373134328358,0.0008283114293590188,0.0008493966718272465
919,3.4291044776119404,0.0008256867295131087,0.0008493215626491824
920,3.4328358208955225,0.0008996361866593361,0.000849806230867327
921,3.4365671641791047,0.0008781878859736025,0.0008498021222582859
922,3.4402985074626864,0.0009151442791335285,0.0008502688653562673
923,3.4440298507462686,0.0008467575535178185,0.0008490041917666975
924,3.4477611940298507,0.0008421645616181195,0.0008464768264874271
925,3.451492537313433,0.0008509631734341383,0.0008462269268021351
926,3.455223880597015,0.0008449362358078361,0.0008452042153604874
927,3.458955223880597,0.0008671142859384418,0.0008438395083563902
928,3.462686567164179,0.0008178316638804972,0.0008420270694442457
929,3.466417910447761,0.0008762173820286989,0.000840543861580422
930,3.470149253731343,0.0008495832444168627,0.000838466843294843
931,3.4738805970149254,0.0007880398188717663,0.0008377574026448334
932,3.4776119402985075,0.0008564593736082315,0.0008370705281111707
933,3.4813432835820897,0.0008641406893730164,0.0008366949083964999
934,3.485074626865672,0.0008902270928956568,0.0008349751914487924
935,3.4888059701492535,0.000836324121337384,0.0008364736809531544
936,3.4925373134328357,0.0007808869704604149,0.0008342020006327913
937,3.496268656716418,0.0008111984934657812,0.0008337714626998981
938,3.5,0.0008542381692677736,0.0008327334128297502
939,3.503731343283582,0.0007767186616547406,0.0008322881142858689
940,3.5074626865671643,0.0008259313181042671,0.0008325059784621727
941,3.5111940298507465,0.0008277305169031024,0.0008308205841586175
942,3.514925373134328,0.0008598077110946178,0.0008303564462083868
943,3.5186567164179103,0.0008075039950199425,0.0008288344436484139
944,3.5223880597014925,0.0007982556708157063,0.0008283109012309735
945,3.5261194029850746,0.0008032602490857244,0.0008268095254784496
946,3.529850746268657,0.0008059712708927691,0.0008268744994250195
947,3.533582089552239,0.0008386314730159938,0.0008265346774218105
948,3.537313432835821,0.0007630843902006745,0.0008245487399285705
949,3.541044776119403,0.0008390488801524043,0.0008240332472047246
950,3.544776119402985,0.0008034539641812444,0.0008227391716478983
951,3.548507462686567,0.0008145541651174426,0.0008203663817811303
952,3.5522388059701493,0.0008290103287436068,0.0008218189085288564
953,3.5559701492537314,0.0007978653884492815,0.0008211453294767658
954,3.5597014925373136,0.0007934507448226213,0.0008193628107220298
955,3.5634328358208953,0.0008685361826792359,0.0008171067641275685
956,3.5671641791044775,0.000810867000836879,0.0008172227407623901
957,3.5708955223880596,0.0008143212180584669,0.0008172415659717489
958,3.574626865671642,0.0008400174556300044,0.0008178592599905664
959,3.578358208955224,0.0008100541890598834,0.0008178019297036637
960,3.582089552238806,0.0008346191607415676,0.0008200612742590104
961,3.5858208955223883,0.0008305350202135742,0.0008191381689024771
962,3.58955223880597,0.0008591582300141454,0.0008182338546825255
963,3.593283582089552,0.0008527421741746366,0.0008175108814612031
964,3.5970149253731343,0.0008252923144027591,0.0008176570494159511
965,3.6007462686567164,0.0007806081557646394,0.0008179410928633155
966,3.6044776119402986,0.000853627105243504,0.0008179069334845535
967,3.6082089552238807,0.0008310035336762667,0.0008177760954401115
968,3.611940298507463,0.0007856908487156034,0.0008164998356866218
969,3.6156716417910446,0.0007966964622028172,0.0008172093757155646
970,3.6194029850746268,0.0008231602841988206,0.0008166650843965571
971,3.623134328358209,0.0007522988598793745,0.0008151019957461735
972,3.626865671641791,0.0008475934155285358,0.0008149167023053984
973,3.6305970149253732,0.0008288426324725151,0.0008130108088641087
974,3.6343283582089554,0.0007910574204288423,0.0008132634485685607
975,3.638059701492537,0.0007977291825227439,0.000813721642238883
976,3.6417910447761193,0.000841079163365066,0.0008128354916485344
977,3.6455223880597014,0.0007816588040441275,0.0008121266983812902
978,3.6492537313432836,0.0008365239482372999,0.0008128275924430388
979,3.6529850746268657,0.000851887627504766,0.0008111289566064753
980,3.656716417910448,0.0008693517884239554,0.0008112479628790625
981,3.66044776119403,0.0007880839984863997,0.0008112492093748254
982,3.6641791044776117,0.0007906536338850856,0.0008101965337650986
983,3.667910447761194,0.0008301658090204,0.0008098654272943372
984,3.671641791044776,0.0008134968811646104,0.0008087032900487141
985,3.675373134328358,0.0008099014521576464,0.0008082400024982124
986,3.6791044776119404,0.0008018597145564854,0.0008098353339336449
987,3.6828358208955225,0.0008006069110706449,0.0008098176558411158
988,3.6865671641791047,0.0007863048231229186,0.0008092958426171141
989,3.6902985074626864,0.0007921755313873291,0.0008112528920741524
990,3.6940298507462686,0.0008167329360730946,0.0008115315591212271
991,3.6977611940298507,0.0007393673295155168,0.0008127426333929889
992,3.701492537313433,0.0008069571340456605,0.0008145364259778545
993,3.705223880597015,0.0007508686976507306,0.0008148596687355964
994,3.708955223880597,0.0008082236163318157,0.0008151157114586634
995,3.712686567164179,0.0008122366853058338,0.0008172529022686365
996,3.716417910447761,0.000832204008474946,0.0008196382436946761
997,3.720149253731343,0.0007818064768798649,0.0008193437186092502
998,3.7238805970149254,0.0008430578745901585,0.0008208293768736284
999,3.7276119402985075,0.0007703733863309026,0.0008199343205111601
1000,3.7313432835820897,0.0008149334462359548,0.0008193215230343546
1001,3.735074626865672,0.0008346702670678496,0.0008177933674987132
1002,3.7388059701492535,0.0007873753202147782,0.000817782648770911
1003,3.7425373134328357,0.0008455828647129238,0.0008178207847267026
1004,3.746268656716418,0.0008050945471040905,0.0008165268312639943
1005,3.75,0.0008062975248321891,0.0008158471219514202
1006,3.753731343283582,0.0008460167446173728,0.0008140556051441264
1007,3.7574626865671643,0.0008529023034498096,0.0008133673194296113
1008,3.7611940298507465,0.0008096091914921999,0.0008130758325001452
1009,3.764925373134328,0.0008659298764541745,0.0008136404681064915
1010,3.7686567164179103,0.0008081218111328781,0.0008123244269660152
1011,3.7723880597014925,0.000872814329341054,0.0008128763051567281
1012,3.7761194029850746,0.0008258443558588624,0.0008138994936172556
1013,3.779850746268657,0.0008608463685959578,0.0008129620379427584
1014,3.783582089552239,0.000839340384118259,0.0008148720754855653
1015,3.787313432835821,0.0008786822436377406,0.0008149482551167105
1016,3.791044776119403,0.0008955281809903681,0.0008151272337361262
1017,3.794776119402985,0.0008290036348626018,0.0008139702301222558
1018,3.798507462686567,0.0008425707928836346,0.0008149795296670097
1019,3.8022388059701493,0.0007998266373760998,0.0008156991353621934
1020,3.8059701492537314,0.0008267629309557378,0.0008150651772710971
1021,3.8097014925373136,0.0008066974114626646,0.0008156935019963761
1022,3.8134328358208953,0.000787644530646503,0.0008147186784232716
1023,3.8171641791044775,0.0007922172080725431,0.0008157304312079781
1024,3.8208955223880596,0.0007771137170493603,0.0008140423224398457
1025,3.824626865671642,0.0007856287993490696,0.0008132740934720127
1026,3.828358208955224,0.0007364492630586028,0.0008119235905568774
1027,3.832089552238806,0.0007736400002613664,0.0008101880680996833
1028,3.8358208955223883,0.0007886559469625354,0.00081015663596279
1029,3.83955223880597,0.0008094548829831183,0.0008100666284629303
1030,3.843283582089552,0.0007382178446277976,0.0008092085084105592
1031,3.8470149253731343,0.0008393599418923259,0.0008091859976624752
1032,3.8507462686567164,0.00078131805639714,0.0008069012277169017
1033,3.8544776119402986,0.0007685214513912797,0.0008063596437639761
1034,3.8582089552238807,0.0008291802369058132,0.0008045630827659695
1035,3.861940298507463,0.0008113469812087715,0.000803629261521032
1036,3.8656716417910446,0.0008195748087018728,0.0008005890668733273
1037,3.8694029850746268,0.000784766860306263,0.0007992044982795672
1038,3.873134328358209,0.0008231877582147717,0.0007981345136990635
1039,3.876865671641791,0.0008725617080926895,0.0007985211261434526
1040,3.8805970149253732,0.0007443811045959592,0.0007988550407789284
1041,3.8843283582089554,0.0008406947599723935,0.0007991922917071639
1042,3.888059701492537,0.0007947025005705655,0.0007993901892360755
1043,3.8917910447761193,0.0008288571843877435,0.0007999290047758599
1044,3.8955223880597014,0.0007763704052194953,0.0008023723480064513
1045,3.8992537313432836,0.0007735971594229341,0.0008034015872243155
1046,3.9029850746268657,0.0007509269053116441,0.0008043237484809829
1047,3.906716417910448,0.0007748603238724172,0.000806607348594542
1048,3.91044776119403,0.0008516135858371854,0.0008085760835944334
1049,3.9141791044776117,0.000805918883997947,0.0008100554923436082
1050,3.917910447761194,0.0008307469543069601,0.0008111417197009049
1051,3.921641791044776,0.0008071988704614341,0.0008145613175612398
1052,3.925373134328358,0.0007791387615725398,0.000814410775513729
1053,3.9291044776119404,0.0008036394137889147,0.0008173280980483424
1054,3.9328358208955225,0.0007871873676776886,0.0008206456763351836
1055,3.9365671641791047,0.0008010537130758166,0.0008227738861289875
1056,3.9402985074626864,0.0007540342630818486,0.0008249947554204704
1057,3.9440298507462686,0.0008387608686462045,0.0008279474724720164
1058,3.9477611940298507,0.0007851342670619488,0.0008302529473084865
1059,3.951492537313433,0.00085842190310359,0.0008327164516852396
1060,3.955223880597015,0.0008135171374306083,0.0008326716999318905
1061,3.958955223880597,0.0008405902190133929,0.0008372735976037093
1062,3.962686567164179,0.0008148112101480365,0.0008390082256505038
1063,3.966417910447761,0.0008097359677776694,0.0008413519713141751
1064,3.970149253731343,0.000892394280526787,0.0008426069100273819
1065,3.9738805970149254,0.0008193125249817967,0.0008445970256949161
1066,3.9776119402985075,0.0008234374108724296,0.0008473133614354926
1067,3.9813432835820897,0.0008300768677145243,0.000849149496544425
1068,3.985074626865672,0.0008543581352569163,0.0008513757706301786
1069,3.9888059701492535,0.0008493117056787014,0.0008508823357704209
1070,3.9925373134328357,0.0008539902046322823,0.0008510958286933601
1071,3.996268656716418,0.0008784213569015265,0.0008510532206855714
1072,4.0,0.0008331877179443836,0.0008513028435295493
1073,4.003731343283582,0.0009009282803162932,0.0008509673885206078
1074,4.007462686567164,0.0009045421611517668,0.0008506941475632895
1075,4.0111940298507465,0.0009164368384517729,0.0008509621640281161
1076,4.014925373134329,0.0009024026221595705,0.0008491598404716792
1077,4.018656716417911,0.0009406362078152597,0.0008491154351248974
1078,4.022388059701493,0.0008792913286015391,0.0008481893086487927
1079,4.026119402985074,0.0009241914376616478,0.0008484715079070955
1080,4.029850746268656,0.0008707268862053752,0.0008472418952051823
1081,4.0335820895522385,0.0009330589091405272,0.0008473607595078647
1082,4.037313432835821,0.0009118145098909736,0.0008459447062483466
1083,4.041044776119403,0.000890796072781086,0.0008461202009263016
1084,4.044776119402985,0.0008803096716292202,0.0008466304152090921
1085,4.048507462686567,0.000857965147588402,0.0008453880891022159
1086,4.052238805970149,0.0008849669247865677,0.0008463734837544219
1087,4.0559701492537314,0.0008262084447778761,0.0008483371532681148
1088,4.059701492537314,0.0008661375613883138,0.0008483451759874276
1089,4.063432835820896,0.0008313827565871179,0.0008477844729474405
1090,4.067164179104478,0.0008146720938384533,0.0008468604533047211
1091,4.07089552238806,0.0008290000259876251,0.0008461101395191579
1092,4.074626865671642,0.0008174334070645273,0.0008439214264110821
1093,4.0783582089552235,0.0007653851062059402,0.0008432643584589042
1094,4.082089552238806,0.0007924365345388651,0.0008415424991853353
1095,4.085820895522388,0.0007981760427355766,0.0008392953711402853
1096,4.08955223880597,0.0007271584472618997,0.0008356799286358604
1097,4.093283582089552,0.0007522136438637972,0.0008331942556584935
1098,4.097014925373134,0.0008007896831259131,0.0008300667850118949
1099,4.100746268656716,0.0007967044366523623,0.0008300623683281606
1100,4.104477611940299,0.0008080077823251486,0.0008276685740139972
1101,4.108208955223881,0.0008183905738405883,0.0008279885926352041
1102,4.111940298507463,0.0007825320353731513,0.0008254158835880822
1103,4.115671641791045,0.0008220064919441938,0.0008254745540708849
1104,4.119402985074627,0.0008306547533720732,0.0008228888249638058
1105,4.123134328358209,0.0008414589101448655,0.0008240393987606938
1106,4.126865671641791,0.0008597137057222426,0.0008239669245440604
1107,4.130597014925373,0.0009039478609338403,0.0008240487616759067
1108,4.134328358208955,0.0008304057992063463,0.0008239252521179435
1109,4.138059701492537,0.0008313693106174469,0.0008256584803414781
1110,4.141791044776119,0.0008114269003272057,0.0008244892261445341
1111,4.145522388059701,0.0008232273394241929,0.0008272884467548532
1112,4.149253731343284,0.0007886841194704175,0.0008270459905516629
1113,4.152985074626866,0.0008062479319050908,0.0008285998185051651
1114,4.156716417910448,0.0008303320500999689,0.0008307482987619573
1115,4.16044776119403,0.0008124099113047123,0.000832930042567413
1116,4.164179104477612,0.0007682036957703531,0.0008330537068725722
1117,4.167910447761194,0.0008004900300875306,0.0008344817878224137
1118,4.1716417910447765,0.0008124099113047123,0.0008371004653049679
1119,4.175373134328358,0.0008791102445684373,0.0008374135061053605
1120,4.17910447761194,0.0008260458707809448,0.0008377829075382068
1121,4.182835820895522,0.0008838476496748626,0.0008377448170127847
1122,4.186567164179104,0.0008275778382085264,0.000837459214735867
1123,4.190298507462686,0.0009142199996858835,0.0008376303310619621
1124,4.1940298507462686,0.0007847811793908477,0.0008375584375022388
1125,4.197761194029851,0.0009274831973016262,0.0008368160683525409
1126,4.201492537313433,0.0008549937047064304,0.0008355070234889664
1127,4.205223880597015,0.0008883222471922636,0.0008346601318363555
1128,4.208955223880597,0.0008211445529013872,0.0008321062167652133
1129,4.212686567164179,0.0009371999185532331,0.0008312803366584931
1130,4.2164179104477615,0.0007834433345124125,0.0008297311596390678
1131,4.220149253731344,0.000929440138861537,0.000829054320957966
1132,4.223880597014926,0.0008190593216568232,0.0008282404287899958
1133,4.227611940298507,0.0008811403531581163,0.0008292859689923139
1134,4.231343283582089,0.0008534727967344224,0.000829834654279871
1135,4.235074626865671,0.0008818880305625498,0.0008289335173463858
1136,4.2388059701492535,0.0008032462792471051,0.0008282902289931549
1137,4.242537313432836,0.0007857097662054002,0.0008311109864380119
1138,4.246268656716418,0.0008595794206485152,0.0008305438081506731
1139,4.25,0.0008136243559420109,0.0008299704286178983
1140,4.253731343283582,0.0008118498953990638,0.0008289251439614085
1141,4.257462686567164,0.0008064460707828403,0.0008268047396729632
1142,4.2611940298507465,0.0008066808804869652,0.000825110127263498
1143,4.264925373134329,0.0007895478047430515,0.0008241250378465871
1144,4.268656716417911,0.0008190588559955359,0.0008220984799242238
1145,4.272388059701493,0.0008002176182344556,0.0008213367545977235
1146,4.276119402985074,0.0007877880707383156,0.000818163536988744
1147,4.279850746268656,0.0008249911479651928,0.0008173799426181288
1148,4.2835820895522385,0.0007992373430170119,0.0008163882175278737
1149,4.287313432835821,0.0007965447148308158,0.0008157579094830264
1150,4.291044776119403,0.0007678530528210104,0.0008119807149874182
1151,4.294776119402985,0.0007836765144020319,0.000812495747728773
1152,4.298507462686567,0.0007898577605374157,0.0008083428582744446
1153,4.302238805970149,0.0008315512677654624,0.0008069830052213879
1154,4.3059701492537314,0.0008287440286949277,0.0008053025500508161
1155,4.309701492537314,0.0007933854358270764,0.0008038170365957407
1156,4.313432835820896,0.0007860350888222456,0.0008037075423067663
1157,4.317164179104478,0.0008838547510094941,0.0008026620432757205
1158,4.32089552238806,0.0007772357203066349,0.0008064020842472772
1159,4.324626865671642,0.0007889013504609466,0.0008048781338602123
1160,4.3283582089552235,0.0008362535736523569,0.0008056910237206555
1161,4.332089552238806,0.0007391092949546874,0.0008058333755243661
1162,4.335820895522388,0.0008143685408867896,0.0008053187488169386
1163,4.33955223880597,0.0007871891721151769,0.0008067539083862268
1164,4.343283582089552,0.000831131124868989,0.000807897004628236
1165,4.347014925373134,0.0007535504410043359,0.000808660640869653
1166,4.350746268656716,0.0007973812753334641,0.0008088564102696936
1167,4.354477611940299,0.0008228663355112076,0.0008093869390261428
1168,4.358208955223881,0.0008476615184918046,0.0008093204346440006
1169,4.361940298507463,0.0007953019230626523,0.0008101687190213763
1170,4.365671641791045,0.0007823349442332983,0.0008089483372026645
1171,4.369402985074627,0.0008045596769079566,0.000810651960441979
1172,4.373134328358209,0.0007591716712340713,0.0008118072646760904
1173,4.376865671641791,0.0007633053464815021,0.0008115466434235979
1174,4.380597014925373,0.0008122416911646724,0.0008110471932989795
1175,4.384328358208955,0.0007925667450763285,0.0008104064859586154
1176,4.388059701492537,0.0008773987647145987,0.0008103944724652825
1177,4.391791044776119,0.0007603808189742267,0.0008113639849442534
1178,4.395522388059701,0.0009390514460392296,0.0008085690532447543
1179,4.399253731343284,0.0007970974547788501,0.000807237438005736
1180,4.402985074626866,0.0008469528402201831,0.0008075283613146805
1181,4.406716417910448,0.0008176863193511963,0.0008058283114578666
1182,4.41044776119403,0.0007853463757783175,0.0008066865592831518
1183,4.414179104477612,0.0008655224228277802,0.0008051251103851671
1184,4.417910447761194,0.0008364147506654263,0.0008044875249630068
1185,4.4216417910447765,0.0008503679418936372,0.0008026531630581836
1186,4.425373134328358,0.0008082441636361182,0.0008039495385274654
1187,4.42910447761194,0.0008095397497527301,0.0008030045981995943
1188,4.432835820895522,0.0008222644682973623,0.0008016670060275895
1189,4.436567164179104,0.0008340170024894178,0.0007994334985751932
1190,4.440298507462686,0.0007465090602636337,0.0007984571871574877
1191,4.4440298507462686,0.0008377016056329012,0.0007984751846823023
1192,4.447761194029851,0.0008310439880006015,0.0007980702354050264
1193,4.451492537313433,0.000779172289185226,0.0007982342361994996
1194,4.455223880597015,0.0008110738126561046,0.0007983612950050794
1195,4.458955223880597,0.0008024750277400017,0.0007983595132827759
1196,4.462686567164179,0.0007928928826004267,0.0007962589634854983
1197,4.4664179104477615,0.0008257851004600525,0.0007943111875026328
1198,4.470149253731344,0.00076926255133003,0.0007941103952073651
1199,4.473880597014926,0.0007226394955068827,0.0007895729802662461
1200,4.477611940298507,0.0008008292061276734,0.0007883655986317047
1201,4.481343283582089,0.0007665515295229852,0.0007851706965394863
1202,4.485074626865671,0.000774297455791384,0.0007837524824980192
1203,4.4888059701492535,0.000750349136069417,0.0007826056921990906
1204,4.492537313432836,0.0007610481698065996,0.0007794390619936876
1205,4.496268656716418,0.0007559222867712379,0.0007772510913882131
1206,4.5,0.000806701835244894,0.0007747356771355177
1207,4.503731343283582,0.0007586387218907475,0.0007731011066381343
1208,4.507462686567164,0.0007680250564590096,0.0007727817268814983
1209,4.5111940298507465,0.0007560877129435539,0.0007702129546598327
1210,4.514925373134329,0.0007552731549367309,0.0007678812948941458
1211,4.518656716417911,0.0007830728427506983,0.0007677581757534204
1212,4.522388059701493,0.0007879567565396428,0.0007659204576800509
1213,4.526119402985074,0.0007658957038074732,0.0007635214161582109
1214,4.529850746268656,0.0007685147575102746,0.000762347966750584
1215,4.5335820895522385,0.000812168640550226,0.0007606099584003593
1216,4.537313432835821,0.0007064442033879459,0.0007586339190488727
1217,4.541044776119403,0.0007975399494171143,0.0007579181891320864
1218,4.544776119402985,0.0007521483348682523,0.0007556644793622559
1219,4.548507462686567,0.0007530174334533513,0.0007558365227518286
1220,4.552238805970149,0.0007475948077626526,0.0007565465653542338
1221,4.5559701492537314,0.0007159618544392288,0.0007548416132766117
1222,4.559701492537314,0.0007595395436510444,0.0007540248646741597
1223,4.563432835820896,0.0007383279735222459,0.0007542782085493389
1224,4.567164179104478,0.0007356905844062567,0.0007541547288050557
1225,4.57089552238806,0.000746707955840975,0.0007544828610063144
1226,4.574626865671642,0.0007472359575331211,0.0007538101877222155
1227,4.5783582089552235,0.0007412267732433975,0.0007528412473819605
1228,4.582089552238806,0.0007964451797306538,0.0007530900695156761
1229,4.585820895522388,0.0007169448072090745,0.0007520848487662833
1230,4.58955223880597,0.0007384189520962536,0.0007511365210364868
1231,4.593283582089552,0.000741461175493896,0.0007509984084541296
1232,4.597014925373134,0.0007623551646247506,0.0007508700122920479
1233,4.600746268656716,0.0007326832856051624,0.0007489603651664788
1234,4.604477611940299,0.0007310608634725213,0.0007487733467913619
1235,4.608208955223881,0.0007398154702968895,0.0007486037055325763
1236,4.611940298507463,0.000721457414329052,0.0007470484592997264
1237,4.615671641791045,0.0007635479560121894,0.0007493650574782272
1238,4.619402985074627,0.0007333829998970032,0.000748736451652537
1239,4.623134328358209,0.0007763163303025067,0.0007493280487634787
1240,4.626865671641791,0.0007517512422055006,0.0007495518856136719
1241,4.630597014925373,0.0007309261709451675,0.0007505087215998551
1242,4.634328358208955,0.0007330648368224502,0.000751164391148472
1243,4.638059701492537,0.0007846845546737313,0.0007507409801047932
1244,4.641791044776119,0.0007452864665538073,0.0007516003395544319
1245,4.645522388059701,0.0007745015900582075,0.0007526135475306613
1246,4.649253731343284,0.0007283426821231842,0.0007518718371213209
1247,4.652985074626866,0.0007669752812944353,0.0007519196823988928
1248,4.656716417910448,0.0007688404293730855,0.000752404982383113
1249,4.66044776119403,0.0007268110057339072,0.0007521429669861569
1250,4.664179104477612,0.0007172062760218978,0.000752294007348033
1251,4.667910447761194,0.000749610539060086,0.0007537754732411263
1252,4.6716417910447765,0.0007778086001053452,0.0007539203592076353
1253,4.675373134328358,0.0007096612243913114,0.0007533828242363908
1254,4.67910447761194,0.0007582279504276812,0.0007540019464724493
1255,4.682835820895522,0.0007615594659000635,0.0007555230929538971
1256,4.686567164179104,0.0007484035450033844,0.0007561887614428997
1257,4.690298507462686,0.0008014247287064791,0.0007572755155085427
1258,4.6940298507462686,0.0007717671105638146,0.0007570372985267058
1259,4.697761194029851,0.0007764038164168596,0.0007577977787771421
1260,4.701492537313433,0.0007621947443112731,0.0007584876148030162
1261,4.705223880597015,0.0007868250831961632,0.0007593684159673569
1262,4.708955223880597,0.0007428443059325218,0.0007619933060529392
1263,4.712686567164179,0.0007421796908602118,0.000763382216086384
1264,4.7164179104477615,0.0007735617109574378,0.0007640473592867394
1265,4.720149253731344,0.0007772321114316583,0.0007654284567163303
1266,4.723880597014926,0.0007162978290580213,0.0007658956896104827
1267,4.727611940298507,0.0007491976139135659,0.0007673576019886063
1268,4.731343283582089,0.0007611240725964308,0.000767590913910237
1269,4.735074626865671,0.000785702548455447,0.0007670623258823847
1270,4.7388059701492535,0.0007231374620459974,0.0007683244866046418
1271,4.742537313432836,0.0007991590537130833,0.0007706181097934704
1272,4.746268656716418,0.000747401500120759,0.0007712958741183506
1273,4.75,0.0007403162308037281,0.0007730279495462594
1274,4.753731343283582,0.00075806729728356,0.0007775495476202994
1275,4.757462686567164,0.0007934278692118824,0.0007796036150510899
1276,4.7611940298507465,0.0007671078783459961,0.000783659270737411
1277,4.764925373134329,0.0007660143310204148,0.0007853162895161204
1278,4.768656716417911,0.000753781059756875,0.0007865369467564472
1279,4.772388059701493,0.0007645626901648939,0.0007887950803085071
1280,4.776119402985074,0.0008045996073633432,0.0007900148402990364
1281,4.779850746268656,0.0007878640899434686,0.0007940365438826564
1282,4.7835820895522385,0.0008385466644540429,0.0007941393556482181
1283,4.787313432835821,0.0007900101481936872,0.0007976859086761024
1284,4.791044776119403,0.0008119554258882999,0.0008001001069049646
1285,4.794776119402985,0.0008019114611670375,0.0008005081255715795
1286,4.798507462686567,0.000793658138718456,0.0008018413067386463
1287,4.802238805970149,0.0007882810896262527,0.0008044371086104614
1288,4.8059701492537314,0.0007765410700812936,0.0008059307186092
1289,4.809701492537314,0.0007471683202311397,0.0008053501014506853
1290,4.813432835820896,0.0007785595953464508,0.0008064540381338902
1291,4.817164179104478,0.0008112448267638683,0.0008086184218594032
1292,4.82089552238806,0.0007773988763801754,0.0008077669502576677
1293,4.824626865671642,0.0008488236926496029,0.0008086818029036428
1294,4.8283582089552235,0.0008950467454269528,0.0008095294910074189
1295,4.832089552238806,0.000842444715090096,0.0008104833456256041
1296,4.835820895522388,0.0009278413490392268,0.0008109825416240933
1297,4.83955223880597,0.0008163413149304688,0.000811771114879265
1298,4.843283582089552,0.0008514716755598783,0.0008126826866007433
1299,4.847014925373134,0.0008643505861982703,0.0008134430873480331
1300,4.850746268656716,0.0008264139760285616,0.0008126650397415931
1301,4.854477611940299,0.0009270845912396908,0.0008123790655035252
1302,4.858208955223881,0.0007910403655841947,0.0008124882233238257
1303,4.861940298507463,0.0008882529800757766,0.0008103260784637092
1304,4.865671641791045,0.0008411618182435632,0.0008084517023412556
1305,4.869402985074627,0.0007902904762886465,0.0008071458276656525
1306,4.873134328358209,0.0008318925392813981,0.0008059057134498911
1307,4.876865671641791,0.0008227257058024406,0.0008033846956450584
1308,4.880597014925373,0.0008104356238618493,0.0008024546479601868
1309,4.884328358208955,0.0007373187690973282,0.0008001244192511388
1310,4.888059701492537,0.0008309639524668455,0.000800203848573402
1311,4.891791044776119,0.0008118771947920322,0.0007982477020449573
1312,4.895522388059701,0.0007642487180419266,0.0007959672309480971
1313,4.899253731343284,0.0007849104586057365,0.0007953145001765067
1314,4.902985074626866,0.0007750714430585504,0.0007921325315426035
1315,4.906716417910448,0.0007971753366291523,0.0007892708115211529
1316,4.91044776119403,0.0008138949051499367,0.0007859966930615284
1317,4.914179104477612,0.0007994393818080425,0.0007826623878805194
1318,4.917910447761194,0.0008033887716010213,0.0007812675662202443
1319,4.9216417910447765,0.0007849574903957546,0.0007782440459378427
1320,4.925373134328358,0.0007326627383008599,0.0007758971627392783
1321,4.92910447761194,0.0007928746636025608,0.0007738075730186411
1322,4.932835820895522,0.0007923395605757833,0.0007701739725634092
1323,4.936567164179104,0.0007498987251892686,0.0007684551372488098
1324,4.940298507462686,0.00071316072717309,0.0007656616806166201
1325,4.9440298507462686,0.0007584145641885698,0.0007626015761094849
1326,4.947761194029851,0.0007510667783208191,0.0007612734334543347
1327,4.951492537313433,0.0006902964087203145,0.0007580599148485173
1328,4.955223880597015,0.0007501491345465183,0.0007566923812236182
1329,4.958955223880597,0.0006810016930103302,0.000755983556722995
1330,4.962686567164179,0.0007504249224439263,0.000756400190123425
1331,4.9664179104477615,0.0006983575876802206,0.0007533366101930236
1332,4.970149253731344,0.0007177455117926002,0.0007513262141246076
1333,4.973880597014926,0.0007506369147449732,0.0007506749158293554
1334,4.977611940298507,0.0007183629786595702,0.0007502731963674106
1335,4.981343283582089,0.0007777162245474756,0.0007490550321186097
1336,4.985074626865671,0.000708205858245492,0.0007474491778738433
1337,4.9888059701492535,0.0007911348366178572,0.0007453709145122003
1338,4.992537313432836,0.0007591536268591881,0.0007428863545788861
1339,4.996268656716418,0.000727507343981415,0.0007416859564439552
1340,5.0,0.000768128375057131,0.00073992021995165
1341,5.003731343283582,0.0007407407974824309,0.0007406290444522733
1342,5.007462686567164,0.0007781069725751877,0.0007390435231372532
1343,5.0111940298507465,0.000720568117685616,0.0007376122719994406
1344,5.014925373134329,0.0007737212581560016,0.0007372872148663169
1345,5.018656716417911,0.0007156975334510207,0.0007372844223182922
1346,5.022388059701493,0.0007358366274274886,0.0007366265678528423
1347,5.026119402985074,0.0007001382764428854,0.0007364867857044063
1348,5.029850746268656,0.0007666568271815777,0.0007367964334240774
1349,5.0335820895522385,0.0007813738193362951,0.000736591849112656
1350,5.037313432835821,0.0007544007385149598,0.0007373399311313178
1351,5.041044776119403,0.0007053571753203869,0.0007371993170392405
1352,5.044776119402985,0.0007294509559869766,0.0007382771113841999
1353,5.048507462686567,0.0007375454879365861,0.0007391086220173393
1354,5.052238805970149,0.0007684399606660008,0.0007405632768939362
1355,5.0559701492537314,0.0007251267088577151,0.0007414835400129782
1356,5.059701492537314,0.0007313353125937283,0.0007398653258683114
1357,5.063432835820896,0.0007286861073225737,0.0007414808809166638
1358,5.067164179104478,0.0006975724245421588,0.0007406778352494101
1359,5.07089552238806,0.0007541724480688572,0.0007393790306750594
1360,5.074626865671642,0.0007125622942112386,0.0007391849535562825
1361,5.0783582089552235,0.0007617245428264141,0.0007385469280274176
1362,5.082089552238806,0.0007278682896867394,0.0007378140992553132
1363,5.085820895522388,0.000733658263925463,0.000737520780914077
1364,5.08955223880597,0.0007365713827311993,0.0007375132053999639
1365,5.093283582089552,0.0007130462327040732,0.0007374863049424276
1366,5.097014925373134,0.0007314425311051309,0.0007396173740101115
1367,5.100746268656716,0.00074533571023494,0.0007406447065721561
1368,5.104477611940299,0.000702991965226829,0.0007415517380960831
1369,5.108208955223881,0.000741761177778244,0.0007414648383174365
1370,5.111940298507463,0.0007116730557754636,0.0007414801710671405
1371,5.115671641791045,0.000744659744668752,0.0007419059941794996
1372,5.119402985074627,0.0007425471558235586,0.0007439812477791636
1373,5.123134328358209,0.0007518374477513134,0.0007448212695080878
1374,5.126865671641791,0.000810277764685452,0.0007453978533016109
1375,5.130597014925373,0.0007560937665402889,0.000746394626841676
1376,5.134328358208955,0.0007113694446161389,0.0007484786456632541
1377,5.138059701492537,0.0007744436152279377,0.0007492215301637061
1378,5.141791044776119,0.000758209964260459,0.0007508538405002072
1379,5.145522388059701,0.000705902639310807,0.0007526619819833375
1380,5.149253731343284,0.0007195501821115613,0.0007546447365113148
1381,5.152985074626866,0.0007419693283736706,0.0007566899365018598
1382,5.156716417910448,0.0007106948178261518,0.00075815149679462
1383,5.16044776119403,0.0007660809205844998,0.0007607380720423307
1384,5.164179104477612,0.0007202575216069818,0.0007629103152217661
1385,5.167910447761194,0.0007726183393970132,0.000764797048404722
1386,5.1716417910447765,0.0008030713652260602,0.00076666900536
1387,5.175373134328358,0.0007779572624713182,0.0007673581897440116
1388,5.17910447761194,0.0007373265689238906,0.0007688189862386846
1389,5.182835820895522,0.0007630939362570643,0.0007707604104880152
1390,5.186567164179104,0.0007820024620741606,0.0007718239865470223
1391,5.190298507462686,0.0007718594861216843,0.000773387075197406
1392,5.1940298507462686,0.0007904425729066133,0.0007733835699604597
1393,5.197761194029851,0.0007638918468728662,0.0007748078943866237
1394,5.201492537313433,0.0007611854234710336,0.0007749033762460075
1395,5.205223880597015,0.0008093076758086681,0.0007745984263104819
1396,5.208955223880597,0.0008105714805424213,0.0007746996054221399
1397,5.212686567164179,0.0007617935771122575,0.0007760634194355367
1398,5.2164179104477615,0.0007956108311191201,0.0007754404015452942
1399,5.220149253731344,0.0007717062253504992,0.0007758026036842749
1400,5.223880597014926,0.0008354653837159276,0.0007773019634641525
1401,5.227611940298507,0.0007964154938235879,0.0007780845597863379
1402,5.231343283582089,0.000821648514829576,0.0007790296420841137
1403,5.235074626865671,0.0008339178748428822,0.0007804880989147578
1404,5.2388059701492535,0.0008227202342823148,0.0007809579397960589
1405,5.242537313432836,0.0008139274432323873,0.0007823983494124216
1406,5.246268656716418,0.0007897964678704739,0.000782001563404664
1407,5.25,0.0007596990908496082,0.0007807023300812012
1408,5.253731343283582,0.0008052283665165305,0.0007794681814408339
1409,5.257462686567164,0.0007825903594493866,0.0007811669862215839
1410,5.2611940298507465,0.0007853677961975336,0.0007801615056672656
1411,5.264925373134329,0.0007757596904411912,0.0007803749545795344
1412,5.268656716417911,0.0007445160299539566,0.0007817457520925417
1413,5.272388059701493,0.000800944457296282,0.0007820919542232664
1414,5.276119402985074,0.0007557522039860487,0.0007827886999244006
1415,5.279850746268656,0.0007977748173289001,0.0007844330067178462
1416,5.2835820895522385,0.0007602421101182699,0.0007857991575558738
1417,5.287313432835821,0.0007672858191654086,0.0007842619840918881
1418,5.291044776119403,0.0007488998817279935,0.0007856483826777194
1419,5.294776119402985,0.0007730602519586682,0.0007850110457028921
1420,5.298507462686567,0.00076737639028579,0.0007851101321781554
1421,5.302238805970149,0.000751636631321162,0.0007847765994417231
1422,5.3059701492537314,0.0007807177025824785,0.0007857417293097369
1423,5.309701492537314,0.0007704915478825569,0.0007836675475828531
1424,5.313432835820896,0.0007853443967178464,0.0007823439862965266
1425,5.317164179104478,0.0007793143158778548,0.000780082729406564
1426,5.32089552238806,0.0007563501130789518,0.0007780063386279635
1427,5.324626865671642,0.0007498027989640832,0.0007776183831482762
1428,5.3283582089552235,0.0007273571682162583,0.000777313810852697
1429,5.332089552238806,0.0008069775649346411,0.000776623977666221
1430,5.335820895522388,0.0007218692335300148,0.0007747997410549987
1431,5.33955223880597,0.0007907538674771786,0.0007735351966580422
1432,5.343283582089552,0.0008280621841549873,0.000772167203050652
1433,5.347014925373134,0.0008046368602663279,0.0007722888684195535
1434,5.350746268656716,0.0007924584206193686,0.0007701736829448037
1435,5.354477611940299,0.0008286020020022988,0.0007696805788749238
1436,5.358208955223881,0.0008653198601678014,0.0007683746417325627
1437,5.361940298507463,0.0007475473685190082,0.0007679073861232255
1438,5.365671641791045,0.0008186359191313386,0.0007672294656314501
1439,5.369402985074627,0.0007694800151512027,0.0007680655945455883
1440,5.373134328358209,0.0007757687708362937,0.0007681157454144118
1441,5.376865671641791,0.0008217905415222049,0.0007674022217099442
1442,5.380597014925373,0.0008359858184121549,0.000767366625595747
1443,5.384328358208955,0.0007366070640273392,0.0007659507341819202
1444,5.388059701492537,0.000779651862103492,0.0007650200320157881
1445,5.391791044776119,0.0007300087017938495,0.0007646608765509616
1446,5.395522388059701,0.0007287954213097692,0.0007632734273878358
1447,5.399253731343284,0.0007738902932032943,0.0007613666679301276
1448,5.402985074626866,0.0007472116267308593,0.0007623656732370941
1449,5.406716417910448,0.0007769452058710158,0.0007621514676252334
1450,5.41044776119403,0.0007077966583892703,0.000761144795943415
1451,5.414179104477612,0.0007335214759223163,0.0007614484085224387
1452,5.417910447761194,0.0007196719525381923,0.0007593448021131136
1453,5.4216417910447765,0.0007495043100789189,0.0007560361409559846
1454,5.425373134328358,0.0007142218528315425,0.0007541927739001084
1455,5.42910447761194,0.0007355349371209741,0.0007519806102031796
1456,5.432835820895522,0.0007442313944920897,0.0007489006455260805
1457,5.436567164179104,0.0007410846301354468,0.0007440738334524922
1458,5.440298507462686,0.0007394910790026188,0.0007429195059713249
1459,5.4440298507462686,0.0007831811672076583,0.0007397306773516281
1460,5.447761194029851,0.0007751164375804365,0.000738417748191462
1461,5.451492537313433,0.0007381219184026122,0.0007376408576397453
1462,5.455223880597015,0.0007501771906390786,0.0007357735672352336
1463,5.458955223880597,0.000722666154615581,0.0007332137518948535
1464,5.462686567164179,0.0007323327590711415,0.0007335468913746498
1465,5.4664179104477615,0.0007706190226599574,0.0007320788047253722
1466,5.470149253731344,0.0007224289001896977,0.0007327301924616643
1467,5.473880597014926,0.0006781729753129184,0.0007331159616048198
1468,5.477611940298507,0.0007907620165497065,0.0007332053245613124
1469,5.481343283582089,0.0007185747381299734,0.0007333322371378904
1470,5.485074626865671,0.0007657040259800851,0.0007333951993709112
1471,5.4888059701492535,0.0007343173492699862,0.0007349771586610232
1472,5.492537313432836,0.0007045060046948493,0.0007359341280989167
1473,5.496268656716418,0.0006924070767126977,0.0007368822130601762
1474,5.5,0.0007290588109754026,0.0007370205229807009
1475,5.503731343283582,0.000701759709045291,0.0007378897621160055
1476,5.507462686567164,0.0007023234502412379,0.0007391257790803183
1477,5.5111940298507465,0.0006674205651506782,0.0007390900310583231
1478,5.514925373134329,0.000700219941791147,0.0007402114811489676
1479,5.518656716417911,0.000687893945723772,0.0007423994886666173
1480,5.522388059701493,0.0007156499195843935,0.0007422756284429896
1481,5.526119402985074,0.0007439162582159042,0.0007428828919329113
1482,5.529850746268656,0.0007452316349372268,0.0007453889418506949
1483,5.5335820895522385,0.0007310333894565701,0.0007464167812452992
1484,5.537313432835821,0.0007502657826989889,0.0007485482094968419
1485,5.541044776119403,0.0007194603094831109,0.00074949783057247
1486,5.544776119402985,0.0007567155989818275,0.0007499981041225354
1487,5.548507462686567,0.000744611956179142,0.0007521261989207166
1488,5.552238805970149,0.0007775541744194925,0.0007554374524483048
1489,5.5559701492537314,0.0007524150423705578,0.000755076735314527
1490,5.559701492537314,0.0007795266574248672,0.0007563698426366034
1491,5.563432835820896,0.0007726569892838597,0.0007574972568829431
1492,5.567164179104478,0.0007727572228759527,0.0007586568841006515
1493,5.57089552238806,0.0007585434359498322,0.0007599010089662199
1494,5.574626865671642,0.0007551750168204308,0.0007621268202300842
1495,5.5783582089552235,0.0007498606573790312,0.0007640436425146352
1496,5.582089552238806,0.0007862116326577961,0.0007659570617805712
1497,5.585820895522388,0.0007427657255902886,0.0007682956908488782
1498,5.58955223880597,0.0007870640838518739,0.0007701324775996731
1499,5.593283582089552,0.0008291993872262537,0.0007712705694025428
1500,5.597014925373134,0.0007781028980389237,0.0007732542978440662
1501,5.600746268656716,0.0008000142406672239,0.0007755185588172115
1502,5.604477611940299,0.000840869965031743,0.0007756827384937646
1503,5.608208955223881,0.0007923186058178544,0.000775534791656111
1504,5.611940298507463,0.0008100547129288316,0.0007764802090028619
1505,5.615671641791045,0.0007712672231718898,0.0007774407262686731
1506,5.619402985074627,0.000791130238212645,0.0007780395042173928
1507,5.623134328358209,0.0008096807869151235,0.0007790935739715834
1508,5.626865671641791,0.000813934369944036,0.0007795877300384568
1509,5.630597014925373,0.0007759726140648127,0.0007786572095938027
1510,5.634328358208955,0.0007715921383351088,0.0007784568077157728
1511,5.638059701492537,0.0008119280100800097,0.0007771955726372941
1512,5.641791044776119,0.0007818620651960373,0.0007752610793587093
1513,5.645522388059701,0.0007555151241831481,0.0007739186800857325
1514,5.649253731343284,0.0007836653385311365,0.0007735473989713482
1515,5.652985074626866,0.0008076485246419907,0.0007714992885977575
1516,5.656716417910448,0.0007802098989486694,0.0007716059292916482
1517,5.66044776119403,0.0007982072420418262,0.0007698432891629636
1518,5.664179104477612,0.0007427288219332695,0.0007703131584382457
1519,5.667910447761194,0.0007468817057088017,0.0007692407788254502
1520,5.6716417910447765,0.0007692268118262291,0.0007669079790414288
1521,5.675373134328358,0.0008084846194833517,0.0007654794466272905
1522,5.67910447761194,0.0007506476249545813,0.0007647848645475035
1523,5.682835820895522,0.0007391658145934343,0.0007621327673493907
1524,5.686567164179104,0.0007697955006733537,0.0007600401735455706
1525,5.690298507462686,0.0007896469905972481,0.0007581976199772482
1526,5.6940298507462686,0.0007440102053806186,0.0007586659275835789
1527,5.697761194029851,0.0007999324589036405,0.0007570302156481619
1528,5.701492537313433,0.0007648723549209535,0.000756563757909689
1529,5.705223880597015,0.000739402836188674,0.0007548627284605329
1530,5.708955223880597,0.0007441985653713346,0.0007531666452428553
1531,5.712686567164179,0.0007278160192072392,0.0007531311953576599
1532,5.7164179104477615,0.0006933427648618817,0.0007508951423848729
1533,5.720149253731344,0.0007177188526839018,0.0007490286697270121
1534,5.723880597014926,0.0007433209102600813,0.0007489607612625128
1535,5.727611940298507,0.0006712024915032089,0.0007470942729879625
1536,5.731343283582089,0.0007542329258285463,0.0007456068145451931
1537,5.735074626865671,0.0007139433873817325,0.0007445554251828026
1538,5.7388059701492535,0.0007620303658768535,0.0007431663405263751
1539,5.742537313432836,0.0007430965197272599,0.0007420887861105545
1540,5.746268656716418,0.0007335545960813761,0.0007405561386471297
1541,5.75,0.0007195330690592527,0.000738256609510267
1542,5.753731343283582,0.0007715363753959537,0.0007355714077697839
1543,5.757462686567164,0.000732133979909122,0.0007335480129368967
1544,5.7611940298507465,0.0007065222598612309,0.0007324485610829802
1545,5.764925373134329,0.0007345100166276097,0.0007309077844228141
1546,5.768656716417911,0.0007904678350314498,0.000728876638033132
1547,5.772388059701493,0.0007240660488605499,0.000728044711428172
1548,5.776119402985074,0.0007905560196377337,0.0007261682043374493
1549,5.779850746268656,0.0007441921625286341,0.0007265459848340692
1550,5.7835820895522385,0.0007064332021400332,0.0007263075506382781
1551,5.787313432835821,0.0007701386930420995,0.0007267155295533197
1552,5.791044776119403,0.0007202498381957412,0.0007280420693682461
1553,5.794776119402985,0.0007053366862237453,0.00072940095844565
1554,5.798507462686567,0.0007527308771386743,0.0007305868288002363
1555,5.802238805970149,0.0007071393192745745,0.0007293564409426436
1556,5.8059701492537314,0.0007466627284884453,0.0007310677050022272
1557,5.809701492537314,0.000737102935090661,0.000730236290908623
1558,5.813432835820896,0.0007412547711282969,0.0007308220133049096
1559,5.817164179104478,0.0006985490908846259,0.0007309622596949339
1560,5.82089552238806,0.0006840431597083807,0.0007306408951990306
1561,5.824626865671642,0.0006749461172148585,0.0007310118228083522
1562,5.8283582089552235,0.0006983913481235504,0.0007322516104933329
1563,5.832089552238806,0.0006676884368062019,0.0007297771446202405
1564,5.835820895522388,0.0006940882885828614,0.0007290024091716764
1565,5.83955223880597,0.0007066236576065421,0.0007290416013835589
1566,5.843283582089552,0.0007063699886202812,0.0007280404069006625
1567,5.847014925373134,0.0007099012145772576,0.0007267815952484564
1568,5.850746268656716,0.0007229956681840122,0.0007278304206343685
1569,5.854477611940299,0.0007803613552823663,0.0007251729683314519
1570,5.858208955223881,0.0007296270341612399,0.0007262496538914558
1571,5.861940298507463,0.0007609257008880377,0.0007267137620280065
1572,5.865671641791045,0.0007822041516192257,0.0007265776980713737
1573,5.869402985074627,0.0007490572170354426,0.0007273678642288759
1574,5.873134328358209,0.0007663395372219384,0.0007281457386320321
1575,5.876865671641791,0.0006928750080987811,0.0007278313519569432
1576,5.880597014925373,0.000741364317946136,0.0007296728932798454
1577,5.884328358208955,0.0007201449479907751,0.00073046520034351
1578,5.888059701492537,0.0007379580056294799,0.0007315088864188733
1579,5.891791044776119,0.0007677804678678513,0.0007326066403127298
1580,5.895522388059701,0.0007299205753952265,0.0007339231073629202
1581,5.899253731343284,0.0007487626280635595,0.0007358157266181235
1582,5.902985074626866,0.000770364364143461,0.0007372788712950196
1583,5.906716417910448,0.0006700832745991647,0.0007378690174735356
1584,5.91044776119403,0.0007003698265179992,0.0007393629781379387
1585,5.914179104477612,0.000708129140548408,0.0007421312209150595
1586,5.917910447761194,0.0006934610428288579,0.0007433551079707175
1587,5.9216417910447765,0.0007388565572910011,0.000743858362888781
1588,5.925373134328358,0.0007670678896829486,0.0007448182554870117
1589,5.92910447761194,0.000681600475218147,0.0007469633483418786
1590,5.932835820895522,0.0007883362704887986,0.0007456265057709705
1591,5.936567164179104,0.0007254616357386112,0.0007475403310708338
1592,5.940298507462686,0.0007645600708201528,0.000746968470616039
1593,5.9440298507462686,0.0007526466506533325,0.000747576140139888
1594,5.947761194029851,0.0007372295367531478,0.0007481050930303953
1595,5.951492537313433,0.0007398410234600306,0.0007482192112791647
1596,5.955223880597015,0.0007826425135135651,0.0007496955421208063
1597,5.958955223880597,0.0007791473180986941,0.0007503258615232459
1598,5.962686567164179,0.000779894064180553,0.0007505507262355489
1599,5.9664179104477615,0.0007862626807764173,0.0007507742379746604
1600,5.970149253731344,0.0007525242399424314,0.0007514100274775269
1601,5.973880597014926,0.000761640549171716,0.0007523273433013479
1602,5.977611940298507,0.0007349350489675999,0.0007518593906197788
1603,5.981343283582089,0.0007225873414427042,0.0007513182851054319
1604,5.985074626865671,0.000728940824046731,0.0007538665114424941
1605,5.9888059701492535,0.0008075862424448133,0.0007557412992776712
1606,5.992537313432836,0.0007568030268885195,0.0007564573216524612
1607,5.996268656716418,0.0007270034402608871,0.0007588412206642693
1608,6.0,0.0007492568111047149,0.0007584327349166681
1609,6.003731343283582,0.0008109444752335548,0.0007583257336192196
1610,6.007462686567164,0.0007255508098751307,0.00076022565438662
1611,6.0111940298507465,0.0008080938714556396,0.0007590459157122163
1612,6.014925373134329,0.0007374794222414494,0.0007601624777790432
1613,6.018656716417911,0.0008071186020970345,0.0007591473730848875
1614,6.022388059701493,0.0007707442855462432,0.0007603902344183042
1615,6.026119402985074,0.0007710183854214847,0.000759939523981657
1616,6.029850746268656,0.0007534045726060867,0.0007612204233116311
1617,6.0335820895522385,0.0007672074134461582,0.0007597230638877102
1618,6.037313432835821,0.0007293644011951983,0.0007602566052455364
1619,6.041044776119403,0.0007471219869330525,0.0007595384433842832
1620,6.044776119402985,0.000793847837485373,0.0007588292483422087
1621,6.048507462686567,0.0007675305241718888,0.0007607635073704509
1622,6.052238805970149,0.0007295765681192279,0.0007600361614760648
1623,6.0559701492537314,0.0007481790380552411,0.0007619053031681333
1624,6.059701492537314,0.0007745605544187129,0.0007628431350628777
1625,6.063432835820896,0.0007772361277602613,0.0007634769710598559
1626,6.067164179104478,0.0007374860579147935,0.0007628968749308913
1627,6.07089552238806,0.000791200902312994,0.0007626191349472942
1628,6.074626865671642,0.0007221086416393518,0.0007622782055788287
1629,6.0783582089552235,0.0007626808364875615,0.0007619694267149742
1630,6.082089552238806,0.0007594972266815603,0.0007602691340896232
1631,6.085820895522388,0.0007399669848382473,0.0007600147325386543
1632,6.08955223880597,0.0007712406804785132,0.0007574738772790424
1633,6.093283582089552,0.0007229407783597708,0.0007585479903443739
1634,6.097014925373134,0.0008036039653234184,0.000755345436074294
1635,6.100746268656716,0.0007187504088506103,0.0007536739136501238
1636,6.104477611940299,0.000792357895988971,0.0007528047014891011
1637,6.108208955223881,0.0007212507771328092,0.0007521323036266173
1638,6.111940298507463,0.000801022513769567,0.0007520355184835087
1639,6.115671641791045,0.0007504494278691709,0.0007516781234455
1640,6.119402985074627,0.0007571856840513647,0.0007510081504289879
1641,6.123134328358209,0.0008318288601003587,0.0007501889400683888
1642,6.126865671641791,0.0007318193675018847,0.0007492585828891251
1643,6.130597014925373,0.0008115698583424091,0.0007480970788292768
1644,6.134328358208955,0.0007610384491272271,0.0007474438525827192
1645,6.138059701492537,0.0007549280999228358,0.0007463099432132411
1646,6.141791044776119,0.0007838023011572659,0.0007455172812248148
1647,6.145522388059701,0.0007454156875610352,0.0007442223197757834
1648,6.149253731343284,0.0007130253361538053,0.0007444579472265593
1649,6.152985074626866,0.0007365968776866794,0.0007446613673847623
1650,6.156716417910448,0.000741232477594167,0.0007440310195883418
1651,6.16044776119403,0.0007151203462854028,0.0007432765687997566
1652,6.164179104477612,0.0007039188058115542,0.0007431037800681846
1653,6.167910447761194,0.0007815180579200387,0.0007420982838971768
1654,6.1716417910447765,0.0006758138770237565,0.0007432405226409617
1655,6.175373134328358,0.0007022118661552668,0.0007417031433206143
1656,6.17910447761194,0.0007353806868195534,0.0007416109168311445
1657,6.182835820895522,0.0007258362602442503,0.0007403961655388518
1658,6.186567164179104,0.0007632392225787044,0.0007395635986496218
1659,6.190298507462686,0.000714711204636842,0.0007393177124535347
1660,6.1940298507462686,0.0007196530932560563,0.0007382241949416334
1661,6.197761194029851,0.000760260212700814,0.0007372034895347386
1662,6.201492537313433,0.0007293858798220754,0.0007349689016913677
1663,6.205223880597015,0.0006819549016654491,0.0007345579783205034
1664,6.208955223880597,0.0007213967619463801,0.0007340651425737433
1665,6.212686567164179,0.0007280702702701092,0.0007336940658960218
1666,6.2164179104477615,0.0007447369862347841,0.0007331742785825599
1667,6.220149253731344,0.0006843926385045052,0.0007331120247793634
1668,6.223880597014926,0.0008008616277948022,0.0007339911918701013
1669,6.227611940298507,0.0007304488681256771,0.0007346697143142725
1670,6.231343283582089,0.000736836576834321,0.0007352878597973869
1671,6.235074626865671,0.0007285647443495691,0.0007350059884895639
1672,6.2388059701492535,0.000732882646843791,0.0007361259862280837
1673,6.242537313432836,0.0007300153374671936,0.0007356662919358691
1674,6.246268656716418,0.0007697725668549538,0.0007349393762102941
1675,6.25,0.0007405714131891727,0.0007364794288239465
1676,6.253731343283582,0.0007149691227823496,0.0007359009667685846
1677,6.257462686567164,0.0007425530930049717,0.0007370680516653853
1678,6.2611940298507465,0.0006871155346743762,0.0007373249092957051
1679,6.264925373134329,0.0007909411797299981,0.0007364487945579174
1680,6.268656716417911,0.0007056152098812163,0.0007375880931049767
1681,6.272388059701493,0.000715336762368679,0.0007378511292655476
1682,6.276119402985074,0.0007402107585221529,0.0007387233966189186
1683,6.279850746268656,0.000714971509296447,0.0007391709652615757
1684,6.2835820895522385,0.0007913635927252471,0.0007409055365204084
1685,6.287313432835821,0.0007458243053406477,0.0007419437922469181
1686,6.291044776119403,0.0007336168200708926,0.000742249538633609
1687,6.294776119402985,0.0007812498952262104,0.0007419589915449117
1688,6.298507462686567,0.0007814615382812917,0.000743388740641133
1689,6.302238805970149,0.0007408447563648224,0.000741083118155962
1690,6.3059701492537314,0.0007619408424943686,0.000741079585944734
1691,6.309701492537314,0.0007296757539734244,0.000740588486489908
1692,6.313432835820896,0.0007610402535647154,0.0007411515575879049
1693,6.317164179104478,0.0006850713398307562,0.0007418645858174054
1694,6.32089552238806,0.0007517145131714642,0.0007411180115191312
1695,6.324626865671642,0.0007389560341835022,0.0007404979735771875
1696,6.3283582089552235,0.0006784949218854308,0.0007408702910718758
1697,6.332089552238806,0.000783231167588383,0.0007418628708209569
1698,6.335820895522388,0.0007363674230873585,0.0007414366147003886
1699,6.33955223880597,0.0007273185183294117,0.0007432765858361452
1700,6.343283582089552,0.0007614224450662732,0.0007422658935666266
1701,6.347014925373134,0.0007304375758394599,0.0007423086293473295
1702,6.350746268656716,0.0007960231741890311,0.0007426708286469121
1703,6.354477611940299,0.0007477361941710114,0.0007430106591683154
1704,6.358208955223881,0.0007530723232775927,0.0007421389483369705
1705,6.361940298507463,0.000763965246733278,0.0007395020263019676
1706,6.365671641791045,0.0007406058721244335,0.0007393589390941509
1707,6.369402985074627,0.0007328245555981994,0.0007388294438786078
1708,6.373134328358209,0.000743012351449579,0.0007370242596285917
1709,6.376865671641791,0.000706331105902791,0.0007356461790594749
1710,6.380597014925373,0.0007303040474653244,0.0007350291821128893
1711,6.384328358208955,0.0007167014991864562,0.0007327914553149263
1712,6.388059701492537,0.0007516506593674421,0.0007317108939765249
1713,6.391791044776119,0.00076211680425331,0.0007295632641194616
1714,6.395522388059701,0.0006994057912379503,0.0007287996988629968
1715,6.399253731343284,0.0007443510112352669,0.000727819787088509
1716,6.402985074626866,0.0007558364304713905,0.0007267918980044381
1717,6.406716417910448,0.0007556648924946785,0.0007268049379401817
1718,6.41044776119403,0.0007250765920616686,0.0007244608032789718
1719,6.414179104477612,0.0007625543512403965,0.0007227631385165562
1720,6.417910447761194,0.0007495027966797352,0.0007224574191041472
1721,6.4216417910447765,0.0007073673768900335,0.0007204676129310051
1722,6.425373134328358,0.0007301869336515665,0.0007192148051860674
1723,6.42910447761194,0.0007541438098996878,0.0007173871116076665
1724,6.432835820895522,0.000679231365211308,0.0007152157216673581
1725,6.436567164179104,0.0006832497892901301,0.0007141262943084101
1726,6.440298507462686,0.0007399577298201621,0.0007119738729670644
1727,6.4440298507462686,0.000711907516233623,0.0007117965355197467
1728,6.447761194029851,0.0007072373409755528,0.0007116951888836012
1729,6.451492537313433,0.0007249602349475026,0.0007111903566798968
1730,6.455223880597015,0.0007155478815548122,0.0007123235008315887
1731,6.458955223880597,0.000670194043777883,0.0007122545048776196
1732,6.462686567164179,0.0006853727390989661,0.0007125767041565623
1733,6.4664179104477615,0.0006729874294251204,0.0007126823439626251
1734,6.470149253731344,0.0006537651643157005,0.0007121973335970102
1735,6.473880597014926,0.0007115381304174662,0.0007136090397380474
1736,6.477611940298507,0.0006968125817365944,0.0007147559478719969
1737,6.481343283582089,0.000679029559250921,0.0007133681551417018
1738,6.485074626865671,0.0006871216464787722,0.0007149114205342968
1739,6.4888059701492535,0.0006667631678283215,0.0007151949997400729
1740,6.492537313432836,0.0007147840224206448,0.0007150044363764365
1741,6.496268656716418,0.0006798403919674456,0.0007146076901202522
1742,6.5,0.0006790724582970142,0.0007144655725668843
1743,6.503731343283582,0.0007210877374745905,0.0007152335019782186
1744,6.507462686567164,0.0006587092066183686,0.000714864398682172
1745,6.5111940298507465,0.0007084058015607297,0.0007164992332435781
1746,6.514925373134329,0.0006757159717381,0.0007181882435206051
1747,6.518656716417911,0.0007333350367844105,0.0007186969685390955
1748,6.522388059701493,0.0007286693435162306,0.0007193315016083056
1749,6.526119402985074,0.0007223142310976982,0.0007211699792206651
1750,6.529850746268656,0.0007527900161221623,0.0007207695673015423
1751,6.5335820895522385,0.0007274752133525908,0.0007209812841809741
1752,6.537313432835821,0.0007299116696231067,0.0007216226601995891
1753,6.541044776119403,0.0007559818914160132,0.0007227744719740458
1754,6.544776119402985,0.000742231379263103,0.0007247749088536493
1755,6.548507462686567,0.0007572857430204749,0.0007273739022089214
1756,6.552238805970149,0.0007913742447271943,0.0007272219177471792
1757,6.5559701492537314,0.0006989369285292923,0.0007276610988078685
1758,6.559701492537314,0.0008189387735910714,0.0007288605812369142
1759,6.563432835820896,0.0007367033394984901,0.0007289002149752001
1760,6.567164179104478,0.0007547412533313036,0.0007303910040319329
1761,6.57089552238806,0.0007332362001761794,0.0007295798391058314
1762,6.574626865671642,0.0007015405572019517,0.0007331643449483303
1763,6.5783582089552235,0.0007616720395162702,0.0007327287756020158
1764,6.582089552238806,0.0007390105747617781,0.0007339555503255347
1765,6.585820895522388,0.0007462595822289586,0.0007364068822026616
1766,6.58955223880597,0.0007524992106482387,0.0007368656977011663
1767,6.593283582089552,0.0007608154555782676,0.0007388554300499581
1768,6.597014925373134,0.0007379233720712364,0.0007383857836674262
1769,6.600746268656716,0.0007826149230822921,0.0007397383536643735
1770,6.604477611940299,0.0007085433462634683,0.0007392965433210498
1771,6.608208955223881,0.0007242282736115158,0.0007381326598455993
1772,6.611940298507463,0.0006964904605410993,0.0007393656414933503
1773,6.615671641791045,0.0007325970218516886,0.0007397447650252683
1774,6.619402985074627,0.000755005341488868,0.0007379759449466336
1775,6.623134328358209,0.0007603238918818533,0.0007396703018102703
1776,6.626865671641791,0.0007053067674860358,0.0007387816468708035
1777,6.630597014925373,0.0007148190052248538,0.0007382663841382032
1778,6.634328358208955,0.0007282083388417959,0.0007400479091036065
1779,6.638059701492537,0.0006887466297484934,0.0007394108234155105
1780,6.641791044776119,0.0007278855191543698,0.0007403732416583453
1781,6.645522388059701,0.0006815262604504824,0.0007416677814567598
1782,6.649253731343284,0.0008268051315099001,0.0007425772051735804
1783,6.652985074626866,0.0006612141150981188,0.0007448675417591159
1784,6.656716417910448,0.000771385501138866,0.0007439445840512834
1785,6.66044776119403,0.0007592138135805726,0.0007449576855500842
1786,6.664179104477612,0.0007272172369994223,0.0007442039091185462
1787,6.667910447761194,0.0007572949980385602,0.0007448100950568914
1788,6.6716417910447765,0.0007140795351006091,0.0007443296845161878
1789,6.675373134328358,0.0007841247133910656,0.0007455563854153563
1790,6.67910447761194,0.0007042000070214272,0.0007442091918186989
1791,6.682835820895522,0.0007050707936286926,0.0007471548983963524
1792,6.686567164179104,0.0007780274609103799,0.000747863336738835
1793,6.690298507462686,0.0007454557344317436,0.0007498799155965993
1794,6.6940298507462686,0.0006834602681919932,0.0007519245079559524
1795,6.697761194029851,0.0008117000106722116,0.0007502237340526246
1796,6.701492537313433,0.0007208508905023336,0.0007504549490787634
1797,6.705223880597015,0.0007702484726905823,0.0007511817554875118
1798,6.708955223880597,0.000771979452110827,0.0007516101596127377
1799,6.712686567164179,0.0007928182603791356,0.0007530979616226764
1800,6.7164179104477615,0.0007761624874547124,0.0007538428620957747
1801,6.720149253731344,0.0008078173850663006,0.0007550687296316028
1802,6.723880597014926,0.0007705225725658238,0.0007562533918223003
1803,6.727611940298507,0.0007954443572089076,0.000754850413991002
1804,6.731343283582089,0.0007238307734951377,0.000756211646991532
1805,6.735074626865671,0.0007805477362126112,0.0007556086056865752
1806,6.7388059701492535,0.0007153547485359013,0.0007566143716004019
1807,6.742537313432836,0.0007773528341203928,0.0007564486913019564
1808,6.746268656716418,0.0007411186234094203,0.0007569520143655742
1809,6.75,0.0007882181089371443,0.0007572870647602873
1810,6.753731343283582,0.0007273799856193364,0.0007584533106149515
1811,6.757462686567164,0.0008293173159472644,0.0007589348200027173
1812,6.7611940298507465,0.0007532742456533015,0.0007624010067069676
1813,6.764925373134329,0.0007791701937094331,0.0007616678144919072
1814,6.768656716417911,0.0008164253085851669,0.0007623362002848852
1815,6.772388059701493,0.0006852736114524305,0.000765528346741254
1816,6.776119402985074,0.0007698037079535425,0.0007638857719806455
1817,6.779850746268656,0.00073510583024472,0.0007653677759396775
1818,6.7835820895522385,0.0007323835743591189,0.0007652347345223151
1819,6.787313432835821,0.0007892082212492824,0.0007646163959601303
1820,6.791044776119403,0.0007192875491455197,0.0007632503558586283
1821,6.794776119402985,0.0007781460881233215,0.0007625234571694419
1822,6.798507462686567,0.0007300974102690816,0.0007601708582625156
1823,6.802238805970149,0.0007692830404266715,0.0007597202415260054
1824,6.8059701492537314,0.0007170246681198478,0.0007583359015037919
1825,6.809701492537314,0.0007466608076356351,0.0007587369693238743
1826,6.813432835820896,0.0008004502160474658,0.0007571623669142221
1827,6.817164179104478,0.0007204243447631598,0.0007557764368290763
1828,6.82089552238806,0.0007779312436468899,0.000755572156333251
1829,6.824626865671642,0.0007278166012838483,0.0007548593467374037
1830,6.8283582089552235,0.0008319407934322953,0.0007542096129505009
1831,6.832089552238806,0.0007239418919198215,0.0007547025551746894
1832,6.835820895522388,0.0008471844485029578,0.0007536032864619501
1833,6.83955223880597,0.000747966580092907,0.0007529311810574699
1834,6.843283582089552,0.0007728595519438386,0.0007514518376144512
1835,6.847014925373134,0.0008143382729031146,0.0007506605697704888
1836,6.850746268656716,0.0007443544454872608,0.0007530406086205891
1837,6.854477611940299,0.0007816130528226495,0.000752482005315492
1838,6.858208955223881,0.0007647937745787203,0.0007526948238813841
1839,6.861940298507463,0.0007466275710612535,0.0007524225213451357
1840,6.865671641791045,0.0007368106162175536,0.0007501016654891939
1841,6.869402985074627,0.0007463596411980689,0.0007496992532141143
1842,6.873134328358209,0.0007113608298823237,0.0007478517079839437
1843,6.876865671641791,0.0007520472863689065,0.0007473234337095808
1844,6.880597014925373,0.000738686416298151,0.000746108103180077
1845,6.884328358208955,0.0007402745541185141,0.0007461315537689299
1846,6.888059701492537,0.0007159890374168754,0.0007454957046387036
1847,6.891791044776119,0.0006585316150449216,0.0007436618083951677
1848,6.895522388059701,0.000768977333791554,0.000742915645809617
1849,6.899253731343284,0.000711893429979682,0.0007415217781871012
1850,6.902985074626866,0.0007615790236741304,0.0007403151702885403
1851,6.906716417910448,0.0007475906168110669,0.0007376299870041449
1852,6.91044776119403,0.0007842472987249494,0.0007377634003826576
1853,6.914179104477612,0.0007257179240696132,0.0007357805195014651
1854,6.917910447761194,0.0007185171125456691,0.0007340102896616771
1855,6.9216417910447765,0.0007839833269827068,0.0007341172355908627
1856,6.925373134328358,0.0007828552043065429,0.0007314632942036884
1857,6.92910447761194,0.0007469009724445641,0.000731219918035516
1858,6.932835820895522,0.0007438313914462924,0.0007304092329676921
1859,6.936567164179104,0.0007212191703729331,0.0007294178840976845
1860,6.940298507462686,0.0006940531311556697,0.0007284218459617255
1861,6.9440298507462686,0.0007027886458672583,0.0007273163660656569
1862,6.947761194029851,0.0007023967336863279,0.000726655582761074
1863,6.951492537313433,0.0007084381650201976,0.0007270410083370601
1864,6.955223880597015,0.0007194544887170196,0.0007250491450199993
1865,6.958955223880597,0.0007179861422628164,0.0007256561430261993
1866,6.962686567164179,0.000720590993296355,0.0007253309921929385
1867,6.9664179104477615,0.0007252604700624943,0.0007250546449341062
1868,6.970149253731344,0.0006898316787555814,0.0007264702595066188
1869,6.973880597014926,0.0007207826711237431,0.0007247833049538113
1870,6.977611940298507,0.0006783456774428487,0.0007251393626353181
1871,6.981343283582089,0.0007218482787720859,0.0007243860816787474
1872,6.985074626865671,0.0007294118404388428,0.0007228831896876417
1873,6.9888059701492535,0.0007658863323740661,0.0007220471402766501
1874,6.992537313432836,0.0006753871566615999,0.0007209821885292669
1875,6.996268656716418,0.0007772443350404501,0.0007209269650757494
1876,7.0,0.0007055266760289669,0.000718617101949526
1877,7.003731343283582,0.0007343760225921869,0.0007169742744824872
1878,7.007462686567164,0.0007483749650418758,0.0007169790858425563
1879,7.0111940298507465,0.0007241484709084034,0.0007161997548281783
1880,7.014925373134329,0.0007057900074869394,0.000714870785908183
1881,7.018656716417911,0.0006914859404787421,0.0007162957321625294
1882,7.022388059701493,0.0007192675257101655,0.0007167001277571771
1883,7.026119402985074,0.0007271632784977555,0.0007168085132611961
1884,7.029850746268656,0.0006703808903694153,0.0007172039505548594
1885,7.0335820895522385,0.0007635733345523477,0.0007176807309251006
1886,7.037313432835821,0.0007269433699548244,0.0007169601626739633
1887,7.041044776119403,0.0007046587998047471,0.0007167113064674706
1888,7.044776119402985,0.000716571812517941,0.0007161403759155514
1889,7.048507462686567,0.0006998121971264482,0.0007166949799284339
1890,7.052238805970149,0.0007264917949214578,0.0007159991882650591
1891,7.0559701492537314,0.0007306945044547319,0.0007171721847886901
1892,7.059701492537314,0.0006859720451757312,0.0007170271128416061
1893,7.063432835820896,0.0007499692728742957,0.0007153300301557998
1894,7.067164179104478,0.0006820549024268985,0.000713642152798612
1895,7.07089552238806,0.000716252950951457,0.000713378171118476
1896,7.074626865671642,0.0006892789388075471,0.0007120041054582632
1897,7.0783582089552235,0.0007154992781579494,0.0007099515045765879
1898,7.082089552238806,0.0007470982382073998,0.0007083179420655276
1899,7.085820895522388,0.0007118788198567927,0.0007067625907749483
1900,7.08955223880597,0.0006667314446531236,0.0007058303283595639
1901,7.093283582089552,0.0007524759275838733,0.0007048241819663927
1902,7.097014925373134,0.0007193688652478158,0.0007039916207559588
1903,7.100746268656716,0.0007068405393511057,0.0007025985566831035
1904,7.104477611940299,0.0007246510940603912,0.0007019692665624727
1905,7.108208955223881,0.0007390024838969111,0.0007022757511926679
1906,7.111940298507463,0.000688442843966186,0.000700737356787502
1907,7.115671641791045,0.0007103878888301551,0.0007001770725587337
1908,7.119402985074627,0.0007018523174338043,0.0007002058186250307
1909,7.123134328358209,0.0007125704432837665,0.0006999038883893773
1910,7.126865671641791,0.0006922552129253745,0.0006999951636804859
1911,7.130597014925373,0.0007264385349117219,0.0006988682207742297
1912,7.134328358208955,0.0007159003289416432,0.0006978503590245255
1913,7.138059701492537,0.0006598314503207803,0.0006970608232133999
1914,7.141791044776119,0.0006966833607293665,0.0006952264016812168
1915,7.145522388059701,0.0006645639077760279,0.0006957019227784036
1916,7.149253731343284,0.0007209076429717243,0.0006942340050733126
1917,7.152985074626866,0.0006213700398802757,0.0006943851831459963
1918,7.156716417910448,0.0006673999596387148,0.0006937724793693278
1919,7.16044776119403,0.0006846055621281266,0.0006928417005394472
1920,7.164179104477612,0.0006859257118776441,0.0006931353340538718
1921,7.167910447761194,0.0006645380053669214,0.0006942463209625425
1922,7.1716417910447765,0.0006573509308509529,0.0006944470266561682
1923,7.175373134328358,0.0006621518987230957,0.000694755023265848
1924,7.17910447761194,0.0007013623835518956,0.0006953024365030592
1925,7.182835820895522,0.0006829467602074146,0.0006949086105678139
1926,7.186567164179104,0.0007004991639405489,0.0006952507722350519
1927,7.190298507462686,0.0007039717165753245,0.0006950626862462519
1928,7.1940298507462686,0.000705837388522923,0.0006951606355425789
1929,7.197761194029851,0.0007041926728561521,0.0006961729618857001
1930,7.201492537313433,0.0007035544840618968,0.0006954621128942363
1931,7.205223880597015,0.0006802871357649565,0.0006961319950500094
1932,7.208955223880597,0.000688962172716856,0.0006965011239006389
1933,7.212686567164179,0.0006536010769195855,0.0006973286579567484
1934,7.2164179104477615,0.0006747579900547862,0.0006977433662452712
1935,7.220149253731344,0.0007015512674115598,0.0006984243135354141
1936,7.223880597014926,0.0006560683250427246,0.0006992905940179055
1937,7.227611940298507,0.0006954772397875786,0.0007002717068577866
1938,7.231343283582089,0.0006903784233145416,0.0007021877937382315
1939,7.235074626865671,0.0007089363061822951,0.0007038600913180811
1940,7.2388059701492535,0.0007239177939482033,0.0007057324486284903
1941,7.242537313432836,0.0007122819079086185,0.000706940541532254
1942,7.246268656716418,0.000760704861022532,0.0007087515394498663
1943,7.25,0.000731996726244688,0.0007094170219582937
1944,7.253731343283582,0.0007292844820767641,0.000711680609994091
1945,7.257462686567164,0.0007085042307153344,0.0007106060539826569
1946,7.2611940298507465,0.0007530311122536659,0.0007118723715837227
1947,7.264925373134329,0.0006807313184253871,0.0007117255179143352
1948,7.268656716417911,0.000714403809979558,0.0007108520140030944
1949,7.272388059701493,0.0007433576975017786,0.00071054585590368
1950,7.276119402985074,0.0006834256346337497,0.0007096613266096428
1951,7.279850746268656,0.0007197203813120723,0.0007091350498518384
1952,7.2835820895522385,0.000741572817787528,0.0007099081512267996
1953,7.287313432835821,0.0007498292252421379,0.0007107201026661731
1954,7.291044776119403,0.0006768344901502132,0.0007117211211063876
1955,7.294776119402985,0.0007246021996252239,0.0007124540066664539
1956,7.298507462686567,0.0007000814075581729,0.0007113938705382369
1957,7.302238805970149,0.0007611332694068551,0.0007123695842626436
1958,7.3059701492537314,0.0006999296019785106,0.0007116995828521506
1959,7.309701492537314,0.00073596416041255,0.0007117587417114253
1960,7.313432835820896,0.0007613722118549049,0.0007121684966699742
1961,7.317164179104478,0.0007354575209319592,0.0007115577804719712
1962,7.32089552238806,0.0007387889199890196,0.0007124663963800342
1963,7.324626865671642,0.0006846357136964798,0.0007103142348436139
1964,7.3283582089552235,0.0007549590081907809,0.0007108908086992437
1965,7.332089552238806,0.0006573055870831013,0.0007095184253824012
1966,7.335820895522388,0.0007348657818511128,0.0007085076933613093
1967,7.33955223880597,0.0006944781634956598,0.0007084260833813105
1968,7.343283582089552,0.0006681580562144518,0.0007088035898760143
1969,7.347014925373134,0.0006932849064469337,0.0007085623773291889
1970,7.350746268656716,0.0006679269718006253,0.0007096121240997823
1971,7.354477611940299,0.0006819771369919181,0.0007109681553230053
1972,7.358208955223881,0.0007119842921383679,0.0007115263710502626
1973,7.361940298507463,0.0007222521817311645,0.0007105771261948819
1974,7.365671641791045,0.000694642832968384,0.0007107014279449131
1975,7.369402985074627,0.0007048062980175018,0.0007123953276654569
1976,7.373134328358209,0.0006580856861546636,0.0007118150867271895
1977,7.376865671641791,0.0006960725877434015,0.0007108497694589016
1978,7.380597014925373,0.0006680071819573641,0.0007088849059783104
1979,7.384328358208955,0.0006928039365448058,0.0007081572079985607
1980,7.388059701492537,0.000725736259482801,0.0007068087806834317
1981,7.391791044776119,0.0006988784298300743,0.000704905442700426
1982,7.395522388059701,0.0007495351601392031,0.0007038792075657445
1983,7.399253731343284,0.0006724662380293012,0.0007021157894419824
1984,7.402985074626866,0.0007556362543255091,0.0007023739134438518
1985,7.406716417910448,0.0006730167660862207,0.0007003874279467798
1986,7.41044776119403,0.0006670642178505659,0.0007010937083467114
1987,7.414179104477612,0.0007496851030737162,0.0007003681200397451
1988,7.417910447761194,0.0006962090847082436,0.0007000392325585935
1989,7.4216417910447765,0.0007045140955597162,0.0007008183548772117
1990,7.425373134328358,0.0007863973150961101,0.0007008636830283738
1991,7.42910447761194,0.0007390229147858918,0.0007024450403660899
1992,7.432835820895522,0.0007426072261296213,0.0007027159487578745
1993,7.436567164179104,0.0007026537787169218,0.0007031545945920232
1994,7.440298507462686,0.0007549255969934165,0.0007028880858475842
1995,7.4440298507462686,0.0007462843786925077,0.0007038489395820695
1996,7.447761194029851,0.0007008123211562634,0.0007046073825643738
1997,7.451492537313433,0.0006605033995583653,0.0007065363674106576
1998,7.455223880597015,0.0006805738667026162,0.0007074044125790639
1999,7.458955223880597,0.0006700939848087728,0.0007092009224679048
2000,7.462686567164179,0.0006806786404922605,0.000710878531141888
2001,7.4664179104477615,0.0006833353545516729,0.0007105409920147461
2002,7.470149253731344,0.0006933818804100156,0.0007112813735857788
2003,7.473880597014926,0.0006664887769147754,0.0007092463272828154
2004,7.477611940298507,0.0006952187977731228,0.0007101906088703289
2005,7.481343283582089,0.0006735131028108299,0.0007085560894821112
2006,7.485074626865671,0.0006862630834802985,0.0007085260230957008
2007,7.4888059701492535,0.0007051166612654924,0.0007091535414319212
2008,7.492537313432836,0.000680993776768446,0.0007078931567531716
2009,7.496268656716418,0.0007001020712777972,0.0007075960236805968
2010,7.5,0.0006951433606445789,0.0007067410383237208
2011,7.503731343283582,0.0007327626226469874,0.0007048063079553951
2012,7.507462686567164,0.0006930843810550869,0.0007037183528243587
2013,7.5111940298507465,0.0007299687713384628,0.0007034405730891881
2014,7.514925373134329,0.0007113253232091665,0.0007030920625278135
2015,7.518656716417911,0.0007340378360822797,0.0007037315560254927
2016,7.522388059701493,0.0007359024602919817,0.0007035459034008588
2017,7.526119402985074,0.0007371740648522973,0.0007058789771867962
2018,7.529850746268656,0.000731662439648062,0.0007075813297954638
2019,7.5335820895522385,0.0007416640873998404,0.0007108437556137399
2020,7.537313432835821,0.0007615858921781182,0.0007133919294219373
2021,7.541044776119403,0.0007118971552699804,0.0007136906710135319
2022,7.544776119402985,0.000729234074242413,0.0007170823121602397
2023,7.548507462686567,0.0006660982617177069,0.0007185740495759357
2024,7.552238805970149,0.0007111817831173539,0.0007226001371902119
2025,7.5559701492537314,0.0006886209594085813,0.0007223240738711888
2026,7.559701492537314,0.0006717840442433953,0.0007241489990364487
2027,7.563432835820896,0.0006927924696356058,0.0007253536250351406
2028,7.567164179104478,0.0006980093312449753,0.000725138963699886
2029,7.57089552238806,0.0006840266287326813,0.0007265238446274363
2030,7.574626865671642,0.0006694596959277987,0.0007258100980302183
2031,7.5783582089552235,0.0007070733699947596,0.0007252178634744046
2032,7.582089552238806,0.0006944167544133961,0.000724332773399244
2033,7.585820895522388,0.0007312182569876313,0.0007248098107350127
2034,7.58955223880597,0.000688364845700562,0.0007227915225595963
2035,7.593283582089552,0.0007811448303982615,0.0007228412262232202
2036,7.597014925373134,0.0007386726210825145,0.0007216651333359684
2037,7.600746268656716,0.0007964683463796973,0.0007210263425893173
2038,7.604477611940299,0.0007302998565137386,0.0007222509948627614
2039,7.608208955223881,0.0008143333252519369,0.0007222239595338157
2040,7.611940298507463,0.0007745691109448671,0.0007223535525021939
2041,7.615671641791045,0.0006929270457476377,0.0007216609409646835
2042,7.619402985074627,0.0008223926415666938,0.0007208817448217149
2043,7.623134328358209,0.0007545431144535542,0.0007217471195362145
2044,7.626865671641791,0.0008315583691000938,0.0007226345904466765
2045,7.630597014925373,0.0006839002016931772,0.0007241022554453371
2046,7.634328358208955,0.0007483350345864892,0.0007259441786672829
2047,7.638059701492537,0.0007356527494266629,0.0007269001500567467
2048,7.641791044776119,0.0006963155465200543,0.0007290430466371883
2049,7.645522388059701,0.0007377738947980106,0.0007300355908937934
2050,7.649253731343284,0.000670838460791856,0.0007296605745512174
2051,7.652985074626866,0.0006708617438562214,0.0007308126092184244
2052,7.656716417910448,0.0006964739295653999,0.0007310084311473296
2053,7.66044776119403,0.0007126429118216038,0.0007308840754487347
2054,7.664179104477612,0.0006472189561463892,0.00073146245800095
2055,7.667910447761194,0.000713363173417747,0.0007318658257334879
2056,7.6716417910447765,0.0006858180277049541,0.0007295205567327397
2057,7.675373134328358,0.0007097120396792889,0.0007285981626454286
2058,7.67910447761194,0.0007873848080635071,0.0007259609183387422
2059,7.682835820895522,0.0007305539911612868,0.0007259298468054068
2060,7.686567164179104,0.0007469773991033435,0.0007238864768069329
2061,7.690298507462686,0.0007331888191401958,0.0007213470014947943
2062,7.6940298507462686,0.0006799501134082675,0.0007209551475215248
2063,7.697761194029851,0.0007647144375368953,0.0007183649122896717
2064,7.701492537313433,0.0007024845690466464,0.0007179437330128943
2065,7.705223880597015,0.0007713560480624437,0.0007142271681847732
2066,7.708955223880597,0.0007641398115083575,0.0007154561477009116
2067,7.712686567164179,0.0007109788712114096,0.0007142358794581236
2068,7.7164179104477615,0.0007806512294337153,0.0007129257982142451
2069,7.720149253731344,0.0007387036457657814,0.0007130518447744046
2070,7.723880597014926,0.000668650958687067,0.0007111567424655687
2071,7.727611940298507,0.0007166931172832847,0.0007117539062164724
2072,7.731343283582089,0.000715102069079876,0.0007111617625213978
2073,7.735074626865671,0.0006893181707710028,0.0007119259666424336
2074,7.7388059701492535,0.0007549319416284561,0.0007107432593773232
2075,7.742537313432836,0.0007049029227346182,0.0007129515416170584
2076,7.746268656716418,0.0006849888013675809,0.0007114801229341183
2077,7.75,0.0007008544635027647,0.0007111975219009853
2078,7.753731343283582,0.000688341329805553,0.0007105608379877195
2079,7.757462686567164,0.0007290259236469865,0.0007077514367155367
2080,7.7611940298507465,0.0007305551553145051,0.0007070338356354069
2081,7.764925373134329,0.0006704506231471896,0.000704912771186905
2082,7.768656716417911,0.0006768610328435898,0.0007044105753643302
2083,7.772388059701493,0.0007161929970607162,0.0007046288186002796
2084,7.776119402985074,0.0007372747641056776,0.000704519442146326
2085,7.779850746268656,0.0006791792111471295,0.0007040702749225424
2086,7.7835820895522385,0.0007342883618548512,0.0007029759481821846
2087,7.787313432835821,0.0006983040366321802,0.0007011870052892623
2088,7.791044776119403,0.0006819394184276462,0.0007006870611093757
2089,7.794776119402985,0.0007014834554865956,0.0006984536402586211
2090,7.798507462686567,0.0006600747001357377,0.0006977972991923551
2091,7.802238805970149,0.0006953221745789051,0.0006988561150004588
2092,7.8059701492537314,0.0006465838523581624,0.0006992973233913867
2093,7.809701492537314,0.0007278062985278666,0.0006996992856218684
2094,7.813432835820896,0.0006641519139520824,0.0006998604157848693
2095,7.817164179104478,0.0007377585279755294,0.0006990473867939194
2096,7.82089552238806,0.000653035007417202,0.0006982773761037829
2097,7.824626865671642,0.0006742313853465021,0.000698904763827691
2098,7.8283582089552235,0.0006836079992353916,0.0006988095020216595
2099,7.832089552238806,0.0006721993559040129,0.000699679317554777
2100,7.835820895522388,0.0007011323468759656,0.0006993134100012845
2101,7.83955223880597,0.0006600137567147613,0.0006975457909880433
2102,7.843283582089552,0.0007125987904146314,0.0006988558211227561
2103,7.847014925373134,0.0006888980860821903,0.0006992826224077584
2104,7.850746268656716,0.0007602300029247999,0.0006986634206685532
2105,7.854477611940299,0.0006840687128715217,0.0006989799454104064
2106,7.858208955223881,0.0007264886517077684,0.0006989180493713697
2107,7.861940298507463,0.00069079315289855,0.0006988173444391932
2108,7.865671641791045,0.0006904811598360538,0.0006986654110866167
2109,7.869402985074627,0.0006890809745527804,0.0006992027941500632
2110,7.873134328358209,0.0007117936620488763,0.0006996661697219057
2111,7.876865671641791,0.0007120624068193138,0.0006999227050805419
2112,7.880597014925373,0.0007347826613113284,0.0007001653770779873
2113,7.884328358208955,0.0007315825205296278,0.0007002213785265823
2114,7.888059701492537,0.0006959245074540377,0.0006994862257071384
2115,7.891791044776119,0.0007215977529995143,0.0007002667464293176
2116,7.895522388059701,0.0006733324844390154,0.0006981568053228463
2117,7.899253731343284,0.0007107116980478168,0.0006987779009405797
2118,7.902985074626866,0.000696948729455471,0.0006980919279158115
2119,7.906716417910448,0.0007240037666633725,0.0006980287626658271
2120,7.91044776119403,0.000714023713953793,0.0006977968534068545
2121,7.914179104477612,0.0006580827757716179,0.0006971248729358904
2122,7.917910447761194,0.0007241618586704135,0.0006976752334683225
2123,7.9216417910447765,0.0006943598855286837,0.0006977541914505021
2124,7.925373134328358,0.0006908057257533073,0.0006976601406477573
2125,7.92910447761194,0.000750252278521657,0.0006962613523483458
2126,7.932835820895522,0.0006766414735466242,0.0006967698062043182
2127,7.936567164179104,0.0007301594596356153,0.0006952589795152406
2128,7.940298507462686,0.0006920747691765428,0.0006955208997923608
2129,7.9440298507462686,0.0007039721240289509,0.0006952363409942425
2130,7.947761194029851,0.0007204818539321423,0.0006954923141520562
2131,7.951492537313433,0.0006705926498398185,0.0006946609071569472
2132,7.955223880597015,0.0007052717264741659,0.0006943508888958249
2133,7.958955223880597,0.000648879911750555,0.0006923237602544449
2134,7.962686567164179,0.0006976650329306722,0.0006914140511781159
2135,7.9664179104477615,0.0006961532635614276,0.0006917300733465065
2136,7.970149253731344,0.0006512509426102042,0.0006902177488749347
2137,7.973880597014926,0.0006784999277442694,0.0006905669806434251
2138,7.977611940298507,0.0006461064913310111,0.0006895761911348417
2139,7.981343283582089,0.0006810182239860296,0.0006896680257873746
2140,7.985074626865671,0.0006626910762861371,0.0006892067542095192
2141,7.9888059701492535,0.0006735811475664377,0.0006879263673909009
2142,7.992537313432836,0.000682578538544476,0.0006888025829273207
2143,7.996268656716418,0.0007158360676839948,0.0006884852120448359
2144,8.0,0.0006850420031696558,0.0006874853776336261
2145,8.003731343283581,0.000702879682648927,0.0006883239200361436
2146,8.007462686567164,0.0007049153209663928,0.0006864416816203696
2147,8.011194029850746,0.0006645447574555874,0.0006867015064216969
2148,8.014925373134329,0.0007015318842604756,0.0006847747348862268
2149,8.01865671641791,0.0006788142491132021,0.0006839878184198425
2150,8.022388059701493,0.0006995758740231395,0.0006835906845858185
2151,8.026119402985074,0.0006777059752494097,0.0006824798652016353
2152,8.029850746268657,0.0006993516581133008,0.0006814962948627043
2153,8.033582089552239,0.0006516703870147467,0.0006816238917342228
2154,8.037313432835822,0.0006942844484001398,0.0006817969842813909
2155,8.041044776119403,0.0007088814163580537,0.0006812894532297988
2156,8.044776119402986,0.0006595924496650696,0.0006809873213968808
2157,8.048507462686567,0.0006876509869471192,0.000681681968782824
2158,8.052238805970148,0.0006700893281958997,0.0006807900499552488
2159,8.055970149253731,0.0007007139502093196,0.0006826226500135552
2160,8.059701492537313,0.0007050916319712996,0.000682319601055053
2161,8.063432835820896,0.0006615278543904424,0.0006823837203427968
2162,8.067164179104477,0.0006940076127648354,0.0006824487482379304
2163,8.07089552238806,0.0007111496524885297,0.0006828726732126642
2164,8.074626865671641,0.0006533666746690869,0.000682298461736248
2165,8.078358208955224,0.000725185964256525,0.0006828361301592029
2166,8.082089552238806,0.000673080503474921,0.0006847016871111785
2167,8.085820895522389,0.0006872942904010415,0.000683653274857689
2168,8.08955223880597,0.0006511618266813457,0.00068475219858356
2169,8.093283582089553,0.0006598111940547824,0.0006868214042652853
2170,8.097014925373134,0.0006876896368339658,0.0006872070527340217
2171,8.100746268656716,0.0006749382591806352,0.0006869922125166873
2172,8.104477611940299,0.0006302662659436464,0.0006884558114972784
2173,8.10820895522388,0.0007105031982064247,0.000688230055213974
2174,8.111940298507463,0.0006559767061844468,0.0006900116128324554
2175,8.115671641791044,0.0006768562598153949,0.0006902651000972382
2176,8.119402985074627,0.0006837658584117889,0.000691472065759959
2177,8.123134328358208,0.0006797314854338765,0.0006932408290506318
2178,8.126865671641792,0.000641931255813688,0.0006938497379717486
2179,8.130597014925373,0.0007212430937215686,0.0006955094754741323
2180,8.134328358208956,0.0006685932166874409,0.0006966386984170573
2181,8.138059701492537,0.000665319967083633,0.0006982047045489819
2182,8.14179104477612,0.0006762472912669182,0.0006994170253165066
2183,8.145522388059701,0.0006999594625085592,0.0007004066109202984
2184,8.149253731343284,0.0006922933971509337,0.0007006165673729124
2185,8.152985074626866,0.0007070864085108042,0.000702032944323813
2186,8.156716417910447,0.0007793675176799297,0.0007006535689891657
2187,8.16044776119403,0.0006619304185733199,0.0007013868705210526
2188,8.164179104477611,0.0007096006302163005,0.0007013972769150646
2189,8.167910447761194,0.0007863693172112107,0.0007018202222974562
2190,8.171641791044776,0.0006946258363313973,0.0007024370957302247
2191,8.175373134328359,0.0006907674251124263,0.0007019383043459639
2192,8.17910447761194,0.0007377135334536433,0.0007025972491402815
2193,8.182835820895523,0.000690095650497824,0.0007033951924091614
2194,8.186567164179104,0.0007247142493724823,0.0007028594320617253
2195,8.190298507462687,0.0007046774262562394,0.0007029917650492634
2196,8.194029850746269,0.0007583670085296035,0.0007024216593424903
2197,8.197761194029852,0.000732111744582653,0.0007027558905708535
2198,8.201492537313433,0.0007126162527129054,0.0007021538700295113
2199,8.205223880597014,0.0007381385657936335,0.0007035997611038932
2200,8.208955223880597,0.0007470120908692479,0.0007017091876350162
2201,8.212686567164178,0.0007692978833802044,0.0007036531531456403
2202,8.216417910447761,0.0007112330058589578,0.0007035820006688194
2203,8.220149253731343,0.0007345806225202978,0.0007044374119354094
2204,8.223880597014926,0.0007197578670457006,0.0007049062618667759
2205,8.227611940298507,0.0007114381296560168,0.0007045274577671435
2206,8.23134328358209,0.0006686315755359828,0.0007041337879987933
2207,8.235074626865671,0.0007031458662822843,0.0007021896237303026
2208,8.238805970149254,0.0006877209525555372,0.0007017289754003286
2209,8.242537313432836,0.0006685025873593986,0.0007017338336104663
2210,8.246268656716419,0.0006851030047982931,0.0006979731999042375
2211,8.25,0.0006672391900792718,0.0006980121436687867
2212,8.253731343283581,0.0007019549957476556,0.0006976682286732262
2213,8.257462686567164,0.0006629819399677217,0.0006964107174653469
2214,8.261194029850746,0.000688537023961544,0.000696449143039744
2215,8.264925373134329,0.0006614023586735129,0.0006963020863533928
2216,8.26865671641791,0.0006534819258376956,0.0006944836335960867
2217,8.272388059701493,0.0006974693387746811,0.0006937090429568254
2218,8.276119402985074,0.0006550486432388425,0.0006914108994462323
2219,8.279850746268657,0.000701212789863348,0.0006902422713365679
2220,8.283582089552239,0.0006437295814976096,0.000687071966950032
2221,8.287313432835822,0.0007482958026230335,0.000685409817378968
2222,8.291044776119403,0.0006624027155339718,0.0006829527399797992
2223,8.294776119402986,0.0007113191531971097,0.0006818603951393104
2224,8.298507462686567,0.0007191823096945882,0.0006801696045596789
2225,8.302238805970148,0.0006767624290660024,0.0006791237988736389
2226,8.305970149253731,0.0006909459480084479,0.000677792223386194
2227,8.309701492537313,0.0006996567826718092,0.0006780981231003818
2228,8.313432835820896,0.0006430438370443881,0.0006778250610251434
2229,8.317164179104477,0.0007097998168319464,0.0006765188924718375
2230,8.32089552238806,0.0006321833352558315,0.0006774273138811312
2231,8.324626865671641,0.0006962225306779146,0.0006774469355416553
2232,8.328358208955224,0.0006766669102944434,0.0006782821586878016
2233,8.332089552238806,0.0006861555739305913,0.0006785217229640339
2234,8.335820895522389,0.0006916710990481079,0.0006784434123646195
2235,8.33955223880597,0.0007186849252320826,0.0006790888103906338
2236,8.343283582089553,0.0006301208632066846,0.0006795265390991983
2237,8.347014925373134,0.0007266087923198938,0.0006808792226720693
2238,8.350746268656716,0.000637887860648334,0.0006807935935240694
2239,8.354477611940299,0.0006647025002166629,0.0006823728170541184
2240,8.35820895522388,0.0006081560859456658,0.000682762882206589
2241,8.361940298507463,0.0006788639584556222,0.0006836777547283507
2242,8.365671641791044,0.0006685577100142837,0.000682933234734597
2243,8.369402985074627,0.0006664468673989177,0.0006835547335468596
2244,8.373134328358208,0.0006652582087554038,0.0006831871379712006
2245,8.376865671641792,0.0006768798339180648,0.000681688904012667
2246,8.380597014925373,0.0006568435346707702,0.0006835025894205744
2247,8.384328358208956,0.0006811734638176858,0.0006821999601769919
2248,8.388059701492537,0.0006919503211975098,0.0006825706066859023
2249,8.39179104477612,0.000634168041869998,0.0006847487558133718
2250,8.395522388059701,0.0007057478651404381,0.0006834734543567387
2251,8.399253731343284,0.0006859074928797781,0.0006860350514194224
2252,8.402985074626866,0.0007014833390712738,0.0006859628597228992
2253,8.406716417910447,0.0007117771310731769,0.000686102695819899
2254,8.41044776119403,0.0006597712053917348,0.0006864854722374641
2255,8.414179104477611,0.0007149983430281281,0.000687330776666541
2256,8.417910447761194,0.0006793492357246578,0.000686908881861444
2257,8.421641791044776,0.0007089419523254037,0.0006895846795154418
2258,8.425373134328359,0.0006939585437066853,0.0006892811336622732
2259,8.42910447761194,0.0007197968079708517,0.0006916211185431699
2260,8.432835820895523,0.000717205461114645,0.0006919164017478867
2261,8.436567164179104,0.0006812393548898399,0.0006948349139903014
2262,8.440298507462687,0.000717770482879132,0.0006936236835516444
2263,8.444029850746269,0.0006878841668367386,0.0006939057678143244
2264,8.447761194029852,0.0006962477345950902,0.0006952656407431676
2265,8.451492537313433,0.0006577547173947096,0.0006959603548549661
2266,8.455223880597014,0.0007511235307902098,0.0006956349896471493
2267,8.458955223880597,0.0006375381490215659,0.0006977906691978072
2268,8.462686567164178,0.0007148532895371318,0.0006983324277737155
2269,8.466417910447761,0.0007323479512706399,0.0006974867158910124
2270,8.470149253731343,0.0006575124571099877,0.0006988850087154565
2271,8.473880597014926,0.0007372088148258626,0.0006987688546182542
2272,8.477611940298507,0.0006932626711204648,0.0006986424786879159
2273,8.48134328358209,0.0006824001902714372,0.000697771437954521
2274,8.485074626865671,0.0007018494070507586,0.0006976190559770457
2275,8.488805970149254,0.0007263285806402564,0.0006984122475132164
2276,8.492537313432836,0.0007013872382231057,0.0006976695404751454
2277,8.496268656716419,0.0007398285670205951,0.0006986727580291833
2278,8.5,0.0007141634123399854,0.0006982568401570727
2279,8.503731343283581,0.0007338272407650948,0.0006991598794872804
2280,8.507462686567164,0.000676809111610055,0.0006989487319071664
2281,8.511194029850746,0.0007278150878846645,0.0006983937034042688
2282,8.514925373134329,0.0006292035104706883,0.0006988118814372616
2283,8.51865671641791,0.0006801231647841632,0.0006991908232477017
2284,8.522388059701493,0.0007222016574814916,0.0007005195564976553
2285,8.526119402985074,0.000693741487339139,0.0007018310986118527
2286,8.529850746268657,0.0006635398603975773,0.0007034476900405092
2287,8.533582089552239,0.0007452263962477446,0.0007030682328793152
2288,8.537313432835822,0.0007033855654299259,0.0007047702177859298
2289,8.541044776119403,0.0006572761340066791,0.000705612190181344
2290,8.544776119402986,0.0006914980476722121,0.0007047156928243433
2291,8.548507462686567,0.0007009855471551418,0.0007067428640566948
2292,8.552238805970148,0.0006807260797359049,0.0007067022365290763
2293,8.555970149253731,0.0006657706690020859,0.0007064763354364691
2294,8.559701492537313,0.0007055294699966908,0.0007075515317321732
2295,8.563432835820896,0.0006922920583747327,0.0007066674070523643
2296,8.567164179104477,0.0006845473544672132,0.0007071560092565672
2297,8.57089552238806,0.0007204811554402113,0.0007063171403232689
2298,8.574626865671641,0.0006918893195688725,0.0007062779992205523
2299,8.578358208955224,0.0007309831562452018,0.000706905677982765
2300,8.582089552238806,0.0007111397571861744,0.0007067074155911985
2301,8.585820895522389,0.0006944492924958467,0.0007065653051363259
2302,8.58955223880597,0.0006983846542425454,0.0007067137034382763
2303,8.593283582089553,0.000733307097107172,0.0007081531022289177
2304,8.597014925373134,0.0007423622300848365,0.0007076667374704125
2305,8.600746268656716,0.0007500209612771869,0.0007076315431310455
2306,8.604477611940299,0.0007240349659696221,0.0007064207201460149
2307,8.60820895522388,0.0007355657871812582,0.0007081013314834819
2308,8.611940298507463,0.0007073195301927626,0.0007076609734922829
2309,8.615671641791044,0.0007493741577491164,0.0007065854009763315
2310,8.619402985074627,0.0006955915596336126,0.0007083766097089321
2311,8.623134328358208,0.0007406264776363969,0.0007077070796385226
2312,8.626865671641792,0.000735543086193502,0.0007079857197113153
2313,8.630597014925373,0.0006840007263235748,0.0007077972063931023
2314,8.634328358208956,0.0007264832383953035,0.0007079070087567699
2315,8.638059701492537,0.0006656002951785922,0.0007066824658001523
2316,8.64179104477612,0.0007463612710125744,0.0007065692050496071
2317,8.645522388059701,0.0006669936119578779,0.0007060353215443106
2318,8.649253731343284,0.0007382237818092108,0.0007069618597331388
2319,8.652985074626866,0.0007398982415907085,0.000707805348367135
2320,8.656716417910447,0.0007256984827108681,0.000707641506578955
2321,8.66044776119403,0.0006709825829602778,0.0007075677929650537
2322,8.664179104477611,0.0007338994182646275,0.0007088752733202787
2323,8.667910447761194,0.000688218860886991,0.0007083761696022277
2324,8.671641791044776,0.0006601822096854448,0.0007077422597808991
2325,8.675373134328359,0.0007207586895674467,0.0007061973858692842
2326,8.67910447761194,0.0006440977449528873,0.0007056922399120905
2327,8.682835820895523,0.0007324449252337217,0.0007048481379681062
2328,8.686567164179104,0.000727171718608588,0.0007049780177156917
2329,8.690298507462687,0.0006592870922759175,0.0007061666848774
2330,8.694029850746269,0.0007307156920433044,0.0007057384525357587
2331,8.697761194029852,0.0006640473147854209,0.000705983496850311
2332,8.701492537313433,0.0007124097901396453,0.0007054019994783873
2333,8.705223880597014,0.0006729970336891711,0.0007058815738163525
2334,8.708955223880597,0.0006702725659124553,0.0007056116833487843
2335,8.712686567164178,0.0006553232087753713,0.0007057119254590716
2336,8.716417910447761,0.0006876483676023781,0.0007062774100454478
2337,8.720149253731343,0.0006626581307500601,0.0007056058270902168
2338,8.723880597014926,0.0007584692211821675,0.0007064810218630223
2339,8.727611940298507,0.0007264723535627127,0.0007065961140253377
2340,8.73134328358209,0.0007242656429298222,0.000705311791800962
2341,8.735074626865671,0.0007081174990162253,0.0007055080353804841
2342,8.738805970149254,0.00074805598706007,0.00070590385599289
2343,8.742537313432836,0.0006779214018024504,0.0007046487568536909
2344,8.746268656716419,0.0007073167944326997,0.0007052296011640531
2345,8.75,0.0006790223997086287,0.0007071154413563086
2346,8.753731343283581,0.0007293099770322442,0.0007067305098355907
2347,8.757462686567164,0.0006894267862662673,0.0007077520471861268
2348,8.761194029850746,0.0007408908568322659,0.00070794236210243
2349,8.764925373134329,0.0007560548838227987,0.0007074196644059224
2350,8.76865671641791,0.0007318166317418218,0.0007083310572453207
2351,8.772388059701493,0.0007056383765302598,0.0007077337217108324
2352,8.776119402985074,0.0007167850853875279,0.0007084113880764784
2353,8.779850746268657,0.0007552056340500712,0.0007081871423529597
2354,8.783582089552239,0.000672935217153281,0.0007080427603796124
2355,8.787313432835822,0.0007305931649170816,0.0007085105001063245
2356,8.791044776119403,0.0006887851632200181,0.000709254403950692
2357,8.794776119402986,0.0007188263698481023,0.0007087568065333293
2358,8.798507462686567,0.0007028765976428986,0.000709456970869768
2359,8.802238805970148,0.0007429425604641438,0.0007075151973744718
2360,8.805970149253731,0.0006872410303913057,0.000705838666252065
2361,8.809701492537313,0.0007337444694712758,0.0007036007392765363
2362,8.813432835820896,0.000687211228068918,0.0007027619597842781
2363,8.817164179104477,0.0006824403535574675,0.0007014495928249345
2364,8.82089552238806,0.0007120334776118398,0.0007000478472924087
2365,8.824626865671641,0.0007375016575679183,0.0007002647261975742
2366,8.828358208955224,0.0007049764972180128,0.0007000454167676408
2367,8.832089552238806,0.0006859807763248682,0.0006980726782164378
2368,8.835820895522389,0.0007402478368021548,0.0006981134477139609
2369,8.83955223880597,0.0007057411130517721,0.0006966756844166211
2370,8.843283582089553,0.0006966541986912489,0.0006947125061187985
2371,8.847014925373134,0.0007062249351292849,0.0006938546018606824
2372,8.850746268656716,0.0006918316357769072,0.0006938257294411702
2373,8.854477611940299,0.0007032157154753804,0.0006932003818247922
2374,8.85820895522388,0.0006670773727819324,0.0006902614429524941
2375,8.861940298507463,0.00068944989470765,0.0006907840526276609
2376,8.865671641791044,0.0006858232663944364,0.000688946690898752
2377,8.869402985074627,0.0006672468734905124,0.0006880164359378197
2378,8.873134328358208,0.0006913648685440421,0.000686244542210749
2379,8.876865671641792,0.0006788565078750253,0.0006852446879237527
2380,8.880597014925373,0.0006577345775440335,0.0006838211017410929
2381,8.884328358208956,0.0006325106369331479,0.0006834673965009065
2382,8.888059701492537,0.0006737275398336351,0.000681897980251872
2383,8.89179104477612,0.0006942489417269826,0.0006820186674481303
2384,8.895522388059701,0.0006204498349688947,0.0006830913310007351
2385,8.899253731343284,0.0007162088295444846,0.00068397517883923
2386,8.902985074626866,0.0006700307130813599,0.0006827416080163746
2387,8.906716417910447,0.0006484276964329183,0.0006826100615421083
2388,8.91044776119403,0.0006910983356647193,0.0006834717052875132
2389,8.914179104477611,0.0006819425616413355,0.0006829335854002615
2390,8.917910447761194,0.0006755645736120641,0.0006830963070458937
2391,8.921641791044776,0.0006966425571590662,0.0006833269343166272
2392,8.925373134328359,0.0007044546073302627,0.0006829145912467162
2393,8.92910447761194,0.0006911458331160247,0.0006835840290366877
2394,8.932835820895523,0.0006347091402858496,0.000683394188299866
2395,8.936567164179104,0.0006943622138351202,0.0006836753142656894
2396,8.940298507462687,0.0006552613340318203,0.0006845862996514614
2397,8.944029850746269,0.0006506447098217905,0.0006853344313595899
2398,8.947761194029852,0.0006461787270382047,0.000686983931412148
2399,8.951492537313433,0.000661882571876049,0.0006866370889971532
2400,8.955223880597014,0.0006845755269750953,0.0006885823691490946
2401,8.958955223880597,0.0006727391155436635,0.0006893235698864772
2402,8.962686567164178,0.0006693984032608569,0.0006902964257567031
2403,8.966417910447761,0.0006921594031155109,0.000691942996970128
2404,8.970149253731343,0.0007264195592142642,0.000690936671694877
2405,8.973880597014926,0.000748271238990128,0.0006929916094011832
2406,8.977611940298507,0.0006869252538308501,0.0006920769498342784
2407,8.98134328358209,0.0006995830917730927,0.0006940910882293815
2408,8.985074626865671,0.0007213081698864698,0.0006967836624670137
2409,8.988805970149254,0.0007181849214248359,0.0006963172345422208
2410,8.992537313432836,0.000712412700522691,0.0006976263518104466
2411,8.996268656716419,0.0007061099167913198,0.0006993919335555558
2412,9.0,0.0006893188692629337,0.0006985703693339374
2413,9.003731343283581,0.0007192785851657391,0.0006994140382697125
2414,9.007462686567164,0.0006954322452656925,0.0006995741760630797
2415,9.011194029850746,0.0006786035373806953,0.0007017675102915523
2416,9.014925373134329,0.0007268002955242991,0.0007029060407814275
2417,9.01865671641791,0.0007164966664277017,0.0007050084106328829
2418,9.022388059701493,0.0007348763756453991,0.0007064717583267427
2419,9.026119402985074,0.0006771443295292556,0.0007086601761374168
2420,9.029850746268657,0.0007586129941046238,0.0007098098200314292
2421,9.033582089552239,0.0006881238077767193,0.0007117768755273484
2422,9.037313432835822,0.000672397727612406,0.0007118610239292426
2423,9.041044776119403,0.0007412369595840573,0.000713193884244325
2424,9.044776119402986,0.0006529896054416895,0.0007131560180313522
2425,9.048507462686567,0.0007047022809274495,0.0007131416407391066
2426,9.052238805970148,0.0006787077873013914,0.0007113943092252423
2427,9.055970149253731,0.0007526103872805834,0.000712271886253048
2428,9.059701492537313,0.0007588232401758432,0.0007127873960132824
2429,9.063432835820896,0.0006719747907482088,0.0007114848334955551
2430,9.067164179104477,0.000735616369638592,0.0007122204548156843
2431,9.07089552238806,0.0007479534251615405,0.0007103941837757281
2432,9.074626865671641,0.0006629584240727127,0.0007113071184082911
2433,9.078358208955224,0.0007390450336970389,0.0007117260361044872
2434,9.082089552238806,0.0006977114826440811,0.000712545361460709
2435,9.085820895522389,0.0007246358436532319,0.0007121464018937109
2436,9.08955223880597,0.0007410419639199972,0.0007152882129203801
2437,9.093283582089553,0.000741458497941494,0.00071584045313435
2438,9.097014925373134,0.0007106419652700424,0.0007178252193758764
2439,9.100746268656716,0.0007359038572758436,0.0007191333300774781
2440,9.104477611940299,0.0007090179715305567,0.0007196581260891767
2441,9.10820895522388,0.0007652248023077846,0.000720370871798567
2442,9.111940298507463,0.0006761892000213265,0.0007213626834904639
2443,9.115671641791044,0.0007240456761792302,0.000725612514254796
2444,9.119402985074627,0.0006906068883836269,0.0007250619208917203
2445,9.123134328358208,0.0007258300902321935,0.0007287404037126135
2446,9.126865671641792,0.0006766306469216943,0.0007303220492492361
2447,9.130597014925373,0.0007229059119708836,0.00073235197185834
2448,9.134328358208956,0.0007207189919427037,0.000733469842887688
2449,9.138059701492537,0.0006679031066596508,0.000732603147853075
2450,9.14179104477612,0.0007483453955501318,0.000734038056135632
2451,9.145522388059701,0.0006375355878844857,0.0007333856533145214
2452,9.149253731343284,0.0007435402367264032,0.0007327521608847125
2453,9.152985074626866,0.0007064944948069751,0.00073353719624986
2454,9.156716417910447,0.0007528709247708321,0.0007330655651280611
2455,9.16044776119403,0.0006790749030187726,0.0007346520106671605
2456,9.164179104477611,0.0008074177894741297,0.0007349234173733105
2457,9.167910447761194,0.0007494421442970634,0.0007335592484351521
2458,9.171641791044776,0.0007978720823302865,0.0007335501084126895
2459,9.175373134328359,0.000788508914411068,0.0007336613105996171
2460,9.17910447761194,0.0006986609660089016,0.0007323329464714156
2461,9.182835820895523,0.000787835568189621,0.0007321474911849491
2462,9.186567164179104,0.0007287880871444941,0.0007302465908252066
2463,9.190298507462687,0.000846640788950026,0.000730759634568197
2464,9.194029850746269,0.0007186626316979527,0.0007291807333098315
2465,9.197761194029852,0.000803807401098311,0.0007286234787188289
2466,9.201492537313433,0.000769549747928977,0.000727944933559473
2467,9.205223880597014,0.0007619346142746508,0.000727043711444045
2468,9.208955223880597,0.0007984430994838476,0.0007255891318114974
2469,9.212686567164178,0.0007232887437567115,0.0007233501727147619
2470,9.216417910447761,0.0007308060303330421,0.0007238225179451813
2471,9.220149253731343,0.0007088678539730608,0.0007230768934255693
2472,9.223880597014926,0.0007219802355393767,0.0007232541797637213
2473,9.227611940298507,0.0006951448740437627,0.0007223526027235316
2474,9.23134328358209,0.0007197081577032804,0.0007229118633492873
2475,9.235074626865671,0.0007627557497471571,0.0007207068549355538
2476,9.238805970149254,0.0007357635186053813,0.0007209785768148921
2477,9.242537313432836,0.0006851110374554992,0.0007190501995998003
2478,9.246268656716419,0.0007410837570205331,0.000716817907409788
2479,9.25,0.0007152012549340725,0.000714284108054438
2480,9.253731343283581,0.0006814409280195832,0.0007121817580787692
2481,9.257462686567164,0.0007014143047854304,0.0007126984717437952
2482,9.261194029850746,0.000687287887558341,0.0007106895152502125
2483,9.264925373134329,0.0006972239934839308,0.0007098989104057049
2484,9.26865671641791,0.0006593107245862484,0.0007064411680713841
2485,9.272388059701493,0.0006677594501525164,0.0007066992154095049
2486,9.276119402985074,0.0006980097386986017,0.0007043537604281815
2487,9.279850746268657,0.000639680540189147,0.0007037705068885372
2488,9.283582089552239,0.0006632681470364332,0.00070281385546323
2489,9.287313432835822,0.0006289216689765453,0.0007016663439571857
2490,9.291044776119403,0.0006872692611068487,0.0007004311873304952
2491,9.294776119402986,0.0007177747902460396,0.0007007013787742613
2492,9.298507462686567,0.0006448043277487159,0.0007006540701429291
2493,9.302238805970148,0.0007065755780786276,0.0007017003585266449
2494,9.305970149253731,0.0007294241804629564,0.000702817809325075
2495,9.309701492537313,0.0006624655798077583,0.0007030177242463319
2496,9.313432835820896,0.0006902155000716448,0.000702667811022299
2497,9.317164179104477,0.0007283543236553669,0.0007024405612155977
2498,9.32089552238806,0.0006579181645065546,0.0007035802047495254
2499,9.324626865671641,0.000693986308760941,0.0007033193322103016
2500,9.328358208955224,0.0007023125654086471,0.0007027765358343902
2501,9.332089552238806,0.0007198462262749672,0.0007042498384579653
2502,9.335820895522389,0.0007054683519527316,0.0007031648221039554
2503,9.33955223880597,0.0006963732885196805,0.0007042923839989958
2504,9.343283582089553,0.0007048733532428741,0.0007038111542919423
2505,9.347014925373134,0.0007292425725609064,0.0007040502997569558
2506,9.350746268656716,0.0007076437468640506,0.0007049670363435658
2507,9.354477611940299,0.0007456363528035581,0.000704151268753155
2508,9.35820895522388,0.000722711905837059,0.0007047927256946157
2509,9.361940298507463,0.000751395127736032,0.000704540218022175
2510,9.365671641791044,0.000672647322062403,0.0007054226078297488
2511,9.369402985074627,0.0007418838795274496,0.0007055849106641622
2512,9.373134328358208,0.0007069282000884414,0.00070409897555847
2513,9.376865671641792,0.000764878059271723,0.0007039546461139874
2514,9.380597014925373,0.0007409603567793965,0.0007035827900214893
2515,9.384328358208956,0.0007279046694748104,0.0007013256900103354
2516,9.388059701492537,0.0007484093075618148,0.0007015419130145413
2517,9.39179104477612,0.0007264462765306234,0.0007013309414771091
2518,9.395522388059701,0.0007318364223465323,0.0007000628066612635
2519,9.399253731343284,0.0007303879829123616,0.000699679500695954
2520,9.402985074626866,0.0006929466035217047,0.0006999392005637651
2521,9.406716417910447,0.0007418463355861604,0.000699854719952294
2522,9.41044776119403,0.0006569286342710257,0.000699198195744851
2523,9.414179104477611,0.0007335179252550006,0.0006988918871573377
2524,9.417910447761194,0.0006774935754947364,0.0006985868264852864
2525,9.421641791044776,0.0006691156886518002,0.0006986748052352085
2526,9.425373134328359,0.000705345650203526,0.0006963010315170012
2527,9.42910447761194,0.0006645632674917579,0.0006951752570230605
2528,9.432835820895523,0.0006659802747890353,0.0006928582272560495
2529,9.436567164179104,0.0006529153324663639,0.0006926759435772532
2530,9.440298507462687,0.0006650996510870755,0.0006900574875677504
2531,9.444029850746269,0.0006939236773177981,0.0006899953828329538
2532,9.447761194029852,0.0006568514509126544,0.0006875800786585342
2533,9.451492537313433,0.000638886820524931,0.0006864882278733137
2534,9.455223880597014,0.0006913294782862067,0.0006834886465562372
2535,9.458955223880597,0.0006368830800056458,0.000682159593873998
2536,9.462686567164178,0.0006713307229802012,0.0006810318601953729
2537,9.466417910447761,0.0006815656670369208,0.0006796773310137413
2538,9.470149253731343,0.0006763607962056994,0.0006773393308721119
2539,9.473880597014926,0.0006422026199288666,0.0006766961844887858
2540,9.477611940298507,0.000704634003341198,0.0006748606854050261
2541,9.48134328358209,0.0006988488603383303,0.0006750778099181267
2542,9.485074626865671,0.0006929287337698042,0.0006730380899659017
2543,9.488805970149254,0.0006929096998646855,0.0006748035638138834
2544,9.492537313432836,0.0006838658009655774,0.0006736939156814138
2545,9.496268656716419,0.0007084804819896817,0.0006747281593384176
2546,9.5,0.0006319178501144052,0.000675055855692069
2547,9.503731343283581,0.0006614869926124811,0.0006742419266119236
2548,9.507462686567164,0.0006506381323561072,0.0006749780888373895
2549,9.511194029850746,0.0007152382750064135,0.0006761473018630612
2550,9.514925373134329,0.0006440384313464165,0.0006778144061837982
2551,9.51865671641791,0.0006701010279357433,0.0006790570148107846
2552,9.522388059701493,0.0006428564083762467,0.0006795929753357862
2553,9.526119402985074,0.0006621623178943992,0.0006811945179545479
2554,9.529850746268657,0.0006418952252715826,0.0006837189472961898
2555,9.533582089552239,0.0006864691968075931,0.0006853757744155279
2556,9.537313432835822,0.0006816675886511803,0.0006875272147448324
2557,9.541044776119403,0.0006928736111149192,0.0006870923339525555
2558,9.544776119402986,0.0006305882707238197,0.0006873206996427076
2559,9.548507462686567,0.000705467420630157,0.0006870739502696003
2560,9.552238805970148,0.0006551325204782188,0.0006875977496525682
2561,9.555970149253731,0.0007018487085588276,0.0006884532744950819
2562,9.559701492537313,0.0006582178175449371,0.0006884302753705258
2563,9.563432835820896,0.0007293130620382726,0.0006880008774559672
2564,9.567164179104477,0.0006880223518237472,0.0006870662498219711
2565,9.57089552238806,0.0007198975654318929,0.0006868402947808002
2566,9.574626865671641,0.0006825512391515076,0.000686348697011609
2567,9.578358208955224,0.0006719745579175651,0.000688391615545786
2568,9.582089552238806,0.0006947459187358618,0.0006879751752244263
2569,9.585820895522389,0.0007139180088415742,0.0006885832337458141
2570,9.58955223880597,0.0007212666096165776,0.0006869449990051912
2571,9.593283582089553,0.0007160466047935188,0.0006870976876376606
2572,9.597014925373134,0.0007158980588428676,0.0006853585648236842
2573,9.600746268656716,0.0007225146982818842,0.0006858943833787812
2574,9.604477611940299,0.0007423884235322475,0.0006849928318931744
2575,9.60820895522388,0.0007592593901790679,0.0006844812816735812
2576,9.611940298507463,0.0007250921335071325,0.0006834833312030063
2577,9.615671641791044,0.0006535006104968488,0.0006827809393587635
2578,9.619402985074627,0.0006909286603331566,0.0006810442669453417
2579,9.623134328358208,0.0006662440719082952,0.0006828047633284657
2580,9.626865671641792,0.0006636783946305513,0.0006804420291900453
2581,9.630597014925373,0.0007397105218842626,0.0006799999349069123
2582,9.634328358208956,0.0006979058962315321,0.0006789892071449175
2583,9.638059701492537,0.0006753234192728996,0.0006780910444809351
2584,9.64179104477612,0.0006545899668708444,0.0006770594783763333
2585,9.645522388059701,0.0006746016442775726,0.0006751035589997362
2586,9.649253731343284,0.0006883249734528363,0.0006733019566504149
2587,9.652985074626866,0.0007156775100156665,0.0006732371232540506
2588,9.656716417910447,0.0006444129394367337,0.0006727816795407817
2589,9.66044776119403,0.0006755685317330062,0.0006724149797952212
2590,9.664179104477611,0.0006480706506408751,0.0006715140245832139
2591,9.667910447761194,0.0006502986652776599,0.0006707580135453765
2592,9.671641791044776,0.0005987969925627112,0.0006707550066227956
2593,9.675373134328359,0.0006648249691352248,0.000669038660040625
2594,9.67910447761194,0.00062519870698452,0.0006675613410884469
2595,9.682835820895523,0.0006209216662682593,0.0006664364539064104
2596,9.686567164179104,0.0006455532275140285,0.000664605918090518
2597,9.690298507462687,0.000652869523037225,0.0006641450752617746
2598,9.694029850746269,0.0006216700421646237,0.0006642728353986834
2599,9.697761194029852,0.0007027686224319041,0.00066374719750545
2600,9.701492537313433,0.0006085953209549189,0.0006635374170955179
2601,9.705223880597014,0.000637006654869765,0.000664985989981399
2602,9.708955223880597,0.0006604088703170419,0.0006633830801924555
2603,9.712686567164178,0.0006213931483216584,0.0006628714092984432
2604,9.716417910447761,0.000687018851749599,0.0006636524411122791
2605,9.720149253731343,0.0006078296573832631,0.0006639570489003346
2606,9.723880597014926,0.00064603186910972,0.0006632871184747939
2607,9.727611940298507,0.0006798930699005723,0.0006630036187721644
2608,9.73134328358209,0.000653301365673542,0.0006614442582514774
2609,9.735074626865671,0.0006797112291678786,0.0006622483743718121
2610,9.738805970149254,0.0006769788451492786,0.0006634244885545497
2611,9.742537313432836,0.0006902701570652425,0.0006645329058079458
2612,9.746268656716419,0.0007159233209677041,0.0006653676093442411
2613,9.75,0.0006455278489738703,0.0006680370439071117
2614,9.753731343283581,0.0006619446212425828,0.0006683905418712373
2615,9.757462686567164,0.000696268049068749,0.0006690648634259294
2616,9.761194029850746,0.0006842074217274785,0.0006716183298721728
2617,9.764925373134329,0.0007061975775286555,0.0006727837480422928
2618,9.76865671641791,0.0006587387761101127,0.0006733889245746158
2619,9.772388059701493,0.0006693775067105889,0.0006748484603765352
2620,9.776119402985074,0.0006576430751010776,0.000673634088143888
2621,9.779850746268657,0.0007230698829516768,0.0006757738187954557
2622,9.783582089552239,0.0006739912205375731,0.0006762258864643915
2623,9.787313432835822,0.0006769273895770311,0.0006765161751678623
2624,9.791044776119403,0.0007073457236401737,0.0006781018214163984
2625,9.794776119402986,0.0006670788861811161,0.0006777500398684202
2626,9.798507462686567,0.0006471344968304038,0.0006792051178153331
2627,9.802238805970148,0.000676701485645026,0.0006799525112799573
2628,9.805970149253731,0.0006517437286674976,0.0006793205634827112
2629,9.809701492537313,0.0006773817003704607,0.0006796961306685173
2630,9.813432835820896,0.0007237892132252455,0.0006804858212268389
2631,9.817164179104477,0.0006935157580301166,0.0006800252268454287
2632,9.82089552238806,0.0006845215102657676,0.0006802887201490925
2633,9.824626865671641,0.0007082438096404076,0.000679916607091067
2634,9.828358208955224,0.0006793183856643736,0.0006809157259739572
2635,9.832089552238806,0.0006528458907268941,0.0006800857613930796
2636,9.835820895522389,0.000725613790564239,0.0006810354704900486
2637,9.83955223880597,0.0006933353724889457,0.0006797516792331164
2638,9.843283582089553,0.0006776817608624697,0.0006790143656317236
2639,9.847014925373134,0.000681511010043323,0.0006793901060208133
2640,9.850746268656716,0.0006529793608933687,0.000680139373488179
2641,9.854477611940299,0.0006963242776691914,0.0006826158170020435
2642,9.85820895522388,0.0006555414292961359,0.0006820352112011212
2643,9.861940298507463,0.0006723107071593404,0.000682431216374403
2644,9.865671641791044,0.0006864046445116401,0.0006845724107356878
2645,9.869402985074627,0.0006725958082824945,0.0006838939138460996
2646,9.873134328358208,0.0006674878532066941,0.0006857898679743634
2647,9.876865671641792,0.0006766750011593103,0.0006866966893828315
2648,9.880597014925373,0.0006539832102134824,0.0006892350473918202
2649,9.884328358208956,0.0006686996202915907,0.0006902147249159653
2650,9.888059701492537,0.0007120885420590639,0.0006927127478553391
2651,9.89179104477612,0.0006580944755114615,0.0006912677710671433
2652,9.895522388059701,0.0007010733825154603,0.0006940112344171034
2653,9.899253731343284,0.0007006666855886579,0.0006953996489755809
2654,9.902985074626866,0.0006864917231723666,0.0006967433188792045
2655,9.906716417910447,0.0006279160734266043,0.0006991728541168679
2656,9.91044776119403,0.0007352061220444739,0.000700696713643194
2657,9.914179104477611,0.0006315719801932573,0.0007016195634538989
2658,9.917910447761194,0.0006759677198715508,0.0007019067657316421
2659,9.921641791044776,0.0006741441320627928,0.000702488088480583
2660,9.925373134328359,0.0007000974728725851,0.000702512637916498
2661,9.92910447761194,0.000759177259169519,0.0007046999824346929
2662,9.932835820895523,0.0006992650451138616,0.0007038471578597659
2663,9.936567164179104,0.000690227432642132,0.0007045216313222559
2664,9.940298507462687,0.0007647163583897054,0.0007051231961402042
2665,9.944029850746269,0.000679527351167053,0.0007049620673969025
2666,9.947761194029852,0.0007448130054399371,0.0007066227816522303
2667,9.951492537313433,0.0006843141745775938,0.0007071762527452736
2668,9.955223880597014,0.0007807741640135646,0.0007085003095065675
2669,9.958955223880597,0.000691910507157445,0.0007090052936180699
2670,9.962686567164178,0.0007798006408847868,0.0007119288827042754
2671,9.966417910447761,0.0006645451649092138,0.0007123886579193357
2672,9.970149253731343,0.0008059977553784847,0.0007140999092016278
2673,9.973880597014926,0.0007414465071633458,0.0007142357786594913
2674,9.977611940298507,0.000763334275688976,0.0007147986651966121
2675,9.98134328358209,0.0007789293304085732,0.0007144633152454001
2676,9.985074626865671,0.0007153241313062608,0.0007172254646742126
2677,9.988805970149254,0.0007634506328031421,0.0007161908831288357
2678,9.992537313432836,0.0007051106658764184,0.0007179922611657075
2679,9.996268656716419,0.0007015159935690463,0.0007200866381115303
2680,10.0,0.0006825175369158387,0.0007208740940635524
2681,10.003731343283581,0.0007426604861393571,0.0007224161129603843
2682,10.007462686567164,0.0006613584700971842,0.0007204568317364447
2683,10.011194029850746,0.0006831948412582278,0.0007215628468590538
2684,10.014925373134329,0.0006969748646952212,0.000721552538424276
2685,10.01865671641791,0.0006797983660362661,0.0007199603431040375
2686,10.022388059701493,0.0007406850927509367,0.0007208148670587234
2687,10.026119402985074,0.0006901801680214703,0.0007199065861996355
2688,10.029850746268657,0.0007309613283723593,0.0007211465059166275
2689,10.033582089552239,0.0006746875587850809,0.0007189314758473235
2690,10.037313432835822,0.000788566772826016,0.0007202758328852857
2691,10.041044776119403,0.000730939325876534,0.000718180058955601
2692,10.044776119402986,0.0007282557780854404,0.0007208012805388468
2693,10.048507462686567,0.0007066440302878618,0.0007182559361908493
2694,10.052238805970148,0.0007237450336106122,0.0007187740113472612
2695,10.055970149253731,0.0006727423751726747,0.0007175888153497221
2696,10.059701492537313,0.0007411642000079155,0.000715986926324393
2697,10.063432835820896,0.00069278827868402,0.000716931375436394
2698,10.067164179104477,0.0007054284797050059,0.0007157639767861039
2699,10.07089552238806,0.0007618371746502817,0.0007171132828949428
2700,10.074626865671641,0.0007064298260957003,0.0007171225279751347
2701,10.078358208955224,0.0007633202476426959,0.0007179451413543486
2702,10.082089552238806,0.0006788467289879918,0.0007162107432987996
2703,10.085820895522389,0.0007446116651408374,0.0007168303468128349
2704,10.08955223880597,0.0006898047868162394,0.0007171325851231813
2705,10.093283582089553,0.0006994363502599299,0.0007166337057175796
2706,10.097014925373134,0.0007145628333091736,0.0007169221175789106
2707,10.100746268656716,0.0007075734902173281,0.0007148639245026904
2708,10.104477611940299,0.000735150882974267,0.0007154887099182461
2709,10.10820895522388,0.0006899579311721027,0.0007149799763815613
2710,10.111940298507463,0.0007470291457138956,0.0007154043982509615
2711,10.115671641791044,0.0006938739097677171,0.0007137449972172518
2712,10.119402985074627,0.0007720152498222888,0.0007130245837133105
2713,10.123134328358208,0.0007016386371105909,0.0007123537546182732
2714,10.126865671641792,0.0007626875885762274,0.0007124873284227783
2715,10.130597014925373,0.0007147412397898734,0.0007124994214192578
2716,10.134328358208956,0.0007132518803700805,0.0007116649677499947
2717,10.138059701492537,0.0007540465448983014,0.0007108201133655157
2718,10.14179104477612,0.0007155872881412506,0.0007101355912731733
2719,10.145522388059701,0.0007604322163388133,0.0007108652526967046
2720,10.149253731343284,0.0007018950418569148,0.0007084667818938814
2721,10.152985074626866,0.0007162446854636073,0.0007080758379477008
2722,10.156716417910447,0.000671550165861845,0.0007056154370330637
2723,10.16044776119403,0.0006867622141726315,0.0007060730727616606
2724,10.164179104477611,0.000695586611982435,0.0007048013461072271
2725,10.167910447761194,0.0006765208090655506,0.0007046701346819358
2726,10.171641791044776,0.000691623252350837,0.0007063636908353102
2727,10.175373134328359,0.0006562991766259074,0.0007055975474053766
2728,10.17910447761194,0.0007157963700592518,0.0007056624532063924
2729,10.182835820895523,0.0007101032533682883,0.0007059687135241381
2730,10.186567164179104,0.0006920888554304838,0.0007061529691649101
2731,10.190298507462687,0.0007205313304439187,0.0007049316446660314
2732,10.194029850746269,0.0007014023722149432,0.0007049390767905406
2733,10.197761194029852,0.0007007517851889133,0.0007028381337366271
2734,10.201492537313433,0.0007121205562725663,0.0007032283735120805
2735,10.205223880597014,0.0007242408464662731,0.0007011523206218532
2736,10.208955223880597,0.0006385297747328877,0.0007007754174992442
2737,10.212686567164178,0.0007065251702442765,0.0007000603193485337
2738,10.216417910447761,0.0006647228728979826,0.000698734715115279
2739,10.220149253731343,0.000735344598069787,0.0006972109862012653
2740,10.223880597014926,0.0006634998717345297,0.0006967016464530877
2741,10.227611940298507,0.0006904011243022978,0.0006950923423396378
2742,10.23134328358209,0.0006624438101425767,0.0006953304244500653
2743,10.235074626865671,0.0006976097938604653,0.0006957883725124524
2744,10.238805970149254,0.0006924708723090589,0.0006960723946643312
2745,10.242537313432836,0.0006844251183792949,0.0006958467860297277
2746,10.246268656716419,0.0007688721525482833,0.0006959141933404636
2747,10.25,0.0006831509526818991,0.0006955254783217864
2748,10.253731343283581,0.00071023462805897,0.0006968278207861614
2749,10.257462686567164,0.000747707556001842,0.0006958583423799676
2750,10.261194029850746,0.0006975124124437571,0.0006957267305995451
2751,10.264925373134329,0.000696954841259867,0.0006955820859818742
2752,10.26865671641791,0.0006941786268725991,0.0006957423075374852
2753,10.272388059701493,0.0006858765846118331,0.000696957185182993
2754,10.276119402985074,0.0007176384679041803,0.000697591228456032
2755,10.279850746268657,0.0006775694200769067,0.000697931020645561
2756,10.283582089552239,0.0006992882117629051,0.0006979645809113253
2757,10.287313432835822,0.0006839328561909497,0.0007003697782482315
2758,10.291044776119403,0.0006996967713348567,0.0007007021837436208
2759,10.294776119402986,0.000653114402666688,0.0007040234646055756
2760,10.298507462686567,0.0007395492866635323,0.0007025548824813308
2761,10.302238805970148,0.000635913573205471,0.0007042287346316365
2762,10.305970149253731,0.0007260060519911349,0.0007047756921454537
2763,10.309701492537313,0.0006903260364197195,0.0007052611057055978
2764,10.313432835820896,0.000698407122399658,0.0007058645260702
2765,10.317164179104477,0.0006863366579636931,0.0007063555758355594
2766,10.32089552238806,0.000679284508805722,0.0007080077236268396
2767,10.324626865671641,0.0006756859365850687,0.0007061796183357151
2768,10.328358208955224,0.0007096952176652849,0.0007073494602880645
2769,10.332089552238806,0.0006760477554053068,0.0007059125317737642
2770,10.335820895522389,0.0007047071703709662,0.0007061624357181533
2771,10.33955223880597,0.0006861584261059761,0.0007073135589385723
2772,10.343283582089553,0.000727100414223969,0.0007083266292039941
2773,10.347014925373134,0.0007512123556807637,0.000708417156313705
2774,10.350746268656716,0.0007267475593835115,0.0007099858669723134
2775,10.354477611940299,0.0007260520360432565,0.0007100850258522281
2776,10.35820895522388,0.0007256168173626065,0.0007116482238194383
2777,10.361940298507463,0.0007371428655460477,0.0007121415025123009
2778,10.365671641791044,0.000720153795555234,0.0007126482598279126
2779,10.369402985074627,0.000800895388238132,0.0007132819950262584
2780,10.373134328358208,0.0006751327309757471,0.0007145197340855148
2781,10.376865671641792,0.0007321278098970652,0.0007135381882374243
2782,10.380597014925373,0.000712826382368803,0.0007143632463383965
2783,10.384328358208956,0.0006823457661084831,0.0007134190172797478
2784,10.388059701492537,0.00072235002880916,0.0007133171339973626
2785,10.39179104477612,0.0007126039126887918,0.0007135658170005716
2786,10.395522388059701,0.0007521631778217852,0.000714445666966551
2787,10.399253731343284,0.0006939198356121778,0.0007152169596449267
2788,10.402985074626866,0.0007311144727282226,0.0007164478600138753
2789,10.406716417910447,0.0006513205589726567,0.0007155675827184828
2790,10.41044776119403,0.000757953617721796,0.0007167682733114172
2791,10.414179104477611,0.0007447084644809365,0.0007164075008093766
2792,10.417910447761194,0.0007384907221421599,0.000715938560017271
2793,10.421641791044776,0.0006978902383707464,0.0007147988227832063
2794,10.425373134328359,0.000750193721614778,0.0007126832099790435
2795,10.42910447761194,0.0007217039819806814,0.0007116989950967453
2796,10.432835820895523,0.0007416605367325246,0.0007105025195902804
2797,10.436567164179104,0.0007195126381702721,0.0007088527923858747
2798,10.440298507462687,0.0007047099061310291,0.0007067362766531183
2799,10.444029850746269,0.0007256799144670367,0.0007057032227039155
2800,10.447761194029852,0.0007038617040961981,0.0007017367993617748
2801,10.451492537313433,0.0006993059068918228,0.0007025576125625976
2802,10.455223880597014,0.0006697409553453326,0.0007000163285538736
2803,10.458955223880597,0.0006872926605865359,0.0006978491267257529
2804,10.462686567164178,0.0006861488218419254,0.0006968862626974176
2805,10.466417910447761,0.0007086031255312264,0.0006948291968622404
2806,10.470149253731343,0.0007224105065688491,0.0006926165462085386
2807,10.473880597014926,0.0007109075086191297,0.0006919096383016283
2808,10.477611940298507,0.0007261528517119586,0.0006899816486643763
2809,10.48134328358209,0.000673603848554194,0.0006895655121586127
2810,10.485074626865671,0.0007252760697156191,0.0006890222643184044
2811,10.488805970149254,0.0006899154977872968,0.0006862727218171264
2812,10.492537313432836,0.0006669318536296487,0.000685372553118391
2813,10.496268656716419,0.0006803711876273155,0.0006829694910088508
2814,10.5,0.0006644722307100892,0.000682485147901788
2815,10.503731343283581,0.0006863947492092848,0.000680182748133453
2816,10.507462686567164,0.0006769965402781963,0.0006785255646696542
2817,10.511194029850746,0.0006579780019819736,0.0006773617081684856
2818,10.514925373134329,0.0006503657205030322,0.0006756801825448326
2819,10.51865671641791,0.000677798583637923,0.0006746715829117088
2820,10.522388059701493,0.0006382720312103629,0.0006733952322974801
2821,10.526119402985074,0.0007087860722094774,0.0006730802209548107
2822,10.529850746268657,0.0006279351655393839,0.0006721503904838933
2823,10.533582089552239,0.0006239711074158549,0.0006729514869043558
2824,10.537313432835822,0.000642868340946734,0.0006723554574929905
2825,10.541044776119403,0.000638010329566896,0.0006717300786432334
2826,10.544776119402986,0.0006218852358870208,0.0006709083312804379
2827,10.548507462686567,0.0007231799536384642,0.000669138926285796
2828,10.552238805970148,0.0006148722604848444,0.000667794789301186
2829,10.555970149253731,0.0007140528759919107,0.0006659729590798478
2830,10.559701492537313,0.0006290473975241184,0.0006657932478957242
2831,10.563432835820896,0.0006452223751693964,0.0006642479111622201
2832,10.567164179104477,0.000707801547832787,0.000663655689383698
2833,10.57089552238806,0.0006399651756510139,0.0006637094888790715
2834,10.574626865671641,0.0006780321709811687,0.0006644219960790219
2835,10.578358208955224,0.0006557953311130404,0.0006648263973524658
2836,10.582089552238806,0.000653759459964931,0.0006640971604189495
2837,10.585820895522389,0.0006939424201846123,0.0006644323825972472
2838,10.58955223880597,0.0006505700876004994,0.000664721761273629
2839,10.593283582089553,0.0006633573211729527,0.0006653335166913344
2840,10.597014925373134,0.000673349539283663,0.0006635476800999264
2841,10.600746268656716,0.0006909462390467525,0.000664319975085829
2842,10.604477611940299,0.0006611828575842083,0.0006618270062750614
2843,10.60820895522388,0.0007025859085842967,0.0006632653161565341
2844,10.611940298507463,0.0006628554547205567,0.0006631751993398477
2845,10.615671641791044,0.0006605082890018821,0.0006637837732119895
2846,10.619402985074627,0.000674911483656615,0.0006639939568164508
2847,10.623134328358208,0.0006498649017885327,0.0006650457365960791
2848,10.626865671641792,0.0006557978922501206,0.0006635032548773579
2849,10.630597014925373,0.0006514578126370907,0.0006635585351188372
2850,10.634328358208956,0.0006662356900051236,0.0006616061011033995
2851,10.638059701492537,0.0006619172636419535,0.0006608668609704004
2852,10.64179104477612,0.0006656344048678875,0.0006614843817859343
2853,10.645522388059701,0.0006691376329399645,0.000660246706613135
2854,10.649253731343284,0.0007095839828252792,0.0006596436539505859
2855,10.652985074626866,0.0006810526829212904,0.0006586245755187985
2856,10.656716417910447,0.0006564960349351168,0.0006581827481390863
2857,10.66044776119403,0.0006907406495884061,0.0006573480587997814
2858,10.664179104477611,0.0006698425277136266,0.000656181469377948
2859,10.667910447761194,0.0006754476926289499,0.0006561530682985194
2860,10.671641791044776,0.0006045792833901942,0.0006549455489531704
2861,10.675373134328359,0.0006699361256323755,0.0006540652063516219
2862,10.67910447761194,0.0006065743509680033,0.0006529080806436335
2863,10.682835820895523,0.0006869058706797659,0.0006526217060504345
2864,10.686567164179104,0.0006202763179317117,0.000651149546284592
2865,10.690298507462687,0.0006678198697045445,0.0006509656725428635
2866,10.694029850746269,0.000646627857349813,0.0006511342532864613
2867,10.697761194029852,0.0006650082068517804,0.0006494018612656651
2868,10.701492537313433,0.0006599382031708956,0.0006491978959430282
2869,10.705223880597014,0.000617138750385493,0.0006480625086668424
2870,10.708955223880597,0.0006340030813589692,0.0006480053160907473
2871,10.712686567164178,0.0005987385520711541,0.0006474231003511061
2872,10.716417910447761,0.0006705407286062837,0.0006466318765178141
2873,10.720149253731343,0.000657056865748018,0.0006451115066117448
2874,10.723880597014926,0.0006152400164864957,0.0006442612261375095
2875,10.727611940298507,0.00063624995527789,0.0006426548011737262
2876,10.73134328358209,0.0006376804085448384,0.000641652030824888
2877,10.735074626865671,0.0006195371970534325,0.0006413979345092141
2878,10.738805970149254,0.0006461122538894415,0.0006399991391113074
2879,10.742537313432836,0.0006494056433439255,0.0006389208052807101
2880,10.746268656716419,0.0006138490280136466,0.0006389061341107618
2881,10.75,0.0006372554926201701,0.0006394795391981195
2882,10.753731343283581,0.0006435040850192308,0.0006388212403668681
2883,10.757462686567164,0.0006494414992630482,0.0006393547235170334
2884,10.761194029850746,0.0006422273581847548,0.0006383866122810216
2885,10.764925373134329,0.0006553166313096881,0.0006386309935961192
2886,10.76865671641791,0.0006674200994893909,0.0006386724970780495
2887,10.772388059701493,0.0006038834108039737,0.0006380402483046055
2888,10.776119402985074,0.0006415023235604167,0.0006381278522539792
2889,10.779850746268657,0.000609247013926506,0.0006378709790069701
2890,10.783582089552239,0.0006491129170171916,0.0006382566658075807
2891,10.787313432835822,0.0006423648446798325,0.0006387576208131887
2892,10.791044776119403,0.0006294770864769816,0.0006399451209822806
2893,10.794776119402986,0.0006032992387190461,0.0006398653537716443
2894,10.798507462686567,0.0006342761334963143,0.000640048348719663
2895,10.802238805970148,0.000643720559310168,0.0006406015770441694
2896,10.805970149253731,0.0006399390986189246,0.0006424013621787109
2897,10.809701492537313,0.0006460780859924853,0.0006429998306330385
2898,10.813432835820896,0.0006333900382742286,0.0006437834619158288
2899,10.817164179104477,0.0006256308406591415,0.000645449389306056
2900,10.82089552238806,0.0006748461746610701,0.0006454959980257582
2901,10.824626865671641,0.0006280888919718564,0.0006470394664353169
2902,10.828358208955224,0.0006429458735510707,0.0006485717660724753
2903,10.832089552238806,0.0006284471601247787,0.0006498392279509728
2904,10.835820895522389,0.0006472133100032806,0.000650553071087726
2905,10.83955223880597,0.0006302959518507123,0.0006523989126790406
2906,10.843283582089553,0.0006695215124636889,0.0006534722193553135
2907,10.847014925373134,0.0006207056576386094,0.0006533996102672707
2908,10.850746268656716,0.0006685999687761068,0.0006560719807677698
2909,10.854477611940299,0.0006494064000435174,0.0006569634254158633
2910,10.85820895522388,0.0006329519092105329,0.000657777452455243
2911,10.861940298507463,0.0006545422365888953,0.0006584611213084583
2912,10.865671641791044,0.0006474260590039194,0.0006592429041430899
2913,10.869402985074627,0.0006672702729701996,0.0006606831306182757
2914,10.873134328358208,0.0006645596586167812,0.0006621376634007547
2915,10.876865671641792,0.0006379223777912557,0.0006631686332317569
2916,10.880597014925373,0.0007100411457940936,0.0006633516338585717
2917,10.884328358208956,0.000662217615172267,0.0006646126843761744
2918,10.888059701492537,0.0006516660796478391,0.0006650175186578276
2919,10.89179104477612,0.0007144152768887579,0.0006657225539816953
2920,10.895522388059701,0.0006513166008517146,0.0006664843360961574
2921,10.899253731343284,0.0006771312328055501,0.0006662473627706854
2922,10.902985074626866,0.0007000797777436674,0.0006668158187871663
2923,10.906716417910447,0.0006954700220376253,0.0006674938216214864
2924,10.91044776119403,0.0006787090678699315,0.0006687972018858645
2925,10.914179104477611,0.0007179068634286523,0.0006689870270059966
2926,10.917910447761194,0.0006993222050368786,0.0006697085379373009
2927,10.921641791044776,0.0006644431268796325,0.0006689344328351137
2928,10.925373134328359,0.000713450601324439,0.0006699575446318926
2929,10.92910447761194,0.0006780515541322529,0.0006691829852260104
2930,10.932835820895523,0.00064262212254107,0.0006692427332603895
2931,10.936567164179104,0.0006771433399990201,0.0006689322578561743
2932,10.940298507462687,0.0006744179408997297,0.0006689643714486099
2933,10.944029850746269,0.0006885263719595969,0.0006697863885542242
2934,10.947761194029852,0.0006629350828006864,0.0006700702204664306
2935,10.951492537313433,0.0006765458965674043,0.0006708412788944637
2936,10.955223880597014,0.0006512235850095749,0.0006707236724451366
2937,10.958955223880597,0.0006916421698406339,0.0006685769682318517
2938,10.962686567164178,0.0006626762915402651,0.0006687253580156077
2939,10.966417910447761,0.0006622964865528047,0.0006680190818747733
2940,10.970149253731343,0.0006568639073520899,0.0006672646296664891
2941,10.973880597014926,0.000665130268316716,0.0006675588935272904
2942,10.977611940298507,0.0006513955886475742,0.0006673798652184083
2943,10.98134328358209,0.0006707439897581935,0.0006660042478271374
2944,10.985074626865671,0.0006818857509642839,0.000664857613695104
2945,10.988805970149254,0.0006549961399286985,0.0006648587026042728
2946,10.992537313432836,0.0006598779000341892,0.0006631411478582133
2947,10.996268656716419,0.0006377832032740116,0.0006616613799251798
2948,11.0,0.0006626532413065434,0.0006615704851134158
2949,11.003731343283581,0.0006368430331349373,0.0006602215282505424
2950,11.007462686567164,0.0006518560694530606,0.0006597670158598481
2951,11.011194029850746,0.0006202224176377058,0.0006588632439649323
2952,11.014925373134329,0.000655858893878758,0.000658064952869786
2953,11.01865671641791,0.0006811287603341043,0.0006570326087701066
2954,11.022388059701493,0.0006789073813706636,0.0006554193735099966
2955,11.026119402985074,0.0006961730541661382,0.0006547222061582455
2956,11.029850746268657,0.000633100513368845,0.000652737651451877
2957,11.033582089552239,0.0006220262730494142,0.0006523229999513161
2958,11.037313432835822,0.0006683015963062644,0.0006513166945518517
2959,11.041044776119403,0.0006227087578736246,0.000649976217551384
2960,11.044776119402986,0.0006834827363491058,0.0006501553878301709
2961,11.048507462686567,0.0006633814191445708,0.0006500555702098986
2962,11.052238805970148,0.0006697910721413791,0.0006498579253874174
2963,11.055970149253731,0.0006436794647015631,0.0006500701136069327
2964,11.059701492537313,0.0006484580226242542,0.0006501171851485241
2965,11.063432835820896,0.0006787537131458521,0.0006499564269466735
2966,11.067164179104477,0.0006474871188402176,0.0006503484271489447
2967,11.07089552238806,0.0006386517197825015,0.000650229734629847
2968,11.074626865671641,0.0006607164395973086,0.0006519929724518301
2969,11.078358208955224,0.0006581433699466288,0.0006523796459432783
2970,11.082089552238806,0.0006594165461137891,0.0006536412274283244
2971,11.085820895522389,0.0006055674748495221,0.0006541228035419453
2972,11.08955223880597,0.000644413405098021,0.0006547352077621148
2973,11.093283582089553,0.0006320918328128755,0.0006556306900342972
2974,11.097014925373134,0.0006223837262950838,0.0006556288628816241
2975,11.100746268656716,0.0006343512213788927,0.0006555119989348985
2976,11.104477611940299,0.0005951791536062956,0.000654636865209152
2977,11.10820895522388,0.0006342228734865785,0.0006558204200345931
2978,11.111940298507463,0.0006503836484625936,0.0006564280994963356
2979,11.115671641791044,0.000607716734521091,0.000656043727337042
2980,11.119402985074627,0.000669642467983067,0.0006583930382209761
2981,11.123134328358208,0.0006527713849209249,0.0006568825834930488
2982,11.126865671641792,0.0006570268305949867,0.0006561756131193805
2983,11.130597014925373,0.000660095305647701,0.0006558647827904035
2984,11.134328358208956,0.0006726739229634404,0.0006566488683768889
2985,11.138059701492537,0.0006752946646884084,0.0006581228041862388
2986,11.14179104477612,0.0006710681482218206,0.000657716067507863
2987,11.145522388059701,0.0006550115067511797,0.0006583492802569597
2988,11.149253731343284,0.0007100759539753199,0.0006604239390027233
2989,11.152985074626866,0.0006785068544559181,0.0006594079257011777
2990,11.156716417910447,0.0006885678740218282,0.0006598513232680355
2991,11.16044776119403,0.0006716006901115179,0.0006605620757199642
2992,11.164179104477611,0.0006453309906646609,0.0006624067900702357
2993,11.167910447761194,0.0006925736670382321,0.0006626692611905859
2994,11.171641791044776,0.0006810538470745087,0.0006634419025830561
2995,11.175373134328359,0.0006741159595549107,0.0006641614046402094
2996,11.17910447761194,0.0006602925714105368,0.0006658209220892409
2997,11.182835820895523,0.0006816262612119317,0.0006681462528365777
2998,11.186567164179104,0.0006469411309808493,0.0006695133321577819
2999,11.190298507462687,0.0006525423377752304,0.0006701384767571964
3000,11.194029850746269,0.0007190305041149259,0.0006727545363147085
3001,11.197761194029852,0.0006215540925040841,0.0006727195435726061
3002,11.201492537313433,0.0006343956338241696,0.0006741525097068672
3003,11.205223880597014,0.0006570470286533237,0.0006743077438597273
3004,11.208955223880597,0.000675826973747462,0.0006767103417276791
3005,11.212686567164178,0.0007088893908075988,0.0006772813248084631
3006,11.216417910447761,0.0006620775093324482,0.0006770927618007834
3007,11.220149253731343,0.0006734488415531814,0.0006776742648515032
3008,11.223880597014926,0.0007237127283588052,0.0006784939919825552
3009,11.227611940298507,0.000619059894233942,0.0006778884931785486
3010,11.23134328358209,0.0006763226701878011,0.0006782488951391382
3011,11.235074626865671,0.0006885573966428638,0.0006776147893993411
3012,11.238805970149254,0.0006812007632106543,0.0006780298015034599
3013,11.242537313432836,0.0006551747210323811,0.0006783693509244519
3014,11.246268656716419,0.000663770129904151,0.0006775258154403873
3015,11.25,0.0006518833106383681,0.0006777723064282682
3016,11.253731343283581,0.0007023914367891848,0.0006779967168368763
3017,11.257462686567164,0.0006905177142471075,0.0006793993965313747
3018,11.261194029850746,0.0006902731256559491,0.0006786092829027372
3019,11.264925373134329,0.0006760145770385861,0.0006799849499834747
3020,11.26865671641791,0.0007149751763790846,0.0006804673665589312
3021,11.272388059701493,0.0006682077655568719,0.0006787961380124637
3022,11.276119402985074,0.0007115229964256287,0.0006800528385721874
3023,11.279850746268657,0.0006633914308622479,0.000681292258555115
3024,11.283582089552239,0.0007586018182337284,0.0006826821070096297
3025,11.287313432835822,0.0006960842292755842,0.0006835171981237647
3026,11.291044776119403,0.0006675635813735425,0.0006838167390059225
3027,11.294776119402986,0.0006949097733013332,0.0006848421535545551
3028,11.298507462686567,0.0006886203191243112,0.000685219968123952
3029,11.302238805970148,0.0006852505030110478,0.0006863686054513403
3030,11.305970149253731,0.0006932833348400891,0.0006885429185519858
3031,11.309701492537313,0.0006625695386901498,0.0006899911322540081
3032,11.313432835820896,0.0006886161863803864,0.0006893635656480201
3033,11.317164179104477,0.0006592525169253349,0.0006897978061560268
3034,11.32089552238806,0.0006579887121915817,0.0006907216071650931
3035,11.324626865671641,0.0006911599775776267,0.0006918540840582331
3036,11.328358208955224,0.0006833167863078415,0.0006927282452901326
3037,11.332089552238806,0.0007178024388849735,0.0006929670088561024
3038,11.335820895522389,0.0006492316024377942,0.0006924096179739913
3039,11.33955223880597,0.0007033434812910855,0.0006920997970510366
3040,11.343283582089553,0.0006723214173689485,0.0006926384308693431
3041,11.347014925373134,0.0006505101337097585,0.0006915499703254459
3042,11.350746268656716,0.0006730788154527545,0.0006920433924079123
3043,11.354477611940299,0.0006852118531242013,0.0006910263029744894
3044,11.35820895522388,0.0007140308152884245,0.0006923338230812876
3045,11.361940298507463,0.0007100657094269991,0.0006891702963380007
3046,11.365671641791044,0.0007211705669760704,0.0006883249280224667
3047,11.369402985074627,0.0007041195058263838,0.0006884709596861062
3048,11.373134328358208,0.0006889392388984561,0.0006879174942718591
3049,11.376865671641792,0.0007708068587817252,0.0006876571342439913
3050,11.380597014925373,0.0007082067313604057,0.0006864501685812706
3051,11.384328358208956,0.0007356994319707155,0.0006856291623013775
3052,11.388059701492537,0.0006628271657973528,0.000684855686125868
3053,11.39179104477612,0.0006990046240389347,0.0006847246010537918
3054,11.395522388059701,0.0006930505624040961,0.0006846955014824322
3055,11.399253731343284,0.000710201682522893,0.0006859589186383457
3056,11.402985074626866,0.0006877239211462438,0.0006845030939297342
3057,11.406716417910447,0.0007121807429939508,0.000686117966102845
3058,11.41044776119403,0.0006676646880805492,0.0006850344304949409
3059,11.414179104477611,0.0006775704678148031,0.0006867344789320557
3060,11.417910447761194,0.0006980985635891557,0.0006868499757085995
3061,11.421641791044776,0.0006703482940793037,0.0006867545804508575
3062,11.425373134328359,0.0006884380709379911,0.0006882858962365767
3063,11.42910447761194,0.0006698223296552896,0.000688222326372364
3064,11.432835820895523,0.0007169997552409768,0.0006885975443122046
3065,11.436567164179104,0.0006288972217589617,0.0006886735975901346
3066,11.440298507462687,0.0006614241283386946,0.0006876292811683947
3067,11.444029850746269,0.0006735508795827627,0.0006879048121002753
3068,11.447761194029852,0.0006722176913172007,0.000688246574832081
3069,11.451492537313433,0.0006779455579817295,0.0006877597941017551
3070,11.455223880597014,0.000635764910839498,0.000686405281956512
3071,11.458955223880597,0.0006596220773644745,0.0006866596863468791
3072,11.462686567164178,0.0006308570154942572,0.0006850307179819338
3073,11.466417910447761,0.0006832416984252632,0.0006854265698277187
3074,11.470149253731343,0.0006580594344995916,0.0006851555521191075
3075,11.473880597014926,0.0007097888155840337,0.0006856546899099358
3076,11.477611940298507,0.0006314711645245552,0.000683939071633376
3077,11.48134328358209,0.0007495265454053879,0.0006836523378563182
3078,11.485074626865671,0.0006733774789609015,0.0006823640717079909
3079,11.488805970149254,0.0007189335883595049,0.0006829430562126018
3080,11.492537313432836,0.0007080788491293788,0.0006818550868845749
3081,11.496268656716419,0.0006684102118015289,0.0006818591372859551
3082,11.5,0.0007132940809242427,0.0006823787499764343
3083,11.503731343283581,0.0006704724510200322,0.0006821034249009155
3084,11.507462686567164,0.0007005957886576653,0.0006818521012574798
3085,11.511194029850746,0.0007171489996835589,0.000681648296360835
3086,11.514925373134329,0.0006672487361356616,0.0006826730365524204
3087,11.51865671641791,0.0007324673351831734,0.0006831203326128605
3088,11.522388059701493,0.0007181317778304219,0.000683617258512574
3089,11.526119402985074,0.00066898122895509,0.000683117277420512
3090,11.529850746268657,0.0007152718608267605,0.0006833081942892111
3091,11.533582089552239,0.0007186373113654554,0.0006837524734891769
3092,11.537313432835822,0.0006689117290079594,0.0006839785179713877
3093,11.541044776119403,0.0006790570914745331,0.0006838445210965668
3094,11.544776119402986,0.0006878928979858756,0.000683562533373422
3095,11.548507462686567,0.000713515211828053,0.0006830919457304223
3096,11.552238805970148,0.0006398613331839442,0.0006815415364122246
3097,11.555970149253731,0.0006759678362868726,0.0006820128935321075
3098,11.559701492537313,0.0006593618309125304,0.0006790444916454939
3099,11.563432835820896,0.0006914030527696013,0.0006785448981312717
3100,11.567164179104477,0.0006329637253656983,0.0006774823655510639
3101,11.57089552238806,0.0006982646300457418,0.0006755449391742487
3102,11.574626865671641,0.0006916524143889546,0.0006755399120199244
3103,11.578358208955224,0.0006771497428417206,0.0006731326646375946
3104,11.582089552238806,0.0006595180602744222,0.000671829301409605
3105,11.585820895522389,0.000708643754478544,0.0006707655890594895
3106,11.58955223880597,0.0006709115696139634,0.0006684998161068595
3107,11.593283582089553,0.0006797632668167353,0.000666791111764657
3108,11.597014925373134,0.0006939248414710164,0.0006653970453842748
3109,11.600746268656716,0.0006517184665426612,0.000662765786528769
3110,11.604477611940299,0.0006857731495983899,0.0006621030582364922
3111,11.60820895522388,0.0006539803580380976,0.0006596366534145867
3112,11.611940298507463,0.0006688899011351168,0.0006577193143595828
3113,11.615671641791044,0.0006253631436266005,0.0006565892083638507
3114,11.619402985074627,0.0006716802017763257,0.0006565167824169848
3115,11.623134328358208,0.0006387653411366045,0.0006549143610045132
3116,11.626865671641792,0.0006462220335379243,0.0006544589754989053
3117,11.630597014925373,0.0006507968064397573,0.0006533467690687535
3118,11.634328358208956,0.000627822068054229,0.0006522222950191396
3119,11.638059701492537,0.0006528941448777914,0.0006517952637428917
3120,11.64179104477612,0.0006753697525709867,0.0006507305632822397
3121,11.645522388059701,0.0006286443676799536,0.000650572905703107
3122,11.649253731343284,0.0006682040984742343,0.0006480268855783634
3123,11.652985074626866,0.0006145969382487237,0.0006467769427861018
3124,11.656716417910447,0.0006170345586724579,0.0006463189152205681
3125,11.66044776119403,0.000656983582302928,0.00064451531251529
3126,11.664179104477611,0.0006242523086257279,0.0006428604034093641
3127,11.667910447761194,0.0005971918581053615,0.0006420828101066191
3128,11.671641791044776,0.0006753106135874987,0.0006407284285736884
3129,11.675373134328359,0.0006102501647546887,0.0006388996176921376
3130,11.67910447761194,0.0006418093689717352,0.0006393451519060607
3131,11.682835820895523,0.0006141492631286383,0.0006380237343652946
3132,11.686567164179104,0.0006400264101102948,0.000637629867258777
3133,11.690298507462687,0.0006225773831829429,0.0006380170177691048
3134,11.694029850746269,0.0006760876276530325,0.0006389422526742081
3135,11.697761194029852,0.0006221936200745404,0.0006393087635997956
3136,11.701492537313433,0.0006948444060981274,0.0006404397327725481
3137,11.705223880597014,0.0005942608695477247,0.000641151288774137
3138,11.708955223880597,0.0006298644002526999,0.0006418238967520798
3139,11.712686567164178,0.0006418535485863686,0.0006427136008491422
3140,11.716417910447761,0.0006477503338828683,0.0006425771053039991
3141,11.720149253731343,0.0006264997646212578,0.000641859981242749
3142,11.723880597014926,0.0005938778049312532,0.0006436379924530118
3143,11.727611940298507,0.0006404047599062324,0.0006434242411448461
3144,11.73134328358209,0.000658370612654835,0.0006454107706525885
3145,11.735074626865671,0.0005855703493580222,0.0006468875146266528
3146,11.738805970149254,0.000640792481135577,0.0006477052002304756
3147,11.742537313432836,0.0006390302442014217,0.0006491505390419284
3148,11.746268656716419,0.0006242336239665747,0.0006511442905587213
3149,11.75,0.0006189435953274369,0.0006505052371677466
3150,11.753731343283581,0.0006699853693135083,0.0006532131626111705
3151,11.757462686567164,0.0006315950304269791,0.0006524808946201895
3152,11.761194029850746,0.0006378318066708744,0.000654911070142123
3153,11.764925373134329,0.0006847630720585585,0.0006553688066693522
3154,11.76865671641791,0.0006632977747358382,0.0006559122305522423
3155,11.772388059701493,0.0006867071497254074,0.0006554648095582862
3156,11.776119402985074,0.0006851350772194564,0.000656227859463997
3157,11.779850746268657,0.000675395829603076,0.000653531887886546
3158,11.783582089552239,0.000678373733535409,0.0006555679251394439
3159,11.787313432835822,0.0006642999360337853,0.0006577662992995324
3160,11.791044776119403,0.000647297827526927,0.0006576514144132777
3161,11.794776119402986,0.0006459676660597324,0.0006590591936667518
3162,11.798507462686567,0.0007015428273007274,0.0006582619346928125
3163,11.802238805970148,0.0006594402948394418,0.0006588013195319147
3164,11.805970149253731,0.0006960446480661631,0.000659050654176986
3165,11.809701492537313,0.0006775810616090894,0.0006578675110642685
3166,11.813432835820896,0.0006905086920596659,0.0006590086651579817
3167,11.817164179104477,0.0006835111998952925,0.0006587400467407595
3168,11.82089552238806,0.0006789356702938676,0.0006578967937768051
3169,11.824626865671641,0.0006491094245575368,0.0006586991409521277
3170,11.828358208955224,0.000721275107935071,0.0006592701581056888
3171,11.832089552238806,0.000611786381341517,0.0006582367818848025
3172,11.835820895522389,0.0007137864595279098,0.0006578505385621655
3173,11.83955223880597,0.0006587936077266932,0.0006574092960984605
3174,11.843283582089553,0.0006448577623814344,0.0006553692041850853
3175,11.847014925373134,0.0006577433669008315,0.0006552903171878581
3176,11.850746268656716,0.0006534786662086844,0.0006534417341576843
3177,11.854477611940299,0.0005843095714226365,0.000652672187709136
3178,11.85820895522388,0.0006777383969165385,0.000651928786438231
3179,11.861940298507463,0.000719997740816325,0.0006507326019700708
3180,11.865671641791044,0.000637143268249929,0.0006493690931919689
3181,11.869402985074627,0.0007054692832753062,0.0006487614506424018
3182,11.873134328358208,0.0005938121466897428,0.0006482134155770083
3183,11.876865671641792,0.000615992583334446,0.0006462599125281885
3184,11.880597014925373,0.0006506274803541601,0.0006452068905118944
3185,11.884328358208956,0.0006098617450334132,0.0006435901713103238
3186,11.888059701492537,0.0006323576672002673,0.0006422617475547623
3187,11.89179104477612,0.0006297791260294616,0.0006399103128010543
3188,11.895522388059701,0.0006044568726792932,0.0006377224870048827
3189,11.899253731343284,0.0006571298581548035,0.0006368249887600541
3190,11.902985074626866,0.0006423552986234426,0.0006361654349148455
3191,11.906716417910447,0.00062761694425717,0.0006338977581457939
3192,11.91044776119403,0.0006157590541988611,0.0006343206453205245
3193,11.914179104477611,0.0006197408656589687,0.0006323934833678167
3194,11.917910447761194,0.0006011193036101758,0.0006323890922386654
3195,11.921641791044776,0.0006600634078495204,0.0006316817200901668
3196,11.925373134328359,0.000610915245488286,0.0006313929689207637
3197,11.92910447761194,0.0006535836728289723,0.0006300716095876585
3198,11.932835820895523,0.0006449163774959743,0.0006311011384241283
3199,11.936567164179104,0.000629330170340836,0.0006301859180761002
3200,11.940298507462687,0.0006083960761316121,0.0006269952424279437
3201,11.944029850746269,0.0006223844829946756,0.0006269317591653728
3202,11.947761194029852,0.0006234982283785939,0.0006264287058445738
3203,11.951492537313433,0.000621449202299118,0.0006269046074211052
3204,11.955223880597014,0.0006162663921713829,0.0006268956988095874
3205,11.958955223880597,0.0006297591608017683,0.000625775500893502
3206,11.962686567164178,0.0006231156876310706,0.0006251852496572566
3207,11.966417910447761,0.0005940998671576381,0.000625099296817874
3208,11.970149253731343,0.0005938103422522545,0.0006247231376175656
3209,11.973880597014926,0.0006421382422558963,0.0006249199235221235
3210,11.977611940298507,0.0006220677169039845,0.0006233189842754566
3211,11.98134328358209,0.000628300360403955,0.0006224560514433173
3212,11.985074626865671,0.0006291247555054724,0.0006215571107842573
3213,11.988805970149254,0.0006347728194668889,0.0006217538952691163
3214,11.992537313432836,0.0006586135714314878,0.0006219725558965853
3215,11.996268656716419,0.0006158555042929947,0.0006222494639365412
3216,12.0,0.0006459045689553022,0.0006211478158081995
3217,12.003731343283581,0.0005993029335513711,0.0006211933654324129
3218,12.007462686567164,0.0006265202537178993,0.0006197560195265929
3219,12.011194029850746,0.0006402143626473844,0.0006193799199536443
3220,12.014925373134329,0.00058918003924191,0.0006188013599390482
3221,12.01865671641791,0.0006345404544845223,0.0006186867589926029
3222,12.022388059701493,0.00068484409712255,0.0006184560919702962
3223,12.026119402985074,0.000613324111327529,0.0006189576176949209
3224,12.029850746268657,0.0006156273302622139,0.0006189444911575354
3225,12.033582089552239,0.0006046993657946587,0.0006192912583284807
3226,12.037313432835822,0.0005856614443473518,0.0006197237753218449
3227,12.041044776119403,0.0006288336007855833,0.0006194251203318922
3228,12.044776119402986,0.000614356598816812,0.0006194955941925688
3229,12.048507462686567,0.0006125250947661698,0.0006201062706389987
3230,12.052238805970148,0.0005914913490414619,0.0006192053097481953
3231,12.055970149253731,0.0006069750525057316,0.0006188293010359857
3232,12.059701492537313,0.0005907603772357106,0.0006176613856152427
3233,12.063432835820896,0.0006238272180780768,0.0006174423558660215
3234,12.067164179104477,0.0006287059513852,0.0006168255605167005
3235,12.07089552238806,0.0006124725332483649,0.0006153029375482442
3236,12.074626865671641,0.0006148958345875144,0.0006154273855272772
3237,12.078358208955224,0.0006127827800810337,0.0006155482061752459
3238,12.082089552238806,0.0005946524906903505,0.0006165299834342809
3239,12.085820895522389,0.0006294962950050831,0.0006162820145396925
3240,12.08955223880597,0.0006056092097423971,0.0006163905207181304
3241,12.093283582089553,0.0006036974373273551,0.0006178502623764117
3242,12.097014925373134,0.0006129271350800991,0.0006178036877294866
3243,12.100746268656716,0.0006440607830882072,0.0006163147570588058
3244,12.104477611940299,0.0006209110142663121,0.000616540476429935
3245,12.10820895522388,0.000630483846180141,0.0006168275154422877
3246,12.111940298507463,0.0006474923575296998,0.0006189236073845588
3247,12.115671641791044,0.000610870833043009,0.0006198462996086696
3248,12.119402985074627,0.0005969892954453826,0.0006201527231918057
3249,12.123134328358208,0.0006188480765558779,0.0006194688144094515
3250,12.126865671641792,0.0006051988457329571,0.0006194790461804809
3251,12.130597014925373,0.0006066513597033918,0.0006204218981310544
3252,12.134328358208956,0.000580415828153491,0.0006213432927502365
3253,12.138059701492537,0.0006201445357874036,0.0006221688108336999
3254,12.14179104477612,0.0006094842101447284,0.0006223943754576328
3255,12.145522388059701,0.0005961860297247767,0.0006233681214791609
3256,12.149253731343284,0.0006209578714333475,0.0006240723418957758
3257,12.152985074626866,0.0006508582155220211,0.0006246712930477792
3258,12.156716417910447,0.0006395558011718094,0.0006252381902347069
3259,12.16044776119403,0.0006163535290397704,0.0006254087699145624
3260,12.164179104477611,0.0006446631159633398,0.0006258787499263701
3261,12.167910447761194,0.0006490294472314417,0.00062559550434987
3262,12.171641791044776,0.0006326308939605951,0.0006257711935265944
3263,12.175373134328359,0.0006237979396246374,0.0006251626253332488
3264,12.17910447761194,0.000622578605543822,0.0006242246386913083
3265,12.182835820895523,0.0006273959297686815,0.0006235907771397473
3266,12.186567164179104,0.000690639135427773,0.0006229576879044677
3267,12.190298507462687,0.0006234918255358934,0.0006222987743435292
3268,12.194029850746269,0.0006413969676941633,0.0006231002682797247
3269,12.197761194029852,0.0005863163387402892,0.0006227303401385321
3270,12.201492537313433,0.0006129445973783731,0.000623051971537856
3271,12.205223880597014,0.0006301482790149748,0.000623298887015752
3272,12.208955223880597,0.0006447522318921983,0.0006240352707142691
3273,12.212686567164178,0.0006246066186577082,0.0006250479051320836
3274,12.216417910447761,0.0006330753676593304,0.0006243360069830244
3275,12.220149253731343,0.0006686295382678509,0.0006255831756833486
3276,12.223880597014926,0.0006413455703295767,0.0006254066332674972
3277,12.227611940298507,0.0006394528318196535,0.0006251983960704287
3278,12.23134328358209,0.0006360255647450686,0.0006251464365050197
3279,12.235074626865671,0.0006016462575644255,0.0006243639764739428
3280,12.238805970149254,0.0006487654754891992,0.0006255083021753263
3281,12.242537313432836,0.0005939961411058903,0.0006249813496407758
3282,12.246268656716419,0.0006109006935730577,0.0006254922212442247
3283,12.25,0.0005879758391529322,0.0006249309985943865
3284,12.253731343283581,0.0006056033307686448,0.0006270647054628991
3285,12.257462686567164,0.0005949226906523108,0.0006264803473973964
3286,12.261194029850746,0.0006045271875336766,0.0006284056126321779
3287,12.264925373134329,0.0006204769015312195,0.0006266027467507051
3288,12.26865671641791,0.0006437320844270289,0.0006277898025539954
3289,12.272388059701493,0.0005818222416564822,0.0006289481165500857
3290,12.276119402985074,0.000632034963928163,0.0006315032255881261
3291,12.279850746268657,0.0006153223803266883,0.0006318224619551585
3292,12.283582089552239,0.0006368430913425982,0.0006321656273496224
3293,12.287313432835822,0.0006219338392838836,0.0006330172678955444
3294,12.291044776119403,0.0005909567116759717,0.0006337905098207113
3295,12.294776119402986,0.0006606181268580258,0.0006348650345987663
3296,12.298507462686567,0.0005889477906748652,0.0006335106899780108
3297,12.302238805970148,0.0006124201463535428,0.0006341154079475417
3298,12.305970149253731,0.0006487278733402491,0.0006353644222566267
3299,12.309701492537313,0.0006074749398976564,0.0006364540455340431
3300,12.313432835820896,0.0006632708827964962,0.0006394203547842619
3301,12.317164179104477,0.0006230580620467663,0.0006402936429012475
3302,12.32089552238806,0.0006699751829728484,0.0006417729267169063
3303,12.324626865671641,0.0006096207653172314,0.0006442173730536569
3304,12.328358208955224,0.000711279921233654,0.0006455374063878525
3305,12.332089552238806,0.0005986199248582125,0.0006467244550926475
3306,12.335820895522389,0.000706331804394722,0.0006489151302248058
3307,12.33955223880597,0.0006167216342873871,0.0006492107115663225
3308,12.343283582089553,0.0006721611134707928,0.000649657170004325
3309,12.347014925373134,0.0006888878415338695,0.0006502101654981877
3310,12.350746268656716,0.0006910758092999458,0.0006514624593120705
3311,12.354477611940299,0.0006260332884266973,0.0006526476766050952
3312,12.35820895522388,0.0006442180601879954,0.0006532552041590395
3313,12.361940298507463,0.0006796694942750037,0.0006534503176581206
3314,12.365671641791044,0.00065630953758955,0.0006554451481461888
3315,12.369402985074627,0.0006771308835595846,0.000656153785246538
3316,12.373134328358208,0.000613101408816874,0.0006559469279969429
3317,12.376865671641792,0.0006661390070803463,0.0006565797162560247
3318,12.380597014925373,0.0006906624184921384,0.0006572695962925692
3319,12.384328358208956,0.0006807001191191375,0.0006585539653670134
3320,12.388059701492537,0.0007232649368233979,0.000658841789472939
3321,12.39179104477612,0.0006845702882856131,0.0006591975277221603
3322,12.395522388059701,0.0006546467775478959,0.000659855688842604
3323,12.399253731343284,0.0007111229933798313,0.0006596211957313665
3324,12.402985074626866,0.0006420972058549523,0.0006605276253028977
3325,12.406716417910447,0.0006542723276652396,0.000657787674288379
3326,12.41044776119403,0.0006847403710708022,0.0006588795122963081
3327,12.414179104477611,0.0006166460225358605,0.0006579039518993984
3328,12.417910447761194,0.0006387816974893212,0.0006580794196030716
3329,12.421641791044776,0.0006664048996753991,0.0006577624788893978
3330,12.425373134328359,0.0006331662880256772,0.0006574120460555139
3331,12.42910447761194,0.0006806288729421794,0.000656323135467019
3332,12.432835820895523,0.0006402310100384057,0.0006565716992155081
3333,12.436567164179104,0.0006448427448049188,0.00065665230688798
3334,12.440298507462687,0.0007037218892946839,0.0006557373619615668
3335,12.444029850746269,0.0006200108327902853,0.0006552852999714272
3336,12.447761194029852,0.000652136979624629,0.0006547721795646883
3337,12.451492537313433,0.0006148921092972159,0.0006548890349932197
3338,12.455223880597014,0.0006407052278518677,0.0006554294334974413
3339,12.458955223880597,0.000701387005392462,0.0006540059608907053
3340,12.462686567164178,0.0006192757282406092,0.000653106401242861
3341,12.466417910447761,0.0006778561510145664,0.000651008307524934
3342,12.470149253731343,0.0006500426679849625,0.0006502179000185939
3343,12.473880597014926,0.0006603609654121101,0.0006495797736910967
3344,12.477611940298507,0.0006467843777500093,0.0006472715616748645
3345,12.48134328358209,0.0005989419296383858,0.0006472300979445075
3346,12.485074626865671,0.0006433852831833065,0.0006457325411824192
3347,12.488805970149254,0.0006663338281214237,0.0006445066523511054
3348,12.492537313432836,0.0006239158101379871,0.0006449203370366154
3349,12.496268656716419,0.0006591665442101657,0.0006454015880391547
3350,12.5,0.0006745200953446329,0.0006448590685045574
3351,12.503731343283581,0.0006464304751716554,0.0006449177091736801
3352,12.507462686567164,0.000636224402114749,0.0006443693802305838
3353,12.511194029850746,0.0006475229747593403,0.0006442718227711938
3354,12.514925373134329,0.0006421567522920668,0.0006443512606116511
3355,12.51865671641791,0.0006377749959938228,0.000643188329754261
3356,12.522388059701493,0.000656092946883291,0.000642794268148974
3357,12.526119402985074,0.0006178924813866615,0.0006429254497605852
3358,12.529850746268657,0.0006882953457534313,0.0006438816596594889
3359,12.533582089552239,0.000632300041615963,0.0006432041906320104
3360,12.537313432835822,0.0006438181735575199,0.0006418178417356457
3361,12.541044776119403,0.0006372430943883955,0.0006422510941331162
3362,12.544776119402986,0.0006521635805256665,0.0006404468326874804
3363,12.548507462686567,0.0006284835981205106,0.0006399688824852247
3364,12.552238805970148,0.000616486300714314,0.0006387520484944306
3365,12.555970149253731,0.0006403971929103136,0.0006387340339332274
3366,12.559701492537313,0.0005928725004196167,0.0006387467203639084
3367,12.563432835820896,0.0006344789289869368,0.0006392485924951005
3368,12.567164179104477,0.0006336070946417749,0.0006379555348624907
3369,12.57089552238806,0.0006585129885934293,0.000638792305480598
3370,12.574626865671641,0.0006441615987569094,0.0006389412304908946
3371,12.578358208955224,0.000635570555459708,0.0006382051747428571
3372,12.582089552238806,0.0006581473862752318,0.0006378594198173321
3373,12.585820895522389,0.0006362311542034149,0.000638000412969055
3374,12.58955223880597,0.0006480996962636709,0.0006381142529568113
3375,12.593283582089553,0.0006560417241416872,0.0006385925112337601
3376,12.597014925373134,0.0006038543069735169,0.0006380778859460317
3377,12.600746268656716,0.0006575154257006943,0.0006384840263508079
3378,12.604477611940299,0.0006540967151522636,0.0006388300737343365
3379,12.60820895522388,0.0006129289977252483,0.00063795739750764
3380,12.611940298507463,0.0006445467006415129,0.0006390175719677312
3381,12.615671641791044,0.0006370390765368938,0.0006399790574682922
3382,12.619402985074627,0.0006038814317435026,0.0006405446073608246
3383,12.623134328358208,0.0006304467096924782,0.0006408590777981572
3384,12.626865671641792,0.0006104707717895508,0.0006419895628535348
3385,12.630597014925373,0.0006460457807406783,0.000643923641579998
3386,12.634328358208956,0.0005994620732963085,0.000644120550998373
3387,12.638059701492537,0.0006639620405621827,0.0006459523333100284
3388,12.64179104477612,0.0006133184651844203,0.0006468634549869088
3389,12.645522388059701,0.0006582234054803848,0.000647807757869908
3390,12.649253731343284,0.0006652724696323276,0.0006478391161824508
3391,12.652985074626866,0.0006443418096750975,0.0006473499091864541
3392,12.656716417910447,0.0006322545232251287,0.0006478138597364105
3393,12.66044776119403,0.0006420051213353872,0.0006475384409607547
3394,12.664179104477611,0.0006521904142573476,0.000647174719743794
3395,12.667910447761194,0.0006617653416469693,0.000647484667019964
3396,12.671641791044776,0.0006166753591969609,0.0006472624060357126
3397,12.675373134328359,0.0006727447034791112,0.0006472025557830021
3398,12.67910447761194,0.0006320804241113365,0.0006471259672785314
3399,12.682835820895523,0.0006525156204588711,0.0006455927008263222
3400,12.686567164179104,0.0006757671944797039,0.000645259565605623
3401,12.690298507462687,0.0006832390790805221,0.0006446494754948994
3402,12.694029850746269,0.0006604306399822235,0.0006444139247078722
3403,12.697761194029852,0.0006650568684563041,0.0006447360075714929
3404,12.701492537313433,0.000674833485390991,0.0006440226031217451
3405,12.705223880597014,0.0006957835284993052,0.0006443389915724899
3406,12.708955223880597,0.0006484704790636897,0.0006439246353693306
3407,12.712686567164178,0.0006679755751974881,0.0006428226152798388
3408,12.716417910447761,0.0006718349177390337,0.0006421720978190623
3409,12.720149253731343,0.0006723235128447413,0.0006429593919253931
3410,12.723880597014926,0.000659798679407686,0.0006414743909816734
3411,12.727611940298507,0.0006241041119210422,0.0006407016005208035
3412,12.73134328358209,0.0006545925280079246,0.0006395886075773799
3413,12.735074626865671,0.000646855216473341,0.000640186515250584
3414,12.738805970149254,0.0006213185843080282,0.0006391311166580858
3415,12.742537313432836,0.0006608075345866382,0.0006396052649062945
3416,12.746268656716419,0.0006469290237873793,0.0006391457750507426
3417,12.75,0.0006014004466123879,0.000639682945159332
3418,12.753731343283581,0.0006543752970173955,0.0006389833898737845
3419,12.757462686567164,0.0005912327906116843,0.0006401497450452753
3420,12.761194029850746,0.0005992704536765814,0.0006396633206594099
3421,12.764925373134329,0.0006195330061018467,0.0006388670228217252
3422,12.76865671641791,0.000627381494268775,0.0006387431100692327
3423,12.772388059701493,0.0006170868291519582,0.0006379312012208308
3424,12.776119402985074,0.0006011971272528172,0.0006376384635365046
3425,12.779850746268657,0.0006234426982700825,0.0006372130492974709
3426,12.783582089552239,0.0006290571764111519,0.0006363591187769865
3427,12.787313432835822,0.0005542792496271431,0.0006354454629373078
3428,12.791044776119403,0.0006372908246703446,0.0006348264755726587
3429,12.794776119402986,0.0006455975235439837,0.0006340323044441459
3430,12.798507462686567,0.0005973383667878807,0.0006330434414671688
3431,12.802238805970148,0.0006335880607366562,0.0006336598052279796
3432,12.805970149253731,0.0005987090989947319,0.0006352113758599976
3433,12.809701492537313,0.0006567687378264964,0.000634990875302564
3434,12.813432835820896,0.0005987337790429592,0.0006356700508082967
3435,12.817164179104477,0.0006716304924339056,0.0006363263578017856
3436,12.82089552238806,0.0006429262575693429,0.0006362173178165061
3437,12.824626865671641,0.0006386993336491287,0.000635826236159518
3438,12.828358208955224,0.000644062936771661,0.0006368529383751859
3439,12.832089552238806,0.0006799009861424565,0.0006358197594924671
3440,12.835820895522389,0.0006325722206383944,0.0006372894901532407
3441,12.83955223880597,0.0006431189831346273,0.0006388831335665067
3442,12.843283582089553,0.0006781586562283337,0.0006400984172459419
3443,12.847014925373134,0.0006271423771977425,0.0006394238358863243
3444,12.850746268656716,0.0006530546233989298,0.0006404928351956896
3445,12.854477611940299,0.0006573915015906096,0.0006407479409173858
3446,12.85820895522388,0.0006607723771594465,0.0006410758970759627
3447,12.861940298507463,0.0006110105896368623,0.0006414945123762619
3448,12.865671641791044,0.0006425970932468772,0.0006430338196479147
3449,12.869402985074627,0.0006392739014700055,0.0006423054785444969
3450,12.873134328358208,0.0006317801307886839,0.0006423167864474036
3451,12.876865671641792,0.0006850695936009288,0.000642683692049326
3452,12.880597014925373,0.0006877185078337789,0.0006430372822938896
3453,12.884328358208956,0.0006455520051531494,0.0006433022606027563
3454,12.888059701492537,0.0006747014122083783,0.0006436007083166482
3455,12.89179104477612,0.0006482271710410714,0.0006445921324307053
3456,12.895522388059701,0.0006563368951901793,0.0006442420644594766
3457,12.899253731343284,0.0006308946758508682,0.0006430838115104451
3458,12.902985074626866,0.000643495237454772,0.0006431698182983915
3459,12.906716417910447,0.0006120149628259242,0.0006430425082060803
3460,12.91044776119403,0.0006514917477034032,0.0006420690716789445
3461,12.914179104477611,0.0006646098336204886,0.000642369028532923
3462,12.917910447761194,0.0006693596369586885,0.0006427155685520209
3463,12.921641791044776,0.0005997236585244536,0.0006412927972766139
3464,12.925373134328359,0.0006609158008359373,0.0006420649148001358
3465,12.92910447761194,0.0006116564618423581,0.0006419282389532138
3466,12.932835820895523,0.0006368889007717371,0.000641627692924131
3467,12.936567164179104,0.0006462204037234187,0.0006413958532304117
3468,12.940298507462687,0.0006173908477649093,0.0006416078852830319
3469,12.944029850746269,0.000607428839430213,0.0006418118520253678
3470,12.947761194029852,0.0006460611475631595,0.0006407065254567963
3471,12.951492537313433,0.0006123814964666963,0.0006408711594370444
3472,12.955223880597014,0.0006480852607637644,0.0006393434425884085
3473,12.958955223880597,0.0006095732096582651,0.0006379632622844017
3474,12.962686567164178,0.0006690050940960646,0.0006370056071318686
3475,12.966417910447761,0.0006393821677193046,0.000635879802824248
3476,12.970149253731343,0.0006572777056135237,0.0006360469709672942
3477,12.973880597014926,0.000595437886659056,0.0006347379445598074
3478,12.977611940298507,0.0006422256119549274,0.0006351957165795128
3479,12.98134328358209,0.0006388432229869068,0.0006335033458748423
3480,12.985074626865671,0.0006399900885298848,0.0006335032095837338
3481,12.988805970149254,0.0006448704516515136,0.0006329638446204183
3482,12.992537313432836,0.0006573271239176393,0.0006317496356531614
3483,12.996268656716419,0.0006198250339366496,0.0006308778339610776
3484,13.0,0.0006587991956621408,0.0006321782300180597
3485,13.003731343283581,0.0006474509136751294,0.0006321708262875313
3486,13.007462686567164,0.0006450691143982112,0.0006331170727385254
3487,13.011194029850746,0.0006512669497169554,0.000633954037855402
3488,13.014925373134329,0.0006197039037942886,0.0006339021279794596
3489,13.01865671641791,0.0006509597296826541,0.0006343704029327122
3490,13.022388059701493,0.0005939555121585727,0.0006346481272996199
3491,13.026119402985074,0.0006385301239788532,0.0006349215215844352
3492,13.029850746268657,0.0006224332028068602,0.0006363794360900434
3493,13.033582089552239,0.0006311311153694987,0.0006364429079950219
3494,13.037313432835822,0.0006062881438992918,0.0006379197556071165
3495,13.041044776119403,0.0006285434355959296,0.000638191451931872
3496,13.044776119402986,0.0006550810649059713,0.0006386510298087648
3497,13.048507462686567,0.0006026668124832213,0.0006379576913853426
3498,13.052238805970148,0.0006496633286587894,0.0006402049230684231
3499,13.055970149253731,0.0005741080385632813,0.0006398770819054689
3500,13.059701492537313,0.0006120093748904765,0.0006406966841030048
3501,13.063432835820896,0.0006293777842074633,0.00064158011454998
3502,13.067164179104477,0.0006148272659629583,0.0006417158690122206
3503,13.07089552238806,0.000633615767583251,0.000640958026562613
3504,13.074626865671641,0.0006530398968607187,0.0006421173925556969
3505,13.078358208955224,0.0006606122478842735,0.0006416960287180434
3506,13.082089552238806,0.0006504525663331151,0.0006416143917637627
3507,13.085820895522389,0.0006712044705636799,0.0006426685183059151
3508,13.08955223880597,0.0006440920988097787,0.00064282870436905
3509,13.093283582089553,0.0006365901208482683,0.0006453563975988002
3510,13.097014925373134,0.0006188155384734273,0.0006455262177396657
3511,13.100746268656716,0.0006572703132405877,0.000648635821473762
3512,13.104477611940299,0.0006721559911966324,0.0006489852803940998
3513,13.10820895522388,0.0006506876088678837,0.0006495628835315384
3514,13.111940298507463,0.0006701239617541432,0.0006499300134459101
3515,13.115671641791044,0.0006801446434110403,0.0006502139149233699
3516,13.119402985074627,0.0006582248606719077,0.000651548534245571
3517,13.123134328358208,0.0006288508302532136,0.0006505657007304452
3518,13.126865671641792,0.0006875743856653571,0.0006521475081127592
3519,13.130597014925373,0.0006287841242738068,0.0006515806435789095
3520,13.134328358208956,0.0006724469130858779,0.0006527964255727101
3521,13.138059701492537,0.0006762107368558645,0.0006532660464006589
3522,13.14179104477612,0.0006504363846033812,0.0006539357979441198
3523,13.145522388059701,0.0006262555834837258,0.000653654539946285
3524,13.149253731343284,0.0006673590396530926,0.0006539245851610492
3525,13.152985074626866,0.0006415232783183455,0.0006523028998522134
3526,13.156716417910447,0.0006441037985496223,0.0006515279457699962
3527,13.16044776119403,0.0006882883026264608,0.0006493702999361586
3528,13.164179104477611,0.0006578345783054829,0.0006483864555953116
3529,13.167910447761194,0.0007233393262140453,0.0006478314824606768
3530,13.171641791044776,0.0006579223554581404,0.0006474646052527355
3531,13.175373134328359,0.0007214492652565241,0.0006476098319470156
3532,13.17910447761194,0.0006528579397127032,0.0006471724297692318
3533,13.182835820895523,0.0006461149314418435,0.000645932728685893
3534,13.186567164179104,0.0006461834418587387,0.0006464842789261261
3535,13.190298507462687,0.0006179281044751406,0.0006454773673151688
3536,13.194029850746269,0.0006832628278061748,0.0006443222093100591
3537,13.197761194029852,0.0006147848907858133,0.0006440671390808392
3538,13.201492537313433,0.000667520915158093,0.0006435280410209443
3539,13.205223880597014,0.0006264218827709556,0.0006427022389976717
3540,13.208955223880597,0.0006239551003091037,0.0006440781644636356
3541,13.212686567164178,0.0006312638288363814,0.0006430628269388363
3542,13.216417910447761,0.000656837597489357,0.0006427971799517186
3543,13.220149253731343,0.0006032956880517304,0.0006426022126816395
3544,13.223880597014926,0.0006446876213885844,0.0006431158654755209
3545,13.227611940298507,0.0005865507991984487,0.0006420840807372658
3546,13.23134328358209,0.00062883913051337,0.0006420182095408985
3547,13.235074626865671,0.0005619890871457756,0.0006405050942969577
3548,13.238805970149254,0.0006308668525889516,0.0006393560452568458
3549,13.242537313432836,0.0006213382002897561,0.0006381311715103504
3550,13.246268656716419,0.0006215481553226709,0.00063593157924848
3551,13.25,0.0006247698329389095,0.0006357135532264848
3552,13.253731343283581,0.000639336823951453,0.0006327638218020339
3553,13.257462686567164,0.0006213282467797399,0.0006322982357587757
3554,13.261194029850746,0.0006733011687174439,0.000632547022400015
3555,13.264925373134329,0.0006288405857048929,0.0006323799564753001
3556,13.26865671641791,0.0006327831652015448,0.00063162006256057
3557,13.272388059701493,0.0006477669812738895,0.0006298353162980298
3558,13.276119402985074,0.0006067478097975254,0.0006300353149815304
3559,13.279850746268657,0.0006537165027111769,0.000628513604879561
3560,13.283582089552239,0.0006851970683783293,0.000628688247738088
3561,13.287313432835822,0.0006308180745691061,0.0006283471068344647
3562,13.291044776119403,0.0006653192103840411,0.000627900580250908
3563,13.294776119402986,0.0006424427265301347,0.0006271318742641952
3564,13.298507462686567,0.000647315348032862,0.0006276240697266852
3565,13.302238805970148,0.0006250558653846383,0.0006279448777005621
3566,13.305970149253731,0.0006388225592672825,0.0006285078621969172
3567,13.309701492537313,0.0005820660735480487,0.0006284565400763801
3568,13.313432835820896,0.0006411772919818759,0.000631463124768854
3569,13.317164179104477,0.0006076147546991706,0.0006315528284531178
3570,13.32089552238806,0.0006331560434773564,0.000631234766177197
3571,13.324626865671641,0.0006489832885563374,0.000631754217021985
3572,13.328358208955224,0.0006005102768540382,0.0006312987747284152
3573,13.332089552238806,0.0006337689119391143,0.0006301924174583358
3574,13.335820895522389,0.0006563151837326586,0.0006305190987271689
3575,13.33955223880597,0.0006393337389454246,0.0006278686199859693
3576,13.343283582089553,0.0005867724539712071,0.0006278118817135692
3577,13.347014925373134,0.0006100882310420275,0.0006268372966499045
3578,13.350746268656716,0.0006229848368093371,0.0006258479964056211
3579,13.354477611940299,0.0006051308009773493,0.000626566510352238
3580,13.35820895522388,0.0006335822399705648,0.0006247464476562128
3581,13.361940298507463,0.0006099683232605457,0.0006224306274727895
3582,13.365671641791044,0.0006129562389105558,0.0006211653363141344
3583,13.369402985074627,0.0006253206520341337,0.000619937357685824
3584,13.373134328358208,0.0006234757020138204,0.0006192645552091119
3585,13.376865671641792,0.0006578407483175397,0.0006181838192477277
3586,13.380597014925373,0.000609633163549006,0.0006170673452022417
3587,13.384328358208956,0.0006267349235713482,0.000616355343415152
3588,13.388059701492537,0.0006852590595372021,0.0006164262446052418
3589,13.39179104477612,0.000634544703643769,0.0006169042075847889
3590,13.395522388059701,0.0006082976469770074,0.0006175858846002417
3591,13.399253731343284,0.0006428456399589777,0.0006167366376669123
3592,13.402985074626866,0.0006060966989025474,0.0006168835907152332
3593,13.406716417910447,0.000593976175878197,0.0006177828706823653
3594,13.41044776119403,0.0006347221788018942,0.000617137076560317
3595,13.414179104477611,0.0005646315403282642,0.0006167436495605038
3596,13.417910447761194,0.0006265143165364861,0.0006165542787440666
3597,13.421641791044776,0.000592825177591294,0.0006173825340072919
3598,13.425373134328359,0.0006072056712582707,0.0006189390395131962
3599,13.42910447761194,0.000636206881608814,0.0006188753887261377
3600,13.432835820895523,0.0005790939321741462,0.000621534895333575
3601,13.436567164179104,0.0005902484408579767,0.000621742693843638
3602,13.440298507462687,0.0005789411370642483,0.0006231598913805877
3603,13.444029850746269,0.000614972086623311,0.0006231737731978661
3604,13.447761194029852,0.0006148578249849379,0.0006235474308884544
3605,13.451492537313433,0.0006030051736161113,0.0006243127892248151
3606,13.455223880597014,0.0005792804295197129,0.0006236141496451526
3607,13.458955223880597,0.000609630485996604,0.0006238318604939594
3608,13.462686567164178,0.0005849730223417282,0.0006246196202615775
3609,13.466417910447761,0.0006607737741433084,0.000623168875236155
3610,13.470149253731343,0.0006355635123327374,0.0006244398920410653
3611,13.473880597014926,0.0005983369192108512,0.0006255455394616215
3612,13.477611940298507,0.0006550083635374904,0.0006276765929126158
3613,13.48134328358209,0.0006373807555064559,0.0006303118127284617
3614,13.485074626865671,0.0006072913529351354,0.0006333168456898775
3615,13.488805970149254,0.0006401846767403185,0.0006362833806722448
3616,13.492537313432836,0.000631569535471499,0.0006384836558093567
3617,13.496268656716419,0.0006207309197634459,0.0006411949487789193
3618,13.5,0.0006739049567840993,0.0006433187518268824
3619,13.503731343283581,0.0006203751545399427,0.0006456538472642623
3620,13.507462686567164,0.0007141705718822777,0.000646447527176905
3621,13.511194029850746,0.0006421019788831472,0.0006482600526906913
3622,13.514925373134329,0.0006680734222754836,0.0006501627333530384
3623,13.51865671641791,0.0006135253934189677,0.0006529363695668374
3624,13.522388059701493,0.0006406406173482537,0.0006541322360224113
3625,13.526119402985074,0.0006548553938046098,0.0006569735081184929
3626,13.529850746268657,0.0006291965255513787,0.0006574993248938061
3627,13.533582089552239,0.0006185593083500862,0.0006606471753202197
3628,13.537313432835822,0.0006590330740436912,0.000661173295911129
3629,13.541044776119403,0.000625778513494879,0.0006632060068091605
3630,13.544776119402986,0.0006866563926450908,0.0006640789584574722
3631,13.548507462686567,0.0006536291912198067,0.0006656489752392034
3632,13.552238805970148,0.0007302188314497471,0.0006672416731329044
3633,13.555970149253731,0.0007141407113522291,0.0006668032076005347
3634,13.559701492537313,0.0007171825272962451,0.0006675018060089248
3635,13.563432835820896,0.0007563501130789518,0.0006681920849809014
3636,13.567164179104477,0.0006548428209498525,0.0006684665852112741
3637,13.57089552238806,0.0007376773282885551,0.0006706772071150382
3638,13.574626865671641,0.0006799011025577784,0.0006708892221312697
3639,13.578358208955224,0.0007029445841908455,0.000671132622434326
3640,13.582089552238806,0.0006687477580271661,0.0006713405785309832
3641,13.585820895522389,0.0006534074782393873,0.0006705379672916379
3642,13.58955223880597,0.0006682583480142057,0.0006690762621895751
3643,13.593283582089553,0.0006926602218300104,0.0006697198912705771
3644,13.597014925373134,0.0006640026113018394,0.0006707420674856844
3645,13.600746268656716,0.0007313499809242785,0.0006703518944360861
3646,13.604477611940299,0.000624563661403954,0.0006698282952306838
3647,13.60820895522388,0.0007083422970026731,0.0006695506162941456
3648,13.611940298507463,0.0006312014302238822,0.000670976959532354
3649,13.615671641791044,0.0006683141691610217,0.0006698490881429213
3650,13.619402985074627,0.0006965647917240858,0.0006709385737095301
3651,13.623134328358208,0.0006999342003837228,0.000669479476594616
3652,13.626865671641792,0.0006636375328525901,0.0006682531888278701
3653,13.630597014925373,0.0006370312767103314,0.0006661711391288696
3654,13.634328358208956,0.0006660232902504504,0.0006634060807367106
3655,13.638059701492537,0.0006355927907861769,0.0006611229107919626
3656,13.64179104477612,0.0006514391861855984,0.0006582252723846311
3657,13.645522388059701,0.0007222050335258245,0.0006574072957425038
3658,13.649253731343284,0.0006294235354289412,0.0006532310124872843
3659,13.652985074626866,0.0006838843692094088,0.0006515868476637435
3660,13.656716417910447,0.0006289013545028865,0.0006497690792013778
3661,13.66044776119403,0.000681263511069119,0.0006488779667628611
3662,13.664179104477611,0.0005821720696985722,0.0006473929147099758
3663,13.667910447761194,0.0006944622145965695,0.0006465407758496883
3664,13.671641791044776,0.0006554346182383597,0.0006440637644562052
3665,13.675373134328359,0.0006246435223147273,0.0006439553235839234
3666,13.67910447761194,0.0006333878263831139,0.000641645643598877
3667,13.682835820895523,0.0006178116891533136,0.0006421887011994131
3668,13.686567164179104,0.0006770393811166286,0.0006398901104836202
3669,13.690298507462687,0.0006127903470769525,0.0006409463921289255
3670,13.694029850746269,0.0006704474217258394,0.000639583772082427
3671,13.697761194029852,0.0006268334109336138,0.0006382999609497081
3672,13.701492537313433,0.0006033513927832246,0.000636565199451203
3673,13.705223880597014,0.0006448547937907279,0.000636916154734336
3674,13.708955223880597,0.0006007733172737062,0.0006371655106748931
3675,13.712686567164178,0.0006235725595615804,0.0006366748853995488
3676,13.716417910447761,0.0006375469383783638,0.0006370292266649081
3677,13.720149253731343,0.0006213057786226273,0.0006364747035748712
3678,13.723880597014926,0.0005664497148245573,0.000633950842112848
3679,13.727611940298507,0.0006124903447926044,0.0006334145806116484
3680,13.73134328358209,0.000628416077233851,0.0006326269457775463
3681,13.735074626865671,0.0006322121480479836,0.0006326684705549624
3682,13.738805970149254,0.0005925203440710902,0.0006315514300495568
3683,13.742537313432836,0.0006333206547424197,0.0006325863367060154
3684,13.746268656716419,0.0005911027546972036,0.0006313480240883442
3685,13.75,0.000659556535538286,0.0006301718531176448
3686,13.753731343283581,0.0006366531015373766,0.0006294060873276577
3687,13.757462686567164,0.0006468290230259299,0.0006288953832486962
3688,13.761194029850746,0.0006141000776551664,0.0006276996048144633
3689,13.764925373134329,0.0006745089776813984,0.000626160281926121
3690,13.76865671641791,0.0006124467472545803,0.0006266113884588022
3691,13.772388059701493,0.0006439285352826118,0.0006239946176320678
3692,13.776119402985074,0.0006288089789450169,0.0006260915358391841
3693,13.779850746268657,0.0006780266994610429,0.0006273206928177033
3694,13.783582089552239,0.0006472548702731729,0.0006263123884819811
3695,13.787313432835822,0.0006459076539613307,0.0006298641475462695
3696,13.791044776119403,0.0006501207826659083,0.0006298444903932694
3697,13.794776119402986,0.0006287037394940853,0.0006307004752182742
3698,13.798507462686567,0.0006187267135828733,0.0006301453601137349
3699,13.802238805970148,0.0006074368138797581,0.0006331911455362854
3700,13.805970149253731,0.0006515913410112262,0.0006343586776382858
3701,13.809701492537313,0.0006306038703769445,0.0006355709898876162
3702,13.813432835820896,0.0006354648503474891,0.0006353536041498911
3703,13.817164179104477,0.0006246032426133752,0.0006372735966224132
3704,13.82089552238806,0.0006436913972720504,0.0006376431386054652
3705,13.824626865671641,0.0006072116084396839,0.0006392742691720586
3706,13.828358208955224,0.0005932471249252558,0.0006388520378982876
3707,13.832089552238806,0.000612448959145695,0.0006388052460374083
3708,13.835820895522389,0.000568784773349762,0.0006387702731710927
3709,13.83955223880597,0.0006139271426945925,0.0006393253116118835
3710,13.843283582089553,0.0006312857149168849,0.000638316446495038
3711,13.847014925373134,0.0005631598178297281,0.0006384289249914085
3712,13.850746268656716,0.0007128070574253798,0.0006392130389718748
3713,13.854477611940299,0.0006537468289025128,0.0006392053853743142
3714,13.85820895522388,0.0006035143160261214,0.0006392295287763019
3715,13.861940298507463,0.0007463954389095306,0.0006398644692991384
3716,13.865671641791044,0.0006227666162885725,0.0006398123848002131
3717,13.869402985074627,0.0006726423162035644,0.0006393542479178528
3718,13.873134328358208,0.0005985460593365133,0.0006398885544934651
3719,13.876865671641792,0.0006913269171491265,0.0006402907381969981
3720,13.880597014925373,0.0006603591609746218,0.0006412669076447989
3721,13.884328358208956,0.0006781208794564009,0.0006403597511873558
3722,13.888059701492537,0.0006232993328012526,0.0006407703324107499
3723,13.89179104477612,0.0006712400354444981,0.000641323158960426
3724,13.895522388059701,0.0006484718760475516,0.0006411510531040953
3725,13.899253731343284,0.000657979107927531,0.0006412455028422722
3726,13.902985074626866,0.0006422450533136725,0.000641561651363878
3727,13.906716417910447,0.0006347346352413297,0.0006424724223750938
3728,13.91044776119403,0.0006453951355069876,0.0006439548309483543
3729,13.914179104477611,0.000636856653727591,0.0006453061899420147
3730,13.917910447761194,0.0006331455078907311,0.0006460240110754967
3731,13.921641791044776,0.0006170583656057715,0.0006459700057237614
3732,13.925373134328359,0.000676077208481729,0.0006485655463709519
3733,13.92910447761194,0.0006284951814450324,0.000646922504529357
3734,13.932835820895523,0.0006790165789425373,0.0006462795143129258
3735,13.936567164179104,0.0006732874317094684,0.000647324965074204
3736,13.940298507462687,0.0006437721895053983,0.0006441782660237173
3737,13.944029850746269,0.0006313371704891324,0.000644430317972764
3738,13.947761194029852,0.0006506103090941906,0.000643351992660361
3739,13.951492537313433,0.0006352162454277277,0.00064470780666963
3740,13.955223880597014,0.0006474597612395883,0.0006428543356156386
3741,13.958955223880597,0.0006143979262560606,0.0006431981285170811
3742,13.962686567164178,0.0006474377005361021,0.0006413747692798696
3743,13.966417910447761,0.0006581307388842106,0.0006422501855257262
3744,13.970149253731343,0.0006175469025038183,0.0006409728794540392
3745,13.973880597014926,0.0006475638365373015,0.0006401779743411192
3746,13.977611940298507,0.0006201736978255212,0.0006394207281651111
3747,13.98134328358209,0.000630588736385107,0.0006390806236417918
3748,13.985074626865671,0.0006732277106493711,0.0006389982739985898
3749,13.988805970149254,0.0006241904920898378,0.000639008654838019
3750,13.992537313432836,0.0006433578091673553,0.0006411877651017432
3751,13.996268656716419,0.0006290714954957366,0.0006408569950996558
3752,14.0,0.0006695769843645394,0.0006423117238006032
3753,14.003731343283581,0.0006454423419199884,0.0006411435159218566
3754,14.007462686567164,0.0006273842300288379,0.0006426226875812905
3755,14.011194029850746,0.0006463777972385287,0.0006413135334008896
3756,14.014925373134329,0.0006173807778395712,0.0006419486386088155
3757,14.01865671641791,0.0006331007461994886,0.0006414615441250001
3758,14.022388059701493,0.0006284309783950448,0.0006428261773047469
3759,14.026119402985074,0.0006541344337165356,0.0006432891156092831
3760,14.029850746268657,0.0006153346039354801,0.0006443393507563486
3761,14.033582089552239,0.0006744546699337661,0.0006440173417170782
3762,14.037313432835822,0.0006033631507307291,0.0006461260093535046
3763,14.041044776119403,0.0006591913988813758,0.0006471229064073868
3764,14.044776119402986,0.0006188704865053296,0.0006469008427613029
3765,14.048507462686567,0.0006158807664178312,0.0006476808949827966
3766,14.052238805970148,0.0006269320147112012,0.000647697272630999
3767,14.055970149253731,0.0006283007678575814,0.0006488973740488291
3768,14.059701492537313,0.000631358299870044,0.0006498297202264572
3769,14.063432835820896,0.0006458207499235868,0.0006504383622441532
3770,14.067164179104477,0.0007262001745402813,0.0006507856958750181
3771,14.07089552238806,0.000619583937805146,0.000650812646022021
3772,14.074626865671641,0.0006767022423446178,0.0006512169564347259
3773,14.078358208955224,0.0006281806854531169,0.0006503656069271085
3774,14.082089552238806,0.0006891412194818258,0.0006504083043759371
3775,14.085820895522389,0.000625341257546097,0.0006504099682632197
3776,14.08955223880597,0.0006993267452344298,0.0006506725160473185
3777,14.093283582089553,0.0006238013156689703,0.0006515399535845329
3778,14.097014925373134,0.0006872871308587492,0.0006518880368164945
3779,14.100746268656716,0.0006695907795801759,0.0006521850577328446
3780,14.104477611940299,0.0006782758864574134,0.000651371061926844
3781,14.10820895522388,0.0006342573906295002,0.0006516927699899165
3782,14.111940298507463,0.0007008532993495464,0.0006502214393283172
3783,14.115671641791044,0.0006883104797452688,0.0006502126158987422
3784,14.119402985074627,0.0006490261293947697,0.0006489550947529696
3785,14.123134328358208,0.000649529043585062,0.0006487852973272888
3786,14.126865671641792,0.0006482353201135993,0.0006479566147346504
3787,14.130597014925373,0.0006693778559565544,0.0006483009811945078
3788,14.134328358208956,0.0006688149296678603,0.0006485070263762482
3789,14.138059701492537,0.0006981820333749056,0.0006477527530500438
3790,14.14179104477612,0.0006384311709553003,0.000647900386134208
3791,14.145522388059701,0.0006444627651944757,0.0006460834198018037
3792,14.149253731343284,0.0006456482224166393,0.0006471897870097764
3793,14.152985074626866,0.0006346716545522213,0.0006469853418288616
3794,14.156716417910447,0.0006471929373219609,0.0006487590073403426
3795,14.16044776119403,0.0006274524494074285,0.0006485765192248836
3796,14.164179104477611,0.0006571422563865781,0.0006501063741402837
3797,14.167910447761194,0.0006529457168653607,0.0006491825702918194
3798,14.171641791044776,0.0006473721587099135,0.0006511910739014061
3799,14.175373134328359,0.000640608835965395,0.000649822780737517
3800,14.17910447761194,0.0006207606056705117,0.0006499020283383022
3801,14.182835820895523,0.0006285246345214546,0.0006479722782742323
3802,14.186567164179104,0.0006141301128081977,0.0006481556054318278
3803,14.190298507462687,0.0006030013901181519,0.0006452402534394911
3804,14.194029850746269,0.0006076330319046974,0.0006448577155313659
3805,14.197761194029852,0.000611908792052418,0.0006441763039996348
3806,14.201492537313433,0.0005819047801196575,0.0006441170997099905
3807,14.205223880597014,0.0006410510395653546,0.0006438847801579935
3808,14.208955223880597,0.0006367486203089356,0.0006428854852324216
3809,14.212686567164178,0.000600433093495667,0.0006426114052329667
3810,14.216417910447761,0.0006518737063743174,0.000640278413789574
3811,14.220149253731343,0.0006517045549117029,0.0006402150866938982
3812,14.223880597014926,0.0006649449933320284,0.0006394005826356389
3813,14.227611940298507,0.0006683199899271131,0.000639149435034885
3814,14.23134328358209,0.0007009009714238346,0.0006398630552788879
3815,14.235074626865671,0.0006816592067480087,0.0006403729941400631
3816,14.238805970149254,0.0006880653090775013,0.0006395591374645691
3817,14.242537313432836,0.0006614507874473929,0.0006400767143066154
3818,14.246268656716419,0.0007061499636620283,0.0006392682098965274
3819,14.25,0.0006311871111392975,0.0006391644682280901
3820,14.253731343283581,0.0006728399312123656,0.0006389654391990384
3821,14.257462686567164,0.0005991561338305473,0.0006389816663591419
3822,14.261194029850746,0.0006417738040909171,0.0006396770377915989
3823,14.264925373134329,0.0005813238676637411,0.0006402684531810625
3824,14.26865671641791,0.000672626425512135,0.0006403400897752585
3825,14.272388059701493,0.0006210882565937936,0.0006416506324213271
3826,14.276119402985074,0.0006471016677096486,0.000641415755991347
3827,14.279850746268657,0.0006387102184817195,0.0006427811458706856
3828,14.283582089552239,0.0006284067640081048,0.0006429339012290101
3829,14.287313432835822,0.0006575776496902108,0.0006433199017831102
3830,14.291044776119403,0.0006025293841958046,0.0006446407812579376
3831,14.294776119402986,0.0006358347600325942,0.0006447648487576261
3832,14.298507462686567,0.0006110680988058448,0.0006441149304098472
3833,14.302238805970148,0.0006353511707857251,0.0006437555776068532
3834,14.305970149253731,0.0006639300845563412,0.0006440902744965037
3835,14.309701492537313,0.0006681004306301475,0.0006421843611794274
3836,14.313432835820896,0.0005940843257121742,0.0006418505345652924
3837,14.317164179104477,0.0006783629069104791,0.0006393392658338132
3838,14.32089552238806,0.0006197970360517502,0.000639517460779355
3839,14.324626865671641,0.0006431187503039837,0.000636822764091648
3840,14.328358208955224,0.0006324486457742751,0.0006378219482806943
3841,14.332089552238806,0.0006214259192347527,0.0006356352979953332
3842,14.335820895522389,0.0006570348632521927,0.0006371848995047735
3843,14.33955223880597,0.0006383781437762082,0.0006367442831283481
3844,14.343283582089553,0.0006059384904801846,0.0006377816274080699
3845,14.347014925373134,0.0006613652803935111,0.0006364163738198397
3846,14.350746268656716,0.000602278858423233,0.0006359215476550162
3847,14.354477611940299,0.0006378857651725411,0.0006351455614515921
3848,14.35820895522388,0.0006473140092566609,0.0006352675249572935
3849,14.361940298507463,0.0006525746430270374,0.0006342686261277554
3850,14.365671641791044,0.0006545891519635916,0.0006335645604583366
3851,14.369402985074627,0.0006569604738615453,0.000633542548024618
3852,14.373134328358208,0.0006250579026527703,0.0006322300987227298
3853,14.376865671641792,0.0006502115284092724,0.0006331040583573645
3854,14.380597014925373,0.0006820425624027848,0.000631589185526004
3855,14.384328358208956,0.0006227585254237056,0.0006310138964980114
3856,14.388059701492537,0.0006679723155684769,0.0006304465705619716
3857,14.39179104477612,0.0005851032910868526,0.0006301183233650901
3858,14.395522388059701,0.0006687567802146077,0.0006289369037670152
3859,14.399253731343284,0.0005956673994660378,0.0006284647189625879
3860,14.402985074626866,0.0006721536628901958,0.0006275596750173263
3861,14.406716417910447,0.0005831872695125639,0.00062683679691584
3862,14.41044776119403,0.000662689795717597,0.000626632127422476
3863,14.414179104477611,0.0006237085326574743,0.0006241356547944611
3864,14.417910447761194,0.0006238549831323326,0.0006228923888468161
3865,14.421641791044776,0.0006166510283946991,0.0006219291855104086
3866,14.425373134328359,0.000600800383836031,0.0006210744031704962
3867,14.42910447761194,0.000615286233369261,0.0006216405961866967
3868,14.432835820895523,0.0006437107222154737,0.0006217841817088789
3869,14.436567164179104,0.00058745191199705,0.0006211639265529811
3870,14.440298507462687,0.0006287109572440386,0.0006192917396064575
3871,14.444029850746269,0.0006016268744133413,0.000618410244209283
3872,14.447761194029852,0.0005820243386551738,0.0006169615108974096
3873,14.451492537313433,0.0006469004438258708,0.0006157470520631206
3874,14.455223880597014,0.0005732413846999407,0.0006148383183200367
3875,14.458955223880597,0.0006403432344086468,0.0006124601733484646
3876,14.462686567164178,0.0006448400672525167,0.0006132106092281458
3877,14.466417910447761,0.0005806261906400323,0.000611595860568852
3878,14.470149253731343,0.0006299247033894062,0.0006124129399611819
3879,14.473880597014926,0.0006004374590702355,0.0006107747620085209
3880,14.477611940298507,0.0006060119485482574,0.0006116695855403455
3881,14.48134328358209,0.0006028106436133385,0.000610689528956555
3882,14.485074626865671,0.0006130344700068235,0.0006117713566665061
3883,14.488805970149254,0.0005546794855035841,0.000610446259265811
3884,14.492537313432836,0.0005874042399227619,0.0006113002181802763
3885,14.496268656716419,0.0005664471536874771,0.0006105383735990561
3886,14.5,0.0006263192044571042,0.0006118134706190265
3887,14.503731343283581,0.0006254927720874548,0.0006128053263215939
3888,14.507462686567164,0.0006437727715820074,0.0006130909314379096
3889,14.511194029850746,0.0006218835478648543,0.00061298425951064
3890,14.514925373134329,0.0005758149782195687,0.000614233155984704
3891,14.51865671641791,0.0006184478406794369,0.000615586722610382
3892,14.522388059701493,0.0005975624080747366,0.000617574819465872
3893,14.526119402985074,0.0005752650904469192,0.0006194625350805681
3894,14.529850746268657,0.000612953444942832,0.0006194493162627445
3895,14.533582089552239,0.000584538618568331,0.0006215596733410366
3896,14.537313432835822,0.0006535263964906335,0.0006227465857547231
3897,14.541044776119403,0.00060176762053743,0.0006234776427424172
3898,14.544776119402986,0.0006186035461723804,0.0006247681804092192
3899,14.548507462686567,0.0006015914841555059,0.0006257075711335169
3900,14.552238805970148,0.000632355164270848,0.0006261668920448822
3901,14.555970149253731,0.0006319713429547846,0.0006273619151992224
3902,14.559701492537313,0.0006275422056205571,0.0006277325901021136
3903,14.563432835820896,0.0006083608022890985,0.0006288695816382221
3904,14.567164179104477,0.0006587208481505513,0.0006309559670981111
3905,14.57089552238806,0.000592619355302304,0.0006319023512599127
3906,14.574626865671641,0.0006689300062134862,0.0006336356178153215
3907,14.578358208955224,0.000641466467641294,0.0006335530537975634
3908,14.582089552238806,0.000626996043138206,0.0006333837490074518
3909,14.585820895522389,0.0006393371731974185,0.0006331979047234465
3910,14.58955223880597,0.0006386566674336791,0.00063331311897988
3911,14.593283582089553,0.0006842071888968349,0.0006342566495465977
3912,14.597014925373134,0.0006831388454884291,0.0006336866077262817
3913,14.600746268656716,0.0006594206788577139,0.0006347531083653249
3914,14.604477611940299,0.0006463584722951055,0.0006357181644089883
3915,14.60820895522388,0.0006597660249099135,0.0006370664398163194
3916,14.611940298507463,0.0006890066433697939,0.000638537661161092
3917,14.615671641791044,0.0006748134037479758,0.0006379459717697123
3918,14.619402985074627,0.0006335382349789143,0.0006391871919310311
3919,14.623134328358208,0.0006684397230856121,0.0006392728083017395
3920,14.626865671641792,0.0006192696164362133,0.0006404796163778661
3921,14.630597014925373,0.0006550078978762031,0.0006396934140201022
3922,14.634328358208956,0.0006180083146318793,0.0006399078609808008
3923,14.638059701492537,0.0006596511229872704,0.0006392875902082135
3924,14.64179104477612,0.0006402212893590331,0.0006410622693848138
3925,14.645522388059701,0.0006262059905566275,0.0006398510758583321
3926,14.649253731343284,0.0006375110824592412,0.0006418662335973506
3927,14.652985074626866,0.0006229340797290206,0.0006421380406586317
3928,14.656716417910447,0.0006185512756928802,0.0006418727997054414
3929,14.66044776119403,0.0006361531559377909,0.0006419353999152053
3930,14.664179104477611,0.0006266073323786259,0.000642052874332521
3931,14.667910447761194,0.0006144997314549983,0.0006424516379810506
3932,14.671641791044776,0.0005950761260464787,0.0006401973120618338
3933,14.675373134328359,0.0006412889342755079,0.0006391090630530948
3934,14.67910447761194,0.0006148323882371187,0.0006378843213386107
3935,14.682835820895523,0.0006682327366434038,0.0006376339517329343
3936,14.686567164179104,0.0006448586937040091,0.0006368671580808373
3937,14.690298507462687,0.0006292671314440668,0.0006350717853709329
3938,14.694029850746269,0.0006526576471515,0.0006342918027146924
3939,14.697761194029852,0.000622113817371428,0.0006338495167721881
3940,14.701492537313433,0.0006510706152766943,0.0006337229207884975
3941,14.705223880597014,0.0006001208676025271,0.0006337308923986446
3942,14.708955223880597,0.0006407636683434248,0.0006340510870625333
3943,14.712686567164178,0.0006021111039444804,0.0006341466200310828
3944,14.716417910447761,0.0006811226485297084,0.000633048675897554
3945,14.720149253731343,0.0006090619135648012,0.0006333834622282443
3946,14.723880597014926,0.0006752408226020634,0.0006332505343868057
3947,14.727611940298507,0.0006800740957260132,0.0006334968393941115
3948,14.73134328358209,0.0006305915885604918,0.0006354674838892207
3949,14.735074626865671,0.0006295626517385244,0.0006350344132132283
3950,14.738805970149254,0.0006441536243073642,0.0006360799335397598
3951,14.742537313432836,0.0006550059770233929,0.0006368630736066801
3952,14.746268656716419,0.0005917798262089491,0.0006375483949895857
3953,14.75,0.0006385206361301243,0.0006379292846271177
3954,14.753731343283581,0.0006092062685638666,0.0006385452380949041
3955,14.757462686567164,0.0006360933184623718,0.0006393259589946488
3956,14.761194029850746,0.0006283274851739407,0.0006406141257640429
3957,14.764925373134329,0.0006153963622637093,0.0006400474102985932
3958,14.76865671641791,0.0006428341148421168,0.0006419832380942819
3959,14.772388059701493,0.0006154045113362372,0.0006425310815003042
3960,14.776119402985074,0.0006632492877542973,0.0006432637257115325
3961,14.779850746268657,0.0006195964524522424,0.0006430181930205081
3962,14.783582089552239,0.0006681358790956438,0.0006446421810811976
3963,14.787313432835822,0.0006219251663424075,0.0006448323298927123
3964,14.791044776119403,0.0006146354135125875,0.000646504746727282
3965,14.794776119402986,0.0006539475289173424,0.0006463707242978782
3966,14.798507462686567,0.0006207559490576386,0.0006488943316337721
3967,14.802238805970148,0.0006476095877587795,0.0006494431631503309
3968,14.805970149253731,0.0007037305040284991,0.0006495536895605122
3969,14.809701492537313,0.0006007953779771924,0.0006507743680963247
3970,14.813432835820896,0.000679019489325583,0.0006511213695176127
3971,14.817164179104477,0.0006587160751223564,0.0006510346699165316
3972,14.82089552238806,0.00064259790815413,0.0006523131259444465
3973,14.824626865671641,0.000610692601185292,0.0006546526082518805
3974,14.828358208955224,0.0006665430264547467,0.000656187582602043
3975,14.832089552238806,0.0006468419451266527,0.0006585492178934013
3976,14.835820895522389,0.0007210475741885602,0.0006603455716153471
3977,14.83955223880597,0.0006216233596205711,0.0006619877204662416
3978,14.843283582089553,0.0007086360710673034,0.0006648602188428546
3979,14.847014925373134,0.0006751192267984152,0.0006659567546349292
3980,14.850746268656716,0.0006521522300317883,0.00066876262937468
3981,14.854477611940299,0.0006410037749446929,0.0006682757776594017
3982,14.85820895522388,0.0006667043780907989,0.0006706308610396596
3983,14.861940298507463,0.000648559769615531,0.0006704213943832168
3984,14.865671641791044,0.0006706801941618323,0.000671758236954125
3985,14.869402985074627,0.0006756277289241552,0.0006725900698589479
3986,14.873134328358208,0.0007125298143364489,0.000673881007880881
3987,14.876865671641792,0.0006977429147809744,0.0006750833708792925
3988,14.880597014925373,0.0006846056785434484,0.000675310653339072
3989,14.884328358208956,0.0006806394085288048,0.0006746505145778562
3990,14.888059701492537,0.0006437897100113332,0.000676483771956821
3991,14.89179104477612,0.0006405989406630397,0.0006757286652672763
3992,14.895522388059701,0.0007074226741679013,0.0006751990067863428
3993,14.899253731343284,0.0006876986008137465,0.0006749832977131918
3994,14.902985074626866,0.0007014545844867826,0.0006767609469001977
3995,14.906716417910447,0.0007060333155095577,0.0006770556750025873
3996,14.91044776119403,0.0007097438210621476,0.0006777138787140025
3997,14.914179104477611,0.0006956555880606174,0.0006754339882740524
3998,14.917910447761194,0.0007331687957048416,0.0006766886529853431
3999,14.921641791044776,0.0006877920823171735,0.0006747926434888164
4000,14.925373134328359,0.0007304453756660223,
4001,14.92910447761194,0.0006432883674278855,
4002,14.932835820895523,0.0007161548710428178,
4003,14.936567164179104,0.000659547746181488,
4004,14.940298507462687,0.0006767357117496431,
4005,14.944029850746269,0.0006487405626103282,
4006,14.947761194029852,0.000706875987816602,
4007,14.951492537313433,0.000670052831992507,
4008,14.955223880597014,0.0006569281686097383,
4009,14.958955223880597,0.0006766648148186505,
4010,14.962686567164178,0.0006759589305147529,
4011,14.966417910447761,0.0006480601150542498,
4012,14.970149253731343,0.0006370000774040818,
4013,14.973880597014926,0.0006337538361549377,
4014,14.977611940298507,0.0006835762178525329,
4015,14.98134328358209,0.0006786268786527216,
4016,14.985074626865671,0.0006738282972946763,
4017,14.988805970149254,0.0006275720661506057,
4018,14.992537313432836,0.0006730646127834916,
4019,14.996268656716419,0.0006308996817097068,
