# https://github.com/mikedh/trimesh
v -0.53914970 -0.32574990 0.25689140
v -0.53988963 -0.32878873 0.27691996
v -0.54007304 -0.32961416 0.30768996
v -0.53927052 -0.32628530 0.33845997
v -0.53860646 -0.32358322 0.35461387
v -0.53979433 -0.30769002 0.25383377
v -0.54210567 -0.30769002 0.27691996
v -0.54296309 -0.30769002 0.30768996
v -0.54201454 -0.30769002 0.33845997
v -0.53982282 -0.30769002 0.36150268
v -0.53983855 -0.27692002 0.25443065
v -0.54207391 -0.27692002 0.27691996
v -0.54275441 -0.27692002 0.30768996
v -0.54207337 -0.27692002 0.33845997
v -0.54001427 -0.27692002 0.36342272
v -0.53920865 -0.25198033 0.25768727
v -0.53985780 -0.24719344 0.27691996
v -0.53986436 -0.24969925 0.30768996
v -0.53932941 -0.25457060 0.33845997
v -0.53886181 -0.25846604 0.35717392
v -0.50825822 -0.38546181 -0.35635388
v -0.50897312 -0.38649610 -0.33846000
v -0.51000059 -0.38794208 -0.30769002
v -0.51078153 -0.38926771 -0.27692002
v -0.51101881 -0.39015949 -0.24615002
v -0.51114643 -0.39110997 -0.21538004
v -0.51131785 -0.39188892 -0.18462002
v -0.51154166 -0.39232421 -0.15385002
v -0.51148504 -0.39222068 -0.12308004
v -0.51103103 -0.39135432 -0.09231004
v -0.51043910 -0.39020392 -0.06154004
v -0.50978059 -0.38892198 -0.03077003
v -0.50911623 -0.38754141 0.00000000
v -0.50844598 -0.38614994 0.03077000
v -0.50797206 -0.38517532 0.05229479
v -0.50787669 -0.38499364 0.22975968
v -0.50989020 -0.38927317 0.24614996
v -0.51280737 -0.39581603 0.27691996
v -0.51316953 -0.39633906 0.30768996
v -0.51062828 -0.39048472 0.33845997
v -0.50837797 -0.38591170 0.35613671
v -0.50825822 -0.37480894 -0.35635388
v -0.50919211 -0.36642137 -0.34134549
v -0.51180464 -0.36923000 -0.30769002
v -0.51381588 -0.36923000 -0.27692002
v -0.51522321 -0.36923000 -0.24615002
v -0.51656902 -0.36923000 -0.21538004
v -0.51808578 -0.36923000 -0.18462002
v -0.51945227 -0.36923000 -0.15385002
v -0.52006829 -0.36923000 -0.12308004
v -0.51997876 -0.36923000 -0.09231004
v -0.51958978 -0.36923000 -0.06154004
v -0.51874232 -0.36923000 -0.03077003
v -0.51749748 -0.36923000 0.00000000
v -0.51619589 -0.36923000 0.03077000
v -0.51358801 -0.37208432 0.06214484
v -0.51425463 -0.36797380 0.09230995
v -0.51364565 -0.36669704 0.12307996
v -0.51303416 -0.36554545 0.15384996
v -0.51247591 -0.36443701 0.18461996
v -0.51249856 -0.37017614 0.21785578
v -0.51890534 -0.36922997 0.24614996
v -0.52440029 -0.36922997 0.27691996
v -0.52516544 -0.36923000 0.30768996
v -0.52070510 -0.36923003 0.33845997
v -0.51293790 -0.36923730 0.36753002
v -0.51006776 -0.35898218 0.39180705
v -0.50870156 -0.33846000 -0.33552247
v -0.51087272 -0.33845997 -0.30769002
v -0.51328325 -0.33845997 -0.27692002
v -0.51572990 -0.33846000 -0.24615002
v -0.51823533 -0.33846000 -0.21538004
v -0.52091539 -0.33846000 -0.18462002
v -0.52299452 -0.33846000 -0.15385002
v -0.52403849 -0.33846000 -0.12308004
v -0.52465242 -0.33846000 -0.09231004
v -0.52509391 -0.33846000 -0.06154004
v -0.52513468 -0.33846000 -0.03077003
v -0.52480322 -0.33846000 0.00000000
v -0.52447271 -0.33846000 0.03077001
v -0.52420759 -0.33846000 0.06153995
v -0.52393717 -0.33846000 0.09230995
v -0.52366126 -0.33846000 0.12307996
v -0.52338481 -0.33846000 0.15384996
v -0.52312028 -0.33846000 0.18461996
v -0.52571833 -0.33845997 0.21537995
v -0.53263026 -0.33698595 0.24643883
v -0.53467292 -0.34416869 0.27691996
v -0.53507590 -0.34499413 0.30768996
v -0.53315687 -0.34166530 0.33845997
v -0.52904654 -0.33568591 0.36661631
v -0.51533669 -0.33999318 0.40123621
v -0.51104099 -0.33076200 0.42454052
v -0.50838298 -0.30769002 -0.33162251
v -0.51021749 -0.30768999 -0.30769002
v -0.51261330 -0.30769002 -0.27692002
v -0.51511908 -0.30769002 -0.24615002
v -0.51768690 -0.30769002 -0.21538004
v -0.52020687 -0.30769002 -0.18462002
v -0.52177328 -0.30769002 -0.15385002
v -0.52237630 -0.30769002 -0.12308004
v -0.52286977 -0.30769002 -0.09231004
v -0.52335036 -0.30769002 -0.06154004
v -0.52382636 -0.30769002 -0.03077003
v -0.52434212 -0.30769002 0.00000000
v -0.52492142 -0.30769002 0.03077001
v -0.52552640 -0.30769002 0.06153995
v -0.52613246 -0.30769002 0.09230995
v -0.52675867 -0.30769002 0.12307996
v -0.52739888 -0.30769002 0.15384996
v -0.52797937 -0.30769002 0.18461996
v -0.53142339 -0.30769002 0.21537995
v -0.53653210 -0.30769002 0.23844379
v -0.53585434 -0.30769002 0.37689266
v -0.52796960 -0.30769002 0.39999998
v -0.51579994 -0.31014094 0.43318829
v -0.51055801 -0.29976588 0.46153998
v -0.50800437 -0.29303962 0.47780195
v -0.50818068 -0.27692002 -0.32941988
v -0.50984442 -0.27692002 -0.30768999
v -0.51223731 -0.27692002 -0.27692002
v -0.51469004 -0.27692002 -0.24615002
v -0.51730388 -0.27692002 -0.21538004
v -0.51948214 -0.27692002 -0.18462002
v -0.52049953 -0.27692002 -0.15385002
v -0.52092993 -0.27692002 -0.12308004
v -0.52137089 -0.27692002 -0.09231004
v -0.52182031 -0.27692002 -0.06154004
v -0.52229732 -0.27692002 -0.03077003
v -0.52281439 -0.27692002 0.00000000
v -0.52335882 -0.27692002 0.03077000
v -0.52387792 -0.27692002 0.06153995
v -0.52430451 -0.27692002 0.09230995
v -0.52468413 -0.27692002 0.12307996
v -0.52507460 -0.27692002 0.15384996
v -0.52546716 -0.27692002 0.18461996
v -0.52951497 -0.27692002 0.21537995
v -0.53591198 -0.27692002 0.23904067
v -0.53732240 -0.27692002 0.37881270
v -0.53139806 -0.27692002 0.39999998
v -0.52201128 -0.27692002 0.43076998
v -0.51176715 -0.27405745 0.46459335
v -0.50800437 -0.28240243 0.47780195
v -0.50804907 -0.24615002 -0.32803345
v -0.50954968 -0.24615003 -0.30769005
v -0.51190424 -0.24615002 -0.27692002
v -0.51448852 -0.24615002 -0.24615002
v -0.51711494 -0.24615002 -0.21538004
v -0.51877517 -0.24615002 -0.18462002
v -0.51938665 -0.24615002 -0.15385002
v -0.51977760 -0.24615002 -0.12308004
v -0.52017671 -0.24615002 -0.09231004
v -0.52060866 -0.24615002 -0.06154004
v -0.52097523 -0.24615002 -0.03077003
v -0.52124494 -0.24615002 0.00000000
v -0.52151024 -0.24615002 0.03077000
v -0.52174443 -0.24615002 0.06153995
v -0.52187872 -0.24615002 0.09230995
v -0.52194756 -0.24615002 0.12307996
v -0.52207476 -0.24615002 0.15384996
v -0.52226782 -0.24615002 0.18461996
v -0.52650607 -0.24615002 0.21537995
v -0.53527749 -0.24349222 0.24691637
v -0.53828973 -0.23180348 0.27691996
v -0.53778976 -0.23430927 0.30768996
v -0.53682703 -0.23918061 0.33845997
v -0.53496027 -0.24738364 0.36815235
v -0.52804875 -0.24615002 0.39999998
v -0.52007711 -0.24615002 0.43076998
v -0.51179636 -0.24615003 0.46049315
v -0.50796175 -0.21538004 -0.32716805
v -0.50938332 -0.21538006 -0.30769002
v -0.51186800 -0.21538007 -0.27692002
v -0.51453567 -0.21538006 -0.24615002
v -0.51677430 -0.21538004 -0.21538004
v -0.51789582 -0.21538004 -0.18462002
v -0.51830888 -0.21538004 -0.15385002
v -0.51857305 -0.21538004 -0.12308004
v -0.51874530 -0.21538004 -0.09231004
v -0.51894635 -0.21538004 -0.06154004
v -0.51905727 -0.21538004 -0.03077003
v -0.51904500 -0.21538004 0.00000000
v -0.51899743 -0.21538004 0.03077000
v -0.51892829 -0.21538004 0.06153995
v -0.51882279 -0.21538004 0.09230995
v -0.51865071 -0.21538004 0.12307996
v -0.51850027 -0.21538004 0.15384996
v -0.51839560 -0.21538004 0.18461996
v -0.52258945 -0.21538004 0.21537995
v -0.53135550 -0.21538004 0.24614996
v -0.53558117 -0.21538004 0.27691996
v -0.53438580 -0.21538004 0.30768996
v -0.53246152 -0.21538004 0.33845997
v -0.52895188 -0.21538004 0.36922997
v -0.52375269 -0.21538004 0.39999998
v -0.51775223 -0.21538004 0.43076998
v -0.51107866 -0.21538004 0.45835268
v -0.50805622 -0.18462002 -0.32816258
v -0.50961620 -0.18462002 -0.30769005
v -0.51210564 -0.18462002 -0.27692002
v -0.51442635 -0.18462002 -0.24615002
v -0.51588237 -0.18462002 -0.21538004
v -0.51636374 -0.18462002 -0.18462002
v -0.51647896 -0.18462002 -0.15385002
v -0.51648277 -0.18462002 -0.12308004
v -0.51638591 -0.18462002 -0.09231004
v -0.51629126 -0.18462002 -0.06154004
v -0.51619017 -0.18462002 -0.03077003
v -0.51604706 -0.18462002 0.00000000
v -0.51582193 -0.18462002 0.03077000
v -0.51554996 -0.18462002 0.06153995
v -0.51526332 -0.18462002 0.09230995
v -0.51492995 -0.18462002 0.12307996
v -0.51454997 -0.18462002 0.15384996
v -0.51425517 -0.18462002 0.18461996
v -0.51850021 -0.18462002 0.21537995
v -0.52713370 -0.18462002 0.24614996
v -0.53075701 -0.18462002 0.27691996
v -0.52925038 -0.18462002 0.30768996
v -0.52737540 -0.18462002 0.33845997
v -0.52399063 -0.18462002 0.36922997
v -0.51929903 -0.18462002 0.39999998
v -0.51447332 -0.18462002 0.43076998
v -0.50984436 -0.18462002 0.45524588
v -0.50833875 -0.15385002 -0.33133277
v -0.50992370 -0.15385002 -0.30769002
v -0.51170087 -0.15385002 -0.27692002
v -0.51325393 -0.15385002 -0.24615002
v -0.51399159 -0.15385002 -0.21538004
v -0.51392376 -0.15385002 -0.18462002
v -0.51375735 -0.15385002 -0.15385002
v -0.51358986 -0.15385002 -0.12308004
v -0.51339734 -0.15385002 -0.09231004
v -0.51316142 -0.15385002 -0.06154004
v -0.51289827 -0.15385002 -0.03077003
v -0.51259583 -0.15385002 0.00000000
v -0.51222789 -0.15385002 0.03077000
v -0.51183152 -0.15385002 0.06153995
v -0.51146257 -0.15385002 0.09230995
v -0.51111192 -0.15385002 0.12307996
v -0.51074171 -0.15385002 0.15384996
v -0.51065141 -0.15385002 0.18461996
v -0.51500708 -0.15385002 0.21537995
v -0.52316082 -0.15385002 0.24614996
v -0.52627528 -0.15385002 0.27691996
v -0.52471340 -0.15385002 0.30768996
v -0.52296698 -0.15385002 0.33845997
v -0.51981330 -0.15385002 0.36922997
v -0.51541454 -0.15385002 0.39999998
v -0.51040828 -0.15090105 0.43376675
v -0.50854820 -0.15919505 0.45091280
v -0.50823665 -0.12945689 -0.32987025
v -0.50881082 -0.12075416 -0.30963975
v -0.51019037 -0.12308004 -0.27692002
v -0.51108289 -0.12308004 -0.24615003
v -0.51135004 -0.12308004 -0.21538004
v -0.51113153 -0.12308004 -0.18462002
v -0.51089418 -0.12308004 -0.15385002
v -0.51063573 -0.12308004 -0.12308004
v -0.51034570 -0.12308004 -0.09231004
v -0.51001173 -0.12308004 -0.06154004
v -0.50965381 -0.12308004 -0.03077003
v -0.50898820 -0.12016199 0.00180038
v -0.50905341 -0.12442929 0.03077000
v -0.50886852 -0.12631403 0.06153995
v -0.50869799 -0.12813568 0.09230995
v -0.50852621 -0.12995313 0.12307996
v -0.50834364 -0.13180788 0.15384996
v -0.50835615 -0.13080812 0.18461996
v -0.51134270 -0.12232393 0.21298289
v -0.51935118 -0.12308004 0.24614996
v -0.52193928 -0.12308004 0.27691996
v -0.52057087 -0.12308004 0.30768996
v -0.51907986 -0.12308004 0.33845997
v -0.51628542 -0.12308004 0.36922997
v -0.51232326 -0.12308004 0.39999998
v -0.50900847 -0.12308004 0.42572713
v -0.50803554 -0.10297994 -0.30067956
v -0.50831288 -0.09255598 -0.27400821
v -0.50883102 -0.09231004 -0.24615003
v -0.50863087 -0.08976467 -0.21718407
v -0.50872809 -0.09467562 -0.18462002
v -0.50858349 -0.09674540 -0.15385002
v -0.50842428 -0.09881534 -0.12308004
v -0.50826001 -0.10088507 -0.09231004
v -0.50809073 -0.10295509 -0.06154004
v -0.50791973 -0.10502478 -0.03077003
v -0.50778949 -0.10660674 -0.00725271
v -0.51050484 -0.09231004 0.21920706
v -0.51599371 -0.09231004 0.24614996
v -0.51809001 -0.09231004 0.27691996
v -0.51698148 -0.09231004 0.30768996
v -0.51576614 -0.09231004 0.33845997
v -0.51328790 -0.09231004 0.36922997
v -0.50948507 -0.09188733 0.40140501
v -0.50813895 -0.10186552 0.41905156
v -0.50771016 -0.07680187 -0.26181370
v -0.50771940 -0.07668951 -0.24615002
v -0.50771570 -0.07673083 -0.22864008
v -0.50934422 -0.06154004 0.22339362
v -0.51316917 -0.06154004 0.24614996
v -0.51488537 -0.06154004 0.27691996
v -0.51397461 -0.06154004 0.30768996
v -0.51293743 -0.06154004 0.33845997
v -0.51071692 -0.06154004 0.36922997
v -0.50839365 -0.06154004 0.39089093
v -0.50828409 -0.03077003 0.22796865
v -0.51054710 -0.03077003 0.24614996
v -0.51182842 -0.03077003 0.27691996
v -0.51104665 -0.03077003 0.30768996
v -0.51015627 -0.03077003 0.33845997
v -0.50853431 -0.03326194 0.36733371
v -0.50779039 -0.04518322 0.38551286
v -0.50773454 -0.01482062 0.23057790
v -0.50836545 -0.00274036 0.24833238
v -0.50878519 0.00216086 0.27663764
v -0.50862181 -0.00438445 0.30768996
v -0.50821120 -0.00931769 0.33845997
v -0.50788665 -0.01322958 0.35580954
v -0.50779748 0.01664292 0.26004732
v -0.50779754 0.01664292 0.26619610
v -0.47756401 -0.44658446 0.25969115
v -0.47940651 -0.44781691 0.27691996
v -0.47959137 -0.44794479 0.30107376
v -0.47780576 -0.41629133 -0.38655373
v -0.47990912 -0.41852668 -0.36923000
v -0.48210394 -0.42095989 -0.33846000
v -0.48317283 -0.42218846 -0.30769002
v -0.48422068 -0.42314488 -0.27692002
v -0.48524854 -0.42385936 -0.24615002
v -0.48640013 -0.42451006 -0.21538003
v -0.48717052 -0.42517617 -0.18462002
v -0.48730013 -0.42593634 -0.15385002
v -0.48715174 -0.42689779 -0.12308004
v -0.48663068 -0.42765531 -0.09231004
v -0.48594409 -0.42804694 -0.06154004
v -0.48519325 -0.42796558 -0.03077003
v -0.48430800 -0.42695472 -0.00000000
v -0.48341596 -0.42550409 0.03077000
v -0.48254180 -0.42410272 0.06153995
v -0.48169735 -0.42270961 0.09230995
v -0.48084903 -0.42135042 0.12307996
v -0.47997370 -0.42002982 0.15384996
v -0.47916120 -0.41881096 0.18461996
v -0.48069894 -0.42115495 0.21537995
v -0.48400530 -0.43116385 0.24811868
v -0.49208966 -0.43077004 0.27691996
v -0.48883376 -0.43350434 0.30987626
v -0.48552126 -0.42554969 0.33845997
v -0.48073909 -0.41925240 0.36344144
v -0.47982219 -0.38905394 -0.42064810
v -0.48421916 -0.39958438 -0.39808422
v -0.49664965 -0.39742908 -0.36766034
v -0.49749392 -0.40187609 -0.33846000
v -0.49856287 -0.40332207 -0.30769002
v -0.49961066 -0.40464771 -0.27692002
v -0.50063854 -0.40553945 -0.24615002
v -0.50179011 -0.40649000 -0.21538004
v -0.50256050 -0.40726891 -0.18462002
v -0.50269014 -0.40770420 -0.15385002
v -0.50254172 -0.40760067 -0.12308004
v -0.50202066 -0.40673432 -0.09231004
v -0.50133407 -0.40558392 -0.06154004
v -0.50058323 -0.40430197 -0.03077003
v -0.49969798 -0.40292138 -0.00000000
v -0.49880594 -0.40152991 0.03077000
v -0.49974179 -0.39725715 0.06214484
v -0.49628064 -0.39999998 0.09230995
v -0.49461934 -0.40000004 0.12307996
v -0.49302286 -0.40000001 0.15384996
v -0.49148801 -0.39999998 0.18461996
v -0.49703923 -0.39714819 0.21785578
v -0.50068361 -0.40465319 0.24614996
v -0.50499314 -0.41119605 0.27691996
v -0.50519872 -0.41171905 0.30768996
v -0.50091124 -0.40586469 0.33845997
v -0.49231961 -0.40041164 0.37004909
v -0.48259926 -0.39317694 0.39999998
v -0.47803211 -0.38624430 0.41736364
v -0.48242596 -0.36922997 -0.42643204
v -0.49532160 -0.36923003 -0.40000001
v -0.50568891 -0.36642137 -0.36766034
v -0.50767398 -0.35428894 -0.35352251
v -0.50746065 -0.38424721 0.07280141
v -0.50689334 -0.38336378 0.09230995
v -0.50608033 -0.38208708 0.12307996
v -0.50535917 -0.38093549 0.15384996
v -0.50463682 -0.37982702 0.18461996
v -0.50541347 -0.38106692 0.20925297
v -0.50390023 -0.37950218 0.37665668
v -0.49885219 -0.36923730 0.40123624
v -0.48414660 -0.36824185 0.42888218
v -0.47939095 -0.35732308 0.45041373
v -0.48355722 -0.33845997 -0.42938653
v -0.49661672 -0.33846000 -0.39999998
v -0.50510514 -0.33846003 -0.36923000
v -0.50743568 -0.33846003 -0.35090250
v -0.50590134 -0.35126865 0.41231373
v -0.50156653 -0.33999318 0.43318829
v -0.48641509 -0.33858848 0.46101627
v -0.48064902 -0.32842073 0.48344240
v -0.48337165 -0.30769002 -0.42881191
v -0.49631441 -0.30769002 -0.39999998
v -0.50462878 -0.30769002 -0.36923000
v -0.50707603 -0.30769002 -0.34700254
v -0.50706524 -0.32203493 0.44506049
v -0.50232571 -0.31515586 0.46153998
v -0.49147919 -0.30649602 0.49088216
v -0.48178932 -0.29943246 0.51247537
v -0.48316479 -0.27692002 -0.42845413
v -0.49626851 -0.27692002 -0.39999998
v -0.50456083 -0.27692002 -0.36923000
v -0.50684714 -0.27692002 -0.34479988
v -0.50768036 -0.26189572 0.47688234
v -0.50118726 -0.27405745 0.48976117
v -0.48418388 -0.27692002 0.51467478
v -0.48298499 -0.24615002 -0.42812505
v -0.49609792 -0.24615002 -0.39999998
v -0.50443697 -0.24615002 -0.36923000
v -0.50671399 -0.24615002 -0.34341341
v -0.50714380 -0.24615002 0.47587317
v -0.49812162 -0.24615002 0.49230999
v -0.48328778 -0.24615002 0.51353461
v -0.48267844 -0.21538004 -0.42735091
v -0.49561191 -0.21538004 -0.39999998
v -0.50417596 -0.21538004 -0.36923000
v -0.50663251 -0.21538004 -0.34254804
v -0.50598514 -0.21538004 0.47373271
v -0.49513149 -0.21538004 0.49230999
v -0.48145634 -0.21538004 0.51148742
v -0.48277628 -0.18462002 -0.42681086
v -0.49556565 -0.18462002 -0.39999998
v -0.50393754 -0.18462002 -0.36923000
v -0.50653815 -0.18462002 -0.34354258
v -0.50482517 -0.18462002 0.47062591
v -0.49200699 -0.18462002 0.49230999
v -0.47949177 -0.18462002 0.50954419
v -0.48328969 -0.15385002 -0.42715311
v -0.49584681 -0.15385002 -0.39999998
v -0.50374925 -0.15385002 -0.36923000
v -0.50658208 -0.15385002 -0.34671277
v -0.50765103 -0.13867508 0.44602463
v -0.50406355 -0.15090105 0.46131569
v -0.48862830 -0.15385002 0.49230999
v -0.47774711 -0.15385002 0.50821781
v -0.48308310 -0.12308004 -0.42635137
v -0.49514037 -0.12308004 -0.39999998
v -0.50273103 -0.12308004 -0.36923000
v -0.50624341 -0.12075416 -0.33945817
v -0.50745404 -0.10895023 -0.32119954
v -0.50763631 -0.10796329 0.01325399
v -0.50737369 -0.10904931 0.03077000
v -0.50691640 -0.11093405 0.06153995
v -0.50646114 -0.11275569 0.09230995
v -0.50600398 -0.11457313 0.12307996
v -0.50554657 -0.11642788 0.15384996
v -0.50593603 -0.11542812 0.18461996
v -0.50693637 -0.11156652 0.20113148
v -0.50587988 -0.12308004 0.44111714
v -0.49855256 -0.12308004 0.46153998
v -0.48339882 -0.12605657 0.49259862
v -0.47696778 -0.13829423 0.50772619
v -0.48167193 -0.09231004 -0.42318210
v -0.49205202 -0.09231004 -0.39999998
v -0.49880004 -0.09231004 -0.36923000
v -0.50169063 -0.09231004 -0.33846003
v -0.50523984 -0.09255598 -0.30963975
v -0.50642556 -0.08245993 -0.28232038
v -0.50750232 -0.07780775 -0.20813341
v -0.50717318 -0.07928561 -0.18462002
v -0.50671226 -0.08135539 -0.15385002
v -0.50625128 -0.08342533 -0.12308004
v -0.50579041 -0.08549506 -0.09231004
v -0.50532943 -0.08756508 -0.06154004
v -0.50486857 -0.08963478 -0.03077003
v -0.50502783 -0.09473206 0.00180038
v -0.50359070 -0.09231004 0.03077000
v -0.50264573 -0.09231004 0.06153995
v -0.50173503 -0.09231004 0.09230995
v -0.50082201 -0.09231004 0.12307996
v -0.49988437 -0.09231004 0.15384996
v -0.50100487 -0.09231004 0.18461996
v -0.50515330 -0.09231004 0.20382704
v -0.50669354 -0.08134551 0.41259503
v -0.50285208 -0.09188733 0.42989492
v -0.49125469 -0.09231004 0.46153998
v -0.48116982 -0.09231004 0.48242182
v -0.47943950 -0.06154004 -0.41935906
v -0.48664087 -0.06154004 -0.40000004
v -0.49223453 -0.06154004 -0.36923000
v -0.49479669 -0.06154004 -0.33846003
v -0.49827397 -0.06154004 -0.30769002
v -0.50298983 -0.06454514 -0.27400821
v -0.50361496 -0.06130952 -0.24615002
v -0.50431693 -0.06450251 -0.21718407
v -0.50282300 -0.06154004 -0.18462002
v -0.50199336 -0.06154004 -0.15385002
v -0.50112760 -0.06154004 -0.12308004
v -0.50022870 -0.06154004 -0.09231004
v -0.49932876 -0.06154004 -0.06154004
v -0.49841934 -0.06154004 -0.03077003
v -0.49747515 -0.06154004 0.00000000
v -0.49651206 -0.06154004 0.03077000
v -0.49558735 -0.06154004 0.06153995
v -0.49469337 -0.06154004 0.09230995
v -0.49377534 -0.06154004 0.12307996
v -0.49294960 -0.06154004 0.15384996
v -0.49487603 -0.06154004 0.18461996
v -0.50242895 -0.06154004 0.20801361
v -0.50439972 -0.06154004 0.40627095
v -0.49522570 -0.06154004 0.43076998
v -0.48275256 -0.06154242 0.46249500
v -0.47835287 -0.07179734 0.47864473
v -0.47897738 -0.03077003 -0.41894922
v -0.48432994 -0.03077003 -0.40000004
v -0.48838621 -0.03077003 -0.36923000
v -0.49028116 -0.03077003 -0.33846003
v -0.49254918 -0.03077003 -0.30769002
v -0.49433863 -0.03077003 -0.27692002
v -0.49495101 -0.03077003 -0.24615002
v -0.49486524 -0.03077003 -0.21538004
v -0.49459702 -0.03077003 -0.18462002
v -0.49402800 -0.03077003 -0.15385002
v -0.49330428 -0.03077003 -0.12308004
v -0.49253935 -0.03077003 -0.09231004
v -0.49173591 -0.03077003 -0.06154004
v -0.49086952 -0.03077003 -0.03077003
v -0.48996946 -0.03077003 0.00000000
v -0.48910004 -0.03077003 0.03077000
v -0.48826143 -0.03077003 0.06153995
v -0.48745093 -0.03077003 0.09230995
v -0.48674953 -0.03077003 0.12307996
v -0.48630783 -0.03077003 0.15384996
v -0.48904377 -0.03077003 0.18461996
v -0.49980462 -0.03077003 0.21258862
v -0.50489593 -0.02466320 0.37632951
v -0.50002563 -0.03326194 0.39745972
v -0.48487431 -0.02800302 0.43363351
v -0.47964367 -0.03641835 0.45287833
v -0.48051932 0.00000000 -0.42170021
v -0.48625135 0.00000000 -0.39999998
v -0.48899522 0.00000000 -0.36923000
v -0.49021336 0.00000000 -0.33846003
v -0.49134076 0.00000000 -0.30769002
v -0.49129805 0.00000000 -0.27692002
v -0.49007916 0.00000000 -0.24615000
v -0.48918554 0.00000000 -0.21538004
v -0.48861879 0.00000000 -0.18462002
v -0.48782703 0.00000000 -0.15385002
v -0.48685774 0.00000000 -0.12308004
v -0.48577431 -0.00000000 -0.09231004
v -0.48462251 0.00000000 -0.06154004
v -0.48365852 0.00000000 -0.03077003
v -0.48289746 0.00000000 -0.00000000
v -0.48215461 0.00000000 0.03077000
v -0.48148721 0.00000000 0.06153995
v -0.48096931 0.00000000 0.09230995
v -0.48067412 0.00000000 0.12307996
v -0.48057157 0.00000000 0.15384996
v -0.48372385 0.00000000 0.18461996
v -0.49830580 -0.00274036 0.21834671
v -0.50590652 0.00568608 0.23952734
v -0.50732327 0.01385478 0.28670281
v -0.50661623 0.01099558 0.30768996
v -0.50516587 0.00606233 0.33845997
v -0.50115156 -0.00178574 0.36733371
v -0.48932010 0.00000000 0.39999998
v -0.48038274 -0.00000000 0.42493102
v -0.48172072 0.03077000 -0.42387918
v -0.48808143 0.03077000 -0.39999998
v -0.49030477 0.03077000 -0.36923000
v -0.49151993 0.03077000 -0.33846003
v -0.49235559 0.03077000 -0.30769002
v -0.49163765 0.03077000 -0.27692002
v -0.48958832 0.03077000 -0.24615002
v -0.48782295 0.03077000 -0.21538004
v -0.48656282 0.03077000 -0.18462002
v -0.48545158 0.03077000 -0.15385002
v -0.48423666 0.03077000 -0.12308004
v -0.48284686 0.03077000 -0.09231004
v -0.48140603 0.03077000 -0.06154004
v -0.48022562 0.03077001 -0.03077003
v -0.47930324 0.03077000 0.00000000
v -0.47837985 0.03077000 0.03077000
v -0.47758216 0.03098969 0.05954229
v -0.47754788 0.02213377 0.09230995
v -0.47749192 0.02007197 0.12307996
v -0.47748560 0.01947840 0.15384996
v -0.47939938 0.02932247 0.18418653
v -0.49106592 0.03077000 0.21537995
v -0.50319993 0.02844975 0.24833238
v -0.50453699 0.02844975 0.27663764
v -0.50175053 0.03077000 0.30768996
v -0.49855709 0.03077000 0.33845997
v -0.49150056 0.03077000 0.36922997
v -0.48130918 0.03041815 0.40085793
v -0.47786951 0.01992360 0.41821215
v -0.48263618 0.06153995 -0.42572042
v -0.48941737 0.06153995 -0.39999998
v -0.49108431 0.06153995 -0.36923000
v -0.49218708 0.06153995 -0.33846003
v -0.49248552 0.06153995 -0.30769002
v -0.49123177 0.06153995 -0.27692002
v -0.48915297 0.06153995 -0.24615002
v -0.48719594 0.06153995 -0.21538004
v -0.48563537 0.06153995 -0.18462002
v -0.48450667 0.06153995 -0.15385002
v -0.48347944 0.06153995 -0.12308004
v -0.48236519 0.06153995 -0.09231004
v -0.48117900 0.06153995 -0.06154004
v -0.48004344 0.06153995 -0.03077003
v -0.47902864 0.06153995 0.00000000
v -0.47802791 0.06153995 0.03077000
v -0.47718889 0.06367030 0.05954229
v -0.47697625 0.07534385 0.08018158
v -0.47877476 0.06153995 0.19049817
v -0.48805249 0.06153995 0.21537995
v -0.49687296 0.06153995 0.24614996
v -0.49697256 0.06153995 0.27691996
v -0.49453291 0.06153995 0.30768996
v -0.49139094 0.06153995 0.33845997
v -0.48492837 0.06153995 0.36922997
v -0.47869304 0.06153995 0.39088720
v -0.48345944 0.09230995 -0.42750236
v -0.49059087 0.09230995 -0.39999998
v -0.49173981 0.09230995 -0.36923000
v -0.49269408 0.09230995 -0.33846003
v -0.49238628 0.09230995 -0.30769002
v -0.49067432 0.09230995 -0.27692002
v -0.48866209 0.09230995 -0.24615002
v -0.48667973 0.09230995 -0.21538004
v -0.48486397 0.09230995 -0.18462002
v -0.48349577 0.09230995 -0.15385002
v -0.48253059 0.09230995 -0.12308004
v -0.48167455 0.09230995 -0.09231004
v -0.48082432 0.09230995 -0.06154004
v -0.47998613 0.09230995 -0.03077004
v -0.47918484 0.09230995 0.00000000
v -0.47840536 0.09230995 0.03077000
v -0.47765449 0.09230995 0.06153995
v -0.47711629 0.09282118 0.09118895
v -0.47700033 0.10342202 0.11488036
v -0.47926077 0.09230995 0.18775034
v -0.48815915 0.09230995 0.21537995
v -0.49492249 0.09230995 0.24614996
v -0.49377134 0.09230995 0.27691996
v -0.49132395 0.09230995 0.30768996
v -0.48829675 0.09230995 0.33845997
v -0.48230833 0.09230995 0.36922997
v -0.47758827 0.09230995 0.38729167
v -0.48409212 0.12307996 -0.42924321
v -0.49164823 0.12307996 -0.39999998
v -0.49251935 0.12307996 -0.36923000
v -0.49306068 0.12307996 -0.33846000
v -0.49214500 0.12307996 -0.30769002
v -0.49018407 0.12307996 -0.27692002
v -0.48823342 0.12307996 -0.24615002
v -0.48636115 0.12307996 -0.21538004
v -0.48457503 0.12307996 -0.18462002
v -0.48298433 0.12307996 -0.15385002
v -0.48192078 0.12307996 -0.12308004
v -0.48131156 0.12307996 -0.09231004
v -0.48082325 0.12307996 -0.06154004
v -0.48033041 0.12307996 -0.03077003
v -0.47977385 0.12307996 -0.00000000
v -0.47918338 0.12307996 0.03077000
v -0.47860873 0.12307996 0.06153995
v -0.47818625 0.12307996 0.09230995
v -0.47771233 0.12031970 0.12431218
v -0.47771916 0.12510630 0.15384996
v -0.47987992 0.12130932 0.18198827
v -0.48976359 0.12307996 0.21537995
v -0.49555713 0.12307996 0.24614996
v -0.49399599 0.12307996 0.27691996
v -0.49165577 0.12307996 0.30768996
v -0.48854998 0.12307996 0.33845997
v -0.48273316 0.12307996 0.36922997
v -0.47788909 0.12307996 0.38884297
v -0.47748688 0.16160835 -0.44711342
v -0.48361874 0.15234898 -0.43358445
v -0.49325708 0.15384996 -0.39999998
v -0.49404347 0.15384996 -0.36923000
v -0.49389067 0.15384996 -0.33845997
v -0.49239975 0.15384996 -0.30769002
v -0.49045771 0.15384996 -0.27692002
v -0.48862010 0.15384996 -0.24615002
v -0.48686716 0.15384996 -0.21538004
v -0.48519340 0.15384996 -0.18462002
v -0.48363081 0.15384996 -0.15385002
v -0.48251516 0.15384996 -0.12308004
v -0.48196414 0.15384996 -0.09231004
v -0.48163426 0.15384996 -0.06154004
v -0.48134959 0.15384996 -0.03077003
v -0.48101020 0.15384996 -0.00000000
v -0.48057067 0.15384996 0.03077000
v -0.48012394 0.15384996 0.06153995
v -0.47978526 0.15384996 0.09230995
v -0.47951475 0.15384996 0.12307996
v -0.47925013 0.15384996 0.15384996
v -0.48224699 0.15384996 0.18461996
v -0.49115229 0.15384996 0.21537995
v -0.49604183 0.15384996 0.24614996
v -0.49404526 0.15384996 0.27691996
v -0.49184459 0.15384996 0.30768996
v -0.48900366 0.15384996 0.33845997
v -0.48363703 0.15384996 0.36922997
v -0.47846922 0.15384996 0.39191517
v -0.47874671 0.18461996 -0.44911802
v -0.48768598 0.18461996 -0.43076998
v -0.49521676 0.18461996 -0.39999998
v -0.49573562 0.18461996 -0.36923000
v -0.49496993 0.18461996 -0.33845997
v -0.49318048 0.18461996 -0.30769002
v -0.49135697 0.18461996 -0.27692002
v -0.48957679 0.18461996 -0.24615002
v -0.48789799 0.18461996 -0.21538004
v -0.48636869 0.18461996 -0.18462002
v -0.48501587 0.18461996 -0.15385002
v -0.48392379 0.18461996 -0.12308004
v -0.48323965 0.18461996 -0.09231004
v -0.48288438 0.18461996 -0.06154004
v -0.48259753 0.18461996 -0.03077003
v -0.48227444 0.18461996 0.00000000
v -0.48188210 0.18461996 0.03077000
v -0.48148447 0.18461996 0.06153995
v -0.48116660 0.18461996 0.09230995
v -0.48089480 0.18461996 0.12307996
v -0.48062444 0.18461996 0.15384996
v -0.48364845 0.18461996 0.18461996
v -0.49197400 0.18461996 0.21537995
v -0.49611098 0.18461996 0.24614996
v -0.49404082 0.18461996 0.27691996
v -0.49192929 0.18461996 0.30768993
v -0.48926154 0.18461996 0.33845997
v -0.48431140 0.18461996 0.36922997
v -0.47893876 0.18461996 0.39488009
v -0.48083189 0.21537995 -0.45261282
v -0.49072948 0.21537995 -0.43077001
v -0.49683431 0.21537995 -0.39999998
v -0.49667579 0.21537995 -0.36923000
v -0.49547863 0.21537995 -0.33846003
v -0.49367037 0.21537995 -0.30769002
v -0.49193102 0.21537995 -0.27692002
v -0.49028674 0.21537995 -0.24615002
v -0.48880154 0.21537995 -0.21538004
v -0.48750162 0.21537995 -0.18462002
v -0.48633239 0.21537995 -0.15385002
v -0.48528939 0.21537995 -0.12308004
v -0.48456341 0.21537995 -0.09231004
v -0.48416463 0.21537995 -0.06154004
v -0.48382705 0.21537995 -0.03077004
v -0.48345026 0.21537995 0.00000000
v -0.48307240 0.21537995 0.03077000
v -0.48273128 0.21537995 0.06153995
v -0.48243284 0.21537995 0.09230995
v -0.48215157 0.21537995 0.12307996
v -0.48187339 0.21537995 0.15384996
v -0.48492718 0.21537995 0.18461996
v -0.49247795 0.21537995 0.21537995
v -0.49587047 0.21537995 0.24614996
v -0.49390554 0.21537995 0.27691996
v -0.49186206 0.21537995 0.30768996
v -0.48932147 0.21537995 0.33845997
v -0.48480201 0.21537995 0.36922997
v -0.47889313 0.21773358 0.40161681
v -0.47696972 0.22955601 0.41567039
v -0.48285359 0.24614996 -0.45669472
v -0.49361598 0.24614996 -0.43077001
v -0.49813062 0.24614996 -0.39999998
v -0.49710709 0.24614996 -0.36923000
v -0.49548641 0.24614996 -0.33846000
v -0.49376616 0.24614996 -0.30769002
v -0.49222803 0.24614996 -0.27692002
v -0.49087059 0.24614996 -0.24615002
v -0.48965603 0.24614996 -0.21538004
v -0.48852551 0.24614996 -0.18462002
v -0.48744932 0.24614996 -0.15385002
v -0.48645860 0.24614996 -0.12308004
v -0.48574558 0.24614996 -0.09231004
v -0.48530984 0.24614996 -0.06154004
v -0.48492944 0.24614996 -0.03077003
v -0.48454878 0.24614996 0.00000000
v -0.48419008 0.24614996 0.03077000
v -0.48386046 0.24614996 0.06153995
v -0.48356465 0.24614996 0.09230995
v -0.48327827 0.24614996 0.12307996
v -0.48299548 0.24614996 0.15384996
v -0.48607731 0.24614996 0.18461996
v -0.49274006 0.24614996 0.21537995
v -0.49515527 0.24614996 0.24614996
v -0.49313477 0.24614996 0.27691996
v -0.49116850 0.24614996 0.30768996
v -0.48886257 0.24614996 0.33845997
v -0.48489106 0.24614996 0.36922997
v -0.47982085 0.24614996 0.39999998
v -0.47715417 0.24614996 0.41689608
v -0.47726521 0.28935292 -0.47735533
v -0.48321646 0.27822775 -0.46352386
v -0.49613476 0.27691996 -0.43077004
v -0.49933714 0.27691996 -0.40000004
v -0.49755931 0.27691996 -0.36923000
v -0.49560893 0.27691996 -0.33845997
v -0.49383837 0.27691996 -0.30769002
v -0.49243781 0.27691996 -0.27692002
v -0.49131167 0.27691996 -0.24615002
v -0.49027407 0.27691996 -0.21538004
v -0.48926616 0.27691996 -0.18462002
v -0.48826849 0.27691996 -0.15385002
v -0.48736370 0.27691996 -0.12308004
v -0.48670757 0.27691996 -0.09231004
v -0.48625439 0.27691996 -0.06154004
v -0.48586065 0.27691996 -0.03077003
v -0.48550904 0.27691996 0.00000000
v -0.48516577 0.27691996 0.03077000
v -0.48480541 0.27691996 0.06153994
v -0.48445615 0.27691996 0.09230995
v -0.48413956 0.27691996 0.12307996
v -0.48378950 0.27691996 0.15384996
v -0.48663938 0.27691996 0.18461996
v -0.49214160 0.27691996 0.21537995
v -0.49354807 0.27691996 0.24614996
v -0.49152687 0.27691996 0.27691996
v -0.48961505 0.27691996 0.30768996
v -0.48749357 0.27691996 0.33845997
v -0.48397428 0.27691996 0.36922997
v -0.47896490 0.27883920 0.40281051
v -0.47718251 0.26986536 0.41711104
v -0.47803903 0.30768996 -0.47838411
v -0.48704320 0.30768996 -0.46153998
v -0.49828976 0.30768996 -0.43077001
v -0.50062859 0.30768996 -0.39999998
v -0.49858886 0.30768996 -0.36923000
v -0.49655589 0.30768996 -0.33846003
v -0.49458554 0.30768996 -0.30769002
v -0.49288663 0.30768996 -0.27692002
v -0.49162987 0.30768996 -0.24615000
v -0.49063724 0.30768996 -0.21538004
v -0.48969048 0.30768996 -0.18462002
v -0.48877057 0.30768996 -0.15385002
v -0.48796856 0.30768996 -0.12308004
v -0.48740321 0.30768996 -0.09231004
v -0.48698848 0.30768996 -0.06154004
v -0.48662108 0.30768996 -0.03077003
v -0.48627865 0.30768996 0.00000000
v -0.48591653 0.30768996 0.03077000
v -0.48550084 0.30768996 0.06153995
v -0.48501891 0.30768996 0.09230995
v -0.48454040 0.30768996 0.12307996
v -0.48404086 0.30768996 0.15384996
v -0.48637161 0.30768996 0.18461996
v -0.49062076 0.30768996 0.21537995
v -0.49131483 0.30768996 0.24614996
v -0.48946637 0.30768996 0.27691996
v -0.48766136 0.30768996 0.30768996
v -0.48564422 0.30768996 0.33845997
v -0.48238999 0.30768996 0.36922997
v -0.47858426 0.30768996 0.39708236
v -0.47887617 0.33845997 -0.47956300
v -0.48878920 0.33845997 -0.46153998
v -0.49961859 0.33845997 -0.43077004
v -0.50151467 0.33845997 -0.40000001
v -0.49955720 0.33845997 -0.36923000
v -0.49757850 0.33845997 -0.33846003
v -0.49559560 0.33845997 -0.30769002
v -0.49366477 0.33845997 -0.27692002
v -0.49198020 0.33845997 -0.24615003
v -0.49071553 0.33845997 -0.21538004
v -0.48974782 0.33845997 -0.18462002
v -0.48887101 0.33845997 -0.15385002
v -0.48809481 0.33845997 -0.12308004
v -0.48751342 0.33845997 -0.09231004
v -0.48707026 0.33845997 -0.06154004
v -0.48670354 0.33845997 -0.03077003
v -0.48630047 0.33845997 0.00000000
v -0.48581463 0.33845997 0.03077001
v -0.48531413 0.33845997 0.06153995
v -0.48469985 0.33845997 0.09230995
v -0.48395205 0.33845997 0.12307996
v -0.48317128 0.33845997 0.15384996
v -0.48514003 0.33845997 0.18461996
v -0.48857361 0.33845997 0.21537995
v -0.48878855 0.33845997 0.24614996
v -0.48710901 0.33845997 0.27691996
v -0.48543915 0.33845997 0.30768996
v -0.48358390 0.33845997 0.33845997
v -0.48059425 0.33846000 0.36922997
v -0.47776636 0.33845997 0.39119449
v -0.47932526 0.36922997 -0.48030317
v -0.48963073 0.36922997 -0.46153998
v -0.50002509 0.36922997 -0.43077001
v -0.50167149 0.36922997 -0.40000004
v -0.49992082 0.36922997 -0.36923003
v -0.49805728 0.36922997 -0.33846003
v -0.49616107 0.36922997 -0.30769002
v -0.49430576 0.36922994 -0.27692002
v -0.49245620 0.36922994 -0.24615000
v -0.49080747 0.36922994 -0.21538004
v -0.48955789 0.36922994 -0.18462002
v -0.48859432 0.36922994 -0.15385002
v -0.48779440 0.36922994 -0.12308003
v -0.48711786 0.36922997 -0.09231004
v -0.48650953 0.36922997 -0.06154004
v -0.48597988 0.36922997 -0.03077003
v -0.48543856 0.36922997 0.00000000
v -0.48473457 0.36922994 0.03077000
v -0.48398101 0.36922997 0.06153995
v -0.48320341 0.36922997 0.09230995
v -0.48233908 0.36922997 0.12307996
v -0.48142931 0.36922997 0.15384996
v -0.48331845 0.36922997 0.18461996
v -0.48634642 0.36922997 0.21537995
v -0.48623896 0.36922997 0.24614996
v -0.48468211 0.36922997 0.27691996
v -0.48311639 0.36922997 0.30768996
v -0.48140728 0.36922997 0.33845997
v -0.47849971 0.36865783 0.37048563
v -0.47717237 0.35801640 0.38658038
v -0.47865534 0.39999998 -0.47944549
v -0.48791754 0.39999998 -0.46154001
v -0.49756569 0.39999998 -0.43076998
v -0.49910140 0.39999998 -0.40000001
v -0.49789143 0.39999998 -0.36923000
v -0.49657205 0.39999998 -0.33846003
v -0.49511456 0.39999998 -0.30769002
v -0.49358490 0.39999998 -0.27692002
v -0.49205926 0.39999998 -0.24615000
v -0.49057165 0.39999998 -0.21538004
v -0.48923078 0.39999998 -0.18462002
v -0.48809460 0.39999998 -0.15385002
v -0.48711628 0.39999998 -0.12308004
v -0.48629594 0.39999998 -0.09231004
v -0.48548871 0.39999998 -0.06154004
v -0.48464307 0.39999998 -0.03077003
v -0.48384315 0.39999998 0.00000000
v -0.48298004 0.40000001 0.03077000
v -0.48207486 0.39999998 0.06153995
v -0.48122811 0.39999998 0.09230995
v -0.48043421 0.39999998 0.12307996
v -0.47966051 0.39999998 0.15384996
v -0.48158625 0.39999998 0.18461996
v -0.48424515 0.39999998 0.21537995
v -0.48388880 0.39999998 0.24614996
v -0.48244396 0.39999998 0.27691996
v -0.48095858 0.39999998 0.30768996
v -0.47938603 0.39999998 0.33845997
v -0.47773698 0.39999998 0.36076748
v -0.47748816 0.41667652 -0.47778365
v -0.48089710 0.42846990 -0.45933217
v -0.48790377 0.43076998 -0.43077001
v -0.48962736 0.43076998 -0.40000004
v -0.48928970 0.43076998 -0.36923000
v -0.48894739 0.43076998 -0.33846003
v -0.48851722 0.43077001 -0.30769002
v -0.48792654 0.43076998 -0.27692002
v -0.48703030 0.43076998 -0.24615000
v -0.48586535 0.43076998 -0.21538004
v -0.48469099 0.43076998 -0.18462002
v -0.48357147 0.43076998 -0.15385002
v -0.48253876 0.43076998 -0.12308004
v -0.48162413 0.43076998 -0.09231004
v -0.48010880 0.43322796 -0.06370992
v -0.48036402 0.42870101 -0.03077003
v -0.47987264 0.42770821 0.00000000
v -0.47941455 0.42662510 0.03077000
v -0.47898644 0.42535031 0.06153995
v -0.47858557 0.42397049 0.09230995
v -0.47820938 0.42248875 0.12307996
v -0.47785565 0.42096239 0.15384996
v -0.47880253 0.42962140 0.18558875
v -0.48099181 0.43076998 0.21537995
v -0.48060945 0.43076998 0.24614996
v -0.47951132 0.43076998 0.27691996
v -0.47818017 0.43226951 0.30630881
v -0.47767007 0.42311221 0.33845997
v -0.47715643 0.41806042 0.35585389
v -0.47757486 0.44706985 -0.44760692
v -0.47881132 0.44869700 -0.43077004
v -0.47977021 0.44994292 -0.40000001
v -0.47986868 0.45009035 -0.36923000
v -0.47996065 0.45023802 -0.33846000
v -0.48004687 0.45038572 -0.30769005
v -0.48006916 0.45048618 -0.27692002
v -0.47979486 0.45030844 -0.24615002
v -0.47923827 0.44980180 -0.21538004
v -0.47865894 0.44914791 -0.18462002
v -0.47813806 0.44839138 -0.15385002
v -0.47767752 0.44761041 -0.12308004
v -0.47722456 0.44676852 -0.09231004
v -0.47696516 0.44625512 -0.07540984
v -0.47750819 0.44831958 0.19648790
v -0.47783899 0.44948927 0.21537995
v -0.47768933 0.44893327 0.24614996
v -0.47728321 0.44749326 0.27691996
v -0.47701564 0.44651937 0.29512802
v -0.44670394 -0.44669905 -0.38583645
v -0.44885176 -0.44882879 -0.36923003
v -0.45130956 -0.45126554 -0.33846000
v -0.45239937 -0.45242375 -0.30769002
v -0.45339197 -0.45356855 -0.27692002
v -0.45431930 -0.45453167 -0.24615002
v -0.45505702 -0.45527354 -0.21538004
v -0.45583153 -0.45595708 -0.18462002
v -0.45688027 -0.45664012 -0.15385002
v -0.45808041 -0.45732012 -0.12308004
v -0.45902812 -0.45797181 -0.09231004
v -0.45956177 -0.45844740 -0.06154004
v -0.45967790 -0.45875716 -0.03077003
v -0.45908791 -0.45897141 -0.00000000
v -0.45813555 -0.45912033 0.03077000
v -0.45722181 -0.45929801 0.06153995
v -0.45632052 -0.45951575 0.09230995
v -0.45545638 -0.45916781 0.12307996
v -0.45465118 -0.45695153 0.15384996
v -0.45385557 -0.45409662 0.18461996
v -0.45532662 -0.45406389 0.21537995
v -0.46288061 -0.45467019 0.24811871
v -0.46154004 -0.45999897 0.27691996
v -0.46434793 -0.45602956 0.30987626
v -0.45686617 -0.45299101 0.33845997
v -0.45062840 -0.44907355 0.36205137
v -0.44808221 -0.41730925 -0.44853938
v -0.45259416 -0.42183620 -0.43077004
v -0.46001363 -0.42943516 -0.39644846
v -0.46423176 -0.43391666 -0.36923003
v -0.46668956 -0.43634990 -0.33846000
v -0.46777937 -0.43757844 -0.30769002
v -0.46877190 -0.43853486 -0.27692002
v -0.46969932 -0.43924940 -0.24615002
v -0.47043699 -0.43990010 -0.21538004
v -0.47121152 -0.44056618 -0.18462002
v -0.47226024 -0.44132638 -0.15385002
v -0.47346041 -0.44228780 -0.12308004
v -0.47440812 -0.44304532 -0.09231004
v -0.47494179 -0.44343698 -0.06154004
v -0.47505796 -0.44335559 -0.03077003
v -0.47446793 -0.44234473 -0.00000000
v -0.47351557 -0.44089413 0.03077000
v -0.47260183 -0.43949270 0.06153995
v -0.47170049 -0.43809962 0.09230995
v -0.47083634 -0.43674046 0.12307996
v -0.47003114 -0.43541983 0.15384996
v -0.46923554 -0.43420100 0.18461996
v -0.47070661 -0.43654495 0.21537995
v -0.47402763 -0.44168636 0.23917119
v -0.47647318 -0.44558719 0.32159376
v -0.47224620 -0.44093966 0.33845997
v -0.46360001 -0.43198729 0.37300637
v -0.45649466 -0.42416629 0.39999998
v -0.45003453 -0.41827288 0.42178014
v -0.45314130 -0.39999998 -0.45379692
v -0.46804303 -0.39958435 -0.43085289
v -0.47332335 -0.40956059 -0.40706038
v -0.47657168 -0.41491166 0.38396141
v -0.47187468 -0.40855694 0.39999998
v -0.46094847 -0.39921129 0.42983189
v -0.45135570 -0.39167166 0.45466089
v -0.44708642 -0.35649490 -0.47737017
v -0.45704490 -0.36774495 -0.46314597
v -0.47445130 -0.36923000 -0.44182205
v -0.47186235 -0.37784305 0.43788362
v -0.46228695 -0.37024474 0.46279064
v -0.45123872 -0.36066660 0.49230999
v -0.44638005 -0.35413572 0.50791675
v -0.44804722 -0.33846003 -0.47787049
v -0.46266156 -0.33846003 -0.46154004
v -0.47615436 -0.33846000 -0.44477654
v -0.47321823 -0.34892741 0.47092044
v -0.46726665 -0.33858842 0.49314541
v -0.45224971 -0.33845997 0.51331747
v -0.44883096 -0.30769002 -0.47826740
v -0.46312478 -0.30769002 -0.46154004
v -0.47583383 -0.30769002 -0.44420192
v -0.47456613 -0.31995246 0.50396234
v -0.46236363 -0.30894276 0.52397758
v -0.45016107 -0.29793307 0.53955102
v -0.44939300 -0.27692002 -0.47854352
v -0.46355847 -0.27692002 -0.46154004
v -0.47570547 -0.27692002 -0.44384414
v -0.46719882 -0.27692005 0.53005481
v -0.45181882 -0.27692005 0.53991330
v -0.44982144 -0.24615002 -0.47884408
v -0.46393493 -0.24615002 -0.46154004
v -0.47565347 -0.24615002 -0.44351503
v -0.46523318 -0.24615003 0.52891463
v -0.44985321 -0.24615003 0.53931338
v -0.44990242 -0.21538004 -0.47899106
v -0.46374166 -0.21538004 -0.46153998
v -0.47537926 -0.21538004 -0.44274092
v -0.45929211 -0.21592721 0.52839255
v -0.44754019 -0.22654533 0.53875107
v -0.44890481 -0.18462002 -0.47845462
v -0.46226126 -0.18462002 -0.46153998
v -0.47489646 -0.18462002 -0.44220084
v -0.46154001 -0.18462002 0.52144325
v -0.44737256 -0.16081943 -0.47758484
v -0.45735973 -0.15187566 -0.46439973
v -0.47463027 -0.15385002 -0.44254309
v -0.46154001 -0.15385002 0.51688194
v -0.45844615 -0.12308005 -0.45960343
v -0.47382617 -0.12308004 -0.44174141
v -0.47302675 -0.11778758 0.50305104
v -0.46228009 -0.12605657 0.51206791
v -0.45624143 -0.09231004 -0.45681542
v -0.47162142 -0.09231004 -0.43857211
v -0.46802655 -0.09231004 0.49781179
v -0.45264655 -0.09231004 0.51032501
v -0.45402279 -0.06154003 -0.45487356
v -0.46940276 -0.06154004 -0.43474910
v -0.47534919 -0.05129068 0.47338501
v -0.46189892 -0.06122179 0.49231800
v -0.44844866 -0.07115290 0.50856417
v -0.45405746 -0.03077003 -0.45532209
v -0.46943745 -0.03077003 -0.43433923
v -0.47676161 -0.01589834 0.44580254
v -0.47305459 -0.02800302 0.46249500
v -0.45682704 -0.03077003 0.48712623
v -0.45567182 0.00000000 -0.45711094
v -0.47105178 0.00000000 -0.43709022
v -0.47433391 -0.00000000 0.44032100
v -0.46491146 -0.00000000 0.46153998
v -0.45211756 0.00000000 0.48224589
v -0.45698416 0.03077000 -0.45862094
v -0.47236413 0.03077000 -0.43926919
v -0.47643349 0.04139613 0.06846382
v -0.47585869 0.03752375 0.09230995
v -0.47522852 0.03546195 0.12307996
v -0.47488940 0.03486839 0.15384996
v -0.47553930 0.03861743 0.17364426
v -0.47529900 0.04044357 0.41168323
v -0.47023058 0.03041815 0.42939129
v -0.45418915 0.03250382 0.46370134
v -0.44856319 0.02339971 0.47896412
v -0.45816201 0.06153995 -0.46005085
v -0.47354195 0.06153995 -0.44111043
v -0.47643349 0.05483723 0.06846382
v -0.47595638 0.06367030 0.09118894
v -0.47466800 0.06153995 0.12307996
v -0.47370777 0.06153995 0.15384996
v -0.47512016 0.06153995 0.17511821
v -0.47286043 0.06153995 0.40626723
v -0.46185863 0.06153995 0.43076998
v -0.45053822 0.06153995 0.45562172
v -0.44643697 0.10379396 -0.47712854
v -0.45685297 0.09304433 -0.46430454
v -0.47469851 0.09230995 -0.44289240
v -0.47672907 0.08290198 0.10070163
v -0.47643557 0.09282118 0.12431218
v -0.47549516 0.09230995 0.15384996
v -0.47595748 0.09230995 0.17237036
v -0.47093782 0.09230995 0.40267169
v -0.45765647 0.09230995 0.43076998
v -0.44825864 0.09230995 0.45036069
v -0.44708925 0.12307995 -0.47760487
v -0.46144018 0.12307996 -0.46153998
v -0.47589090 0.12307996 -0.44463319
v -0.47685996 0.10822622 0.13538699
v -0.47667676 0.10972635 0.15384996
v -0.47665572 0.10987557 0.16998048
v -0.47141790 0.12307996 0.40422300
v -0.45822880 0.12307996 0.43076998
v -0.44835091 0.12307996 0.44973052
v -0.44817111 0.15384996 -0.47836542
v -0.46605545 0.15234898 -0.45903605
v -0.47663751 0.14108831 -0.44572067
v -0.47292134 0.15384996 0.40729520
v -0.46116185 0.15384996 0.43076998
v -0.44978052 0.15384996 0.45150009
v -0.44953030 0.18461996 -0.47933176
v -0.46491030 0.18461996 -0.46449804
v -0.47438499 0.18461996 0.41026014
v -0.46401274 0.18461996 0.43076998
v -0.45116776 0.18461996 0.45285082
v -0.45196176 0.21537995 -0.48097214
v -0.46734178 0.21537995 -0.46799278
v -0.47571990 0.20904930 0.41294804
v -0.46919703 0.21773358 0.42786622
v -0.45278639 0.21537995 0.45412260
v -0.45595169 0.24614996 -0.48318091
v -0.47133169 0.24614996 -0.47207469
v -0.46974739 0.24614996 0.43228605
v -0.45436743 0.24614996 0.45535058
v -0.46332055 0.27822775 -0.48407459
v -0.47476089 0.26884624 -0.47509980
v -0.47673869 0.29037207 0.41493759
v -0.47142020 0.27883920 0.42873058
v -0.45480129 0.27691996 0.45620072
v -0.46154001 0.30768996 -0.48938727
v -0.47574973 0.30768996 0.41246238
v -0.46802405 0.30768996 0.43076998
v -0.45381430 0.30768996 0.45536092
v -0.46153998 0.33845997 -0.49268663
v -0.47355545 0.33845997 0.40657452
v -0.46414593 0.33845997 0.43076998
v -0.45213050 0.33845997 0.45322660
v -0.44634354 0.38313854 -0.50780529
v -0.45857412 0.37141910 -0.49756545
v -0.47591433 0.37853637 0.38158274
v -0.47170964 0.36865783 0.39810023
v -0.46007454 0.36922997 0.43076998
v -0.45045328 0.36922997 0.45140022
v -0.44634354 0.38578844 -0.50780529
v -0.45857412 0.39762506 -0.49670210
v -0.47425017 0.39999998 0.37615746
v -0.46650636 0.39999998 0.39999998
v -0.45662078 0.39999998 0.43076998
v -0.44898456 0.39999998 0.44972488
v -0.46035329 0.42846990 -0.48454976
v -0.46981546 0.43719649 -0.46811357
v -0.47637299 0.44512662 -0.05490318
v -0.47585151 0.44409099 -0.03077003
v -0.47540453 0.44309813 0.00000000
v -0.47495767 0.44201505 0.03077000
v -0.47445834 0.44074023 0.06153995
v -0.47395927 0.43936047 0.09230995
v -0.47346759 0.43787873 0.12307996
v -0.47311226 0.43635234 0.15384996
v -0.47430721 0.43911573 0.17598128
v -0.47629443 0.44352916 0.31564799
v -0.47516131 0.43850216 0.33845997
v -0.47165737 0.42930022 0.36736029
v -0.46195459 0.43076998 0.39999998
v -0.45300299 0.43076998 0.43076998
v -0.44729960 0.43076998 0.44764778
v -0.44930878 0.44901386 -0.47968972
v -0.45800295 0.45829520 -0.45715907
v -0.46260536 0.46407703 -0.43077004
v -0.46370542 0.46532294 -0.40000001
v -0.46386638 0.46547037 -0.36922997
v -0.46402729 0.46561801 -0.33846000
v -0.46418786 0.46576574 -0.30769002
v -0.46434829 0.46586621 -0.27692005
v -0.46447390 0.46568853 -0.24615002
v -0.46443316 0.46518189 -0.21538006
v -0.46423724 0.46452793 -0.18462002
v -0.46397820 0.46377140 -0.15385002
v -0.46373022 0.46299040 -0.12308004
v -0.46357045 0.46214855 -0.09231004
v -0.46572733 0.45852107 -0.06370992
v -0.46193153 0.46153998 -0.03077003
v -0.46119153 0.46153998 0.00000000
v -0.46068391 0.46153998 0.03077000
v -0.46032041 0.46153995 0.06153995
v -0.45996702 0.46153998 0.09230995
v -0.45962083 0.46153998 0.12307996
v -0.45973700 0.46153998 0.15384996
v -0.46726528 0.45975977 0.18558875
v -0.46963966 0.46486929 0.21537995
v -0.46919805 0.46431330 0.24614996
v -0.46838748 0.46287328 0.27691996
v -0.46905971 0.45867959 0.30630881
v -0.46444666 0.46153998 0.33845997
v -0.45895931 0.46153995 0.36922997
v -0.45165300 0.46232623 0.39786163
v -0.44856700 0.45114559 0.43076998
v -0.44626430 0.44637045 0.44632038
v -0.44619045 0.47694564 -0.44620466
v -0.44722539 0.47789666 -0.43077004
v -0.44832540 0.47890803 -0.40000001
v -0.44848639 0.47905436 -0.36922997
v -0.44864729 0.47920042 -0.33845997
v -0.44880787 0.47934595 -0.30769002
v -0.44896829 0.47949114 -0.27692002
v -0.44909391 0.47960371 -0.24615005
v -0.44905317 0.47958666 -0.21538004
v -0.44885725 0.47945327 -0.18462002
v -0.44859824 0.47928959 -0.15385002
v -0.44835019 0.47908202 -0.12308004
v -0.44819045 0.47890195 -0.09231004
v -0.44795945 0.47867560 -0.06154004
v -0.44762003 0.47834346 -0.03077003
v -0.44732699 0.47805700 0.00000000
v -0.44726628 0.47798991 0.03077001
v -0.44740209 0.47809491 0.06153996
v -0.44754779 0.47821352 0.09230995
v -0.44769326 0.47834805 0.12307996
v -0.44816476 0.47883183 0.15384996
v -0.45143113 0.48193017 0.18461996
v -0.45425966 0.48453298 0.21537995
v -0.45381802 0.48420808 0.24614996
v -0.45300749 0.48368910 0.27691996
v -0.45218381 0.48312372 0.30768996
v -0.45082536 0.48179203 0.33845997
v -0.44824207 0.47909257 0.36922997
v -0.44645432 0.47726163 0.38618270
v -0.41539431 -0.47692427 -0.16939379
v -0.41606233 -0.47711307 -0.15385002
v -0.41743869 -0.47748694 -0.12308004
v -0.41894701 -0.47786775 -0.09231004
v -0.41978884 -0.47802496 -0.06154004
v -0.41965613 -0.47782186 -0.03077003
v -0.42001799 -0.47768015 0.00000000
v -0.42122474 -0.47775128 0.03077000
v -0.42256129 -0.47783604 0.06153995
v -0.42397967 -0.47791716 0.09230995
v -0.42430937 -0.47800228 0.12307996
v -0.42105606 -0.47766995 0.14831342
v -0.41559669 -0.47695887 0.26109782
v -0.41583487 -0.47699410 0.27691996
v -0.41576982 -0.47697988 0.29259792
v -0.41681704 -0.44680402 -0.41694430
v -0.42855421 -0.44998622 -0.39765388
v -0.43077001 -0.45804659 -0.36923000
v -0.43077001 -0.46224827 -0.33845997
v -0.43077001 -0.46416062 -0.30769002
v -0.43077004 -0.46618676 -0.27692002
v -0.43077001 -0.46808136 -0.24615002
v -0.43077001 -0.46974763 -0.21538004
v -0.42770061 -0.47227460 -0.18163630
v -0.43145233 -0.47202012 -0.15385002
v -0.43282869 -0.47270012 -0.12308004
v -0.43433702 -0.47335178 -0.09231004
v -0.43517882 -0.47382739 -0.06154004
v -0.43504614 -0.47413719 -0.03077003
v -0.43540800 -0.47435144 0.00000000
v -0.43661475 -0.47450033 0.03077000
v -0.43795130 -0.47467798 0.06153995
v -0.43936968 -0.47489575 0.09230995
v -0.43969938 -0.47454783 0.12307996
v -0.43109766 -0.47319803 0.15668406
v -0.43077004 -0.46748412 0.18461996
v -0.43077004 -0.46644545 0.21537995
v -0.42782202 -0.47201556 0.24896269
v -0.43122488 -0.47372210 0.27691996
v -0.42792588 -0.47202450 0.30479074
v -0.43076998 -0.46272463 0.33845997
v -0.43134943 -0.45164004 0.37107879
v -0.42147574 -0.44733807 0.38759956
v -0.43077004 -0.42190087 -0.45393109
v -0.42855421 -0.43691605 -0.42863059
v -0.43733701 -0.44257903 -0.40634310
v -0.44199571 -0.44472218 0.38257134
v -0.43134946 -0.43805009 0.39871174
v -0.42903209 -0.42071515 0.43153208
v -0.41761342 -0.41583061 0.44722494
v -0.41975704 -0.38941374 -0.47791800
v -0.43031827 -0.39980024 -0.46936274
v -0.43813339 -0.41217828 0.44230011
v -0.43024018 -0.39986411 0.46119627
v -0.42234686 -0.38755000 0.48056161
v -0.43031827 -0.36774498 -0.47983775
v -0.44027707 -0.37701491 -0.47446987
v -0.44286692 -0.38316640 0.47516760
v -0.43187213 -0.37452650 0.49141693
v -0.43077004 -0.35770333 0.51056552
v -0.43077004 -0.33846003 -0.48334560
v -0.42852536 -0.33579740 0.52666032
v -0.41676888 -0.32376900 0.53860313
v -0.43077004 -0.30769002 -0.48446950
v -0.43728891 -0.31845304 0.53547984
v -0.42852536 -0.30799183 0.54051363
v -0.43077004 -0.27692002 -0.48568508
v -0.43077004 -0.27692002 0.54293370
v -0.43076998 -0.24615002 -0.48647165
v -0.43077004 -0.24615002 0.54159737
v -0.43076998 -0.21538004 -0.48626581
v -0.44187298 -0.20603867 0.53713769
v -0.43127584 -0.21592721 0.53969562
v -0.43077001 -0.18462002 -0.48517346
v -0.43127578 -0.18230447 0.53551435
v -0.42135298 -0.19101413 0.53902155
v -0.43357521 -0.15187566 -0.48218927
v -0.44570532 -0.14029945 -0.47655952
v -0.43077004 -0.15385002 0.52903557
v -0.42843747 -0.12308004 -0.48223266
v -0.44382745 -0.12308004 -0.47498342
v -0.43077004 -0.12308004 0.52172422
v -0.42521819 -0.09231004 -0.48127252
v -0.44060820 -0.09231004 -0.47219542
v -0.43077004 -0.09231004 0.51592249
v -0.42337793 -0.06154004 -0.48083067
v -0.43876797 -0.06154004 -0.47025356
v -0.44333014 -0.05064624 0.50599122
v -0.43215013 -0.06115576 0.51092029
v -0.42409593 -0.03077004 -0.48162249
v -0.43948591 -0.03077003 -0.47070211
v -0.43761933 -0.03077003 0.50251621
v -0.42222929 -0.03077003 0.50914443
v -0.42598802 -0.00000000 -0.48324457
v -0.44137800 -0.00000000 -0.47249097
v -0.42871338 -0.00103453 0.49851584
v -0.41708231 -0.01197756 0.50805098
v -0.42767796 0.03077000 -0.48505327
v -0.44306797 0.03077000 -0.47400093
v -0.44531989 0.04391968 0.47539559
v -0.43334395 0.03250382 0.48667288
v -0.42920902 0.06153995 -0.48684788
v -0.44459903 0.06153995 -0.47543085
v -0.44277990 0.06153995 0.47100171
v -0.42738986 0.06153995 0.48416153
v -0.43352112 0.09304434 -0.48607177
v -0.44561520 0.08327390 -0.47640088
v -0.43912357 0.09230995 0.46574071
v -0.42373353 0.09230995 0.48190492
v -0.43076998 0.12307996 -0.48978767
v -0.43798470 0.12307996 0.46511054
v -0.42259470 0.12307996 0.48152936
v -0.43076998 0.15384996 -0.49147451
v -0.43865454 0.15384996 0.46688011
v -0.42326450 0.15384996 0.48195589
v -0.43077001 0.18461996 -0.49358922
v -0.43903333 0.18461996 0.46823084
v -0.42364335 0.18461996 0.48188215
v -0.41659236 0.22279529 -0.50822616
v -0.42841944 0.21367714 -0.49844632
v -0.43944365 0.21537995 0.46950257
v -0.42405361 0.21537995 0.48172906
v -0.41839159 0.24614996 -0.50905979
v -0.43378159 0.24614996 -0.49857095
v -0.43998313 0.24614996 0.47073057
v -0.42459309 0.24614996 0.48160017
v -0.42111182 0.27691996 -0.51033300
v -0.43650183 0.27691996 -0.50092673
v -0.44039083 0.27691996 0.47158074
v -0.42500079 0.27691996 0.48131144
v -0.42435920 0.30768996 -0.51182622
v -0.43974918 0.30768996 -0.50331318
v -0.43977296 0.30768996 0.47074091
v -0.42438295 0.30768996 0.48094225
v -0.42745408 0.33845997 -0.51332998
v -0.44284409 0.33845997 -0.50543368
v -0.43788964 0.33845997 0.46860662
v -0.42249963 0.33845997 0.48021483
v -0.43307152 0.37141910 -0.51352680
v -0.44486585 0.36261854 -0.50681823
v -0.43568289 0.36922997 0.46678025
v -0.42029285 0.36922997 0.47907344
v -0.43285242 0.39762506 -0.51376283
v -0.44450068 0.40629515 -0.50652289
v -0.43348378 0.39999998 0.46510491
v -0.41809374 0.39999998 0.47798672
v -0.42398068 0.42468634 -0.51232237
v -0.43285245 0.43327579 -0.50209725
v -0.42834315 0.43208450 0.46553445
v -0.41646528 0.42270088 0.47731078
v -0.43077004 0.45553970 -0.48618945
v -0.43077004 0.47091973 -0.46867841
v -0.44333020 0.47310373 0.40668941
v -0.43811941 0.46652561 0.43076998
v -0.42911345 0.45859021 0.45367536
v -0.43077004 0.48124093 -0.45329845
v -0.43077001 0.48802996 -0.43077004
v -0.43077001 0.49089283 -0.40000004
v -0.43077001 0.49144870 -0.36923000
v -0.43077001 0.49176961 -0.33846003
v -0.43077001 0.49208862 -0.30769002
v -0.43077001 0.49240592 -0.27692002
v -0.43077001 0.49267146 -0.24615003
v -0.43077001 0.49277112 -0.21538004
v -0.43077001 0.49259531 -0.18462002
v -0.43077001 0.49224773 -0.15385002
v -0.43077001 0.49185628 -0.12308004
v -0.43077001 0.49149242 -0.09231004
v -0.43077004 0.49110597 -0.06154004
v -0.43077001 0.49058652 -0.03077003
v -0.43077001 0.49003461 0.00000000
v -0.43077001 0.48970717 0.03077000
v -0.43077001 0.48966587 0.06153995
v -0.43077001 0.48982781 0.09230995
v -0.43077001 0.49011326 0.12307996
v -0.43077001 0.49137938 0.15384996
v -0.42933473 0.49854192 0.18409812
v -0.43468651 0.49992293 0.21537995
v -0.43430540 0.49959803 0.24614996
v -0.43392351 0.49907908 0.27691996
v -0.43345764 0.49851370 0.30768996
v -0.42865714 0.49897665 0.33976290
v -0.43077004 0.49223733 0.36922997
v -0.43215013 0.48514089 0.39786157
v -0.42272940 0.48245859 0.43076998
v -0.41774902 0.47872615 0.44872487
v -0.41811785 0.50947982 0.19400354
v -0.41929650 0.51024556 0.21537995
v -0.41891539 0.50999683 0.24614996
v -0.41853350 0.50974780 0.27691996
v -0.41806763 0.50943786 0.30768996
v -0.41698852 0.50873494 0.33037817
v -0.38498130 -0.47699490 -0.29396439
v -0.38704509 -0.47740632 -0.27692002
v -0.39100012 -0.47815186 -0.24615002
v -0.39534074 -0.47889602 -0.21538004
v -0.40211979 -0.47909775 -0.18163630
v -0.39999998 -0.48054501 -0.15385002
v -0.39999998 -0.48150480 -0.12308004
v -0.40000004 -0.48232967 -0.09231004
v -0.40000001 -0.48277637 -0.06154004
v -0.39999998 -0.48245075 -0.03077003
v -0.39999998 -0.48173672 0.00000000
v -0.40000004 -0.48116696 0.03077000
v -0.40000004 -0.48079720 0.06153995
v -0.40000001 -0.48065001 0.09230995
v -0.40000001 -0.48066124 0.12307996
v -0.40295666 -0.47935352 0.15668406
v -0.39437386 -0.47843751 0.18461996
v -0.39112550 -0.47804308 0.21537995
v -0.40035796 -0.47872281 0.24896269
v -0.40000001 -0.47960496 0.27691996
v -0.40000004 -0.47811720 0.29811665
v -0.40000001 -0.44896883 -0.42191985
v -0.40000001 -0.45869917 -0.40000001
v -0.40000001 -0.46830523 -0.36922997
v -0.40000001 -0.47164056 -0.33845997
v -0.39714080 -0.47377771 -0.30561060
v -0.40242508 -0.47415826 -0.27692002
v -0.40638009 -0.47508970 -0.24615002
v -0.41072077 -0.47601414 -0.21538004
v -0.41378632 -0.47662154 -0.18990050
v -0.41518107 -0.47683474 0.16883348
v -0.40975386 -0.47492751 0.18461996
v -0.40650547 -0.47392157 0.21537995
v -0.41084990 -0.47549346 0.24057786
v -0.40000004 -0.47459191 0.31350663
v -0.40000004 -0.46799612 0.33845997
v -0.40000001 -0.45820063 0.36922997
v -0.40000001 -0.44941643 0.39272892
v -0.40000001 -0.42714480 -0.45947433
v -0.40000001 -0.44253480 -0.43730986
v -0.40000004 -0.44131410 0.40810895
v -0.40000004 -0.42811257 0.43076998
v -0.40000001 -0.41756850 0.45090953
v -0.40000001 -0.39509019 -0.47928742
v -0.40000001 -0.41047019 -0.47485429
v -0.39999998 -0.40683913 0.46628955
v -0.40000001 -0.39145911 0.48531738
v -0.39999998 -0.36923000 -0.48532355
v -0.40000001 -0.37890452 0.50070739
v -0.40000001 -0.36351454 0.51481521
v -0.40000004 -0.33846000 -0.48978001
v -0.40000001 -0.34187824 0.53019524
v -0.40000001 -0.32649824 0.53916931
v -0.40000001 -0.30769002 -0.49144000
v -0.39999998 -0.30769002 0.54278958
v -0.40000001 -0.27692002 -0.49306101
v -0.40000001 -0.27692002 0.54509705
v -0.40000004 -0.24615002 -0.49358335
v -0.40000004 -0.24615002 0.54348695
v -0.40000004 -0.21538004 -0.49279705
v -0.40000001 -0.21538004 0.54143029
v -0.40000001 -0.18462002 -0.49157941
v -0.40000001 -0.17280535 0.53736317
v -0.40000001 -0.18818538 0.53942013
v -0.39999998 -0.15385002 -0.49003780
v -0.40000001 -0.15385002 0.53177863
v -0.40000001 -0.12308004 -0.48819157
v -0.39999998 -0.12308004 0.52384442
v -0.39999998 -0.09231004 -0.48610735
v -0.40000004 -0.09231004 0.51813012
v -0.40000004 -0.06154004 -0.48537210
v -0.40000001 -0.06154004 0.51392579
v -0.40000001 -0.03077003 -0.48732859
v -0.40000001 -0.03077003 0.51020688
v -0.40000001 -0.00000000 -0.49096990
v -0.40000001 0.00354089 0.50447476
v -0.40000001 -0.01183913 0.50806224
v -0.40000001 0.03077000 -0.49534062
v -0.40000004 0.03077000 0.49751067
v -0.40000001 0.06153995 -0.49957860
v -0.40000001 0.06153995 0.49037772
v -0.38559857 0.10557979 -0.50780803
v -0.39751115 0.09411584 -0.50376326
v -0.40000001 0.09230995 0.48558995
v -0.38882992 0.12307996 -0.50828284
v -0.40420991 0.12307996 -0.50449282
v -0.40000004 0.12307996 0.48490426
v -0.39340636 0.15384996 -0.50914472
v -0.40878636 0.15384996 -0.50541908
v -0.40000001 0.15384996 0.48587966
v -0.39706379 0.18461996 -0.51012129
v -0.41244379 0.18461996 -0.50656748
v -0.39999998 0.18461996 0.48617625
v -0.40263072 0.21367714 -0.51098102
v -0.41463789 0.20228858 -0.50739431
v -0.40000001 0.21537995 0.48642591
v -0.40000001 0.24614996 -0.51432061
v -0.40000001 0.24614996 0.48658818
v -0.40000001 0.27691996 -0.51724529
v -0.40000004 0.27691996 0.48632836
v -0.40000004 0.30768996 -0.52057135
v -0.40000001 0.30768996 0.48591435
v -0.40000004 0.33845997 -0.52398902
v -0.40000004 0.33845997 0.48512852
v -0.40000001 0.36922997 -0.52765512
v -0.40000001 0.36922997 0.48357895
v -0.39999998 0.39999998 -0.52877921
v -0.40000001 0.39999998 0.48159435
v -0.40230942 0.43327579 -0.51793689
v -0.41410241 0.44520631 -0.50702953
v -0.41441235 0.44322085 0.47646701
v -0.40249538 0.43208450 0.47924167
v -0.39359573 0.45120561 -0.51130909
v -0.40386057 0.46376237 -0.49437723
v -0.41412541 0.47631907 -0.47613993
v -0.40249538 0.46239758 0.47054920
v -0.39390567 0.45271599 0.47834560
v -0.39361873 0.48023701 -0.48172495
v -0.40232325 0.48826203 -0.46414796
v -0.39973176 0.50324905 -0.43276936
v -0.40806377 0.50429481 -0.40000001
v -0.40943205 0.50470430 -0.36922997
v -0.40991515 0.50487918 -0.33845997
v -0.41023350 0.50505263 -0.30769002
v -0.41055155 0.50522476 -0.27692002
v -0.41086930 0.50537777 -0.24615002
v -0.41112453 0.50549448 -0.21538004
v -0.41103750 0.50545204 -0.18462002
v -0.41065568 0.50526816 -0.15385002
v -0.41025570 0.50508422 -0.12308004
v -0.40984905 0.50490040 -0.09231004
v -0.40944657 0.50474036 -0.06154004
v -0.40899572 0.50455308 -0.03077003
v -0.40867209 0.50428760 0.00000000
v -0.40824234 0.50402725 0.03077000
v -0.40775347 0.50388098 0.06153995
v -0.40774819 0.50392425 0.09230995
v -0.40799800 0.50407517 0.12307996
v -0.40967971 0.50485754 0.15384996
v -0.41261706 0.50627631 0.17349692
v -0.41421315 0.50718504 0.35088488
v -0.41049731 0.50545466 0.36922997
v -0.40404215 0.50232989 0.39999998
v -0.39721179 0.49742359 0.42805520
v -0.40000001 0.48297554 0.45391622
v -0.38929960 0.50851971 -0.42384222
v -0.39268374 0.50919890 -0.39999998
v -0.39405203 0.50964522 -0.36922997
v -0.39453512 0.50993812 -0.33846000
v -0.39485347 0.51018584 -0.30769002
v -0.39517152 0.51046723 -0.27692002
v -0.39548928 0.51076865 -0.24615002
v -0.39574450 0.51105326 -0.21538004
v -0.39565748 0.51129586 -0.18462002
v -0.39527565 0.51149732 -0.15385002
v -0.39487571 0.51169002 -0.12308004
v -0.39446908 0.51176745 -0.09231004
v -0.39406660 0.51171863 -0.06154004
v -0.39361572 0.51172793 -0.03077003
v -0.39329213 0.51190341 0.00000000
v -0.39286241 0.51192504 0.03077000
v -0.39237350 0.51169837 0.06153995
v -0.39236820 0.51156914 0.09230995
v -0.39261800 0.51155394 0.12307996
v -0.39429969 0.51248914 0.15384996
v -0.40141821 0.51528329 0.18409812
v -0.39999998 0.52064729 0.21537995
v -0.39999998 0.52006090 0.24614996
v -0.39999998 0.51947415 0.27691996
v -0.39999998 0.51814854 0.30768996
v -0.40237588 0.51357019 0.33976290
v -0.39511731 0.51172096 0.36922997
v -0.38866216 0.50922370 0.39999998
v -0.38509962 0.50787634 0.41598535
v -0.36013547 -0.47820631 -0.36309931
v -0.36479729 -0.47910565 -0.33845997
v -0.37114057 -0.47913709 -0.30561060
v -0.36923000 -0.48072708 -0.27692002
v -0.36923000 -0.48219055 -0.24615002
v -0.36923000 -0.48370540 -0.21538004
v -0.36923000 -0.48521784 -0.18462002
v -0.36923000 -0.48669922 -0.15385002
v -0.36923000 -0.48811206 -0.12308004
v -0.36923000 -0.48934287 -0.09231004
v -0.36923000 -0.49030733 -0.06154004
v -0.36923000 -0.49048036 -0.03077003
v -0.36923000 -0.48941296 0.00000000
v -0.36923000 -0.48778298 0.03077000
v -0.36923000 -0.48637474 0.06153995
v -0.36923000 -0.48538634 0.09230995
v -0.36923000 -0.48469308 0.12307996
v -0.36923000 -0.48402196 0.15384996
v -0.36923000 -0.48235765 0.18461996
v -0.36923000 -0.48187637 0.21537995
v -0.36923000 -0.48382825 0.24614996
v -0.36923000 -0.48431164 0.27691996
v -0.36894101 -0.47992507 0.30908653
v -0.35848832 -0.47743598 0.32501671
v -0.35533264 -0.44641376 -0.44648018
v -0.36704761 -0.45136958 -0.43198529
v -0.36923000 -0.46590006 -0.39999998
v -0.36992925 -0.47487283 -0.37170759
v -0.38018730 -0.47603786 -0.33846000
v -0.38267425 -0.47654036 -0.31448433
v -0.37900832 -0.47613296 0.32027757
v -0.36894098 -0.47262922 0.33654600
v -0.36923000 -0.46264225 0.36922997
v -0.36923870 -0.45145053 0.40162343
v -0.35898447 -0.44714347 0.41780350
v -0.36126494 -0.41682053 -0.47764182
v -0.36855879 -0.43082091 -0.46145859
v -0.37585267 -0.44482121 -0.44305554
v -0.37950453 -0.44441041 0.41295901
v -0.36923870 -0.43718404 0.42914605
v -0.36922997 -0.42086226 0.45700109
v -0.37060696 -0.40242392 -0.48059654
v -0.38178492 -0.41429317 -0.47643700
v -0.36922997 -0.41167653 0.47238114
v -0.36803308 -0.39454627 0.49376494
v -0.35697517 -0.38559508 0.50843686
v -0.36922997 -0.36923000 -0.48891836
v -0.37749520 -0.38240406 0.50499487
v -0.36803311 -0.37097842 0.51653045
v -0.36922997 -0.33845997 -0.49387830
v -0.36922997 -0.34665459 0.53356546
v -0.36922997 -0.33127460 0.54015911
v -0.36923003 -0.30769002 -0.49562049
v -0.36923003 -0.30769002 0.54440510
v -0.36923003 -0.27692002 -0.49634689
v -0.36922997 -0.27692002 0.54621243
v -0.36923000 -0.24615002 -0.49593985
v -0.36923003 -0.24615002 0.54427767
v -0.36922997 -0.21538004 -0.49482042
v -0.36923003 -0.21538004 0.54163766
v -0.36922997 -0.18462002 -0.49328750
v -0.36923003 -0.17663497 0.53597379
v -0.36922997 -0.19201498 0.53932631
v -0.36922997 -0.15385002 -0.49130684
v -0.36922997 -0.15385002 0.52927005
v -0.36922997 -0.12308004 -0.48905286
v -0.36923000 -0.12308004 0.52177906
v -0.36922997 -0.09231004 -0.48667797
v -0.36923003 -0.09231004 0.51644826
v -0.36923003 -0.06154004 -0.48630071
v -0.36923003 -0.06154004 0.51264703
v -0.36923000 -0.03077003 -0.48907012
v -0.35990754 -0.01738948 0.50715280
v -0.36979255 -0.02889771 0.50906050
v -0.36922997 0.00000000 -0.49355552
v -0.36979255 -0.00228477 0.50406444
v -0.38042760 -0.01406130 0.50783199
v -0.36922997 0.03077000 -0.49869519
v -0.36922997 0.03077000 0.49588075
v -0.36922997 0.06153995 -0.50343853
v -0.36922997 0.06153995 0.48857215
v -0.36923000 0.10000383 -0.50811082
v -0.36922997 0.08461379 -0.50665385
v -0.36923003 0.09230995 0.48329163
v -0.36922997 0.12307996 -0.50940800
v -0.36923003 0.12307996 0.48245341
v -0.36923000 0.15384996 -0.51125896
v -0.36922997 0.15384996 0.48359782
v -0.36923000 0.18461996 -0.51344091
v -0.36922997 0.18461996 0.48443067
v -0.36923003 0.21537995 -0.51635003
v -0.36922997 0.21537995 0.48529470
v -0.36923000 0.24614996 -0.51989329
v -0.36923000 0.24614996 0.48593143
v -0.36923000 0.27691996 -0.52363962
v -0.36923000 0.27691996 0.48612496
v -0.36922997 0.30768996 -0.52757192
v -0.36923003 0.30768996 0.48617297
v -0.36922997 0.33845997 -0.53141356
v -0.36923003 0.33845997 0.48612788
v -0.35793558 0.38055065 -0.53889561
v -0.36860934 0.36986640 -0.53577667
v -0.36922997 0.36922997 0.48560685
v -0.35791016 0.39999998 -0.53888077
v -0.37330016 0.39999998 -0.53665960
v -0.36922997 0.39999998 0.48434073
v -0.35517129 0.41579387 -0.53858542
v -0.36695078 0.42794028 -0.53027493
v -0.36922997 0.43076998 0.48263052
v -0.36922997 0.45459753 -0.51391613
v -0.36923000 0.46997756 -0.50005221
v -0.36922997 0.47259608 0.47402367
v -0.36922997 0.45721605 0.47931546
v -0.36923000 0.48185337 -0.48466220
v -0.36923000 0.49630344 -0.46154001
v -0.36922997 0.50676006 -0.44209236
v -0.36922997 0.50236052 0.43353093
v -0.36922997 0.48697051 0.45864365
v -0.36922997 0.50884652 -0.42670235
v -0.36923000 0.51064205 -0.39999998
v -0.36923000 0.51174039 -0.36923000
v -0.36923000 0.51249999 -0.33846000
v -0.36923000 0.51308525 -0.30769002
v -0.36923000 0.51365566 -0.27692002
v -0.36923000 0.51426977 -0.24615003
v -0.36923000 0.51483727 -0.21538004
v -0.36923000 0.51532120 -0.18462002
v -0.36923000 0.51577348 -0.15385002
v -0.36923000 0.51624256 -0.12308004
v -0.36923000 0.51652145 -0.09231004
v -0.36923000 0.51653230 -0.06154004
v -0.36923000 0.51656061 -0.03077003
v -0.36923000 0.51699454 0.00000000
v -0.36923003 0.51758707 0.03077000
v -0.36923000 0.51786327 0.06153994
v -0.36923000 0.51794136 0.09230995
v -0.36923000 0.51791197 0.12307996
v -0.36923000 0.51999116 0.15384996
v -0.36923000 0.52671307 0.18461996
v -0.36923000 0.53097868 0.21537995
v -0.36923000 0.53029132 0.24614996
v -0.36923000 0.52946353 0.27691996
v -0.36923000 0.52687401 0.30768996
v -0.36923000 0.52213299 0.33845997
v -0.36923000 0.51697850 0.36922997
v -0.36923000 0.51193857 0.39999998
v -0.36922997 0.50855923 0.41814095
v -0.33208534 -0.47796464 -0.38732007
v -0.34078720 -0.47993574 -0.37170759
v -0.33845997 -0.48356992 -0.33845997
v -0.33846000 -0.48494366 -0.30769002
v -0.33846003 -0.48636240 -0.27692002
v -0.33846000 -0.48783883 -0.24615002
v -0.33846003 -0.48939958 -0.21538004
v -0.33846003 -0.49102730 -0.18462002
v -0.33846003 -0.49270689 -0.15385002
v -0.33846003 -0.49444735 -0.12308004
v -0.33846003 -0.49605215 -0.09231004
v -0.33846003 -0.49748775 -0.06154004
v -0.33846003 -0.49835289 -0.03077003
v -0.33845997 -0.49810690 0.00000000
v -0.33846000 -0.49639067 0.03077000
v -0.33846003 -0.49396729 0.06153995
v -0.33846003 -0.49198177 0.09230995
v -0.33846003 -0.49038470 0.12307996
v -0.33846003 -0.48909956 0.15384996
v -0.33846003 -0.48758394 0.18461996
v -0.33846003 -0.48755231 0.21537995
v -0.33846003 -0.48880753 0.24614996
v -0.33846003 -0.48825860 0.27691996
v -0.33846003 -0.48359185 0.30768996
v -0.33846000 -0.47836646 0.32844782
v -0.33846000 -0.44777113 -0.44837654
v -0.33846003 -0.45703882 -0.43077001
v -0.34078723 -0.47194499 -0.39854407
v -0.35259199 -0.47677812 -0.38361931
v -0.33846000 -0.47343954 0.34382784
v -0.33846003 -0.46559992 0.36922997
v -0.33846003 -0.45627737 0.39999998
v -0.33846000 -0.44873700 0.42209926
v -0.33846000 -0.41892847 -0.47862193
v -0.33846000 -0.43431848 -0.46375653
v -0.33846003 -0.44017896 0.43748924
v -0.33985081 -0.42375249 0.46397620
v -0.33052468 -0.41678885 0.47974631
v -0.33845997 -0.39999998 -0.48417202
v -0.35103133 -0.41450652 0.47585371
v -0.33985078 -0.40563530 0.49092779
v -0.33846000 -0.38847423 0.51057714
v -0.33845997 -0.36923000 -0.49185514
v -0.33846000 -0.36923000 0.52433568
v -0.33846000 -0.33846000 -0.49685341
v -0.33845997 -0.35143614 0.53683853
v -0.33846000 -0.33605614 0.54113919
v -0.33846000 -0.30769002 -0.49801770
v -0.33846000 -0.30769002 0.54595387
v -0.33846000 -0.27692002 -0.49757189
v -0.33846000 -0.27692002 0.54707092
v -0.33846000 -0.24615002 -0.49644148
v -0.33846000 -0.24615002 0.54448497
v -0.33846000 -0.21538004 -0.49499103
v -0.33846000 -0.21538004 0.54109931
v -0.33846000 -0.18462002 -0.49337381
v -0.33846000 -0.18096402 0.53462362
v -0.33846000 -0.19634405 0.53887057
v -0.33846000 -0.15385002 -0.49140459
v -0.33846000 -0.15385002 0.52682531
v -0.33845997 -0.12308004 -0.48900592
v -0.33846000 -0.12308004 0.51971632
v -0.33846000 -0.09231004 -0.48641622
v -0.33846000 -0.09231004 0.51464093
v -0.33846000 -0.06154004 -0.48640487
v -0.33846000 -0.06154004 0.51112741
v -0.33845997 -0.03077003 -0.48988444
v -0.33846000 -0.02155447 0.50610828
v -0.33846000 -0.03694448 0.50862116
v -0.33845997 -0.00000000 -0.49458238
v -0.33846000 0.00000000 0.50080192
v -0.33846000 0.03077000 -0.49939170
v -0.33845997 0.03077000 0.49364185
v -0.33846000 0.06153995 -0.50398314
v -0.33845997 0.06153995 0.48647881
v -0.33846000 0.09727444 -0.50828934
v -0.33846000 0.08188441 -0.50699121
v -0.33846000 0.09230995 0.48126414
v -0.33846000 0.12307996 -0.50986189
v -0.33846000 0.12307996 0.48021239
v -0.33846000 0.15384996 -0.51195294
v -0.33845997 0.15384996 0.48124978
v -0.33846000 0.18461996 -0.51449990
v -0.33845997 0.18461996 0.48229951
v -0.33846003 0.21537995 -0.51793897
v -0.33845997 0.21537995 0.48325992
v -0.33846000 0.24614996 -0.52221739
v -0.33846000 0.24614996 0.48400456
v -0.33846000 0.27691996 -0.52687389
v -0.33845997 0.27691996 0.48443663
v -0.33846000 0.30768996 -0.53169394
v -0.33846000 0.30768996 0.48474535
v -0.32702973 0.34890518 -0.53889608
v -0.33775383 0.33857507 -0.53615063
v -0.33846000 0.33845997 0.48490220
v -0.33775383 0.36986637 -0.53992760
v -0.34753641 0.36003065 -0.53749365
v -0.33846000 0.36922997 0.48476377
v -0.33846000 0.39999998 -0.54086506
v -0.33845997 0.39999998 0.48426807
v -0.33846000 0.41799238 -0.53935766
v -0.33846000 0.43338236 -0.53054059
v -0.33845997 0.43076998 0.48327008
v -0.33846000 0.45558313 -0.51516062
v -0.33846000 0.47096315 -0.50070417
v -0.33846000 0.47514510 0.47573084
v -0.33846000 0.45976505 0.47975546
v -0.33845997 0.48176828 -0.48531416
v -0.33845997 0.49551862 -0.46154004
v -0.33846000 0.50606036 -0.43900186
v -0.33846000 0.50351298 0.43657196
v -0.33846000 0.48812300 0.46035084
v -0.33845997 0.50859523 -0.42361188
v -0.33846003 0.51030898 -0.40000001
v -0.33846003 0.51167566 -0.36923000
v -0.33846003 0.51272207 -0.33846003
v -0.33846003 0.51358819 -0.30769002
v -0.33846003 0.51430917 -0.27692002
v -0.33846003 0.51502740 -0.24615003
v -0.33846003 0.51565564 -0.21538004
v -0.33846003 0.51617390 -0.18462002
v -0.33846003 0.51669967 -0.15385002
v -0.33845997 0.51729608 -0.12308004
v -0.33846000 0.51779544 -0.09231004
v -0.33846003 0.51800036 -0.06154004
v -0.33846003 0.51806557 -0.03077003
v -0.33846003 0.51848286 0.00000000
v -0.33846003 0.51952982 0.03077000
v -0.33846003 0.52074414 0.06153995
v -0.33846003 0.52173835 0.09230995
v -0.33846003 0.52233696 0.12307996
v -0.33846003 0.52513534 0.15384996
v -0.33575538 0.53325570 0.18745744
v -0.33575538 0.53637910 0.21503022
v -0.33846000 0.53523350 0.24614996
v -0.33846000 0.53363538 0.27691996
v -0.33846000 0.52982312 0.30768996
v -0.33846000 0.52458966 0.33845997
v -0.33846000 0.51927733 0.36922997
v -0.33846000 0.51408088 0.39999998
v -0.33846003 0.50961530 0.42118198
v -0.32369897 0.53851980 0.19960241
v -0.32369897 0.53851980 0.20454372
v -0.30769002 -0.47924626 -0.39037776
v -0.30769002 -0.48414627 -0.36923000
v -0.30769002 -0.48747537 -0.33846000
v -0.30769002 -0.48900926 -0.30769002
v -0.30769002 -0.49054933 -0.27692002
v -0.30769002 -0.49205098 -0.24615002
v -0.30769002 -0.49364707 -0.21538004
v -0.30769002 -0.49534297 -0.18462002
v -0.30769002 -0.49705601 -0.15385002
v -0.30769002 -0.49875438 -0.12308004
v -0.30769002 -0.50033867 -0.09231004
v -0.30769002 -0.50186116 -0.06154004
v -0.30769002 -0.50316072 -0.03077003
v -0.30769002 -0.50383395 0.00000000
v -0.30769002 -0.50293326 0.03077000
v -0.30769002 -0.50046980 0.06153995
v -0.30769002 -0.49789217 0.09230995
v -0.30769002 -0.49577260 0.12307996
v -0.30769002 -0.49397111 0.15384996
v -0.30769002 -0.49223715 0.18461996
v -0.30769002 -0.49227887 0.21537995
v -0.30769002 -0.49300241 0.24614996
v -0.30769002 -0.49147373 0.27691996
v -0.30769002 -0.48630476 0.30768996
v -0.30769002 -0.47968307 0.33328292
v -0.30769002 -0.44951028 -0.45087862
v -0.30769002 -0.46079382 -0.43077001
v -0.30769002 -0.47282356 -0.40575773
v -0.30769002 -0.47494370 0.34866294
v -0.30769002 -0.46811166 0.36922997
v -0.30769002 -0.45901155 0.39999998
v -0.30572885 -0.44978309 0.43161330
v -0.29416141 -0.44646034 0.44692150
v -0.30769002 -0.42057234 -0.47927234
v -0.30769002 -0.43596235 -0.46625859
v -0.31468138 -0.44360301 0.44243550
v -0.30572885 -0.43540359 0.45892090
v -0.30769002 -0.41924220 0.48408100
v -0.30769002 -0.39999998 -0.48533818
v -0.30769002 -0.40863901 0.49947101
v -0.30769002 -0.39325899 0.51406974
v -0.30769002 -0.36923000 -0.49267405
v -0.31075010 -0.36805975 0.53124809
v -0.30253017 -0.35701957 0.53911895
v -0.30769002 -0.33846003 -0.49734789
v -0.32305014 -0.35383070 0.53845382
v -0.31075010 -0.34153041 0.54176199
v -0.30769002 -0.30769002 -0.49797797
v -0.30769002 -0.30769002 0.54725885
v -0.30769002 -0.27692002 -0.49690402
v -0.30769002 -0.27692002 0.54733241
v -0.30769002 -0.24615002 -0.49554163
v -0.30769002 -0.24615002 0.54393691
v -0.30769002 -0.21538004 -0.49402773
v -0.29892525 -0.20182742 0.53782409
v -0.30858713 -0.21340045 0.53994262
v -0.30769002 -0.18462002 -0.49241754
v -0.30858713 -0.18709910 0.53401047
v -0.31944522 -0.19900514 0.53857100
v -0.30769002 -0.15385002 -0.49064824
v -0.30769002 -0.15385002 0.52452493
v -0.30769002 -0.12308004 -0.48837781
v -0.30769002 -0.12308004 0.51774639
v -0.30769002 -0.09231004 -0.48572397
v -0.30769002 -0.09231004 0.51292813
v -0.30769002 -0.06154004 -0.48604041
v -0.29310855 -0.04656015 0.50760412
v -0.30509713 -0.05870410 0.50929576
v -0.30769002 -0.03077003 -0.48975259
v -0.30509713 -0.03142592 0.50522411
v -0.31362852 -0.04212318 0.50807732
v -0.30769002 -0.00000000 -0.49393851
v -0.30769002 0.00000000 0.49817631
v -0.30769002 0.03077000 -0.49841034
v -0.30769002 0.03077000 0.49119806
v -0.30769002 0.06153995 -0.50303650
v -0.30769002 0.06153995 0.48402742
v -0.30769002 0.10081213 -0.50813550
v -0.30769002 0.08542209 -0.50651389
v -0.30769002 0.09230995 0.47934690
v -0.30769002 0.12307996 -0.50967848
v -0.30769002 0.12307996 0.47832507
v -0.30769002 0.15384996 -0.51201820
v -0.30769002 0.15384996 0.47895080
v -0.30769002 0.18461996 -0.51486170
v -0.30769002 0.18461996 0.48030034
v -0.30769002 0.21537995 -0.51873410
v -0.30769002 0.21537995 0.48163879
v -0.30769002 0.24614996 -0.52363026
v -0.30769002 0.24614996 0.48261619
v -0.30769002 0.27691996 -0.52912849
v -0.30769002 0.27691996 0.48324496
v -0.29586971 0.32094166 -0.53871179
v -0.30675381 0.30948499 -0.53542364
v -0.30769002 0.30768996 0.48375040
v -0.30675381 0.33857507 -0.53965747
v -0.31638968 0.32839847 -0.53771186
v -0.30769002 0.33845997 0.48410574
v -0.30769002 0.36922997 -0.54268229
v -0.30769002 0.36922997 0.48414966
v -0.30769002 0.39999998 -0.54341161
v -0.30769002 0.39999998 0.48396671
v -0.30769002 0.42113161 -0.54049736
v -0.30769002 0.43652159 -0.53149658
v -0.30769002 0.43076998 0.48349646
v -0.30769002 0.45581484 -0.51611656
v -0.30769002 0.47119486 -0.50093865
v -0.32196710 0.47662139 0.47671965
v -0.31010029 0.46443677 0.47964793
v -0.30769002 0.48168612 -0.48554862
v -0.30769002 0.49472451 -0.46154004
v -0.30769002 0.50534838 -0.43564132
v -0.30769002 0.50488901 0.43965167
v -0.31010026 0.48771006 0.46449575
v -0.30144715 0.47813138 0.47732949
v -0.30769002 0.50824761 -0.42025128
v -0.30769002 0.50967091 -0.40000004
v -0.30769002 0.51114511 -0.36923000
v -0.30769002 0.51234168 -0.33846003
v -0.30769002 0.51347262 -0.30769002
v -0.30769002 0.51443100 -0.27692002
v -0.30769002 0.51522487 -0.24615002
v -0.30769002 0.51592499 -0.21538004
v -0.30769002 0.51658070 -0.18462002
v -0.30769002 0.51728082 -0.15385002
v -0.30769002 0.51807064 -0.12308004
v -0.30769002 0.51880884 -0.09231004
v -0.30769002 0.51920146 -0.06154004
v -0.30769002 0.51934338 -0.03077003
v -0.30769002 0.51959515 -0.00000000
v -0.30769002 0.52042937 0.03077000
v -0.30769002 0.52183151 0.06153995
v -0.30769002 0.52348220 0.09230995
v -0.30769002 0.52499509 0.12307996
v -0.30769002 0.52916670 0.15384996
v -0.30769002 0.53559518 0.17937212
v -0.32228127 0.53832918 0.22505043
v -0.32036901 0.53808630 0.24614996
v -0.30907845 0.53680420 0.27730554
v -0.30769002 0.53221858 0.30768996
v -0.30769002 0.52695578 0.33845997
v -0.30769002 0.52167428 0.36922997
v -0.30769002 0.51643217 0.39999998
v -0.30769002 0.51078099 0.42426166
v -0.30769002 0.53929931 0.19475208
v -0.31028882 0.53970355 0.21503024
v -0.30497903 0.53963619 0.24614996
v -0.29974410 0.53907478 0.26730931
v -0.26301998 -0.50776833 0.00882243
v -0.26396632 -0.50783658 0.03077000
v -0.26329511 -0.50781387 0.04901638
v -0.27692002 -0.48040134 -0.39277834
v -0.27692002 -0.48629862 -0.36923003
v -0.27692002 -0.48944980 -0.33846000
v -0.27692002 -0.49082735 -0.30769002
v -0.27692002 -0.49218023 -0.27692002
v -0.27692002 -0.49366200 -0.24615002
v -0.27692002 -0.49535403 -0.21538004
v -0.27692002 -0.49717182 -0.18462002
v -0.27692002 -0.49892253 -0.15385002
v -0.27692002 -0.50062394 -0.12308004
v -0.27692002 -0.50231779 -0.09231004
v -0.27692002 -0.50397593 -0.06154004
v -0.27692002 -0.50553787 -0.03077003
v -0.27473202 -0.50667495 -0.00085855
v -0.27934635 -0.50629985 0.03077000
v -0.27489710 -0.50543892 0.06017779
v -0.27692002 -0.50231391 0.09230995
v -0.27692002 -0.49970829 0.12307996
v -0.27692002 -0.49744457 0.15384996
v -0.27692002 -0.49547875 0.18461996
v -0.27692002 -0.49512833 0.21537995
v -0.27692002 -0.49562827 0.24614996
v -0.27692002 -0.49392751 0.27691996
v -0.27692002 -0.48849094 0.30768996
v -0.27596012 -0.48018867 0.34041411
v -0.26506683 -0.47719371 0.35486183
v -0.27692002 -0.45024225 -0.45193797
v -0.27692002 -0.46248758 -0.43077001
v -0.27692002 -0.47378534 -0.40815830
v -0.28557354 -0.47614408 0.35197020
v -0.27596015 -0.47179660 0.36676508
v -0.27692002 -0.46097356 0.39999998
v -0.27692002 -0.45253640 0.43076998
v -0.27692002 -0.44728053 0.44966185
v -0.27692002 -0.42017502 -0.47890908
v -0.27692002 -0.43556502 -0.46731797
v -0.27692002 -0.43803415 0.46504188
v -0.27476597 -0.42138696 0.49326506
v -0.26307663 -0.41570607 0.50809324
v -0.27692002 -0.40000004 -0.48451623
v -0.28358331 -0.41248146 0.50416166
v -0.27476597 -0.40133685 0.51582307
v -0.27692002 -0.36923000 -0.49187762
v -0.27692002 -0.37679490 0.53293896
v -0.27692002 -0.36140490 0.54004812
v -0.27692002 -0.33846003 -0.49667907
v -0.27692002 -0.33846003 0.54447854
v -0.27692002 -0.30769002 -0.49713996
v -0.27692002 -0.30769002 0.54812020
v -0.27692002 -0.27692002 -0.49588177
v -0.27692002 -0.27692002 0.54708540
v -0.27692002 -0.24615002 -0.49449950
v -0.27692002 -0.24615002 0.54320705
v -0.27692002 -0.21538004 -0.49291879
v -0.27692002 -0.20386550 0.53713411
v -0.27692002 -0.21924549 0.53981143
v -0.27692002 -0.18462002 -0.49109229
v -0.27692002 -0.18462002 0.53117150
v -0.27692002 -0.15385002 -0.48924503
v -0.27692002 -0.15385002 0.52292317
v -0.27692002 -0.12308004 -0.48717710
v -0.27692002 -0.12308004 0.51641309
v -0.27692002 -0.09231004 -0.48474735
v -0.27692002 -0.09231004 0.51179856
v -0.27692005 -0.06154004 -0.48526821
v -0.27692002 -0.04818442 0.50722069
v -0.27692002 -0.06356441 0.50889117
v -0.27692002 -0.03077003 -0.48881197
v -0.27692002 -0.03077003 0.50330687
v -0.27692002 0.00000000 -0.49274635
v -0.27691999 -0.00000000 0.49660534
v -0.27692002 0.03077000 -0.49733794
v -0.27692002 0.03077000 0.48981789
v -0.27692002 0.06153995 -0.50205988
v -0.27692002 0.06153995 0.48263270
v -0.27692005 0.10407459 -0.50796276
v -0.27692002 0.08868456 -0.50602198
v -0.27692002 0.09230995 0.47839972
v -0.27692002 0.12307996 -0.50947022
v -0.27692002 0.12307996 0.47759587
v -0.27692002 0.15384996 -0.51209772
v -0.27692002 0.15384996 0.47755691
v -0.27692002 0.18461996 -0.51531321
v -0.27692002 0.18461996 0.47864485
v -0.27692002 0.21537995 -0.51974481
v -0.27692002 0.21537995 0.48035794
v -0.27692002 0.24614996 -0.52538562
v -0.27692002 0.24614996 0.48173097
v -0.27692002 0.27691996 -0.53176785
v -0.27692002 0.27691996 0.48269510
v -0.27692002 0.31538543 -0.53938007
v -0.27692002 0.29999545 -0.53678405
v -0.27692002 0.30768996 0.48337087
v -0.27692002 0.33845997 -0.54192764
v -0.27692002 0.33845997 0.48378906
v -0.27692002 0.36922997 -0.54482275
v -0.27692002 0.36922997 0.48393738
v -0.27692002 0.39999998 -0.54500544
v -0.27692002 0.39999998 0.48388213
v -0.27692002 0.42264411 -0.54119027
v -0.27692002 0.43803409 -0.53193772
v -0.27692002 0.43076998 0.48353708
v -0.27692002 0.45568335 -0.51655769
v -0.27692002 0.47106338 -0.50102794
v -0.27692002 0.46153998 0.48072219
v -0.27692002 0.48161876 -0.48563799
v -0.27692002 0.49401134 -0.46154001
v -0.27419609 0.50528395 -0.42898408
v -0.26212680 0.50766987 -0.41511655
v -0.27692002 0.50640196 0.44311693
v -0.27692002 0.49297932 0.46153998
v -0.27692002 0.47888735 0.47756210
v -0.28263348 0.50794560 -0.41753343
v -0.27419609 0.50869131 -0.40291795
v -0.27692002 0.51050377 -0.36923000
v -0.27692002 0.51177609 -0.33846000
v -0.27692002 0.51296377 -0.30769002
v -0.27692002 0.51408839 -0.27692002
v -0.27692002 0.51492316 -0.24615000
v -0.27692002 0.51558554 -0.21538004
v -0.27691999 0.51629889 -0.18462002
v -0.27691999 0.51710856 -0.15385000
v -0.27692002 0.51803648 -0.12308004
v -0.27692002 0.51903200 -0.09231004
v -0.27692002 0.51975155 -0.06154004
v -0.27692002 0.52013671 -0.03077003
v -0.27692002 0.52044523 0.00000000
v -0.27692002 0.52107435 0.03077000
v -0.27692002 0.52230632 0.06153995
v -0.27692002 0.52395910 0.09230995
v -0.27692002 0.52583951 0.12307996
v -0.27692002 0.53122509 0.15384996
v -0.27692002 0.53705215 0.17365819
v -0.27692002 0.53773713 0.28807062
v -0.27692002 0.53446949 0.30768996
v -0.27692002 0.52942216 0.33845997
v -0.27692002 0.52435350 0.36922997
v -0.27692002 0.51921821 0.39999998
v -0.27692002 0.51217455 0.42772695
v -0.27692002 0.54027551 0.18903816
v -0.27692002 0.54213500 0.21537995
v -0.27692002 0.54142201 0.24614996
v -0.27692002 0.53956258 0.27269062
v -0.23934902 -0.50792646 -0.02088912
v -0.24822541 -0.50814575 -0.00085855
v -0.24615002 -0.50854993 0.03077000
v -0.24703602 -0.50838596 0.06017779
v -0.23736672 -0.50822634 0.08590697
v -0.24615000 -0.48111150 -0.39407504
v -0.24615002 -0.48734218 -0.36923000
v -0.24615002 -0.49004650 -0.33845997
v -0.24615002 -0.49131009 -0.30769002
v -0.24615002 -0.49257565 -0.27692002
v -0.24615002 -0.49398232 -0.24615002
v -0.24615002 -0.49557799 -0.21538004
v -0.24615002 -0.49737278 -0.18462002
v -0.24615002 -0.49929351 -0.15385002
v -0.24615002 -0.50127822 -0.12308004
v -0.24615002 -0.50329924 -0.09231004
v -0.24615002 -0.50531060 -0.06154004
v -0.24822541 -0.50709760 -0.03099749
v -0.25986901 -0.50762701 -0.01168427
v -0.25788668 -0.50712341 0.06952300
v -0.24703602 -0.50629985 0.09462418
v -0.24615002 -0.50351226 0.12307996
v -0.24615002 -0.50069749 0.15384996
v -0.24615002 -0.49805534 0.18461996
v -0.24615002 -0.49693865 0.21537995
v -0.24615002 -0.49731424 0.24614996
v -0.24615002 -0.49572337 0.27691996
v -0.24615002 -0.49028519 0.30768996
v -0.24615002 -0.48270750 0.33845997
v -0.24615002 -0.47789234 0.35753748
v -0.24615003 -0.45089805 -0.45268810
v -0.24615002 -0.46356392 -0.43077004
v -0.24615002 -0.47420588 -0.40945503
v -0.24615002 -0.47232226 0.37292749
v -0.24615002 -0.46302581 0.39999998
v -0.24615002 -0.45450771 0.43076998
v -0.24615002 -0.44842422 0.45453200
v -0.24615002 -0.41894302 -0.47824162
v -0.24615002 -0.43433303 -0.46806809
v -0.24615002 -0.44149676 0.46991202
v -0.24615002 -0.42814785 0.49230999
v -0.24615002 -0.41742110 0.50990820
v -0.24615005 -0.39999998 -0.48336965
v -0.24372864 -0.39717031 0.52642161
v -0.23185442 -0.38503051 0.53854591
v -0.24615002 -0.36923000 -0.49104020
v -0.25237438 -0.38126695 0.53595829
v -0.24372864 -0.37029618 0.54047602
v -0.24615002 -0.33846003 -0.49599466
v -0.24615002 -0.33846000 0.54587924
v -0.24615002 -0.30769002 -0.49626628
v -0.24615002 -0.30769002 0.54852647
v -0.24615002 -0.27692002 -0.49475670
v -0.24615005 -0.27692002 0.54663169
v -0.24615002 -0.24615002 -0.49325502
v -0.24615002 -0.24615002 0.54259932
v -0.24615002 -0.21538004 -0.49148026
v -0.24615002 -0.20611165 0.53641582
v -0.24615002 -0.22149165 0.53953052
v -0.24615002 -0.18462002 -0.48943269
v -0.24615002 -0.18462002 0.52991539
v -0.24615002 -0.15385002 -0.48734888
v -0.24615002 -0.15385002 0.52197206
v -0.24615002 -0.12308004 -0.48517790
v -0.24615002 -0.12308004 0.51567149
v -0.24615002 -0.09231004 -0.48300794
v -0.24615002 -0.09231004 0.51119554
v -0.24615003 -0.06154004 -0.48355097
v -0.24615002 -0.05103340 0.50656545
v -0.24615002 -0.06641340 0.50861651
v -0.24615002 -0.03077003 -0.48679337
v -0.24615002 -0.03077003 0.50215787
v -0.24615002 0.00000000 -0.49062431
v -0.24615000 -0.00000000 0.49576074
v -0.24615002 0.03077000 -0.49523056
v -0.24614999 0.03077000 0.48921028
v -0.24615002 0.06153995 -0.50008929
v -0.24614999 0.06153995 0.48225629
v -0.25902894 0.10629055 -0.50781578
v -0.24772139 0.09454229 -0.50522673
v -0.24615002 0.09230995 0.47841409
v -0.24772139 0.12258153 -0.50872076
v -0.23850895 0.11199593 -0.50706267
v -0.24615002 0.12307996 0.47785580
v -0.24615002 0.15384996 -0.51166534
v -0.24615002 0.15384996 0.47740394
v -0.24615002 0.18461996 -0.51538455
v -0.24615002 0.18461996 0.47764176
v -0.24615002 0.21537995 -0.52057838
v -0.24615000 0.21537995 0.47900161
v -0.24615002 0.24614996 -0.52723372
v -0.24615002 0.24614996 0.48063660
v -0.23660357 0.28952372 -0.53879285
v -0.24657814 0.27833021 -0.53509223
v -0.24615002 0.27691993 0.48191231
v -0.24657814 0.30589533 -0.54020035
v -0.25712356 0.29443893 -0.53793544
v -0.24615002 0.30768996 0.48284963
v -0.24615002 0.33845997 -0.54386067
v -0.24615002 0.33845997 0.48345500
v -0.24615002 0.36922997 -0.54650187
v -0.24615002 0.36922997 0.48370573
v -0.24615003 0.39999998 -0.54628342
v -0.24615002 0.39999998 0.48372877
v -0.24615002 0.42332283 -0.54171646
v -0.24615002 0.43871281 -0.53162289
v -0.24615002 0.43076998 0.48341781
v -0.24615002 0.45468205 -0.51624292
v -0.24615002 0.47006208 -0.50023353
v -0.24615002 0.46153998 0.48068458
v -0.24615000 0.48117152 -0.48484355
v -0.24615002 0.49286205 -0.46154004
v -0.24615002 0.50357974 -0.43077001
v -0.24615002 0.50727922 -0.41167241
v -0.24615002 0.50678957 0.44412413
v -0.24615002 0.49349532 0.46153998
v -0.24615003 0.47901577 0.47758862
v -0.24615002 0.50838411 -0.39629239
v -0.24615002 0.50986028 -0.36923000
v -0.24615002 0.51121092 -0.33845997
v -0.24615002 0.51236391 -0.30769002
v -0.24615002 0.51351386 -0.27692002
v -0.24615002 0.51446390 -0.24615000
v -0.24615002 0.51515496 -0.21538004
v -0.24615000 0.51578766 -0.18462002
v -0.24615000 0.51652068 -0.15385002
v -0.24615002 0.51739120 -0.12308004
v -0.24615002 0.51844221 -0.09231004
v -0.24615002 0.51939708 -0.06154004
v -0.24615002 0.52002597 -0.03077003
v -0.24615002 0.52050894 0.00000000
v -0.24615002 0.52107549 0.03077000
v -0.24615002 0.52221763 0.06153995
v -0.24615002 0.52393359 0.09230995
v -0.24615002 0.52605677 0.12307996
v -0.24340728 0.53355485 0.15686077
v -0.25183877 0.53774375 0.17147724
v -0.24615002 0.53805888 0.28972596
v -0.24615002 0.53525931 0.30768996
v -0.24615002 0.53043544 0.33845997
v -0.24615002 0.52555227 0.36922997
v -0.24615002 0.52053511 0.39999998
v -0.24615002 0.51283789 0.42873418
v -0.23131879 0.53848010 0.16912800
v -0.24340728 0.54034674 0.18288632
v -0.24615002 0.54320407 0.21537995
v -0.24615002 0.54205710 0.24614996
v -0.24615002 0.53965640 0.27434593
v -0.21538004 -0.50791037 -0.02036767
v -0.21538004 -0.50859368 0.00000000
v -0.21538004 -0.50920719 0.03077000
v -0.21538004 -0.50944686 0.06153995
v -0.21768785 -0.50875223 0.09462418
v -0.20897307 -0.50822312 0.11651534
v -0.21538004 -0.48181057 -0.39594173
v -0.21538004 -0.48834130 -0.36923000
v -0.21538003 -0.49053079 -0.33845997
v -0.21538004 -0.49168807 -0.30769002
v -0.21538004 -0.49293113 -0.27692002
v -0.21538004 -0.49422562 -0.24615002
v -0.21538004 -0.49558702 -0.21538004
v -0.21538004 -0.49708262 -0.18462002
v -0.21538004 -0.49883106 -0.15385002
v -0.21538004 -0.50082350 -0.12308004
v -0.21538004 -0.50294638 -0.09231004
v -0.21538004 -0.50513560 -0.06154004
v -0.21538004 -0.50696981 -0.03575768
v -0.22947973 -0.50755304 0.10642702
v -0.21768785 -0.50673419 0.12529317
v -0.21538004 -0.50378275 0.15384996
v -0.21538004 -0.49992433 0.18461996
v -0.21538004 -0.49799263 0.21537995
v -0.21538004 -0.49833113 0.24614996
v -0.21538004 -0.49699426 0.27691996
v -0.21538004 -0.49197161 0.30768996
v -0.21538004 -0.48485929 0.33845997
v -0.21538004 -0.47910890 0.36253616
v -0.21538004 -0.45172364 -0.45342958
v -0.21538004 -0.46516234 -0.43076998
v -0.21538004 -0.47497869 -0.41132176
v -0.21538004 -0.47412953 0.37792617
v -0.21538004 -0.46612814 0.39999998
v -0.21538004 -0.45681900 0.43076998
v -0.21419413 -0.44897765 0.46281701
v -0.20315020 -0.44648221 0.47806633
v -0.21538004 -0.41797683 -0.47781846
v -0.21538003 -0.43336684 -0.46880957
v -0.22365685 -0.44425759 0.47392169
v -0.21419413 -0.43663812 0.48991975
v -0.21538004 -0.42029446 0.51275504
v -0.21538004 -0.39999998 -0.48257160
v -0.21538004 -0.40168053 0.52813506
v -0.21538004 -0.38630053 0.53876299
v -0.21538004 -0.36923000 -0.49033365
v -0.21538004 -0.36923000 0.54166186
v -0.21538004 -0.33846003 -0.49539497
v -0.21538004 -0.33845997 0.54660320
v -0.21538004 -0.30769002 -0.49552000
v -0.21538004 -0.30769002 0.54855484
v -0.21538004 -0.27692002 -0.49363804
v -0.21538004 -0.27692002 0.54605740
v -0.21538004 -0.24615002 -0.49186689
v -0.21538004 -0.24615002 0.54200655
v -0.21538004 -0.21538004 -0.48984578
v -0.21538004 -0.20835467 0.53574300
v -0.21538004 -0.22373466 0.53925967
v -0.21538004 -0.18462002 -0.48752823
v -0.21538004 -0.18462002 0.52874833
v -0.21538004 -0.15385002 -0.48515835
v -0.21538004 -0.15385002 0.52109611
v -0.21538004 -0.12308005 -0.48261261
v -0.21538004 -0.12308004 0.51496154
v -0.21538004 -0.09231004 -0.48059082
v -0.21538004 -0.09231004 0.51060450
v -0.21538004 -0.06154004 -0.48136273
v -0.21538004 -0.05388302 0.50594008
v -0.21538004 -0.06926300 0.50835371
v -0.21538004 -0.03077004 -0.48444629
v -0.21538004 -0.03077003 0.50101727
v -0.21538004 0.00000000 -0.48809987
v -0.21538004 0.00000000 0.49478659
v -0.21538004 0.03077000 -0.49240664
v -0.21538004 0.03077000 0.48838842
v -0.21538004 0.06153995 -0.49719030
v -0.21538004 0.06153995 0.48196229
v -0.21538004 0.09230995 -0.50204134
v -0.21538006 0.09230995 0.47860849
v -0.21538004 0.13379358 -0.50816864
v -0.21538004 0.11841362 -0.50607121
v -0.21538004 0.12307996 0.47810140
v -0.21538004 0.15384996 -0.51036918
v -0.21538006 0.15384996 0.47763962
v -0.21538004 0.18461996 -0.51446211
v -0.21538004 0.18461996 0.47734690
v -0.21538004 0.21537995 -0.52025640
v -0.21538004 0.21537995 0.47795871
v -0.21538004 0.24614996 -0.52772874
v -0.21538004 0.24614996 0.47941160
v -0.21538004 0.28802413 -0.53898698
v -0.21538004 0.27264410 -0.53511381
v -0.21538004 0.27691996 0.48079237
v -0.21538004 0.30768996 -0.54122865
v -0.21538004 0.30768996 0.48192447
v -0.21538004 0.33845997 -0.54444075
v -0.21538004 0.33845997 0.48275959
v -0.21538004 0.36922997 -0.54719782
v -0.21538004 0.36922997 0.48322463
v -0.21538004 0.39999998 -0.54673725
v -0.21538004 0.39999998 0.48345935
v -0.21538004 0.42261139 -0.54173839
v -0.21538004 0.43800136 -0.53027445
v -0.21538004 0.43076998 0.48323298
v -0.21538003 0.45292386 -0.51489449
v -0.21538004 0.46830389 -0.49847701
v -0.21538004 0.46153998 0.48056912
v -0.21538004 0.48018155 -0.48308703
v -0.21538004 0.49067771 -0.46154004
v -0.21538004 0.50125980 -0.43076998
v -0.21282098 0.50642550 -0.40026799
v -0.20086162 0.50763768 -0.38416430
v -0.21538004 0.50630057 0.44303045
v -0.21538004 0.49291787 0.46153998
v -0.21538004 0.47892728 0.47757199
v -0.22136825 0.50803334 -0.39019331
v -0.21282096 0.50884116 -0.37203458
v -0.21538004 0.51062465 -0.33845997
v -0.21538004 0.51176333 -0.30769002
v -0.21538004 0.51282001 -0.27692002
v -0.21538004 0.51380277 -0.24615002
v -0.21538004 0.51465142 -0.21538004
v -0.21538004 0.51531345 -0.18462002
v -0.21538004 0.51597857 -0.15385002
v -0.21538004 0.51676333 -0.12308004
v -0.21538004 0.51770318 -0.09231004
v -0.21538004 0.51867419 -0.06154004
v -0.21538004 0.51938272 -0.03077003
v -0.21538004 0.51998663 0.00000000
v -0.21538004 0.52073437 0.03077000
v -0.21538004 0.52198476 0.06153995
v -0.21538004 0.52391303 0.09230995
v -0.21538004 0.52635479 0.12307996
v -0.21538004 0.53309155 0.15277594
v -0.21538004 0.53779680 0.28804404
v -0.21538004 0.53473508 0.30768996
v -0.21538004 0.52993977 0.33845997
v -0.21538004 0.52511919 0.36922997
v -0.21538004 0.52016389 0.39999998
v -0.21538004 0.51266611 0.42764047
v -0.21538004 0.53867632 0.16816598
v -0.21538003 0.54160297 0.18461996
v -0.21538004 0.54376435 0.21537995
v -0.21538004 0.54185271 0.24614996
v -0.21538004 0.53947502 0.27266401
v -0.19755358 -0.50775409 -0.01652112
v -0.18622813 -0.50819165 -0.00089137
v -0.18462002 -0.50908679 0.03077000
v -0.18462002 -0.50944978 0.06153995
v -0.18462002 -0.50945514 0.09230995
v -0.18539771 -0.50843990 0.12529317
v -0.17566283 -0.50784224 0.13975503
v -0.18462002 -0.48245120 -0.39812547
v -0.18462002 -0.48921627 -0.36923000
v -0.18462002 -0.49100968 -0.33846000
v -0.18462002 -0.49214935 -0.30769002
v -0.18462002 -0.49333069 -0.27692002
v -0.18462002 -0.49455684 -0.24615002
v -0.18462002 -0.49583256 -0.21538004
v -0.18462002 -0.49716389 -0.18462002
v -0.18462002 -0.49861777 -0.15385002
v -0.18462002 -0.50027680 -0.12308004
v -0.18462002 -0.50216228 -0.09231004
v -0.18462002 -0.50422007 -0.06154004
v -0.18622813 -0.50657433 -0.02837669
v -0.17704685 -0.50743836 -0.01173897
v -0.19616954 -0.50753570 0.13702196
v -0.18539771 -0.50559312 0.15154901
v -0.18462002 -0.50038260 0.18461996
v -0.18462002 -0.49839681 0.21537995
v -0.18462002 -0.49899992 0.24614996
v -0.18462002 -0.49802732 0.27691996
v -0.18462002 -0.49352866 0.30768996
v -0.18462002 -0.48691809 0.33845997
v -0.18265250 -0.47965211 0.37076402
v -0.17108746 -0.47705927 0.38522100
v -0.18462002 -0.45238912 -0.45410055
v -0.18462002 -0.46684656 -0.43077001
v -0.18462002 -0.47599745 -0.41350546
v -0.19159417 -0.47580633 0.38204670
v -0.18265250 -0.47108364 0.39728460
v -0.18462002 -0.45951113 0.43076998
v -0.18462002 -0.45150608 0.46154001
v -0.18462002 -0.44707477 0.48076823
v -0.18462002 -0.41731748 -0.47753790
v -0.18462002 -0.43270749 -0.46948051
v -0.18462002 -0.43874174 0.49615821
v -0.18462002 -0.42335173 0.51478046
v -0.18462002 -0.39999998 -0.48193693
v -0.18462002 -0.40372199 0.53016049
v -0.18462002 -0.38834196 0.53910506
v -0.18462002 -0.36923000 -0.48965687
v -0.18462002 -0.36923000 0.54231143
v -0.18462002 -0.33846003 -0.49481562
v -0.18462002 -0.33846003 0.54705071
v -0.18462002 -0.30769002 -0.49490729
v -0.18462002 -0.30769002 0.54840773
v -0.18462002 -0.27692002 -0.49257636
v -0.18462002 -0.27692005 0.54545981
v -0.18462002 -0.24615002 -0.49032232
v -0.18462002 -0.24615003 0.54143322
v -0.18462002 -0.21538004 -0.48799545
v -0.18462002 -0.21059698 0.53510803
v -0.18462002 -0.22597696 0.53899682
v -0.18462002 -0.18462002 -0.48534906
v -0.18462002 -0.18462002 0.52764404
v -0.18462002 -0.15385002 -0.48259768
v -0.18462002 -0.15385002 0.52026325
v -0.18202341 -0.12048180 -0.47919017
v -0.17003898 -0.10849630 -0.47685376
v -0.18462002 -0.12308004 0.51427257
v -0.18202341 -0.09286015 -0.47793165
v -0.17003898 -0.10348690 -0.47685376
v -0.18462002 -0.09231004 0.51002753
v -0.18462002 -0.06154004 -0.47963351
v -0.18462002 -0.05673203 0.50534236
v -0.18462002 -0.07211202 0.50810218
v -0.18462002 -0.03077003 -0.48270011
v -0.18462002 -0.03077003 0.49992567
v -0.18462002 0.00000000 -0.48599762
v -0.18462002 0.00000000 0.49374843
v -0.18462002 0.03077000 -0.48989499
v -0.18462002 0.03077000 0.48735893
v -0.18462002 0.06153995 -0.49439061
v -0.18462002 0.06153995 0.48157001
v -0.18462002 0.09230995 -0.49922481
v -0.18462002 0.09230995 0.47881991
v -0.19952595 0.13819551 -0.50772810
v -0.18741158 0.12599730 -0.50477850
v -0.18462002 0.12307996 0.47833470
v -0.18741158 0.15402721 -0.50879210
v -0.17901926 0.14388536 -0.50685281
v -0.18462002 0.15384996 0.47786218
v -0.18462002 0.18461996 -0.51285732
v -0.18462002 0.18461996 0.47744304
v -0.18462002 0.21537995 -0.51897186
v -0.18462002 0.21537995 0.47737822
v -0.18462002 0.24614996 -0.52694428
v -0.18462002 0.24614996 0.47828972
v -0.18462002 0.28954834 -0.53879619
v -0.18462001 0.27416831 -0.53486574
v -0.18462002 0.27691996 0.47971734
v -0.18462002 0.30768996 -0.54070586
v -0.18462002 0.30768996 0.48089874
v -0.18462002 0.33845997 -0.54393101
v -0.18462002 0.33845997 0.48178712
v -0.18462002 0.36922997 -0.54706335
v -0.18462002 0.36922997 0.48240143
v -0.18462002 0.39999998 -0.54635417
v -0.18462002 0.39999998 0.48286042
v -0.18462002 0.42081335 -0.54131210
v -0.18462002 0.43620333 -0.52803928
v -0.18462002 0.43076998 0.48278460
v -0.18462002 0.45085183 -0.51265931
v -0.18462002 0.46623185 -0.49637896
v -0.18462002 0.46153998 0.48026666
v -0.18462002 0.47899795 -0.48098895
v -0.18462002 0.48781687 -0.46154004
v -0.18462002 0.49783501 -0.43077004
v -0.18462002 0.50322425 -0.39999998
v -0.18159495 0.50674736 -0.37203458
v -0.16932489 0.50768811 -0.35374498
v -0.18462002 0.50573665 0.44180223
v -0.18462002 0.49202681 0.46153998
v -0.18462002 0.47860014 0.47747347
v -0.18983160 0.50837380 -0.36364427
v -0.18159495 0.50912488 -0.34147897
v -0.18462002 0.51090181 -0.30769002
v -0.18462002 0.51205516 -0.27692002
v -0.18462002 0.51303554 -0.24615003
v -0.18462002 0.51398146 -0.21538004
v -0.18462002 0.51480091 -0.18462002
v -0.18462002 0.51547748 -0.15385002
v -0.18462002 0.51623863 -0.12308004
v -0.18462002 0.51721811 -0.09231004
v -0.18462002 0.51836383 -0.06154004
v -0.18462002 0.51930118 -0.03077003
v -0.18462002 0.52007043 0.00000000
v -0.18462002 0.52098036 0.03077000
v -0.18462002 0.52215171 0.06153995
v -0.18462002 0.52400637 0.09230995
v -0.18462002 0.52652729 0.12307996
v -0.18462002 0.53317416 0.15186973
v -0.18462002 0.53734446 0.28503478
v -0.18462002 0.53385752 0.30768996
v -0.18462002 0.52911639 0.33845997
v -0.18462002 0.52427012 0.36922997
v -0.18462002 0.51933128 0.39999998
v -0.18462002 0.51228440 0.42641225
v -0.18462002 0.53887278 0.16725977
v -0.18462002 0.54177821 0.18461996
v -0.18462002 0.54334497 0.21537995
v -0.18462002 0.54114807 0.24614997
v -0.18462002 0.53916854 0.26965478
v -0.16150296 -0.50800252 0.00876773
v -0.15228578 -0.50831020 0.02952931
v -0.15385002 -0.50890487 0.06153995
v -0.15385002 -0.50913000 0.09230995
v -0.15385002 -0.50877190 0.12307996
v -0.15385002 -0.50801086 0.14106739
v -0.14245020 -0.47708848 -0.41580093
v -0.15316612 -0.48191673 -0.40269452
v -0.15385002 -0.49014661 -0.36923003
v -0.15385002 -0.49163404 -0.33846003
v -0.15385002 -0.49264595 -0.30769002
v -0.15385002 -0.49371514 -0.27692002
v -0.15385002 -0.49485824 -0.24615002
v -0.15385002 -0.49605757 -0.21538004
v -0.15385002 -0.49731171 -0.18462002
v -0.15385002 -0.49861056 -0.15385002
v -0.15385002 -0.49996918 -0.12308004
v -0.15385002 -0.50145996 -0.09231004
v -0.15385002 -0.50317931 -0.06154004
v -0.15385002 -0.50508881 -0.03077003
v -0.15228578 -0.50695276 -0.00089137
v -0.14098299 -0.50754184 0.01844220
v -0.15385002 -0.50482190 0.15645742
v -0.15385002 -0.49986717 0.18461996
v -0.15385002 -0.49839559 0.21537995
v -0.15385002 -0.49957305 0.24614997
v -0.15385002 -0.49879882 0.27691996
v -0.15385002 -0.49454692 0.30768996
v -0.15385002 -0.48840401 0.33845997
v -0.15385002 -0.48172948 0.36922997
v -0.15385002 -0.47760630 0.38764742
v -0.15385002 -0.45305812 -0.45495391
v -0.15316612 -0.46994328 -0.42794457
v -0.16297017 -0.47660127 -0.41474417
v -0.15385002 -0.47182894 0.40302747
v -0.15385002 -0.46185648 0.43076998
v -0.15385002 -0.45320120 0.46153998
v -0.15385002 -0.44779363 0.48459560
v -0.15385002 -0.41669613 -0.47728184
v -0.15385002 -0.43208614 -0.47033387
v -0.15385002 -0.44166797 0.49998558
v -0.15385002 -0.42627797 0.51634461
v -0.15385002 -0.39999998 -0.48137254
v -0.15385002 -0.40594661 0.53172463
v -0.15385002 -0.39056665 0.53946882
v -0.15385002 -0.36923000 -0.48911151
v -0.15385002 -0.36923000 0.54294908
v -0.15385002 -0.33846003 -0.49439475
v -0.15385002 -0.33846003 0.54746389
v -0.15385002 -0.30769002 -0.49444872
v -0.15385002 -0.30769002 0.54826623
v -0.15385002 -0.27692002 -0.49166447
v -0.15385002 -0.27692002 0.54490602
v -0.15385002 -0.24615002 -0.48875225
v -0.15385002 -0.24615002 0.54092461
v -0.15385002 -0.21538004 -0.48591521
v -0.15385002 -0.21266566 0.53453565
v -0.15385002 -0.22804567 0.53876120
v -0.15385002 -0.18462002 -0.48282772
v -0.15385002 -0.18462002 0.52664405
v -0.15385002 -0.15385002 -0.47981170
v -0.15385002 -0.15385002 0.51949865
v -0.15385002 -0.13082737 -0.47765660
v -0.15385002 -0.11544738 -0.47633842
v -0.15385002 -0.12308004 0.51362610
v -0.16684742 -0.08296689 -0.47703362
v -0.15549247 -0.09286015 -0.47624952
v -0.15385002 -0.09231004 0.50947696
v -0.15549247 -0.06278720 -0.47827321
v -0.14632745 -0.07387197 -0.47657797
v -0.15385002 -0.05958151 0.50477010
v -0.15385002 -0.07496151 0.50786108
v -0.15385002 -0.03077003 -0.48149452
v -0.15385002 -0.03077003 0.49881968
v -0.15385002 0.00000000 -0.48434007
v -0.15385002 0.00000000 0.49262643
v -0.15385002 0.03077000 -0.48769283
v -0.15385002 0.03077000 0.48625112
v -0.15385002 0.06153995 -0.49180734
v -0.15385002 0.06153995 0.48099142
v -0.15385002 0.09230995 -0.49646887
v -0.15385002 0.09230995 0.47876889
v -0.15385002 0.12307996 -0.50132543
v -0.15385002 0.12307996 0.47842449
v -0.16052587 0.16440541 -0.50829077
v -0.15169954 0.15402721 -0.50604498
v -0.15385002 0.15384996 0.47803974
v -0.15169954 0.18197063 -0.51040614
v -0.14000590 0.16995108 -0.50756449
v -0.15385002 0.18461996 0.47758713
v -0.15385002 0.21537995 -0.51745862
v -0.15385002 0.21537995 0.47715223
v -0.15385002 0.24614996 -0.52557659
v -0.15385002 0.24614996 0.47744015
v -0.16701752 0.29155597 -0.53853840
v -0.15559453 0.27954954 -0.53457391
v -0.15385002 0.27691996 0.47858995
v -0.15559453 0.30632406 -0.53970844
v -0.14649755 0.29515347 -0.53774625
v -0.15385002 0.30768996 0.47980452
v -0.15385002 0.33845997 -0.54328895
v -0.15385002 0.33845997 0.48072538
v -0.15385002 0.36922997 -0.54686320
v -0.15385002 0.36922997 0.48139757
v -0.15385002 0.39999998 -0.54598081
v -0.15385002 0.39999998 0.48192629
v -0.15385002 0.41937304 -0.54090482
v -0.15385002 0.43476298 -0.52580190
v -0.15385002 0.43076998 0.48194820
v -0.15385002 0.44873467 -0.51042187
v -0.15385002 0.46411473 -0.49416211
v -0.15385002 0.46153998 0.47962105
v -0.15385002 0.47782737 -0.47877210
v -0.15385002 0.48494685 -0.46154004
v -0.15385002 0.49420550 -0.43077001
v -0.15385002 0.49915591 -0.39999998
v -0.15385002 0.50319451 -0.36923000
v -0.15154740 0.50663447 -0.34147900
v -0.13975236 0.50750452 -0.32072121
v -0.15385002 0.50472707 0.43966594
v -0.15385002 0.49022299 0.46153998
v -0.15385002 0.47780591 0.47721431
v -0.16027233 0.50833029 -0.33323833
v -0.15154742 0.50894535 -0.30935273
v -0.15385002 0.51049149 -0.27692002
v -0.15385002 0.51174384 -0.24615003
v -0.15385002 0.51304138 -0.21538004
v -0.15385002 0.51426476 -0.18462002
v -0.15385002 0.51526886 -0.15385002
v -0.15385002 0.51621997 -0.12308005
v -0.15385002 0.51732463 -0.09231004
v -0.15385002 0.51863062 -0.06154004
v -0.15385002 0.51980698 -0.03077003
v -0.15385002 0.52071929 -0.00000000
v -0.15385002 0.52163255 0.03077000
v -0.15385002 0.52264559 0.06153995
v -0.15385002 0.52421349 0.09230995
v -0.15385002 0.52649665 0.12307996
v -0.15385002 0.53310549 0.15176901
v -0.14069819 0.53829151 0.26015821
v -0.15211491 0.53674603 0.27622241
v -0.15385002 0.53208357 0.30768996
v -0.15385002 0.52739656 0.33845997
v -0.15385002 0.52256322 0.36922997
v -0.15385002 0.51768225 0.39999998
v -0.15385002 0.51149589 0.42427596
v -0.15385002 0.53891695 0.16715905
v -0.15385002 0.54102367 0.18461996
v -0.15385002 0.54184103 0.21537995
v -0.15211491 0.53967816 0.24839893
v -0.16121817 0.53879124 0.26550409
v -0.12308004 -0.50798070 0.03823917
v -0.12308004 -0.50845110 0.06153995
v -0.12308004 -0.50880080 0.09230995
v -0.12226374 -0.50836772 0.12420805
v -0.13197286 -0.50797224 0.14064144
v -0.12308004 -0.47734353 -0.41645402
v -0.12308004 -0.48406702 -0.40000004
v -0.12308004 -0.49115658 -0.36923003
v -0.12308004 -0.49237484 -0.33846000
v -0.12308004 -0.49323097 -0.30769002
v -0.12308004 -0.49412328 -0.27692002
v -0.12308004 -0.49507526 -0.24615002
v -0.12308004 -0.49606764 -0.21538004
v -0.12308004 -0.49712944 -0.18462002
v -0.12308004 -0.49828056 -0.15385002
v -0.12308004 -0.49947843 -0.12308004
v -0.12308004 -0.50072974 -0.09231004
v -0.12308004 -0.50216109 -0.06154004
v -0.12308005 -0.50383598 -0.03077003
v -0.12308004 -0.50576407 0.00000000
v -0.12308004 -0.50725025 0.02284919
v -0.11146621 -0.50735587 0.13521342
v -0.12226374 -0.50493920 0.15208086
v -0.12308004 -0.49944025 0.18461996
v -0.12308004 -0.49845201 0.21537995
v -0.12308004 -0.50005335 0.24614996
v -0.12308004 -0.49923655 0.27691996
v -0.12308004 -0.49485981 0.30768996
v -0.12308004 -0.48913649 0.33845997
v -0.12308004 -0.48299330 0.36922997
v -0.12308004 -0.47832447 0.39110717
v -0.12308004 -0.45375377 -0.45577809
v -0.12308004 -0.46913376 -0.43184400
v -0.12308004 -0.47293049 0.40648720
v -0.12308004 -0.46359596 0.43076998
v -0.12308004 -0.45431355 0.46153998
v -0.12308004 -0.44826812 0.48731467
v -0.12846939 -0.41602430 -0.47707739
v -0.12016165 -0.42807859 -0.47230703
v -0.12308004 -0.44354299 0.50270462
v -0.12308004 -0.42815298 0.51771617
v -0.12016165 -0.40306538 -0.48008928
v -0.10796273 -0.41536233 -0.47691420
v -0.12308004 -0.40796784 0.53309619
v -0.12308004 -0.39258784 0.53977025
v -0.12308004 -0.36923000 -0.48879588
v -0.12308004 -0.36923000 0.54340231
v -0.12308004 -0.33846003 -0.49439314
v -0.12308004 -0.33846003 0.54766065
v -0.12308004 -0.30769002 -0.49425834
v -0.12308004 -0.30769002 0.54795766
v -0.12308004 -0.27692002 -0.49097079
v -0.12308004 -0.27692002 0.54427582
v -0.12308004 -0.24615002 -0.48727527
v -0.12308004 -0.24615002 0.54046655
v -0.12308004 -0.21538004 -0.48353666
v -0.12308004 -0.21429332 0.53409034
v -0.12308004 -0.22967331 0.53857976
v -0.12308004 -0.18462002 -0.48020881
v -0.12308004 -0.18462002 0.52583903
v -0.12564136 -0.15533505 -0.47765523
v -0.11709557 -0.14606510 -0.47634795
v -0.12308004 -0.15385002 0.51886964
v -0.13760222 -0.13774024 -0.47697976
v -0.12564136 -0.12572417 -0.47531223
v -0.12308004 -0.12308004 0.51314610
v -0.12308004 -0.09231004 -0.47447538
v -0.11335433 -0.07734692 0.50759673
v -0.12339662 -0.08948817 0.50884140
v -0.12308004 -0.05398937 -0.47788081
v -0.12308004 -0.06936936 -0.47605601
v -0.12339662 -0.06440274 0.50493395
v -0.13386099 -0.07656455 0.50772864
v -0.12308004 -0.03077003 -0.48038507
v -0.12308004 -0.03077003 0.49783027
v -0.12308004 0.00000000 -0.48321494
v -0.12308004 0.00000000 0.49152029
v -0.12308004 0.03077000 -0.48600867
v -0.12308004 0.03077000 0.48513982
v -0.12308004 0.06153995 -0.48948184
v -0.12308004 0.06153995 0.48025149
v -0.12308004 0.09230995 -0.49381420
v -0.12308004 0.09230995 0.47838020
v -0.12308004 0.12307996 -0.49859822
v -0.12308004 0.12307996 0.47808099
v -0.12308004 0.15384997 -0.50347054
v -0.12308005 0.15384996 0.47777337
v -0.12308004 0.18922181 -0.50961578
v -0.12308004 0.17384185 -0.50681269
v -0.11017442 0.19694577 0.47682574
v -0.12148867 0.18586347 0.47727743
v -0.12308004 0.21537995 -0.51547569
v -0.11686172 0.21537995 0.47659078
v -0.13224171 0.21537995 0.47703224
v -0.12308004 0.24614996 -0.52333951
v -0.12016345 0.24614996 0.47623822
v -0.13554345 0.24614996 0.47702146
v -0.12308004 0.27691996 -0.53110600
v -0.11457673 0.26883978 0.47635570
v -0.12413005 0.27822384 0.47740239
v -0.12308004 0.31470105 -0.53946227
v -0.12308004 0.29931110 -0.53670645
v -0.12308004 0.30768996 0.47850722
v -0.12308004 0.33845997 -0.54248345
v -0.12308004 0.33845997 0.47950286
v -0.12308004 0.36922997 -0.54658514
v -0.12308004 0.36922997 0.48026505
v -0.12308004 0.39999998 -0.54544926
v -0.12308004 0.39999998 0.48087782
v -0.12308004 0.41802919 -0.54034537
v -0.12167765 0.43575677 -0.52064931
v -0.11048939 0.44580904 -0.50730634
v -0.12308004 0.43076998 0.48093879
v -0.13099605 0.44717729 -0.50877547
v -0.12275497 0.46159339 -0.49236092
v -0.11451390 0.47600946 -0.47557366
v -0.11506772 0.47513402 0.47604772
v -0.12442465 0.46354443 0.47848922
v -0.13502057 0.47715303 -0.47741553
v -0.12409236 0.48148137 -0.46380821
v -0.12308004 0.49081057 -0.43076998
v -0.12308004 0.49531925 -0.39999998
v -0.12308004 0.49890023 -0.36923000
v -0.12308004 0.50285876 -0.33845997
v -0.12315118 0.50616449 -0.30935273
v -0.11294530 0.50700188 -0.28510660
v -0.12308004 0.50337410 0.43688691
v -0.12442465 0.48591223 0.46409264
v -0.13557439 0.47715485 0.47699890
v -0.13345195 0.50801253 -0.30020124
v -0.12315120 0.50844294 -0.27567998
v -0.12308004 0.50988871 -0.24615002
v -0.12308004 0.51154518 -0.21538004
v -0.12308004 0.51323736 -0.18462002
v -0.12308005 0.51488078 -0.15385002
v -0.12308004 0.51629317 -0.12308004
v -0.12308004 0.51752138 -0.09231004
v -0.12308004 0.51887017 -0.06154004
v -0.12308004 0.52019715 -0.03077003
v -0.12308004 0.52127427 -0.00000000
v -0.12308004 0.52223158 0.03077000
v -0.12308004 0.52322090 0.06153995
v -0.12308004 0.52452028 0.09230995
v -0.12308004 0.52649283 0.12307996
v -0.12176726 0.53400683 0.15605536
v -0.11063875 0.53822923 0.17155361
v -0.10887035 0.53833014 0.22936638
v -0.12070622 0.53759634 0.24839893
v -0.12308004 0.53430355 0.27691996
v -0.12308004 0.52976739 0.30768996
v -0.12308004 0.52508044 0.33845997
v -0.12308004 0.52027404 0.36922997
v -0.12308004 0.51544136 0.39999998
v -0.12308004 0.51038617 0.42149693
v -0.13114540 0.53878719 0.16778566
v -0.12176727 0.53956616 0.18293214
v -0.12070622 0.53970265 0.21761981
v -0.12937701 0.53901476 0.23963825
v -0.09231004 -0.50784326 0.04258505
v -0.09231004 -0.50822318 0.06153995
v -0.09231004 -0.50839072 0.09230995
v -0.09231004 -0.50801080 0.11318920
v -0.09231004 -0.47747207 -0.41681641
v -0.09231004 -0.48442787 -0.40000001
v -0.09231004 -0.49157518 -0.36923000
v -0.09231004 -0.49278447 -0.33845997
v -0.09231004 -0.49364746 -0.30769002
v -0.09231004 -0.49444747 -0.27692002
v -0.09231004 -0.49526307 -0.24615002
v -0.09231004 -0.49609983 -0.21538004
v -0.09231004 -0.49705794 -0.18462002
v -0.09231004 -0.49818105 -0.15385002
v -0.09231004 -0.49940687 -0.12308004
v -0.09231004 -0.50074124 -0.09231004
v -0.09231004 -0.50218010 -0.06154004
v -0.09231004 -0.50375605 -0.03077003
v -0.09231004 -0.50555146 0.00000000
v -0.09231004 -0.50710618 0.02719507
v -0.09231004 -0.50660670 0.12856916
v -0.09231004 -0.50313342 0.15384996
v -0.09231004 -0.49932611 0.18461996
v -0.09231004 -0.49894372 0.21537995
v -0.09231004 -0.50075728 0.24614994
v -0.09231004 -0.49971241 0.27691996
v -0.09231004 -0.49491191 0.30768996
v -0.09231005 -0.48927802 0.33845997
v -0.09231004 -0.48370898 0.36922997
v -0.09231004 -0.47885332 0.39395469
v -0.09231004 -0.45415378 -0.45579180
v -0.09231004 -0.46953377 -0.43220645
v -0.09231004 -0.47398531 0.40933472
v -0.09231004 -0.46521649 0.43076998
v -0.09231004 -0.45513642 0.46153998
v -0.09231004 -0.44852522 0.48812473
v -0.09231004 -0.43077001 -0.47093353
v -0.09231004 -0.44414139 0.50351477
v -0.09231004 -0.42875138 0.51827943
v -0.09231004 -0.39926550 -0.48057118
v -0.09231004 -0.41464549 -0.47668174
v -0.09231004 -0.40851131 0.53365946
v -0.09231004 -0.39313132 0.53980619
v -0.09231004 -0.36923000 -0.48859724
v -0.09231004 -0.36923000 0.54331648
v -0.09231004 -0.33846003 -0.49464041
v -0.09231004 -0.33846003 0.54730350
v -0.09231004 -0.30769002 -0.49448383
v -0.09231004 -0.30769002 0.54716432
v -0.09231004 -0.27692002 -0.49062240
v -0.09231004 -0.27692002 0.54326844
v -0.09231004 -0.24615002 -0.48615861
v -0.08628622 -0.23389573 0.53750324
v -0.09485175 -0.24495344 0.53962761
v -0.09231004 -0.21538004 -0.48148209
v -0.09485175 -0.21829335 0.53383559
v -0.10680624 -0.23048890 0.53848964
v -0.09336392 -0.18478112 -0.47798195
v -0.08380649 -0.17463517 -0.47653827
v -0.09231004 -0.18462002 0.52465874
v -0.10432651 -0.16658507 -0.47714806
v -0.09336392 -0.15533505 -0.47561234
v -0.09231004 -0.15385002 0.51804733
v -0.09231004 -0.12308004 -0.47292060
v -0.09231004 -0.12308004 0.51262152
v -0.09231004 -0.09231004 -0.47268254
v -0.09231004 -0.07912245 0.50716114
v -0.09231004 -0.09451246 0.50891578
v -0.09935042 -0.04939387 -0.47731695
v -0.09037826 -0.06040434 -0.47559914
v -0.09231004 -0.06154004 0.50333840
v -0.09037826 -0.03340712 -0.47877693
v -0.07883040 -0.04542519 -0.47683367
v -0.09231004 -0.03077003 0.49683559
v -0.09231004 0.00000000 -0.48228455
v -0.09231004 -0.00000000 0.49038550
v -0.09231004 0.03077000 -0.48487726
v -0.09231004 0.03077000 0.48393601
v -0.09231004 0.06153995 -0.48772812
v -0.09231004 0.06153995 0.47935766
v -0.09231004 0.09230995 -0.49139011
v -0.09231004 0.09230995 0.47781110
v -0.09231004 0.12307996 -0.49589089
v -0.09231004 0.12307996 0.47746673
v -0.09231004 0.15384996 -0.50074917
v -0.07960981 0.16323462 0.47683510
v -0.09084591 0.15332475 0.47714773
v -0.09231004 0.19629169 -0.50839782
v -0.09231004 0.18091173 -0.50544643
v -0.09084591 0.18586347 0.47668543
v -0.10012982 0.17643915 0.47704020
v -0.09231004 0.21537995 -0.51296163
v -0.09231004 0.21537995 0.47609800
v -0.09231004 0.24614996 -0.52067697
v -0.09231004 0.24614996 0.47541362
v -0.09231004 0.27691996 -0.52837324
v -0.09382302 0.27822384 0.47581682
v -0.10509167 0.28934646 0.47701553
v -0.09231004 0.32016444 -0.53883570
v -0.09231004 0.30477446 -0.53534007
v -0.08457166 0.29856122 0.47629985
v -0.09382302 0.30836871 0.47736663
v -0.09231004 0.33845997 -0.54138863
v -0.09231004 0.33845997 0.47837490
v -0.09231004 0.36922997 -0.54592538
v -0.09231004 0.36922997 0.47924134
v -0.09231004 0.39999998 -0.54446638
v -0.09231004 0.39999998 0.47994021
v -0.09231004 0.41674894 -0.53955400
v -0.09231004 0.43066597 -0.52307999
v -0.09231004 0.44468701 -0.50597692
v -0.09231004 0.43076998 0.48003688
v -0.09231004 0.45912960 -0.49058694
v -0.09231004 0.47450963 -0.47333667
v -0.09231004 0.47274372 0.47485903
v -0.09231004 0.45736369 0.47836977
v -0.09231004 0.48100722 -0.45795664
v -0.09231004 0.48781154 -0.43076998
v -0.09231004 0.49204949 -0.39999998
v -0.09231004 0.49534100 -0.36923000
v -0.09231004 0.49903005 -0.33846000
v -0.09231004 0.50244623 -0.30769002
v -0.09381180 0.50567311 -0.27567998
v -0.08455295 0.50682592 -0.25264943
v -0.09231004 0.50213760 0.43440011
v -0.09231004 0.48674759 0.45947900
v -0.10507297 0.50784403 -0.26459989
v -0.09381180 0.50823349 -0.24389367
v -0.09231004 0.50966287 -0.21538004
v -0.09231004 0.51144254 -0.18462002
v -0.09231004 0.51338923 -0.15385002
v -0.09231004 0.51529545 -0.12308005
v -0.09231004 0.51699030 -0.09231004
v -0.09231004 0.51863271 -0.06154004
v -0.09231004 0.52019984 -0.03077003
v -0.09231004 0.52142859 -0.00000000
v -0.09231004 0.52244318 0.03077000
v -0.09231004 0.52349186 0.06153995
v -0.09231004 0.52466953 0.09230995
v -0.09231004 0.52637136 0.12307996
v -0.09231004 0.53194726 0.15384996
v -0.09092408 0.53748834 0.18293214
v -0.09092408 0.53747892 0.21761981
v -0.09231004 0.53491223 0.24614994
v -0.09231004 0.53152001 0.27691996
v -0.09231004 0.52738023 0.30768996
v -0.09231004 0.52276433 0.33845997
v -0.09231004 0.51798475 0.36922997
v -0.09231004 0.51325035 0.39999998
v -0.09231004 0.50932640 0.41901013
v -0.10026012 0.53890222 0.19206023
v -0.10026012 0.53890222 0.20885968
v -0.05123921 -0.50799060 0.00817140
v -0.06151154 -0.50824374 0.03300601
v -0.06154004 -0.50887221 0.06153994
v -0.06417103 -0.50828075 0.09361233
v -0.07617835 -0.50772071 0.10801213
v -0.06154004 -0.47739550 -0.41665515
v -0.06154004 -0.48425007 -0.40000001
v -0.06154004 -0.49136022 -0.36923000
v -0.06154004 -0.49269998 -0.33846000
v -0.06154004 -0.49384633 -0.30769002
v -0.06154004 -0.49486715 -0.27692002
v -0.06154004 -0.49584541 -0.24615002
v -0.06154004 -0.49685299 -0.21538004
v -0.06154004 -0.49800947 -0.18462002
v -0.06154004 -0.49933445 -0.15385002
v -0.06154004 -0.50074136 -0.12308004
v -0.06154004 -0.50220972 -0.09231004
v -0.06154004 -0.50371444 -0.06154004
v -0.06154004 -0.50529474 -0.03077004
v -0.06151154 -0.50685501 -0.00124917
v -0.07174587 -0.50734973 0.02423670
v -0.05567169 -0.50729007 0.10474062
v -0.06417103 -0.50580245 0.12019124
v -0.06154004 -0.50166816 0.15384996
v -0.06154004 -0.49926648 0.18461996
v -0.06154004 -0.49982163 0.21537995
v -0.06154004 -0.50170624 0.24614993
v -0.06154004 -0.50039506 0.27691996
v -0.06154004 -0.49513161 0.30768996
v -0.06154004 -0.48928523 0.33845997
v -0.06154004 -0.48415938 0.36922997
v -0.06154004 -0.47933912 0.39695370
v -0.06154004 -0.45402315 -0.45481396
v -0.06154004 -0.46940315 -0.43204516
v -0.06154004 -0.47530156 0.41233373
v -0.06154004 -0.46702147 0.43076998
v -0.06154004 -0.45576817 0.46153998
v -0.06154004 -0.44866824 0.48770413
v -0.06154003 -0.43077001 -0.46926534
v -0.06154004 -0.44395512 0.50309414
v -0.06154004 -0.42856508 0.51806712
v -0.06154004 -0.39726913 -0.48035634
v -0.06154004 -0.41264912 -0.47599140
v -0.06154004 -0.40776899 0.53344715
v -0.06154004 -0.39238900 0.53962213
v -0.06154004 -0.36923000 -0.48829773
v -0.06154004 -0.36923000 0.54282171
v -0.06154004 -0.33846003 -0.49484292
v -0.06154004 -0.33846003 0.54642844
v -0.06154004 -0.30769002 -0.49503553
v -0.06154004 -0.30769002 0.54589128
v -0.06154004 -0.27692002 -0.49091411
v -0.06154004 -0.27692002 0.54194379
v -0.06154004 -0.24615002 -0.48593563
v -0.06154004 -0.23841235 0.53616196
v -0.06154004 -0.25380233 0.53928137
v -0.06154004 -0.21538004 -0.48071742
v -0.06154003 -0.21538004 0.52983898
v -0.06154004 -0.19414574 -0.47756189
v -0.06154004 -0.17876571 -0.47595975
v -0.06154004 -0.18462002 0.52246565
v -0.06154004 -0.15385002 -0.47366700
v -0.06154004 -0.15385002 0.51633316
v -0.06154004 -0.12308004 -0.47082901
v -0.06154004 -0.12308004 0.51136029
v -0.06154004 -0.09231004 -0.47077060
v -0.06154004 -0.08411616 0.50611192
v -0.06154004 -0.09950617 0.50843567
v -0.06154004 -0.06154004 -0.47407952
v -0.06154004 -0.06154004 0.50142366
v -0.06154004 -0.02671366 -0.47832194
v -0.06154004 -0.04210367 -0.47643068
v -0.06154004 -0.03077003 0.49510956
v -0.06154004 0.00000000 -0.48123008
v -0.06154004 -0.00000000 0.48869118
v -0.06154004 0.03077000 -0.48399529
v -0.06154004 0.03077000 0.48224664
v -0.06154004 0.06153995 -0.48657238
v -0.04956180 0.07413330 0.47669399
v -0.06050509 0.06294397 0.47790271
v -0.06154004 0.09230995 -0.48955783
v -0.05314684 0.09230995 0.47650522
v -0.06852683 0.09230995 0.47720468
v -0.06154004 0.12307996 -0.49344206
v -0.05724986 0.12307996 0.47636726
v -0.07262985 0.12307996 0.47704586
v -0.06154004 0.15384996 -0.49809283
v -0.06378751 0.15332475 0.47633591
v -0.07553916 0.14271457 0.47695503
v -0.07666793 0.19988422 -0.50772238
v -0.06446478 0.18762653 -0.50430810
v -0.06154004 0.18461996 0.47595078
v -0.06446478 0.21439071 -0.51029825
v -0.05616127 0.20347786 -0.50682902
v -0.06154004 0.21537995 0.47562006
v -0.06154004 0.24614996 -0.51802558
v -0.06154004 0.24614996 0.47512108
v -0.06154004 0.27691996 -0.52572918
v -0.06154004 0.27691996 0.47470778
v -0.07656316 0.32295796 -0.53847677
v -0.06440191 0.31069475 -0.53440523
v -0.06169743 0.30836871 0.47572359
v -0.07205569 0.31908119 0.47707558
v -0.06440191 0.33734679 -0.54003477
v -0.05605650 0.32635131 -0.53762919
v -0.05154903 0.32751259 0.47648147
v -0.06169743 0.33804354 0.47742605
v -0.06154004 0.36922997 -0.54493153
v -0.06154004 0.36922997 0.47837391
v -0.05998246 0.40277129 -0.54232836
v -0.04869075 0.41487220 -0.53824925
v -0.06154004 0.39999998 0.47914013
v -0.06919741 0.41588998 -0.53888649
v -0.05998246 0.42567915 -0.52602953
v -0.06154004 0.44326144 -0.50423425
v -0.06154004 0.43076995 0.47928619
v -0.06154004 0.45743331 -0.48884425
v -0.06154004 0.47281334 -0.47077778
v -0.06154004 0.46987000 0.47331157
v -0.06154004 0.45448998 0.47800404
v -0.06154004 0.47990960 -0.45539775
v -0.06154004 0.48549870 -0.43077001
v -0.06154004 0.48950255 -0.40000004
v -0.06154004 0.49252552 -0.36923000
v -0.06154004 0.49587324 -0.33845997
v -0.06154004 0.49916214 -0.30769002
v -0.06154004 0.50206625 -0.27692002
v -0.06391064 0.50535375 -0.24389367
v -0.05317549 0.50688684 -0.21538004
v -0.04643630 0.50766659 -0.19967829
v -0.06154004 0.50095195 0.43225494
v -0.06154004 0.48556200 0.45793155
v -0.07574437 0.50776649 -0.23212944
v -0.06855548 0.50820637 -0.21538004
v -0.05862979 0.50911039 -0.18750297
v -0.06154004 0.51127118 -0.15385002
v -0.06154004 0.51329839 -0.12308004
v -0.06154004 0.51540029 -0.09231004
v -0.06154004 0.51739281 -0.06154004
v -0.06154004 0.51932538 -0.03077004
v -0.06154004 0.52098811 0.00000000
v -0.06154004 0.52223718 0.03077000
v -0.06154004 0.52335608 0.06153995
v -0.06154004 0.52451903 0.09230995
v -0.06154004 0.52529502 0.12307996
v -0.06154004 0.52955681 0.15384996
v -0.06154004 0.53481936 0.18461996
v -0.06154004 0.53460097 0.21537995
v -0.06154004 0.53168255 0.24614996
v -0.06154004 0.52847618 0.27691996
v -0.06154004 0.52480614 0.30768996
v -0.06154004 0.52054703 0.33845997
v -0.06154004 0.51592207 0.36922997
v -0.06154004 0.51130795 0.39999998
v -0.06154004 0.50837487 0.41686493
v -0.01610584 -0.50774604 -0.04712903
v -0.02220835 -0.50812900 -0.03077003
v -0.03271920 -0.50870907 -0.00124917
v -0.03077003 -0.50984657 0.03077000
v -0.03077003 -0.51007283 0.06153995
v -0.03077003 -0.50879306 0.08752927
v -0.03077003 -0.47740802 -0.41667455
v -0.03077003 -0.48422265 -0.40000004
v -0.03077003 -0.49130461 -0.36923000
v -0.03077003 -0.49282050 -0.33846003
v -0.03077003 -0.49434564 -0.30769002
v -0.03077003 -0.49580950 -0.27692002
v -0.03077003 -0.49715745 -0.24615002
v -0.03077003 -0.49846762 -0.21538004
v -0.03077003 -0.49985653 -0.18462002
v -0.03077003 -0.50133502 -0.15385002
v -0.03077003 -0.50284421 -0.12308004
v -0.03077003 -0.50435865 -0.09231004
v -0.02812752 -0.50624466 -0.05904543
v -0.03759836 -0.50706738 -0.03077003
v -0.04427865 -0.50755882 -0.01233530
v -0.03077003 -0.50701171 0.10291931
v -0.03077003 -0.50424987 0.12307996
v -0.03077003 -0.50030243 0.15384996
v -0.03077003 -0.49880147 0.18461996
v -0.03077003 -0.50065368 0.21537995
v -0.03077003 -0.50298166 0.24614996
v -0.03077003 -0.50144118 0.27691996
v -0.03077003 -0.49566710 0.30768996
v -0.03077003 -0.48937511 0.33845997
v -0.03077004 -0.48423511 0.36922997
v -0.03099239 -0.47908777 0.40245160
v -0.02088063 -0.47714481 0.41651773
v -0.03077003 -0.45345262 -0.45356709
v -0.03077003 -0.46883261 -0.43206453
v -0.04140064 -0.47633448 0.41433939
v -0.03099239 -0.47028589 0.42837462
v -0.03077003 -0.45616066 0.46153998
v -0.03077003 -0.44863415 0.48690787
v -0.03077003 -0.43077001 -0.46700859
v -0.03077003 -0.44370124 0.50229788
v -0.03077003 -0.42831123 0.51757586
v -0.03077003 -0.39451835 -0.47994834
v -0.03077003 -0.40989834 -0.47498152
v -0.03077003 -0.40632164 0.53295588
v -0.03077004 -0.39094165 0.53934646
v -0.03077003 -0.36923000 -0.48773515
v -0.03077004 -0.36923000 0.54216737
v -0.03077003 -0.33846003 -0.49517530
v -0.03077003 -0.33846003 0.54525167
v -0.03077003 -0.30769002 -0.49612248
v -0.03077003 -0.30769002 0.54435438
v -0.03077003 -0.27692002 -0.49188203
v -0.01731442 -0.26228175 0.53822142
v -0.02885267 -0.27428907 0.54019839
v -0.03077003 -0.24615002 -0.48664999
v -0.02885267 -0.24731246 0.53512794
v -0.03783443 -0.25834736 0.53879243
v -0.03077003 -0.21538004 -0.48148263
v -0.03077003 -0.21538004 0.52669585
v -0.03077003 -0.19312605 -0.47798067
v -0.03077003 -0.17774603 -0.47581342
v -0.03077003 -0.18462002 0.51977897
v -0.03077003 -0.15385002 -0.47296861
v -0.03077003 -0.15385002 0.51399606
v -0.03077003 -0.12308004 -0.46972215
v -0.01873521 -0.10909357 0.50736624
v -0.02970515 -0.12084015 0.50930923
v -0.03077003 -0.09231004 -0.46980381
v -0.02970515 -0.09348314 0.50511897
v -0.03925522 -0.10452521 0.50795650
v -0.03077003 -0.06154004 -0.47331098
v -0.03077003 -0.06154004 0.49871096
v -0.03077003 -0.02388441 -0.47798434
v -0.03077003 -0.03927442 -0.47607413
v -0.03077003 -0.03077003 0.49251705
v -0.03077003 -0.00000000 -0.48084787
v -0.03077004 0.00000000 0.48619288
v -0.03077003 0.03077000 -0.48398939
v -0.02133811 0.04365772 0.47596648
v -0.03126689 0.03234664 0.47957563
v -0.03077003 0.06153995 -0.48661926
v -0.03126689 0.06294397 0.47552833
v -0.04185813 0.05362668 0.47727561
v -0.03077003 0.09230995 -0.48936382
v -0.03077003 0.09230995 0.47482830
v -0.03077003 0.12307996 -0.49263698
v -0.03077003 0.12307996 0.47466362
v -0.03077003 0.15384996 -0.49672192
v -0.03077003 0.15384996 0.47439349
v -0.03077003 0.18461996 -0.50193226
v -0.03077003 0.18461996 0.47413510
v -0.03077003 0.22102033 -0.51015824
v -0.03077003 0.20564030 -0.50628692
v -0.03077003 0.21537995 0.47394451
v -0.03077003 0.24614996 -0.51649249
v -0.03077003 0.24614996 0.47368535
v -0.03077003 0.27691996 -0.52423310
v -0.03077003 0.27691996 0.47326684
v -0.03077003 0.30768996 -0.53197908
v -0.03077003 0.30768996 0.47336787
v -0.03077003 0.34355819 -0.54012430
v -0.03077003 0.32817814 -0.53716022
v -0.03084299 0.33804354 0.47526890
v -0.04115163 0.34801927 0.47711515
v -0.03077003 0.36922997 -0.54451376
v -0.02063162 0.35957870 0.47630897
v -0.03084299 0.36959520 0.47741437
v -0.03077003 0.39866781 -0.54284954
v -0.03077003 0.41404784 -0.53786933
v -0.03077003 0.39999998 0.47825956
v -0.03077003 0.42714432 -0.52248937
v -0.03077003 0.44253430 -0.50327009
v -0.03077003 0.43076998 0.47848907
v -0.03077003 0.45609972 -0.48788005
v -0.03077003 0.47147974 -0.46863791
v -0.03077003 0.46690583 0.47160393
v -0.03077003 0.45152581 0.47762111
v -0.03077003 0.47908920 -0.45325792
v -0.03077003 0.48363858 -0.43076998
v -0.03077003 0.48728517 -0.40000004
v -0.03077003 0.48996109 -0.36923000
v -0.03077003 0.49295688 -0.33846003
v -0.03077003 0.49612629 -0.30769002
v -0.03077003 0.49895024 -0.27692002
v -0.03077003 0.50153685 -0.24615003
v -0.03077003 0.50434542 -0.21538004
v -0.02873151 0.50681674 -0.18750297
v -0.01711248 0.50748903 -0.16722220
v -0.02353326 0.50705272 0.41147605
v -0.03258397 0.50087059 0.42788512
v -0.03077003 0.48425874 0.45622388
v -0.03763250 0.50823516 -0.17917156
v -0.02873151 0.50898409 -0.15571734
v -0.03077003 0.51108921 -0.12308004
v -0.03077003 0.51315129 -0.09231004
v -0.03077003 0.51527244 -0.06154004
v -0.03077004 0.51741546 -0.03077003
v -0.03077003 0.51948798 0.00000000
v -0.03077003 0.52121294 0.03077001
v -0.03077003 0.52272677 0.06153995
v -0.03077003 0.52398741 0.09230995
v -0.03077003 0.52347410 0.12307996
v -0.03077003 0.52667522 0.15384996
v -0.03077003 0.53187656 0.18461996
v -0.03077003 0.53148305 0.21537995
v -0.03077004 0.52862543 0.24614996
v -0.03077003 0.52552509 0.27691996
v -0.03077003 0.52214807 0.30768996
v -0.03077003 0.51831669 0.33845997
v -0.03077003 0.51395756 0.36922997
v -0.03258397 0.50938010 0.40073362
v -0.04405327 0.50785071 0.41570187
v 0.01208208 -0.50789690 -0.08132225
v 0.00109724 -0.50824076 -0.05904543
v 0.00000000 -0.50940150 -0.03077003
v 0.00000000 -0.51055074 0.00000000
v -0.00000000 -0.51148158 0.03077000
v -0.00000000 -0.51085651 0.06153995
v -0.00000000 -0.50875252 0.08699375
v -0.00000000 -0.47779047 -0.41752815
v -0.00000000 -0.48481226 -0.39999998
v 0.00000000 -0.49178976 -0.36923000
v 0.00000000 -0.49346644 -0.33846003
v 0.00000000 -0.49520206 -0.30769002
v 0.00000000 -0.49697292 -0.27692002
v 0.00000000 -0.49869537 -0.24615002
v -0.00000000 -0.50036639 -0.21538004
v -0.00000000 -0.50194335 -0.18462002
v -0.00000000 -0.50344336 -0.15385002
v -0.00000000 -0.50496006 -0.12308004
v 0.00109724 -0.50660866 -0.09187336
v -0.00842462 -0.50720161 -0.06763569
v 0.00000000 -0.50694144 0.10238379
v 0.00000000 -0.50393581 0.12307996
v 0.00000000 -0.49966007 0.15384996
v 0.00000000 -0.49829143 0.18461996
v -0.00000000 -0.50121915 0.21537995
v -0.00000000 -0.50439250 0.24614996
v 0.00000000 -0.50273335 0.27691996
v 0.00000000 -0.49637833 0.30768996
v -0.00000000 -0.48947784 0.33845997
v -0.00000000 -0.48402566 0.36922997
v -0.00000000 -0.47962558 0.39999998
v 0.00000000 -0.47724366 0.41720629
v -0.00000000 -0.45303744 -0.45265871
v 0.00000000 -0.46841744 -0.43291819
v 0.00000000 -0.46962783 0.43259627
v 0.00000000 -0.45647013 0.46153998
v 0.00000000 -0.44838226 0.48521474
v -0.00000000 -0.43077001 -0.46520877
v -0.00000000 -0.44306451 0.50060475
v -0.00000000 -0.42767450 0.51685613
v 0.00000000 -0.39222795 -0.47955644
v 0.00000000 -0.40760794 -0.47409004
v 0.00000000 -0.40436015 0.53223616
v 0.00000000 -0.38898015 0.53902912
v 0.00000000 -0.36923000 -0.48751277
v 0.00000000 -0.36923000 0.54146302
v 0.00000000 -0.33846003 -0.49656025
v 0.00000000 -0.33846003 0.54401815
v 0.00000000 -0.30769002 -0.49839526
v 0.00000000 -0.30769002 0.54280764
v -0.00000000 -0.27692002 -0.49384549
v -0.00000000 -0.26560169 0.53718072
v -0.00000000 -0.28098172 0.53968334
v -0.00000000 -0.24615002 -0.48870230
v 0.00000000 -0.24615002 0.53158224
v -0.00000000 -0.21538004 -0.48382610
v 0.00000000 -0.21538004 0.52371186
v 0.00053880 -0.18396537 -0.47899017
v -0.00935535 -0.17327558 -0.47634315
v -0.00000000 -0.18462002 0.51718140
v 0.01115135 -0.16640736 -0.47735974
v 0.00053880 -0.15522844 -0.47472024
v -0.00000000 -0.15385002 0.51183546
v 0.00000000 -0.12308004 -0.47064662
v 0.00000000 -0.11343223 0.50643444
v -0.00000000 -0.12881222 0.50858444
v 0.00000000 -0.09231004 -0.47048071
v 0.00000000 -0.09231004 0.50203812
v 0.00000000 -0.06154004 -0.47376901
v 0.00000000 -0.06154004 0.49583837
v 0.00000000 -0.02533618 -0.47817811
v -0.00000000 -0.04072619 -0.47625202
v 0.00000000 -0.03077003 0.48962235
v -0.00000000 -0.00000000 -0.48138446
v -0.00000000 0.00000000 0.48331302
v 0.00000000 0.03077000 -0.48491326
v 0.00000000 0.03894871 0.47436899
v -0.00000000 0.02355873 0.47853541
v 0.00000000 0.06153995 -0.48781455
v 0.00000000 0.06153995 0.47184297
v -0.00000000 0.09230995 -0.49051645
v 0.00000000 0.09230995 0.47204083
v 0.00000000 0.12307996 -0.49349302
v 0.00000000 0.12307996 0.47214580
v -0.00000000 0.15384996 -0.49701953
v 0.00000000 0.15384996 0.47185165
v -0.00000000 0.18461996 -0.50172120
v 0.00000000 0.18461996 0.47145838
v -0.00000000 0.22186175 -0.50993770
v 0.00000000 0.20648172 -0.50609589
v 0.00000000 0.21537995 0.47122920
v -0.00000000 0.24614996 -0.51606405
v 0.00000000 0.24614996 0.47112036
v 0.00000000 0.27691996 -0.52386260
v 0.00000000 0.27691996 0.47086018
v 0.00000000 0.30768996 -0.53170866
v 0.00000000 0.30768996 0.47049123
v 0.00000000 0.34394041 -0.54015064
v 0.00000000 0.32856038 -0.53705239
v 0.00000000 0.33845997 0.47162831
v 0.00000000 0.36922997 -0.54469830
v -0.00102482 0.36959520 0.47475642
v -0.01196139 0.38009867 0.47706077
v 0.00000000 0.39746603 -0.54300773
v 0.00000000 0.41284606 -0.53723812
v 0.00854531 0.39202479 0.47598007
v -0.00102482 0.40136686 0.47731924
v -0.00000000 0.42664802 -0.52185810
v 0.00000000 0.44203800 -0.50260752
v 0.01416060 0.44277844 0.47674727
v 0.00234435 0.43181905 0.47743136
v 0.00000000 0.45478582 -0.48721752
v 0.00000000 0.47016582 -0.46615639
v 0.00234435 0.45997524 0.47096285
v -0.00634610 0.44867870 0.47724760
v 0.00000000 0.47828558 -0.45077640
v 0.00000000 0.48184800 -0.43077001
v 0.00000000 0.48516807 -0.40000004
v 0.00000000 0.48755407 -0.36923003
v 0.00000000 0.49025866 -0.33846003
v 0.00000000 0.49323484 -0.30769002
v 0.00000000 0.49597812 -0.27692002
v 0.00000000 0.49842617 -0.24615002
v -0.00000000 0.50100809 -0.21538004
v 0.00000000 0.50381243 -0.18462002
v 0.00116977 0.50649577 -0.15571734
v 0.01220297 0.50731033 -0.13475953
v 0.00000000 0.50606441 0.40551388
v 0.00000000 0.49654222 0.43076998
v -0.00000000 0.48278785 0.45422307
v -0.00830373 0.50815731 -0.14670223
v 0.00116977 0.50884914 -0.12393574
v 0.00000000 0.51089525 -0.09231004
v -0.00000000 0.51298916 -0.06154004
v 0.00000000 0.51512307 -0.03077003
v -0.00000000 0.51720893 0.00000000
v 0.00000000 0.51915830 0.03077000
v 0.00000000 0.52101338 0.06153995
v 0.00000000 0.52188456 0.09230995
v 0.00000000 0.52087665 0.12307996
v -0.00000000 0.52424812 0.15384996
v -0.00000000 0.52931857 0.18461996
v -0.00000000 0.52873528 0.21537995
v 0.00000000 0.52594960 0.24614996
v 0.00000000 0.52293283 0.27691996
v 0.00000000 0.51960075 0.30768996
v 0.00000000 0.51589316 0.33845997
v 0.00000000 0.51166666 0.36922997
v 0.00000000 0.50854665 0.39013386
v 0.04028801 -0.50804859 -0.11553790
v 0.03032482 -0.50851232 -0.09187336
v 0.03077000 -0.50988954 -0.06154004
v 0.03077000 -0.51110929 -0.03077003
v 0.03077001 -0.51220143 -0.00000000
v 0.03077000 -0.51271474 0.03077000
v 0.03077000 -0.51120591 0.06153995
v 0.03077000 -0.50871897 0.08723512
v 0.04064813 -0.50802803 0.25702247
v 0.04064813 -0.50802803 0.26414242
v 0.03077000 -0.47817779 -0.41835991
v 0.03077000 -0.48546314 -0.39999998
v 0.03077000 -0.49244815 -0.36922997
v 0.03077000 -0.49433890 -0.33846000
v 0.03077000 -0.49619326 -0.30769002
v 0.03077000 -0.49805155 -0.27692002
v 0.03077000 -0.49994361 -0.24615002
v 0.03077000 -0.50185579 -0.21538004
v 0.03077000 -0.50368106 -0.18462002
v 0.03077000 -0.50542015 -0.15385002
v 0.03032482 -0.50695288 -0.12470676
v 0.01976804 -0.50739384 -0.10184225
v 0.03077000 -0.50702494 0.10262516
v 0.03077000 -0.50416017 0.12307996
v 0.03077000 -0.49978453 0.15384996
v 0.03077000 -0.49846283 0.18461996
v 0.03077001 -0.50193453 0.21537995
v 0.03054089 -0.50610709 0.24651746
v 0.03054089 -0.50481999 0.27540547
v 0.03077000 -0.49729013 0.30768996
v 0.03077000 -0.48975670 0.33845997
v 0.03077000 -0.48379430 0.36922997
v 0.03077000 -0.47931004 0.39999998
v 0.03077000 -0.47710446 0.41659680
v 0.03077000 -0.45257658 -0.45196605
v 0.03077000 -0.46795657 -0.43374991
v 0.03077000 -0.47018725 0.43198678
v 0.03077000 -0.45668930 0.46153998
v 0.03077000 -0.44804209 0.48299989
v 0.03077000 -0.43077001 -0.46374324
v 0.03077000 -0.44208655 0.49838987
v 0.03077000 -0.42669654 0.51603842
v 0.03077000 -0.38970271 -0.47883824
v 0.03077000 -0.40508270 -0.47331724
v 0.03077000 -0.40221158 0.53141844
v 0.03077000 -0.38683158 0.53872877
v 0.03077000 -0.36923000 -0.48711914
v 0.03077000 -0.36923000 0.54080039
v 0.03077000 -0.33846003 -0.49844596
v 0.03077000 -0.33846003 0.54287326
v 0.03077000 -0.30769002 -0.50122619
v 0.03077000 -0.30769002 0.54136741
v 0.03077000 -0.27692002 -0.49660519
v 0.03077000 -0.27150151 0.53538036
v 0.03077000 -0.28688154 0.53902572
v 0.03077000 -0.24615002 -0.49178708
v 0.03077000 -0.24615002 0.52825665
v 0.03077000 -0.21538004 -0.48701209
v 0.03077000 -0.21538004 0.52083832
v 0.03077000 -0.18462002 -0.48222861
v 0.03077000 -0.18462002 0.51469976
v 0.03077000 -0.15983744 -0.47837952
v 0.03077000 -0.14444746 -0.47601005
v 0.04468642 -0.13899598 0.50755566
v 0.03296386 -0.15109357 0.50959402
v 0.03077000 -0.12308004 -0.47340265
v 0.03296386 -0.12375368 0.50538558
v 0.02416645 -0.13445610 0.50803310
v 0.03077000 -0.09231004 -0.47267488
v 0.03077000 -0.09231004 0.49912181
v 0.03077000 -0.06154004 -0.47495827
v 0.03077000 -0.06154004 0.49299937
v 0.03077001 -0.02799436 -0.47851172
v 0.03077000 -0.04338437 -0.47659600
v 0.03077000 -0.03077003 0.48668122
v 0.03077000 0.00000000 -0.48205173
v 0.04252135 0.01370744 0.47622979
v 0.03166482 0.00207246 0.47989655
v 0.03077000 0.03077000 -0.48584688
v 0.03166482 0.02958033 0.47289562
v 0.02200137 0.01852723 0.47750977
v 0.03077000 0.06153995 -0.48910478
v 0.03077000 0.06153995 0.46830270
v 0.03077000 0.09230995 -0.49183321
v 0.03077000 0.09230995 0.46905065
v 0.03077000 0.12307996 -0.49467227
v 0.03077000 0.12307996 0.46955556
v 0.03077000 0.15384996 -0.49790853
v 0.03077000 0.15384996 0.46957496
v 0.03077000 0.18461996 -0.50213814
v 0.03077000 0.18461996 0.46926612
v 0.03077000 0.22181803 -0.50987148
v 0.03077000 0.20643800 -0.50617659
v 0.03077000 0.21537995 0.46899569
v 0.03077000 0.24614996 -0.51585042
v 0.03077000 0.24614996 0.46875587
v 0.03077000 0.27691996 -0.52357680
v 0.03077000 0.27691996 0.46834800
v 0.03077000 0.30768996 -0.53146088
v 0.03077000 0.30768996 0.46781757
v 0.03077000 0.34432259 -0.54018700
v 0.03077000 0.32894257 -0.53694296
v 0.03077000 0.33845997 0.46808910
v 0.03077000 0.36922997 -0.54489577
v 0.03077000 0.36922997 0.47036037
v 0.03077000 0.39620787 -0.54316878
v 0.03077000 0.41158789 -0.53647995
v 0.02952202 0.40136686 0.47448856
v 0.01843005 0.41253150 0.47701374
v 0.03077000 0.42613533 -0.52109998
v 0.03077000 0.44152531 -0.50196427
v 0.02952202 0.43181905 0.47535077
v 0.01843005 0.42225847 0.47701374
v 0.03077000 0.45358598 -0.48657429
v 0.03337462 0.47049016 -0.45977587
v 0.04537102 0.47680894 -0.44577798
v 0.03077000 0.46153998 0.46605816
v 0.02485105 0.47755596 -0.44834647
v 0.03337462 0.47940364 -0.43361878
v 0.03077000 0.48316678 -0.40000004
v 0.03077000 0.48528486 -0.36923000
v 0.03077000 0.48772472 -0.33846003
v 0.03077000 0.49047437 -0.30769002
v 0.03077000 0.49314213 -0.27692002
v 0.03077000 0.49551675 -0.24615002
v 0.03077000 0.49789536 -0.21538004
v 0.03077000 0.50047159 -0.18462002
v 0.03077000 0.50327301 -0.15385002
v 0.03106738 0.50617003 -0.12393574
v 0.04152561 0.50712746 -0.10230151
v 0.03782281 0.50697941 0.38027334
v 0.02884570 0.50480807 0.39752546
v 0.03077000 0.49353886 0.43076998
v 0.03077000 0.48122334 0.45200768
v 0.02100564 0.50807399 -0.11425287
v 0.03106738 0.50870532 -0.09214891
v 0.03077000 0.51068658 -0.06154004
v 0.03077000 0.51281369 -0.03077003
v 0.03077000 0.51493919 0.00000000
v 0.03077000 0.51685536 0.03077000
v 0.03077000 0.51845187 0.06153995
v 0.03077000 0.51845717 0.09230995
v 0.03077000 0.51750803 0.12307995
v 0.03077000 0.52175492 0.15384996
v 0.03077000 0.52687395 0.18461996
v 0.03077000 0.52624983 0.21537995
v 0.03077000 0.52356291 0.24614996
v 0.03077000 0.52053529 0.27691996
v 0.03077000 0.51716352 0.30768996
v 0.03077000 0.51340395 0.33845997
v 0.02884570 0.50927913 0.36970001
v 0.01730284 0.50785142 0.38562241
v 0.06995264 -0.50792390 -0.14232364
v 0.06043558 -0.50853831 -0.12470676
v 0.06153995 -0.51027852 -0.09231004
v 0.06153995 -0.51176852 -0.06154004
v 0.06153995 -0.51299834 -0.03077003
v 0.06153995 -0.51404816 0.00000000
v 0.06153995 -0.51359022 0.03077000
v 0.06153995 -0.51123381 0.06153995
v 0.06153995 -0.50876331 0.08817046
v 0.06153995 -0.50835705 0.25301725
v 0.06153994 -0.50835699 0.26729062
v 0.06153995 -0.47815010 -0.41832483
v 0.06153995 -0.48539096 -0.40000004
v 0.06153995 -0.49260747 -0.36923000
v 0.06153995 -0.49492505 -0.33846003
v 0.06153995 -0.49703568 -0.30769002
v 0.06153995 -0.49902785 -0.27692002
v 0.06153995 -0.50100154 -0.24615002
v 0.06153995 -0.50295401 -0.21538004
v 0.06153995 -0.50491619 -0.18462002
v 0.06043558 -0.50690871 -0.15309019
v 0.04944603 -0.50757700 -0.13604456
v 0.06153995 -0.50718582 0.10356050
v 0.06153995 -0.50447524 0.12307996
v 0.06153995 -0.50003695 0.15384996
v 0.06153995 -0.49903297 0.18461996
v 0.06153995 -0.50286859 0.21537995
v 0.06153995 -0.50658315 0.23762727
v 0.06153994 -0.50536108 0.28267065
v 0.06153995 -0.49868160 0.30768996
v 0.06153995 -0.49023739 0.33845997
v 0.06153995 -0.48353612 0.36922997
v 0.05981871 -0.47855091 0.40238872
v 0.04841791 -0.47695914 0.41570511
v 0.06153995 -0.45190406 -0.45113742
v 0.06153995 -0.46728405 -0.43371487
v 0.06892454 -0.47642222 0.41423455
v 0.05981871 -0.47103396 0.42788705
v 0.06153995 -0.45596519 0.46153998
v 0.06153995 -0.44756943 0.48078483
v 0.06153995 -0.43077001 -0.46217614
v 0.06153995 -0.44104049 0.49617481
v 0.06153995 -0.42565048 0.51507318
v 0.06153995 -0.38756385 -0.47809762
v 0.06153995 -0.40294385 -0.47257873
v 0.06126762 -0.39735982 0.53182089
v 0.05083275 -0.38534638 0.53854293
v 0.06153995 -0.36923000 -0.48608384
v 0.07133938 -0.38375255 0.53807062
v 0.06126762 -0.37178752 0.53989464
v 0.06153995 -0.33846003 -0.49873000
v 0.06153995 -0.33846003 0.54180545
v 0.06153995 -0.30769002 -0.50350159
v 0.07095706 -0.29458305 0.53770357
v 0.06103823 -0.30598181 0.53985095
v 0.06153995 -0.27692002 -0.50004297
v 0.06103823 -0.27900892 0.53417826
v 0.05045044 -0.29065481 0.53862578
v 0.06153995 -0.24615002 -0.49516726
v 0.06153995 -0.24615002 0.52508855
v 0.06153995 -0.21538004 -0.49025050
v 0.06153995 -0.21538004 0.51807106
v 0.06153995 -0.18462002 -0.48542804
v 0.06153995 -0.18462002 0.51248771
v 0.05896161 -0.15110555 -0.47994670
v 0.04698940 -0.13901593 -0.47683454
v 0.06153995 -0.14227051 0.50673062
v 0.06153995 -0.15766048 0.50891006
v 0.06837712 -0.12308004 -0.47783312
v 0.05299716 -0.12308005 -0.47604758
v 0.06153995 -0.12308004 0.50248718
v 0.07201546 -0.09231004 -0.47755554
v 0.05663549 -0.09231004 -0.47556612
v 0.06153995 -0.09231004 0.49624288
v 0.06649895 -0.06154004 -0.47818786
v 0.05111898 -0.06154004 -0.47629714
v 0.06153995 -0.06154004 0.49005574
v 0.05902284 -0.03327026 -0.47928602
v 0.04709145 -0.04519710 -0.47681692
v 0.06153995 -0.03077003 0.48367834
v 0.06153995 0.00000000 -0.48292959
v 0.06153995 0.00933571 0.47450486
v 0.06153995 -0.00604431 0.47871891
v 0.06153995 0.03077000 -0.48661718
v 0.06153995 0.03077000 0.46822655
v 0.06153995 0.06153995 -0.49020875
v 0.06153995 0.06153995 0.46496391
v 0.06153995 0.09230995 -0.49318054
v 0.06153995 0.09230995 0.46606517
v 0.06153995 0.12307996 -0.49590170
v 0.06153995 0.12307996 0.46699655
v 0.06153995 0.15384996 -0.49895775
v 0.06153995 0.15384996 0.46760455
v 0.06153995 0.18461996 -0.50303596
v 0.06153995 0.18461996 0.46769458
v 0.06153995 0.22033317 -0.51013076
v 0.06153995 0.20495315 -0.50657475
v 0.06153995 0.21537995 0.46747458
v 0.06153995 0.24614996 -0.51621574
v 0.06153995 0.24614996 0.46704495
v 0.06153995 0.27691996 -0.52363777
v 0.06153995 0.27691996 0.46635965
v 0.06153995 0.30768996 -0.53132051
v 0.06153995 0.30768996 0.46560541
v 0.06153995 0.34470472 -0.54022825
v 0.06153995 0.32932469 -0.53684771
v 0.06153995 0.33845997 0.46514583
v 0.06153995 0.36922997 -0.54507089
v 0.06153995 0.36922997 0.46668243
v 0.06153995 0.39501822 -0.54330266
v 0.06153995 0.41039824 -0.53567743
v 0.06153995 0.39999998 0.47045374
v 0.06153995 0.42554703 -0.52029747
v 0.06153995 0.44093701 -0.50122845
v 0.06153995 0.43076998 0.47132164
v 0.06153995 0.45257455 -0.48583847
v 0.06153995 0.46678367 -0.46154001
v 0.06153995 0.47574911 -0.44188100
v 0.06153995 0.46153998 0.46174335
v 0.06153995 0.47853377 -0.42649099
v 0.06153995 0.48118231 -0.40000001
v 0.06153995 0.48320207 -0.36923000
v 0.06153995 0.48535913 -0.33845997
v 0.06153995 0.48788321 -0.30769002
v 0.06153995 0.49048415 -0.27692002
v 0.06153995 0.49278966 -0.24615002
v 0.06153995 0.49498525 -0.21538004
v 0.06153995 0.49735701 -0.18462002
v 0.06153995 0.49992880 -0.15385002
v 0.06153995 0.50272602 -0.12308004
v 0.06096828 0.50583971 -0.09214891
v 0.07084048 0.50694346 -0.06983877
v 0.06153995 0.50583923 0.37404865
v 0.06153995 0.50120485 0.39999998
v 0.06153995 0.49041528 0.43076998
v 0.06153995 0.47965968 0.44979903
v 0.05033386 0.50798458 -0.08178150
v 0.06096828 0.50855064 -0.06036728
v 0.06153995 0.51048517 -0.03077003
v 0.06153995 0.51271433 0.00000000
v 0.06153995 0.51483160 0.03077001
v 0.06153995 0.51588929 0.06153995
v 0.06153995 0.51517713 0.09230995
v 0.06153995 0.51456332 0.12307996
v 0.06153995 0.51928401 0.15384996
v 0.06153995 0.52428293 0.18461996
v 0.06153995 0.52351975 0.21537995
v 0.06153995 0.52088845 0.24614996
v 0.06153995 0.51792669 0.27691996
v 0.06153995 0.51465118 0.30768996
v 0.06153995 0.51098263 0.33845997
v 0.06153995 0.50836772 0.35865867
v 0.09230995 -0.50833076 -0.14873342
v 0.09230995 -0.50990438 -0.12308004
v 0.09230995 -0.51180404 -0.09231004
v 0.09230995 -0.51352322 -0.06154004
v 0.09230995 -0.51499254 -0.03077003
v 0.09230995 -0.51555192 0.00000000
v 0.09230995 -0.51402587 0.03077000
v 0.09230995 -0.51126194 0.06153995
v 0.09230995 -0.50878829 0.08886445
v 0.09230995 -0.50863242 0.24989372
v 0.09230995 -0.50863242 0.27151090
v 0.09230995 -0.47827303 -0.41870481
v 0.09230995 -0.48516971 -0.40000001
v 0.09230995 -0.49202543 -0.36923000
v 0.09230995 -0.49460554 -0.33846000
v 0.09230995 -0.49706161 -0.30769002
v 0.09230995 -0.49943563 -0.27692002
v 0.09230994 -0.50177628 -0.24615003
v 0.09230995 -0.50394523 -0.21538003
v 0.09230995 -0.50599337 -0.18462002
v 0.09230995 -0.50736356 -0.16412340
v 0.09230995 -0.50729376 0.10425448
v 0.09230995 -0.50465620 0.12307996
v 0.09230995 -0.50014037 0.15384996
v 0.09230995 -0.49946195 0.18461996
v 0.09230995 -0.50373906 0.21537995
v 0.09230995 -0.50705504 0.23450375
v 0.09230994 -0.50651979 0.28689092
v 0.09230995 -0.50042760 0.30768996
v 0.09230995 -0.49097627 0.33845997
v 0.09230995 -0.48347360 0.36922997
v 0.09230995 -0.47871512 0.39716941
v 0.09230995 -0.45168501 -0.45058244
v 0.09230995 -0.46706501 -0.43409482
v 0.09230995 -0.47569016 0.41254944
v 0.09230995 -0.46773940 0.43076998
v 0.09230995 -0.45427337 0.46153998
v 0.09230995 -0.44684413 0.47856948
v 0.09230995 -0.43077001 -0.46113592
v 0.09230995 -0.43991122 0.49395946
v 0.09230995 -0.42452121 0.51397800
v 0.09230995 -0.38683304 -0.47783715
v 0.09230995 -0.40221304 -0.47209352
v 0.09230995 -0.40000004 0.52824908
v 0.09230995 -0.36923000 -0.48531389
v 0.09230995 -0.38209772 0.53735107
v 0.09230995 -0.36670771 0.53985792
v 0.09230995 -0.33846000 -0.49797118
v 0.09230995 -0.33846003 0.54079759
v 0.09230995 -0.30769002 -0.50470400
v 0.09230995 -0.29865822 0.53639209
v 0.09230995 -0.31404820 0.53939974
v 0.09230995 -0.27692002 -0.50365466
v 0.09230995 -0.27692002 0.53000236
v 0.09230995 -0.24615002 -0.49934977
v 0.09230995 -0.24615002 0.52204192
v 0.09230995 -0.21538004 -0.49411672
v 0.09230995 -0.21538004 0.51551616
v 0.09230995 -0.18462002 -0.48893431
v 0.09230995 -0.18462002 0.51065445
v 0.09230995 -0.15385002 -0.48387140
v 0.09230995 -0.14870714 0.50523376
v 0.09230995 -0.16409712 0.50818992
v 0.09230995 -0.12308004 -0.48051664
v 0.09230995 -0.12308004 0.49961138
v 0.09230995 -0.09231004 -0.48017848
v 0.09230995 -0.09231004 0.49332678
v 0.09230995 -0.06154004 -0.48138291
v 0.09230995 -0.06154004 0.48696998
v 0.09230995 -0.03077003 -0.48287988
v 0.10585066 -0.01623030 0.47655085
v 0.09427836 -0.02820220 0.48008403
v 0.09230995 0.00000000 -0.48496848
v 0.09427836 -0.00075589 0.47245654
v 0.08533061 -0.01151317 0.47764561
v 0.09230995 0.03077000 -0.48780078
v 0.09230995 0.03077000 0.46354002
v 0.09230995 0.06153995 -0.49117029
v 0.09230995 0.06153995 0.46152192
v 0.09230995 0.09230995 -0.49443528
v 0.09230995 0.09230995 0.46292135
v 0.09230995 0.12307996 -0.49720216
v 0.09230995 0.12307996 0.46411550
v 0.09230995 0.15384996 -0.50008613
v 0.09230995 0.15384996 0.46511826
v 0.09230995 0.18461995 -0.50402296
v 0.09230995 0.18461996 0.46575734
v 0.09230995 0.21827480 -0.51060575
v 0.09230995 0.20289478 -0.50704360
v 0.09230995 0.21537995 0.46606636
v 0.09230995 0.24614996 -0.51711893
v 0.09230995 0.24614996 0.46579891
v 0.09230995 0.27691996 -0.52435827
v 0.09230995 0.27691996 0.46494865
v 0.09230995 0.30768996 -0.53175044
v 0.09230995 0.30768996 0.46404275
v 0.09230995 0.34438419 -0.54034883
v 0.09230995 0.32900414 -0.53698528
v 0.09230995 0.33845997 0.46336278
v 0.09230995 0.36922997 -0.54531693
v 0.09230995 0.36922997 0.46387261
v 0.09230995 0.39395759 -0.54342812
v 0.09230995 0.40933761 -0.53487492
v 0.09230995 0.39999998 0.46670276
v 0.09230995 0.42489931 -0.51949495
v 0.09230995 0.44028929 -0.50042593
v 0.09230995 0.43077001 0.46736145
v 0.09230995 0.45176160 -0.48503587
v 0.09230995 0.46408147 -0.46153998
v 0.09230995 0.47385985 -0.43449962
v 0.09230995 0.46153998 0.45743781
v 0.09230995 0.47745472 -0.41910961
v 0.09230995 0.47907096 -0.40000004
v 0.09230995 0.48116460 -0.36923000
v 0.09230995 0.48319653 -0.33845997
v 0.09230995 0.48543775 -0.30769002
v 0.09230995 0.48792964 -0.27692002
v 0.09230995 0.49020335 -0.24615002
v 0.09230995 0.49225867 -0.21538004
v 0.09230995 0.49444649 -0.18462002
v 0.09230995 0.49681258 -0.15385002
v 0.09230995 0.49940377 -0.12308004
v 0.09230995 0.50231528 -0.09231004
v 0.09117343 0.50574368 -0.06036728
v 0.10067577 0.50699550 -0.03977801
v 0.09815165 0.50643933 0.34619093
v 0.08965895 0.50408667 0.36645886
v 0.09230995 0.49790838 0.39999998
v 0.09230995 0.48715064 0.43076998
v 0.09230995 0.47798115 0.44755003
v 0.08015572 0.50789058 -0.04933211
v 0.09117343 0.50850618 -0.03001882
v 0.09230995 0.51066321 0.00000000
v 0.09230995 0.51294714 0.03077000
v 0.09230995 0.51350945 0.06153995
v 0.09230995 0.51235372 0.09230995
v 0.09230995 0.51218712 0.12307995
v 0.09230995 0.51703119 0.15384996
v 0.09230995 0.52159011 0.18461996
v 0.09230995 0.52053344 0.21537995
v 0.09230995 0.51785004 0.24614996
v 0.09230995 0.51493239 0.27691996
v 0.09230995 0.51179004 0.30768996
v 0.08965895 0.50872600 0.33694655
v 0.07763160 0.50777358 0.35435149
v 0.12937848 -0.50790912 -0.17182176
v 0.12070708 -0.50881463 -0.15667257
v 0.12307996 -0.51118767 -0.12308004
v 0.12307996 -0.51313341 -0.09231004
v 0.12307996 -0.51492584 -0.06154004
v 0.12307996 -0.51643062 -0.03077003
v 0.12307996 -0.51622701 0.00000000
v 0.12307996 -0.51400024 0.03077000
v 0.12307996 -0.51123613 0.06153995
v 0.12307996 -0.50877595 0.08856075
v 0.13689236 -0.50772405 0.23050769
v 0.12521541 -0.50863844 0.24401867
v 0.12307996 -0.50885499 0.27461866
v 0.12307996 -0.47879738 -0.41991574
v 0.12307996 -0.48554057 -0.40000001
v 0.12307996 -0.49143535 -0.36923000
v 0.12307996 -0.49375677 -0.33845997
v 0.12307996 -0.49634171 -0.30769002
v 0.12307996 -0.49895906 -0.27692002
v 0.12307996 -0.50164098 -0.24615002
v 0.12307996 -0.50424302 -0.21538004
v 0.12070708 -0.50679684 -0.18309307
v 0.10887187 -0.50766939 -0.16881424
v 0.12307996 -0.50724220 0.10395078
v 0.12307996 -0.50460488 0.12307996
v 0.12307996 -0.50017023 0.15384996
v 0.12307996 -0.49981463 0.18461996
v 0.12521541 -0.50514346 0.21830459
v 0.11638575 -0.50742942 0.23233783
v 0.12307996 -0.50725067 0.28999865
v 0.12307996 -0.50201994 0.30768996
v 0.12307996 -0.49229085 0.33845997
v 0.12307996 -0.48369655 0.36922997
v 0.12307996 -0.47848505 0.39495015
v 0.12307996 -0.45183378 -0.45033875
v 0.12307996 -0.46721378 -0.43530571
v 0.12307996 -0.47472048 0.41033018
v 0.12307996 -0.46580333 0.43076998
v 0.12150802 -0.45142475 0.46394682
v 0.11020675 -0.44631746 0.47728088
v 0.12307996 -0.43077001 -0.46057975
v 0.13071336 -0.44567347 0.47580469
v 0.12150802 -0.43991861 0.48944855
v 0.12307996 -0.42333314 0.51290244
v 0.12307996 -0.38627669 -0.47758710
v 0.12307996 -0.40165666 -0.47178099
v 0.12307996 -0.40000004 0.52613944
v 0.12307996 -0.36923000 -0.48467833
v 0.12307996 -0.37955111 0.53631699
v 0.12307996 -0.36416110 0.53951871
v 0.12307996 -0.33845997 -0.49731469
v 0.12307996 -0.33846003 0.53983957
v 0.12307996 -0.30769002 -0.50485897
v 0.12307996 -0.30450976 0.53458703
v 0.12307996 -0.31989974 0.53878087
v 0.13813579 -0.26216295 -0.50771260
v 0.12596147 -0.27421778 -0.50642681
v 0.12307996 -0.27692002 0.52662420
v 0.13813579 -0.26120836 -0.50771266
v 0.12596147 -0.24902901 -0.50464785
v 0.12307996 -0.24615002 0.51910311
v 0.12307996 -0.21538004 -0.49890524
v 0.12307996 -0.21538004 0.51326764
v 0.12307996 -0.18462002 -0.49323925
v 0.13056207 -0.17236315 0.50680500
v 0.12141724 -0.18341790 0.50902355
v 0.12307996 -0.15385002 -0.48765141
v 0.12141724 -0.15624288 0.50400698
v 0.11005545 -0.16809811 0.50779694
v 0.12307996 -0.12308004 -0.48432255
v 0.12307996 -0.12308004 0.49668267
v 0.12307996 -0.09231004 -0.48422706
v 0.12307996 -0.09231004 0.49027830
v 0.12307996 -0.06154004 -0.48530170
v 0.12307996 -0.06154004 0.48393324
v 0.12307996 -0.03077003 -0.48660582
v 0.12307996 -0.02054368 0.47464404
v 0.12307996 -0.03593368 0.47889271
v 0.12307996 0.00000000 -0.48814535
v 0.12307996 -0.00000000 0.46651515
v 0.12307996 0.03077000 -0.49006268
v 0.12307996 0.03077000 0.45909405
v 0.12307996 0.06153995 -0.49269569
v 0.12307996 0.06153995 0.45835331
v 0.12307996 0.09230995 -0.49572834
v 0.12307996 0.09230995 0.45989090
v 0.12307996 0.12307996 -0.49854612
v 0.12307996 0.12307996 0.46121716
v 0.12307996 0.15384996 -0.50128198
v 0.12307996 0.15384996 0.46237317
v 0.13720353 0.19975038 -0.50774044
v 0.12540212 0.18754622 -0.50552398
v 0.12307996 0.18461996 0.46338236
v 0.12540212 0.21304782 -0.51044548
v 0.11669690 0.20123971 -0.50741965
v 0.12307996 0.21537995 0.46425706
v 0.12307996 0.24614996 -0.51813293
v 0.12307996 0.24614996 0.46435839
v 0.12307996 0.27691996 -0.52541566
v 0.12307996 0.27691996 0.46361589
v 0.12307996 0.30768996 -0.53275049
v 0.12307996 0.30768996 0.46282279
v 0.12307996 0.34268245 -0.54075021
v 0.12307996 0.32730246 -0.53744614
v 0.12307996 0.33845997 0.46235931
v 0.12307996 0.36922997 -0.54600787
v 0.12307996 0.36922997 0.46229830
v 0.12307996 0.39319643 -0.54371768
v 0.12307996 0.40857646 -0.53407246
v 0.12307996 0.39999998 0.46343192
v 0.12307996 0.42425168 -0.51869249
v 0.12307996 0.43964165 -0.49962342
v 0.12307996 0.43077001 0.46308440
v 0.12307996 0.45104107 -0.48423341
v 0.12307996 0.46188733 -0.46154004
v 0.12005220 0.47257966 -0.42771369
v 0.13070211 0.47601226 -0.40000001
v 0.13828909 0.47689858 -0.38444200
v 0.12900358 0.47397149 0.44349685
v 0.12048215 0.46284690 0.45244533
v 0.10778039 0.47692510 -0.41541612
v 0.11532215 0.47744691 -0.40000004
v 0.12605345 0.47861114 -0.37220123
v 0.12307996 0.48111689 -0.33846003
v 0.12307996 0.48319080 -0.30769002
v 0.12307996 0.48546863 -0.27692002
v 0.12307996 0.48770636 -0.24615002
v 0.12307996 0.48970401 -0.21538004
v 0.12307996 0.49178466 -0.18462002
v 0.12307996 0.49409354 -0.15385002
v 0.12307996 0.49667022 -0.12308004
v 0.12307996 0.49956164 -0.09231004
v 0.12307996 0.50266492 -0.06154004
v 0.12299959 0.50605953 -0.03001882
v 0.13319932 0.50726843 -0.01246361
v 0.13128419 0.50669533 0.31686386
v 0.12185051 0.50468630 0.33694655
v 0.12307996 0.49912155 0.36922997
v 0.12307996 0.49401063 0.39999998
v 0.12048215 0.48280030 0.43225011
v 0.10849696 0.47703323 0.44630826
v 0.11269269 0.50795954 -0.01925800
v 0.12299959 0.50891417 -0.00132616
v 0.12307996 0.51088852 0.03077000
v 0.12307996 0.51102126 0.06153995
v 0.12307996 0.51003724 0.09230995
v 0.12307996 0.51016098 0.12307994
v 0.12307996 0.51489955 0.15384996
v 0.12307996 0.51890552 0.18461996
v 0.12307996 0.51756144 0.21537995
v 0.12307996 0.51483464 0.24614996
v 0.12307996 0.51192057 0.27691996
v 0.12185051 0.50897622 0.30703831
v 0.11077758 0.50801110 0.32568422
v 0.15384996 -0.50788850 -0.17154455
v 0.15384996 -0.50934982 -0.15385002
v 0.15384996 -0.51179355 -0.12308004
v 0.15384996 -0.51405799 -0.09231004
v 0.15384996 -0.51610219 -0.06154004
v 0.15384996 -0.51703727 -0.03077003
v 0.15384996 -0.51600134 0.00000000
v 0.15384996 -0.51374876 0.03077000
v 0.15384996 -0.51110435 0.06153995
v 0.15384996 -0.50869614 0.08749346
v 0.15384996 -0.50782359 0.22949713
v 0.15384996 -0.50920528 0.24614996
v 0.15384996 -0.50908178 0.27599010
v 0.15384996 -0.47943515 -0.42139804
v 0.15384996 -0.48640889 -0.40000004
v 0.15384996 -0.49155775 -0.36923000
v 0.15384996 -0.49328023 -0.33846003
v 0.15384996 -0.49560019 -0.30769002
v 0.15384996 -0.49823636 -0.27692002
v 0.15384996 -0.50098616 -0.24615002
v 0.15384996 -0.50381094 -0.21538004
v 0.15384996 -0.50646722 -0.18692458
v 0.15384996 -0.50709498 0.10288350
v 0.15384996 -0.50445807 0.12307996
v 0.15384996 -0.50019950 0.15384996
v 0.15384996 -0.50015962 0.18461996
v 0.15384996 -0.50502324 0.21411712
v 0.15384996 -0.50750703 0.29137009
v 0.15384996 -0.50308466 0.30768996
v 0.15384996 -0.49364704 0.33845997
v 0.15384996 -0.48429242 0.36922997
v 0.15384996 -0.47853306 0.39361614
v 0.15384996 -0.45210379 -0.45009887
v 0.15384996 -0.46748382 -0.43678805
v 0.15384996 -0.47375065 0.40899611
v 0.15384996 -0.46386713 0.43076998
v 0.15384996 -0.45165649 0.45875871
v 0.15384996 -0.43077001 -0.46007088
v 0.15384996 -0.44494665 0.47413874
v 0.15384996 -0.43618715 0.49230999
v 0.15384996 -0.42201048 0.51182574
v 0.15384996 -0.38575339 -0.47735992
v 0.15384996 -0.40113339 -0.47151199
v 0.15384996 -0.40000001 0.52402061
v 0.15384996 -0.36923000 -0.48392895
v 0.15384996 -0.37674782 0.53527486
v 0.15384996 -0.36135781 0.53918564
v 0.15384996 -0.33846003 -0.49635661
v 0.15944099 -0.32806590 0.53719473
v 0.15104857 -0.33837557 0.53905070
v 0.15384996 -0.30769002 -0.50445986
v 0.15104857 -0.31066304 0.53324389
v 0.13892095 -0.32290509 0.53847694
v 0.15384996 -0.26259589 -0.50772160
v 0.15384996 -0.27797595 -0.50698227
v 0.15384996 -0.27692002 0.52337950
v 0.15544172 -0.24902901 -0.50779641
v 0.14624286 -0.24068838 -0.50659692
v 0.15384996 -0.24615002 0.51644450
v 0.16676290 -0.22824208 -0.50783181
v 0.15544172 -0.21694526 -0.50455940
v 0.15384996 -0.21538004 0.51141363
v 0.15384996 -0.18462002 -0.49854249
v 0.15384996 -0.17680842 0.50561398
v 0.15384996 -0.19218846 0.50853980
v 0.15384996 -0.15385002 -0.49239874
v 0.15384996 -0.15385002 0.50013763
v 0.15384996 -0.12308004 -0.48899478
v 0.15384996 -0.12308004 0.49356180
v 0.15384996 -0.09231004 -0.48907155
v 0.15384996 -0.09231004 0.48718441
v 0.15384996 -0.06154004 -0.48977232
v 0.16768868 -0.04693287 0.47655132
v 0.15599719 -0.05892774 0.48026142
v 0.15384996 -0.03077003 -0.49066636
v 0.15599719 -0.03131279 0.47222918
v 0.14716864 -0.04193462 0.47777405
v 0.15384996 0.00000000 -0.49181175
v 0.15384996 -0.00000000 0.46050477
v 0.15384996 0.03077000 -0.49328977
v 0.15384996 0.03077000 0.45479861
v 0.15384996 0.06153995 -0.49508238
v 0.15384996 0.06153995 0.45534721
v 0.15384996 0.09230995 -0.49741474
v 0.15384996 0.09230995 0.45718360
v 0.15384996 0.12307996 -0.50008857
v 0.15384996 0.12307996 0.45866793
v 0.15384996 0.15384996 -0.50263858
v 0.15384996 0.15384996 0.45991334
v 0.15384996 0.19790745 -0.50800794
v 0.15384996 0.18252748 -0.50578898
v 0.15384996 0.18461996 0.46105620
v 0.15384996 0.21537995 -0.51190209
v 0.15384996 0.21537995 0.46213776
v 0.15384996 0.24614996 -0.51913303
v 0.15384996 0.24614996 0.46257165
v 0.15384996 0.27691996 -0.52644652
v 0.15384996 0.27691996 0.46216199
v 0.15384996 0.30768996 -0.53381312
v 0.15384996 0.30768996 0.46166551
v 0.15384996 0.34042779 -0.54138196
v 0.15384996 0.32504776 -0.53798550
v 0.15384996 0.33845997 0.46149504
v 0.15384996 0.36922997 -0.54711366
v 0.15384996 0.36922997 0.46154785
v 0.15384996 0.39271128 -0.54419172
v 0.15384996 0.40809131 -0.53324807
v 0.15384996 0.39999998 0.46154049
v 0.15384996 0.42360383 -0.51786810
v 0.15384996 0.43899381 -0.49882078
v 0.15384996 0.43076998 0.45934531
v 0.15384996 0.45036086 -0.48343077
v 0.15384996 0.46006826 -0.46153998
v 0.15384996 0.46883842 -0.43077001
v 0.15384996 0.47381657 -0.40000001
v 0.15384996 0.47622553 -0.37868237
v 0.15384996 0.47040486 0.44000897
v 0.15384996 0.45502484 0.45168260
v 0.15384996 0.47755736 -0.36329237
v 0.15384996 0.47925866 -0.33846003
v 0.15384996 0.48132184 -0.30769002
v 0.15384996 0.48342332 -0.27692002
v 0.15384996 0.48556805 -0.24615002
v 0.15384996 0.48754877 -0.21538004
v 0.15384996 0.48960102 -0.18462002
v 0.15384996 0.49196976 -0.15385002
v 0.15384996 0.49458867 -0.12308004
v 0.15384996 0.49736807 -0.09231004
v 0.15384996 0.50033998 -0.06154004
v 0.15384996 0.50377750 -0.03077003
v 0.15615739 0.50678909 -0.00132616
v 0.16680238 0.50736642 0.03077000
v 0.16559854 0.50716019 0.06153995
v 0.16235691 0.50683260 0.09230995
v 0.16295199 0.50697535 0.11398787
v 0.16378085 0.50695395 0.28758857
v 0.15365247 0.50514114 0.30703831
v 0.15384996 0.49985504 0.33845997
v 0.15384996 0.49475044 0.36922997
v 0.15384996 0.48961192 0.39999998
v 0.15384996 0.48196566 0.42461896
v 0.14743565 0.50838798 0.00804309
v 0.15141235 0.50876474 0.03077000
v 0.15020850 0.50870591 0.06153995
v 0.14696686 0.50834072 0.09230995
v 0.15315516 0.50845122 0.12377669
v 0.15384996 0.51292461 0.15384996
v 0.15384996 0.51634490 0.18461996
v 0.15384996 0.51473206 0.21537995
v 0.15384996 0.51202524 0.24614994
v 0.15365247 0.50913620 0.27716914
v 0.14326079 0.50813508 0.29634386
v 0.17170744 -0.50774223 -0.16973101
v 0.18302444 -0.50872475 -0.15599409
v 0.18461996 -0.51153427 -0.12308004
v 0.18461996 -0.51422024 -0.09231004
v 0.18461996 -0.51647925 -0.06154004
v 0.18461996 -0.51681221 -0.03077003
v 0.18461996 -0.51522040 0.00000000
v 0.18461996 -0.51312184 0.03077000
v 0.18461996 -0.51072001 0.06153995
v 0.18461996 -0.50855041 0.08630635
v 0.18461996 -0.50799268 0.22787270
v 0.18461996 -0.50963002 0.24614996
v 0.18376943 -0.50902963 0.27987882
v 0.19345571 -0.50773293 0.29257682
v 0.18461996 -0.48008761 -0.42298412
v 0.18461996 -0.48744780 -0.40000001
v 0.18461996 -0.49229991 -0.36923000
v 0.18461996 -0.49371576 -0.33846003
v 0.18461996 -0.49548641 -0.30769002
v 0.18461996 -0.49779627 -0.27692002
v 0.18461996 -0.50047821 -0.24615002
v 0.18461996 -0.50326997 -0.21538004
v 0.18302444 -0.50640231 -0.18183860
v 0.19221406 -0.50755358 -0.16768342
v 0.18461996 -0.50696021 0.10169639
v 0.18461996 -0.50430876 0.12307996
v 0.18461996 -0.50021380 0.15384996
v 0.18461996 -0.50049782 0.18461996
v 0.18461996 -0.50533259 0.21249267
v 0.17294909 -0.50765699 0.29210475
v 0.18376943 -0.50436634 0.30477807
v 0.18461996 -0.49459082 0.33845997
v 0.18461996 -0.48538238 0.36922997
v 0.18461996 -0.47896677 0.39342186
v 0.18461996 -0.45257387 -0.44986290
v 0.18461996 -0.46795386 -0.43837416
v 0.18461996 -0.47302243 0.40880188
v 0.18461996 -0.46217245 0.43076998
v 0.18461996 -0.45069003 0.45654333
v 0.18461996 -0.43077001 -0.45960906
v 0.18461996 -0.44398019 0.47192335
v 0.18461996 -0.43379554 0.49230999
v 0.18461996 -0.42058536 0.51077801
v 0.18461996 -0.38525558 -0.47715750
v 0.18461996 -0.40063560 -0.47128621
v 0.18461996 -0.39999998 0.52192163
v 0.18461996 -0.36923000 -0.48318514
v 0.18461996 -0.37372300 0.53422368
v 0.18461996 -0.35833299 0.53887331
v 0.18461996 -0.33846003 -0.49506992
v 0.18461996 -0.33298495 0.53562665
v 0.18461996 -0.34836495 0.53887331
v 0.18461996 -0.30769002 -0.50351340
v 0.18461996 -0.30769002 0.52834636
v 0.18461996 -0.26255646 -0.50772679
v 0.18461996 -0.27793649 -0.50678110
v 0.18461996 -0.27692002 0.52026957
v 0.18461996 -0.24615000 -0.50800902
v 0.18461996 -0.24615002 0.51415777
v 0.18611005 -0.21694526 -0.50802046
v 0.17685013 -0.20773542 -0.50662142
v 0.19778036 -0.20086499 0.50744539
v 0.18636422 -0.21282300 0.50948554
v 0.19735675 -0.19737025 -0.50785780
v 0.18611005 -0.18611816 -0.50454932
v 0.18636420 -0.18572488 0.50467461
v 0.17727374 -0.19671477 0.50802535
v 0.18461996 -0.15385002 -0.49823946
v 0.18461996 -0.15385002 0.49702811
v 0.18461996 -0.12308004 -0.49529889
v 0.18461996 -0.12308004 0.49038821
v 0.18461996 -0.09231004 -0.49558389
v 0.18461996 -0.09231004 0.48417374
v 0.18461996 -0.06154004 -0.49568647
v 0.18461996 -0.05132135 0.47442713
v 0.18461996 -0.06670135 0.47901437
v 0.18461996 -0.03077003 -0.49599013
v 0.18461996 -0.03077003 0.46569398
v 0.18461996 0.00000000 -0.49659359
v 0.18461996 0.00000000 0.45466718
v 0.18461996 0.03077000 -0.49735761
v 0.18461996 0.03077000 0.45043212
v 0.18461996 0.06153995 -0.49839845
v 0.18461996 0.06153995 0.45221165
v 0.18461996 0.09230995 -0.50004339
v 0.18461996 0.09230995 0.45443308
v 0.18461996 0.12307996 -0.50204408
v 0.18461996 0.12307996 0.45622492
v 0.18461996 0.15384996 -0.50419855
v 0.18461996 0.15384996 0.45767784
v 0.18461996 0.19391069 -0.50853544
v 0.18461996 0.17853072 -0.50652093
v 0.18461996 0.18461996 0.45891994
v 0.18461996 0.21537995 -0.51290506
v 0.18461996 0.21537995 0.46001631
v 0.18461996 0.24614996 -0.52008170
v 0.18461996 0.24614996 0.46060318
v 0.18461996 0.27691996 -0.52739269
v 0.18461996 0.27691996 0.46056321
v 0.19496976 0.32250002 -0.53857833
v 0.18467785 0.31042001 -0.53541321
v 0.18461996 0.30768996 0.46049315
v 0.18467785 0.33574528 -0.54129153
v 0.17446314 0.32368216 -0.53831458
v 0.18461996 0.33845997 0.46064550
v 0.18461996 0.36922997 -0.54797268
v 0.18461996 0.36922997 0.46079752
v 0.18461996 0.39228362 -0.54452205
v 0.18461996 0.40766364 -0.53250527
v 0.18461996 0.39999998 0.46054617
v 0.18461996 0.42302737 -0.51712525
v 0.18461996 0.43841735 -0.49799287
v 0.18461996 0.43076998 0.45684069
v 0.18461996 0.44971427 -0.48260286
v 0.18461996 0.45834959 -0.46153998
v 0.18461996 0.46658427 -0.43076998
v 0.18461996 0.47136307 -0.40000004
v 0.18365036 0.47501558 -0.36766466
v 0.19325727 0.47636715 -0.34930894
v 0.18461996 0.46687123 0.43580475
v 0.18461996 0.45149124 0.44979706
v 0.17275065 0.47708225 -0.35636112
v 0.18365036 0.47777098 -0.33881736
v 0.18461996 0.47989476 -0.30769002
v 0.18461996 0.48205483 -0.27692002
v 0.18461996 0.48416004 -0.24615000
v 0.18461996 0.48614174 -0.21538004
v 0.18461996 0.48819444 -0.18462002
v 0.18461996 0.49048907 -0.15385002
v 0.18461996 0.49291530 -0.12308004
v 0.18461996 0.49554220 -0.09231004
v 0.18461996 0.49860197 -0.06154004
v 0.18461996 0.50226235 -0.03077003
v 0.18461996 0.50470710 0.00000000
v 0.18461996 0.50491399 0.03077000
v 0.18461996 0.50438929 0.06153995
v 0.18461996 0.50370622 0.09230995
v 0.18469366 0.50566208 0.12377669
v 0.19499612 0.50723743 0.13965154
v 0.19635473 0.50721401 0.25840676
v 0.18550883 0.50560057 0.27716914
v 0.18461996 0.50059175 0.30768996
v 0.18461996 0.49546993 0.33845997
v 0.18461996 0.49034378 0.36922997
v 0.18461996 0.48514783 0.39999998
v 0.18461996 0.47973254 0.42041478
v 0.17448950 0.50794214 0.13449448
v 0.18469366 0.51052356 0.15148692
v 0.18461996 0.51388741 0.18461996
v 0.18461996 0.51209486 0.21537995
v 0.18550883 0.50926751 0.24734804
v 0.17584811 0.50823891 0.26708186
v 0.21537995 -0.50869715 -0.15004621
v 0.21537995 -0.51106536 -0.12308004
v 0.21537995 -0.51383859 -0.09231005
v 0.21537995 -0.51555216 -0.06154004
v 0.21537995 -0.51534402 -0.03077003
v 0.21537997 -0.51403028 0.00000000
v 0.21537995 -0.51217961 0.03077000
v 0.21537994 -0.51000202 0.06153995
v 0.21537995 -0.50829053 0.08424063
v 0.21537995 -0.50816536 0.22639245
v 0.21537995 -0.51009256 0.24614996
v 0.21537995 -0.50968432 0.27691996
v 0.21537995 -0.50775713 0.29277632
v 0.21537995 -0.48083767 -0.42483717
v 0.21537995 -0.48867807 -0.40000004
v 0.21537995 -0.49329278 -0.36923000
v 0.21537995 -0.49470422 -0.33846003
v 0.21537997 -0.49616170 -0.30769002
v 0.21537997 -0.49786583 -0.27692002
v 0.21537995 -0.50009239 -0.24615002
v 0.21537995 -0.50274551 -0.21538004
v 0.21537995 -0.50556111 -0.18462002
v 0.21537995 -0.50734204 -0.16543619
v 0.21537995 -0.50682825 0.09963066
v 0.21537995 -0.50411677 0.12307996
v 0.21537997 -0.50025201 0.15384996
v 0.21537995 -0.50089860 0.18461996
v 0.21537995 -0.50563520 0.21101242
v 0.21537995 -0.50365055 0.30816630
v 0.21537995 -0.49519831 0.33845997
v 0.21537995 -0.48644286 0.36922997
v 0.21537995 -0.47950506 0.39415458
v 0.21537995 -0.45357561 -0.44976503
v 0.21537995 -0.46895561 -0.44022718
v 0.21537995 -0.47318840 0.40953460
v 0.21537995 -0.46134940 0.43076998
v 0.21537995 -0.44970101 0.45432898
v 0.21537995 -0.43077001 -0.45942831
v 0.21537995 -0.44301409 0.46970901
v 0.21537995 -0.43137947 0.49230999
v 0.21537995 -0.41913536 0.50982857
v 0.21537995 -0.38496286 -0.47704020
v 0.21537995 -0.40034285 -0.47120330
v 0.21537995 -0.39999998 0.51993036
v 0.21537995 -0.36923000 -0.48262540
v 0.21591528 -0.36733037 0.53393853
v 0.20601881 -0.35580388 0.53863472
v 0.21537995 -0.33846003 -0.49382561
v 0.21591528 -0.34031644 0.53438205
v 0.20601881 -0.35180736 0.53863472
v 0.21537995 -0.30769002 -0.50213814
v 0.21537995 -0.30769002 0.52478206
v 0.20156373 -0.26211035 -0.50771952
v 0.21324225 -0.27418622 -0.50635254
v 0.21537995 -0.27692002 0.51746672
v 0.21324225 -0.24725199 -0.50800806
v 0.22207044 -0.25824660 -0.50744390
v 0.21537995 -0.24615002 0.51223969
v 0.21537995 -0.21538004 -0.50857311
v 0.21537995 -0.20429520 0.50645983
v 0.21537995 -0.21967518 0.50889879
v 0.21680477 -0.18611816 -0.50821584
v 0.20750129 -0.17686355 -0.50661731
v 0.21537995 -0.18462002 0.50120479
v 0.22800799 -0.16542585 -0.50788957
v 0.21680477 -0.15463953 -0.50479668
v 0.21537995 -0.15385002 0.49381995
v 0.21537995 -0.12308004 -0.50262839
v 0.21537995 -0.12308004 0.48738676
v 0.23034002 -0.08009008 -0.50777364
v 0.21820398 -0.09113407 -0.50419223
v 0.22830515 -0.07820877 0.47622201
v 0.21698305 -0.09000529 0.48043126
v 0.23034002 -0.06958232 -0.50777364
v 0.21820398 -0.06021341 -0.50423974
v 0.21698305 -0.06212939 0.47154841
v 0.20779844 -0.07277562 0.47783637
v 0.21537995 -0.03077003 -0.50329554
v 0.21537995 -0.03077003 0.45898050
v 0.21537995 -0.00000000 -0.50326806
v 0.22291483 0.01054522 0.44390023
v 0.21374889 0.00017512 0.44928485
v 0.21537995 0.03077000 -0.50325775
v 0.22291483 0.02539186 0.44390023
v 0.21374889 0.03369911 0.44702807
v 0.21537995 0.06153995 -0.50353897
v 0.21537995 0.06153995 0.44905865
v 0.21537995 0.09230995 -0.50410038
v 0.21537995 0.09230995 0.45143443
v 0.21537995 0.12307996 -0.50504363
v 0.21537995 0.12307996 0.45348585
v 0.22754359 0.16119446 -0.50798351
v 0.21652612 0.15210065 -0.50658447
v 0.21537995 0.15384996 0.45523372
v 0.21652612 0.18434882 -0.50903636
v 0.20703690 0.17391475 -0.50717169
v 0.21537995 0.18461996 0.45669711
v 0.21537995 0.21537995 -0.51401138
v 0.21537995 0.21537995 0.45784175
v 0.21537995 0.24614996 -0.52100348
v 0.21537995 0.24614996 0.45855004
v 0.21537995 0.27691996 -0.52826840
v 0.21537995 0.27691996 0.45886442
v 0.21537995 0.32132375 -0.53884977
v 0.21537995 0.30593377 -0.53519851
v 0.21537995 0.30768996 0.45919949
v 0.21537995 0.33845997 -0.54278630
v 0.21537995 0.33845997 0.45967263
v 0.21537995 0.36922997 -0.54873306
v 0.21537995 0.36922997 0.45999387
v 0.21537995 0.39206260 -0.54479653
v 0.21537995 0.40744263 -0.53206468
v 0.21537995 0.39999998 0.45971274
v 0.21537995 0.42256349 -0.51668471
v 0.21537995 0.43795347 -0.49713624
v 0.21537995 0.43076998 0.45510343
v 0.21537995 0.44909152 -0.48174623
v 0.21537995 0.45679909 -0.46154001
v 0.21537995 0.46466312 -0.43077001
v 0.21537995 0.46932986 -0.40000001
v 0.21537995 0.47262216 -0.36923003
v 0.21537995 0.47562787 -0.34281000
v 0.22831993 0.47643042 0.41328725
v 0.21699193 0.46673137 0.42888680
v 0.21537995 0.44917136 0.44851822
v 0.21537995 0.47722048 -0.32743001
v 0.21537995 0.47864062 -0.30769002
v 0.21537995 0.48094177 -0.27691999
v 0.21537995 0.48323369 -0.24615003
v 0.21537995 0.48533201 -0.21538006
v 0.21537995 0.48737139 -0.18462002
v 0.21537995 0.48950738 -0.15385002
v 0.21537995 0.49178296 -0.12308004
v 0.21537995 0.49439624 -0.09231004
v 0.21537995 0.49751729 -0.06154004
v 0.21537995 0.50051749 -0.03077003
v 0.21537995 0.50152051 0.00000000
v 0.21537995 0.50087935 0.03077000
v 0.21537995 0.50015557 0.06153995
v 0.21537995 0.49934965 0.09230995
v 0.21537995 0.50165296 0.12307996
v 0.21537995 0.50604069 0.14272156
v 0.22904687 0.50747740 0.22929353
v 0.21742809 0.50606352 0.24734804
v 0.21537995 0.50133520 0.27691996
v 0.21537995 0.49619228 0.30768996
v 0.21537995 0.49107572 0.33845997
v 0.21537995 0.48588443 0.36922997
v 0.21699193 0.48013991 0.40182033
v 0.20781322 0.47805026 0.41737130
v 0.21537995 0.50996768 0.15811159
v 0.21537995 0.51158214 0.18461996
v 0.21742809 0.50936395 0.21757607
v 0.20854016 0.50832063 0.23788679
v 0.24614996 -0.50845098 -0.14715032
v 0.24614996 -0.51056480 -0.12308004
v 0.24614996 -0.51295179 -0.09231005
v 0.24614996 -0.51369590 -0.06154004
v 0.24614996 -0.51300621 -0.03077003
v 0.24614996 -0.51203370 0.00000000
v 0.24614996 -0.51066971 0.03077000
v 0.24892831 -0.50873077 0.06443820
v 0.24052060 -0.50797218 0.08083488
v 0.24614996 -0.50835842 0.22491196
v 0.24614996 -0.51053548 0.24614996
v 0.24614996 -0.50995123 0.27691996
v 0.24614996 -0.50777423 0.29289916
v 0.24614996 -0.48175967 -0.42661482
v 0.24614996 -0.49018461 -0.40000004
v 0.24614996 -0.49441844 -0.36923000
v 0.24614996 -0.49578470 -0.33845997
v 0.24614996 -0.49725357 -0.30769002
v 0.24614996 -0.49869990 -0.27692002
v 0.24614996 -0.50028217 -0.24615002
v 0.24614996 -0.50238878 -0.21538004
v 0.24614996 -0.50502098 -0.18462002
v 0.24614996 -0.50706685 -0.16254030
v 0.26104057 -0.50768077 0.07662369
v 0.24892834 -0.50677574 0.09158092
v 0.24614996 -0.50374222 0.12307996
v 0.24614996 -0.50033468 0.15384996
v 0.24614996 -0.50138301 0.18461996
v 0.24614996 -0.50593150 0.20953193
v 0.24614996 -0.50373369 0.30828914
v 0.24614996 -0.49556613 0.33845997
v 0.24614996 -0.48725384 0.36922997
v 0.24614996 -0.48003140 0.39578766
v 0.24614996 -0.45488578 -0.44984090
v 0.24614996 -0.47026578 -0.44200480
v 0.24614996 -0.47420150 0.41116765
v 0.24614996 -0.46199420 0.43076995
v 0.24614996 -0.44933271 0.45319393
v 0.24614996 -0.43077001 -0.45958674
v 0.24614996 -0.44204772 0.46857396
v 0.24614996 -0.42894292 0.49230996
v 0.24614996 -0.41766521 0.50896734
v 0.24614996 -0.38510707 -0.47707856
v 0.24614996 -0.40048707 -0.47128585
v 0.24614996 -0.40000001 0.51794314
v 0.24614996 -0.36923000 -0.48240644
v 0.24614996 -0.36923000 0.53022921
v 0.24614996 -0.33846003 -0.49298477
v 0.24614996 -0.33846000 0.53000158
v 0.24614996 -0.30769002 -0.50102025
v 0.24614996 -0.30769002 0.52144325
v 0.24614996 -0.27692002 -0.50503987
v 0.24614996 -0.27692002 0.51510483
v 0.24614996 -0.23930500 -0.50805765
v 0.24614996 -0.25469500 -0.50706649
v 0.24614996 -0.24615002 0.51062483
v 0.24614994 -0.21538004 -0.50891346
v 0.24614996 -0.21041876 0.50456226
v 0.24614996 -0.22579877 0.50821507
v 0.24614996 -0.18462002 -0.50940424
v 0.24614996 -0.18462002 0.49758238
v 0.24500827 -0.15463953 -0.50886852
v 0.23398715 -0.14490588 -0.50701523
v 0.24614996 -0.15385002 0.49062079
v 0.24931271 -0.12308004 -0.50933528
v 0.23392272 -0.12308004 -0.50699526
v 0.24614996 -0.12308004 0.48429021
v 0.24366586 -0.09113407 -0.50957042
v 0.23174982 -0.10061010 -0.50744516
v 0.24614996 -0.08287006 0.47385213
v 0.24614996 -0.09826007 0.47899950
v 0.24316514 -0.06021341 -0.50994629
v 0.23091526 -0.04907566 -0.50765187
v 0.24614996 -0.06154004 0.46426484
v 0.24660902 -0.03077003 -0.51082790
v 0.23121904 -0.03077003 -0.50755763
v 0.25932702 -0.01675963 0.44538713
v 0.24790020 -0.02851979 0.45166349
v 0.24706300 0.00000000 -0.51106185
v 0.23167303 0.00000000 -0.50742245
v 0.24790020 0.00017512 0.44155088
v 0.23880704 -0.00996148 0.44760892
v 0.24751984 0.03077000 -0.51126379
v 0.23212986 0.03077000 -0.50730258
v 0.24322167 0.03369911 0.44066405
v 0.23100948 0.04591183 0.44618192
v 0.24797931 0.06153995 -0.51145071
v 0.23258933 0.06153995 -0.50719851
v 0.25152946 0.05611566 0.44390914
v 0.24322167 0.06443736 0.44670787
v 0.24844177 0.09230995 -0.51158178
v 0.23305179 0.09230995 -0.50710499
v 0.24614996 0.09230995 0.44858563
v 0.24762639 0.12307996 -0.51159608
v 0.23223643 0.12307996 -0.50733566
v 0.24614996 0.12307996 0.45064467
v 0.24324362 0.15210065 -0.51089895
v 0.23104607 0.14067441 -0.50764054
v 0.24614996 0.15384996 0.45248610
v 0.24614996 0.18461996 -0.51295424
v 0.24614996 0.18461996 0.45397407
v 0.24614996 0.21537995 -0.51700616
v 0.24614996 0.21537995 0.45520502
v 0.24614996 0.24614996 -0.52332914
v 0.24614996 0.24614996 0.45626780
v 0.24614996 0.27691996 -0.53036094
v 0.24614996 0.27691996 0.45700634
v 0.24614996 0.31718451 -0.53967792
v 0.24614996 0.30179453 -0.53623414
v 0.24614996 0.30768996 0.45764267
v 0.24614996 0.33845997 -0.54439306
v 0.24614996 0.33845997 0.45830420
v 0.24614996 0.36922997 -0.55010366
v 0.24614996 0.36922997 0.45884076
v 0.24614996 0.39210016 -0.54538852
v 0.24614996 0.40748018 -0.53188968
v 0.24614996 0.39999998 0.45864177
v 0.24614996 0.42225462 -0.51650971
v 0.24614996 0.43764460 -0.49663961
v 0.24614996 0.43076998 0.45351684
v 0.24614996 0.44872442 -0.48124957
v 0.24614996 0.45576620 -0.46154004
v 0.24614996 0.46322539 -0.43076998
v 0.24614996 0.46773565 -0.39999998
v 0.24614996 0.47090870 -0.36923000
v 0.24317046 0.47484875 -0.33543068
v 0.25144407 0.47637901 -0.31871852
v 0.24614996 0.47491243 0.40631524
v 0.24614996 0.46100920 0.43076998
v 0.24614997 0.44763675 0.44748619
v 0.23092411 0.47692505 -0.32315776
v 0.24317043 0.47760993 -0.30815116
v 0.24614996 0.47986838 -0.27692002
v 0.24614996 0.48236227 -0.24615005
v 0.24614996 0.48463956 -0.21538004
v 0.24614996 0.48664439 -0.18462002
v 0.24614996 0.48875213 -0.15385002
v 0.24614996 0.49111694 -0.12308004
v 0.24614996 0.49378717 -0.09231004
v 0.24614996 0.49671850 -0.06154004
v 0.24614996 0.49836242 -0.03077003
v 0.24614996 0.49812484 0.00000000
v 0.24614996 0.49734128 0.03077000
v 0.24614996 0.49647439 0.06153995
v 0.24614996 0.49548751 0.09230995
v 0.24614996 0.49774224 0.12307996
v 0.24614996 0.50411361 0.14779483
v 0.24614996 0.50627047 0.22198635
v 0.24614996 0.50225163 0.24614996
v 0.24614996 0.49719602 0.27691996
v 0.24614996 0.49216348 0.30768996
v 0.24614996 0.48696050 0.33845997
v 0.24614996 0.48168242 0.36922997
v 0.24614996 0.47798055 0.39093524
v 0.24614996 0.50893140 0.16318487
v 0.24614996 0.50944978 0.18461996
v 0.24614996 0.50821835 0.20660633
v 0.27691996 -0.50823808 -0.14489484
v 0.27691996 -0.51011348 -0.12308004
v 0.27691996 -0.51162374 -0.09231004
v 0.27691996 -0.51139599 -0.06154004
v 0.27691996 -0.51053786 -0.03077003
v 0.27691996 -0.50954437 0.00000000
v 0.27759916 -0.50850981 0.02810120
v 0.26779860 -0.50817734 0.05611706
v 0.27691996 -0.50857258 0.22346991
v 0.27691996 -0.51087058 0.24614996
v 0.27691996 -0.51007622 0.27691996
v 0.27691996 -0.50777829 0.29290947
v 0.27691996 -0.48289496 -0.42829856
v 0.27691996 -0.49213466 -0.40000004
v 0.27691996 -0.49597037 -0.36923000
v 0.27691996 -0.49718866 -0.33845997
v 0.27691996 -0.49858379 -0.30769002
v 0.27691996 -0.50003266 -0.27692002
v 0.27691996 -0.50137722 -0.24615000
v 0.27691996 -0.50287741 -0.21538004
v 0.27691996 -0.50490749 -0.18462002
v 0.27691996 -0.50689042 -0.16028483
v 0.28830531 -0.50728923 0.03658198
v 0.27759916 -0.50698429 0.06443820
v 0.27691996 -0.50547349 0.09230994
v 0.27691996 -0.50293863 0.12307996
v 0.27691996 -0.50020742 0.15384996
v 0.27691996 -0.50183821 0.18461996
v 0.27691996 -0.50620937 0.20808989
v 0.27691996 -0.50374591 0.30829945
v 0.27691996 -0.49570680 0.33845997
v 0.27691996 -0.48783410 0.36922997
v 0.27691996 -0.48048320 0.39750543
v 0.27691996 -0.45702815 -0.45047587
v 0.27691996 -0.47240815 -0.44368857
v 0.27691996 -0.47530589 0.41288543
v 0.27691996 -0.46369678 0.43076995
v 0.27691996 -0.44993091 0.45337036
v 0.27691996 -0.43077001 -0.46074009
v 0.27691996 -0.44134134 0.46875039
v 0.27691996 -0.42682710 0.49230999
v 0.27691996 -0.41625577 0.50818306
v 0.27691996 -0.38620797 -0.47739217
v 0.27691996 -0.40158796 -0.47180423
v 0.27691996 -0.40000004 0.51598144
v 0.27691996 -0.36923000 -0.48271123
v 0.27691996 -0.36923000 0.52681744
v 0.27691996 -0.33846003 -0.49262813
v 0.27691996 -0.33845997 0.52595878
v 0.27691996 -0.30769002 -0.50034761
v 0.27691996 -0.30769002 0.51846969
v 0.27691996 -0.27692002 -0.50425291
v 0.27691996 -0.27692002 0.51309431
v 0.27691996 -0.23484136 -0.50791156
v 0.27691996 -0.25023133 -0.50660431
v 0.28486297 -0.23408949 0.50664568
v 0.27553374 -0.24506970 0.50903064
v 0.27691996 -0.21538004 -0.50885779
v 0.27553374 -0.21772185 0.50297534
v 0.26435626 -0.22953640 0.50783187
v 0.27691996 -0.18462002 -0.51015568
v 0.27691996 -0.18462002 0.49403352
v 0.27691996 -0.15385002 -0.51117176
v 0.27691996 -0.15385002 0.48742849
v 0.27691996 -0.12308004 -0.51260042
v 0.28896430 -0.10944328 0.47592697
v 0.27799457 -0.12104999 0.48031998
v 0.27691996 -0.09231004 -0.51429349
v 0.27799457 -0.09321882 0.47077805
v 0.26845762 -0.10408467 0.47769344
v 0.27691996 -0.06154004 -0.51562393
v 0.27691996 -0.06154004 0.45721233
v 0.27691996 -0.03077003 -0.51677614
v 0.27691996 -0.02235902 0.44210109
v 0.27691996 -0.03774903 0.44876495
v 0.27691996 0.00000000 -0.51770413
v 0.27691996 0.00000000 0.43295288
v 0.27691996 0.03077000 -0.51847821
v 0.27691996 0.03077000 0.43156785
v 0.27691996 0.06153995 -0.51917034
v 0.27399749 0.06443736 0.44028243
v 0.26179582 0.07662228 0.44618165
v 0.27691996 0.09230995 -0.51972020
v 0.28230253 0.08705335 0.44362268
v 0.27399749 0.09531201 0.44661531
v 0.27691996 0.12307996 -0.52013659
v 0.27691996 0.12307996 0.44820535
v 0.27691996 0.15384996 -0.52024394
v 0.27691996 0.15384996 0.44998842
v 0.27691996 0.18461996 -0.52091503
v 0.27691996 0.18461996 0.45120287
v 0.27691996 0.21537995 -0.52391291
v 0.27691996 0.21537995 0.45225629
v 0.27691996 0.24614996 -0.52883101
v 0.27691996 0.24614996 0.45362258
v 0.28711811 0.28805277 -0.53922433
v 0.27688685 0.27744764 -0.53510892
v 0.27691996 0.27691996 0.45484185
v 0.27688685 0.30710858 -0.54129875
v 0.26661143 0.29646102 -0.53752214
v 0.27691996 0.30768996 0.45578507
v 0.27691996 0.33845997 -0.54778081
v 0.27691996 0.33845997 0.45656604
v 0.27691996 0.36922997 -0.55316842
v 0.27691996 0.36922997 0.45717323
v 0.27691996 0.39309892 -0.54682291
v 0.27691996 0.40847898 -0.53222859
v 0.27691996 0.39999998 0.45697302
v 0.27691996 0.42223215 -0.51684856
v 0.27691996 0.43762210 -0.49666995
v 0.29005569 0.44568968 0.44595647
v 0.27864939 0.43356580 0.45062715
v 0.27691996 0.44865125 -0.48127997
v 0.27691996 0.45518848 -0.46154004
v 0.27691996 0.46210924 -0.43077001
v 0.27691996 0.46646002 -0.39999998
v 0.27691996 0.46953544 -0.36923000
v 0.27691996 0.47289151 -0.33846003
v 0.27691996 0.47578400 -0.31369722
v 0.28271437 0.47617093 0.38089100
v 0.27424461 0.47338256 0.39707983
v 0.27864939 0.45570430 0.43372592
v 0.26954901 0.44670713 0.44668591
v 0.27691996 0.47734457 -0.29830724
v 0.27691996 0.47893089 -0.27692002
v 0.27691996 0.48140392 -0.24615002
v 0.27691996 0.48390466 -0.21538004
v 0.27691996 0.48609704 -0.18462002
v 0.27691996 0.48824582 -0.15385002
v 0.27691996 0.49067909 -0.12308004
v 0.27691996 0.49333581 -0.09231004
v 0.27691996 0.49552363 -0.06154004
v 0.27691996 0.49596009 -0.03077003
v 0.27691996 0.49515364 0.00000000
v 0.27691996 0.49423993 0.03077000
v 0.27691996 0.49320060 0.06153995
v 0.27691996 0.49198487 0.09230995
v 0.27691996 0.49410510 0.12307996
v 0.27758670 0.50304824 0.15554555
v 0.28161660 0.50623047 0.18461996
v 0.27385852 0.50408190 0.21231695
v 0.27691996 0.49839291 0.24614996
v 0.27691996 0.49371138 0.27691996
v 0.27691996 0.48887146 0.30768996
v 0.27691996 0.48376569 0.33845997
v 0.27424461 0.47865829 0.37007064
v 0.26220766 0.47696459 0.38487971
v 0.26777783 0.50817466 0.16693597
v 0.26623657 0.50805736 0.18461996
v 0.26156422 0.50770181 0.20002158
v 0.30768996 -0.50817621 -0.14628479
v 0.30768996 -0.50950015 -0.12308004
v 0.30768996 -0.50994861 -0.09231004
v 0.30996174 -0.50885975 -0.06023637
v 0.30241495 -0.50850105 -0.03077003
v 0.29594105 -0.50799274 0.00000000
v 0.29258442 -0.50772238 0.01606201
v 0.30768996 -0.50856972 0.22354406
v 0.30768996 -0.51067936 0.24614996
v 0.30647746 -0.50941694 0.27938312
v 0.29540911 -0.50774866 0.29267201
v 0.32037708 -0.47711658 -0.44645253
v 0.30914623 -0.48267880 -0.43323469
v 0.30768996 -0.49414107 -0.39999998
v 0.30768996 -0.49780262 -0.36923000
v 0.30768996 -0.49891633 -0.33846003
v 0.30768996 -0.50017267 -0.30769002
v 0.30768996 -0.50155842 -0.27692002
v 0.30768996 -0.50292689 -0.24614999
v 0.30768996 -0.50426203 -0.21538004
v 0.30768996 -0.50573885 -0.18462002
v 0.30768996 -0.50712436 -0.16167477
v 0.32173625 -0.50756687 -0.04911393
v 0.31780493 -0.50715780 -0.03077003
v 0.31133103 -0.50648910 0.00000000
v 0.30478263 -0.50598353 0.02810120
v 0.30768993 -0.50441635 0.06153995
v 0.30768996 -0.50316453 0.09230995
v 0.30768996 -0.50136763 0.12307996
v 0.30768996 -0.49958771 0.15384996
v 0.30768996 -0.50185329 0.18461996
v 0.30768996 -0.50626200 0.20816404
v 0.31592909 -0.50747246 0.29127857
v 0.30647746 -0.50424588 0.30483517
v 0.30768996 -0.49539137 0.33845997
v 0.30768996 -0.48797420 0.36922997
v 0.30768996 -0.48074582 0.39886373
v 0.30914623 -0.46343285 -0.45086747
v 0.29985711 -0.47494802 -0.44513783
v 0.30768996 -0.47618476 0.41424376
v 0.30768996 -0.46552700 0.43076998
v 0.30768996 -0.45088226 0.45409894
v 0.30768996 -0.43077001 -0.46326163
v 0.30768996 -0.44136804 0.46947896
v 0.30555511 -0.42393789 0.49489784
v 0.29387191 -0.41551253 0.50777268
v 0.30768996 -0.38897038 -0.47808662
v 0.30768996 -0.40435037 -0.47297671
v 0.31439188 -0.41455331 0.50688308
v 0.30555514 -0.40258002 0.51311505
v 0.30768996 -0.36923000 -0.48372895
v 0.30768996 -0.36923000 0.52352726
v 0.30768996 -0.33846003 -0.49290937
v 0.30768996 -0.33846003 0.52224576
v 0.30768996 -0.30769002 -0.50019097
v 0.30768996 -0.30769002 0.51594824
v 0.30768996 -0.27692002 -0.50376415
v 0.30768996 -0.27692002 0.51130670
v 0.29535124 -0.23177512 -0.50775462
v 0.30644268 -0.24368107 -0.50638318
v 0.30768996 -0.23909718 0.50504941
v 0.30768996 -0.25448716 0.50849128
v 0.30644268 -0.21697673 -0.50838172
v 0.31587118 -0.22829454 -0.50746506
v 0.30768996 -0.21538004 0.49820471
v 0.30768996 -0.18462001 -0.51008034
v 0.30768996 -0.18462002 0.49075940
v 0.30768996 -0.15385002 -0.51231730
v 0.30768996 -0.15385002 0.48407251
v 0.30768996 -0.12308004 -0.51535851
v 0.30768996 -0.11433588 0.47329253
v 0.30768996 -0.12971587 0.47877842
v 0.30768996 -0.09231004 -0.51799476
v 0.30768996 -0.09231004 0.46273151
v 0.30768996 -0.06154004 -0.52003348
v 0.31631979 -0.05057681 0.44354165
v 0.30671185 -0.06111410 0.45043731
v 0.30768996 -0.03077003 -0.52198768
v 0.30671185 -0.03244746 0.43626928
v 0.29579982 -0.04382576 0.44686350
v 0.30768996 0.00000000 -0.52386081
v 0.32171032 0.01237614 0.41497460
v 0.30994618 0.00127367 0.42099923
v 0.30768996 0.03077000 -0.52542806
v 0.32171032 0.01711862 0.41497460
v 0.30994618 0.02873517 0.42129403
v 0.30768996 0.06153995 -0.52670574
v 0.30768996 0.06153995 0.42999870
v 0.30768996 0.09230995 -0.52777600
v 0.30467308 0.09531201 0.43941593
v 0.29240182 0.10757340 0.44616899
v 0.30768996 0.12307996 -0.52879018
v 0.31392953 0.12307996 0.44344085
v 0.29853958 0.12307996 0.44663739
v 0.30768996 0.15384996 -0.52969998
v 0.32103756 0.14107460 0.44560108
v 0.30954254 0.15234075 0.44748718
v 0.30768996 0.18461996 -0.53080708
v 0.30768996 0.18461996 0.44872850
v 0.32055119 0.22486685 -0.53900939
v 0.30925071 0.21492009 -0.53407443
v 0.30768996 0.21537995 0.44955355
v 0.31618991 0.24614996 -0.54007041
v 0.30079994 0.24614996 -0.53546548
v 0.30768996 0.24614996 0.45090520
v 0.30677319 0.27744764 -0.54154366
v 0.29590201 0.26754606 -0.53716469
v 0.30768996 0.27691996 0.45234138
v 0.30768996 0.30768996 -0.54635584
v 0.30768996 0.30768996 0.45360404
v 0.30768996 0.33845997 -0.55226076
v 0.30768996 0.33845997 0.45456007
v 0.30768996 0.36922997 -0.55738986
v 0.30768996 0.36922997 0.45512953
v 0.30768996 0.39510351 -0.54882872
v 0.30768996 0.41048354 -0.53333861
v 0.30768996 0.39999998 0.45489687
v 0.30768996 0.42238179 -0.51795858
v 0.30768996 0.43777177 -0.49686331
v 0.30768996 0.44391063 0.44517571
v 0.30768996 0.42852068 0.45033288
v 0.30768996 0.44862014 -0.48147330
v 0.30768996 0.45473027 -0.46154004
v 0.30768996 0.46119821 -0.43077001
v 0.30768996 0.46546689 -0.39999998
v 0.30768996 0.46847606 -0.36923000
v 0.30768996 0.47171068 -0.33846003
v 0.30803236 0.47538495 -0.30587870
v 0.31852064 0.47671711 -0.29061159
v 0.30768996 0.47523004 0.37603351
v 0.30768996 0.47024807 0.39999998
v 0.30768996 0.45655802 0.42978573
v 0.29800066 0.47706184 -0.29441115
v 0.30803236 0.47788888 -0.27898297
v 0.30768996 0.48036557 -0.24615002
v 0.30768996 0.48306498 -0.21538004
v 0.30768996 0.48569906 -0.18462002
v 0.30768996 0.48802656 -0.15385002
v 0.30768996 0.49046415 -0.12308004
v 0.30768996 0.49292994 -0.09231005
v 0.30768996 0.49402574 -0.06154004
v 0.30768996 0.49348572 -0.03077003
v 0.30768996 0.49254301 0.00000000
v 0.30768996 0.49149472 0.03077000
v 0.30768996 0.49029568 0.06153995
v 0.30768996 0.48890492 0.09230995
v 0.30768996 0.49103448 0.12307996
v 0.30768996 0.49915132 0.15384996
v 0.30768996 0.50295657 0.18461996
v 0.30768996 0.49948278 0.21537995
v 0.30768996 0.49518859 0.24614996
v 0.30768996 0.49072376 0.27691996
v 0.30768996 0.48612243 0.30768996
v 0.30768996 0.48137271 0.33845997
v 0.30768996 0.47796685 0.36064354
v 0.34751296 -0.50799084 -0.17637587
v 0.33773977 -0.50847596 -0.15478930
v 0.33845997 -0.50890803 -0.12308004
v 0.33798388 -0.50822294 -0.09510164
v 0.32741311 -0.50796336 -0.06962059
v 0.33845997 -0.50811714 0.22716630
v 0.33845997 -0.50965840 0.24614996
v 0.33845997 -0.50924122 0.27286649
v 0.33845997 -0.47778040 -0.44738996
v 0.33845997 -0.48591191 -0.43077001
v 0.33845997 -0.49621522 -0.39999998
v 0.33845994 -0.49975395 -0.36922997
v 0.33845997 -0.50072879 -0.33846000
v 0.33845997 -0.50182539 -0.30769002
v 0.33845997 -0.50313103 -0.27692002
v 0.33845997 -0.50449234 -0.24615000
v 0.33845997 -0.50584430 -0.21538004
v 0.33773977 -0.50710404 -0.18582554
v 0.32700625 -0.50749850 -0.16567548
v 0.34791982 -0.50725049 -0.08670270
v 0.33798388 -0.50675124 -0.06023637
v 0.33845997 -0.50527346 -0.03077003
v 0.33845997 -0.50384825 -0.00000000
v 0.33845997 -0.50253552 0.03077000
v 0.33845997 -0.50133640 0.06153995
v 0.33845997 -0.50011915 0.09230995
v 0.33845997 -0.49874356 0.12307996
v 0.33845997 -0.49789548 0.15384996
v 0.33845997 -0.50086665 0.18461996
v 0.33845997 -0.50582242 0.21178627
v 0.33845997 -0.50687540 0.28824651
v 0.33845997 -0.50228357 0.30768996
v 0.33845997 -0.49458224 0.33845997
v 0.33845997 -0.48753968 0.36922997
v 0.33843842 -0.47998103 0.40285102
v 0.34867740 -0.47701427 0.41573969
v 0.33845997 -0.46154004 -0.45458704
v 0.32817069 -0.47668099 0.41500506
v 0.33843842 -0.46900040 0.42790776
v 0.33845997 -0.45181975 0.45528120
v 0.33845997 -0.43077001 -0.46625268
v 0.33845997 -0.44203514 0.47066122
v 0.33845997 -0.42664516 0.49048784
v 0.33845997 -0.39291576 -0.47901157
v 0.33845997 -0.40829575 -0.47443563
v 0.33845997 -0.41350138 0.50587785
v 0.33845997 -0.39812136 0.51375854
v 0.33845997 -0.36923000 -0.48522955
v 0.33845997 -0.36923000 0.52105820
v 0.33845997 -0.33846003 -0.49379185
v 0.33845997 -0.33846003 0.51914674
v 0.33845997 -0.30769002 -0.50084227
v 0.33845997 -0.30769002 0.51373756
v 0.33845997 -0.27692002 -0.50415522
v 0.34900907 -0.26374337 0.50695777
v 0.33863741 -0.27516603 0.50937736
v 0.33845997 -0.24615002 -0.50584120
v 0.33863741 -0.24774404 0.50352246
v 0.32850239 -0.25906673 0.50797504
v 0.33845997 -0.20951925 -0.50819969
v 0.33845997 -0.22489925 -0.50726438
v 0.33845997 -0.21538004 0.49459726
v 0.33845997 -0.18462002 -0.50955558
v 0.33845997 -0.18462002 0.48733276
v 0.33845997 -0.15385002 -0.51252234
v 0.34961212 -0.14066941 0.47557732
v 0.33899924 -0.15209764 0.48005980
v 0.33845997 -0.12308004 -0.51704550
v 0.33899924 -0.12426677 0.46982971
v 0.32910541 -0.13531125 0.47753942
v 0.33845997 -0.09231004 -0.52090967
v 0.35224760 -0.07797158 0.44552383
v 0.34058052 -0.08986297 0.45339313
v 0.33845997 -0.06154004 -0.52365988
v 0.34058052 -0.06111410 0.43980938
v 0.33174089 -0.07108348 0.44818303
v 0.33845997 -0.03077004 -0.52634460
v 0.34579650 -0.02120331 0.41154972
v 0.33670989 -0.03118601 0.42234278
v 0.33845997 0.00000000 -0.52905452
v 0.33670989 0.00127367 0.41041559
v 0.32528982 -0.00813056 0.41641283
v 0.33845997 0.03077000 -0.53150499
v 0.33904460 0.02873517 0.41190371
v 0.32918099 0.03763859 0.41727281
v 0.33845997 0.06153995 -0.53347218
v 0.34968770 0.05123042 0.41402987
v 0.33904460 0.06150622 0.42001873
v 0.35286346 0.10343092 -0.53856373
v 0.34095007 0.09282652 -0.53553927
v 0.33845997 0.09230995 0.42790699
v 0.35061488 0.12307996 -0.53882509
v 0.33523485 0.12307996 -0.53562963
v 0.33845997 0.12307996 0.43572158
v 0.34709424 0.15384996 -0.53928912
v 0.33171418 0.15384996 -0.53632212
v 0.33803165 0.15234075 0.44243708
v 0.32749274 0.16159464 0.44656482
v 0.34335816 0.18461996 -0.54008371
v 0.32797813 0.18461996 -0.53711379
v 0.34592247 0.18461996 0.44377008
v 0.33054245 0.18461996 0.44683632
v 0.33655292 0.21492009 -0.54112816
v 0.32502821 0.20436014 -0.53784484
v 0.34912384 0.20850955 0.44491616
v 0.33870628 0.21740970 0.44706401
v 0.33845997 0.24614996 -0.54462022
v 0.33845997 0.24614996 0.44837803
v 0.33845997 0.27691996 -0.54798520
v 0.33845997 0.27691996 0.44977626
v 0.33845997 0.30768996 -0.55187881
v 0.33845997 0.30768996 0.45113298
v 0.33845997 0.33845997 -0.55706608
v 0.33845997 0.33845997 0.45230392
v 0.33845997 0.36922997 -0.56147772
v 0.33845997 0.36922997 0.45293888
v 0.33845997 0.39714232 -0.55067229
v 0.33845994 0.41252235 -0.53512824
v 0.33845997 0.39999998 0.45278814
v 0.33845997 0.42292625 -0.51974827
v 0.33845997 0.43831623 -0.49715382
v 0.33845997 0.44092807 0.44384718
v 0.33845997 0.42553809 0.44933572
v 0.33845997 0.44858381 -0.48176381
v 0.33845997 0.45437101 -0.46154004
v 0.33845997 0.46047181 -0.43077001
v 0.33845997 0.46460399 -0.39999998
v 0.33845997 0.46749407 -0.36923000
v 0.33845997 0.47059435 -0.33845997
v 0.33845997 0.47392887 -0.30769002
v 0.33845997 0.47628918 -0.28691965
v 0.35011604 0.47664967 0.35239109
v 0.33930162 0.47452641 0.36767620
v 0.33845997 0.46809703 0.39999998
v 0.33845997 0.45550627 0.42845717
v 0.33845997 0.47758004 -0.27153963
v 0.33845997 0.47938281 -0.24615002
v 0.33845997 0.48206249 -0.21538006
v 0.33845997 0.48506892 -0.18462002
v 0.33845997 0.48779598 -0.15385002
v 0.33845997 0.49032176 -0.12308004
v 0.33845997 0.49211568 -0.09231004
v 0.33845997 0.49216950 -0.06154004
v 0.33845997 0.49117631 -0.03077003
v 0.33845997 0.49010691 0.00000000
v 0.33845997 0.48897848 0.03077000
v 0.33845997 0.48773184 0.06153995
v 0.33845997 0.48634568 0.09230995
v 0.33845997 0.48856920 0.12307996
v 0.33845997 0.49646717 0.15384996
v 0.33845997 0.49982226 0.18461996
v 0.33845997 0.49642426 0.21537995
v 0.33845997 0.49255621 0.24614996
v 0.33845997 0.48828992 0.27691996
v 0.33845997 0.48382550 0.30768996
v 0.33930162 0.47899359 0.34066662
v 0.32960936 0.47728428 0.35638034
v 0.37712455 -0.50804275 -0.20833457
v 0.36781073 -0.50853771 -0.18582554
v 0.36922997 -0.50931847 -0.15385002
v 0.36639673 -0.50837314 -0.12305145
v 0.35424793 -0.50771743 -0.10722271
v 0.35492089 -0.50775307 0.23026176
v 0.36680052 -0.50834310 0.24720332
v 0.36922997 -0.50846410 0.26719958
v 0.36922997 -0.47897705 -0.44887364
v 0.36922997 -0.48844802 -0.43077001
v 0.36922997 -0.49872178 -0.40000001
v 0.36922997 -0.50203300 -0.36923000
v 0.36922997 -0.50284570 -0.33845997
v 0.36922997 -0.50365978 -0.30768999
v 0.36922997 -0.50470400 -0.27692002
v 0.36922997 -0.50600451 -0.24615002
v 0.36781070 -0.50722349 -0.21730475
v 0.35660458 -0.50756335 -0.19688255
v 0.37476790 -0.50717288 -0.11277907
v 0.36639673 -0.50632823 -0.09510164
v 0.36922997 -0.50425315 -0.06154004
v 0.36922997 -0.50267434 -0.03077003
v 0.36922997 -0.50113672 0.00000000
v 0.36922997 -0.49968779 0.03077000
v 0.36922997 -0.49835053 0.06153995
v 0.36922997 -0.49701780 0.09230995
v 0.36922997 -0.49549952 0.12307996
v 0.36922997 -0.49506110 0.15384996
v 0.36922997 -0.49872661 0.18461996
v 0.36680049 -0.50501901 0.21815702
v 0.37544087 -0.50703853 0.23764558
v 0.36922997 -0.50572085 0.28257960
v 0.36922997 -0.50038469 0.30768996
v 0.36922997 -0.49327567 0.33845997
v 0.36922997 -0.48659009 0.36922997
v 0.36922997 -0.48039687 0.39999998
v 0.36922997 -0.47702858 0.41581318
v 0.36922997 -0.46154004 -0.45744762
v 0.36922997 -0.46798125 0.43120316
v 0.36922997 -0.45260125 0.45647529
v 0.36922997 -0.43077001 -0.46909487
v 0.36922997 -0.44284752 0.47185531
v 0.36922997 -0.42745751 0.49009871
v 0.36922997 -0.39709499 -0.47993478
v 0.36922997 -0.41247499 -0.47590092
v 0.36922997 -0.41305050 0.50548869
v 0.36922997 -0.39767051 0.51345885
v 0.36922997 -0.36923000 -0.48683721
v 0.36922997 -0.36923000 0.51952577
v 0.36922997 -0.33846000 -0.49488792
v 0.36922994 -0.33846003 0.51673496
v 0.36922997 -0.30769002 -0.50183511
v 0.36922997 -0.30769002 0.51167846
v 0.36922997 -0.27692002 -0.50521755
v 0.36922997 -0.26835439 0.50559825
v 0.36922997 -0.28373441 0.50871032
v 0.36922997 -0.24615002 -0.50649345
v 0.36922997 -0.24615002 0.49908805
v 0.36922997 -0.21125779 -0.50811452
v 0.36922997 -0.22663778 -0.50743550
v 0.36922997 -0.21538004 0.49091887
v 0.36922994 -0.18462002 -0.50921160
v 0.36922997 -0.18462002 0.48361683
v 0.36922997 -0.15385002 -0.51230961
v 0.36922997 -0.14599216 0.47238764
v 0.36922997 -0.16138214 0.47849777
v 0.36922997 -0.12308004 -0.51767278
v 0.36923000 -0.12308004 0.46027264
v 0.36922997 -0.09231004 -0.52284789
v 0.36922997 -0.08389965 0.44166875
v 0.36922997 -0.09928966 0.44942498
v 0.36922997 -0.06154004 -0.52661216
v 0.38079676 -0.04889007 0.41360617
v 0.37001404 -0.06010205 0.42585713
v 0.36922997 -0.03077003 -0.52988493
v 0.37001404 -0.03118601 0.40674934
v 0.36027679 -0.04172333 0.41831014
v 0.36922997 0.00000000 -0.53327847
v 0.36922997 -0.00000000 0.39743692
v 0.37956098 0.03994599 -0.53889197
v 0.36927262 0.03011961 -0.53650218
v 0.36922997 0.03077000 0.40192968
v 0.37415853 0.06153995 -0.53945136
v 0.35876855 0.06153995 -0.53756607
v 0.36815473 0.06150622 0.40981483
v 0.35717794 0.07173704 0.41659454
v 0.36697417 0.09282652 -0.53981191
v 0.35521033 0.08291087 -0.53818208
v 0.37769791 0.08568446 0.41272500
v 0.36815473 0.09449067 0.41855612
v 0.36922997 0.12307996 -0.54101455
v 0.36922997 0.12307996 0.42549664
v 0.36922997 0.15384996 -0.54214460
v 0.36922997 0.15384996 0.43219325
v 0.36922997 0.18461996 -0.54386246
v 0.36922997 0.18461996 0.43658835
v 0.36922997 0.21537995 -0.54672253
v 0.36673072 0.21740970 0.44179422
v 0.35480455 0.22901624 0.44624504
v 0.36922997 0.24614996 -0.55027807
v 0.37471628 0.24614996 0.44406265
v 0.35932630 0.24614996 0.44665688
v 0.36922997 0.27691996 -0.55383068
v 0.38071048 0.26875874 0.44538984
v 0.36996228 0.27817523 0.44719172
v 0.36922997 0.30768996 -0.55760431
v 0.36922997 0.30768996 0.44856924
v 0.36922997 0.33845997 -0.56199521
v 0.36922997 0.33845997 0.44989052
v 0.36922997 0.36922997 -0.56533492
v 0.36922997 0.36922997 0.45075899
v 0.36922994 0.39903718 -0.55237889
v 0.36922997 0.41441721 -0.53729612
v 0.36922997 0.39999998 0.45082211
v 0.36922997 0.42405671 -0.52191609
v 0.36922997 0.43944669 -0.49762481
v 0.36922997 0.43814400 0.44257513
v 0.36922997 0.42275402 0.44840094
v 0.36922997 0.44845679 -0.48223481
v 0.36922997 0.45397258 -0.46154004
v 0.36922997 0.45981136 -0.43077004
v 0.36922997 0.46378148 -0.39999998
v 0.36922997 0.46656853 -0.36923000
v 0.36922997 0.46954408 -0.33846000
v 0.36922997 0.47273755 -0.30769002
v 0.36922997 0.47565609 -0.28122211
v 0.36922997 0.47597742 0.34867373
v 0.36922997 0.47215208 0.36922997
v 0.36922997 0.46607319 0.39999998
v 0.36922997 0.45451847 0.42718518
v 0.36922997 0.47718954 -0.26584214
v 0.36922997 0.47851521 -0.24615003
v 0.36922997 0.48103544 -0.21538004
v 0.36922997 0.48417297 -0.18462002
v 0.36922997 0.48725942 -0.15385002
v 0.36922997 0.48973885 -0.12308004
v 0.36922997 0.49056846 -0.09231004
v 0.36922997 0.48983416 -0.06154004
v 0.36922997 0.48880762 -0.03077003
v 0.36922997 0.48772722 0.00000000
v 0.36922997 0.48659724 0.03077000
v 0.36922997 0.48537776 0.06153995
v 0.36922997 0.48407611 0.09230995
v 0.36922997 0.48637527 0.12307996
v 0.36922997 0.49399087 0.15384996
v 0.36922997 0.49699512 0.18461996
v 0.36922997 0.49358186 0.21537995
v 0.36922997 0.48999721 0.24614996
v 0.36922997 0.48613414 0.27691996
v 0.36922997 0.48190570 0.30768996
v 0.36922997 0.47831869 0.33329371
v 0.38681877 -0.50804275 -0.20833458
v 0.38983274 -0.50852901 -0.18462002
v 0.38975397 -0.50860190 -0.15385002
v 0.38671371 -0.50814003 -0.13328573
v 0.38747549 -0.50793141 0.25816557
v 0.38747549 -0.50793141 0.26321602
v 0.38928351 -0.47871211 -0.44843078
v 0.39972210 -0.48404893 -0.43145937
v 0.39999998 -0.49517527 -0.40000004
v 0.39999998 -0.49903646 -0.36923000
v 0.39999998 -0.50039268 -0.33846003
v 0.39999998 -0.50148636 -0.30769002
v 0.39999998 -0.50259227 -0.27692002
v 0.39999998 -0.50398070 -0.24615002
v 0.39824325 -0.50571382 -0.21730475
v 0.40521276 -0.50597340 -0.18462002
v 0.40513399 -0.50546223 -0.15385002
v 0.39818022 -0.50434822 -0.12305145
v 0.39999998 -0.50101751 -0.09231004
v 0.39999998 -0.49898589 -0.06154004
v 0.39999998 -0.49766648 -0.03077003
v 0.39999998 -0.49639487 0.00000000
v 0.39999998 -0.49505591 0.03077000
v 0.39999998 -0.49370226 0.06153995
v 0.39999998 -0.49235222 0.09230995
v 0.39999998 -0.49091962 0.12307996
v 0.39999998 -0.49093726 0.15384996
v 0.39999998 -0.49504209 0.18461996
v 0.39999998 -0.50115585 0.21537995
v 0.39863729 -0.50568330 0.24720332
v 0.39863729 -0.50450766 0.27484959
v 0.39999998 -0.49784034 0.30768996
v 0.39999998 -0.49134552 0.33845997
v 0.39999998 -0.48529723 0.36922997
v 0.39900535 -0.47921887 0.40274531
v 0.38808894 -0.47697046 0.41559789
v 0.39972210 -0.46013266 -0.45182028
v 0.40979019 -0.46944770 -0.44217896
v 0.40859565 -0.47669947 0.41482887
v 0.39900535 -0.47014308 0.42782268
v 0.39999998 -0.45323431 0.45754710
v 0.39999998 -0.43077001 -0.46313828
v 0.39999998 -0.44361687 0.47292715
v 0.39999998 -0.42822686 0.49049029
v 0.39310756 -0.39433047 -0.47922263
v 0.40201655 -0.40275025 -0.47346371
v 0.39999998 -0.41344583 0.50588024
v 0.39999998 -0.39806584 0.51317894
v 0.40201655 -0.37110224 -0.48236623
v 0.41361427 -0.38261041 -0.47619143
v 0.39999998 -0.36923000 0.51832992
v 0.39999998 -0.33845997 -0.49123481
v 0.39999998 -0.33846003 0.51495671
v 0.39999998 -0.30769002 -0.49836898
v 0.41239452 -0.29355460 0.50733632
v 0.40128469 -0.30536479 0.50961107
v 0.39999998 -0.27692002 -0.50186801
v 0.40128469 -0.27797353 0.50443310
v 0.39188778 -0.28892919 0.50807744
v 0.39999998 -0.24615002 -0.50309169
v 0.39999998 -0.24615002 0.49543339
v 0.38652661 -0.21010591 -0.50803500
v 0.39806798 -0.21836758 -0.50493389
v 0.39999998 -0.21538004 0.48706636
v 0.38921738 -0.18462002 -0.50845838
v 0.40459740 -0.18462002 -0.50517112
v 0.40942383 -0.17235087 0.47476068
v 0.39950228 -0.18341054 0.47978345
v 0.39945790 -0.15421663 -0.51023352
v 0.40934989 -0.16472103 -0.50633669
v 0.39950228 -0.15547210 0.46789423
v 0.38891712 -0.16681348 0.47740960
v 0.39999998 -0.12308004 -0.51624984
v 0.40809360 -0.11281116 0.44288954
v 0.39870414 -0.12307070 0.45117229
v 0.39999998 -0.09231004 -0.52250934
v 0.39870414 -0.09418480 0.43501559
v 0.38758692 -0.10569465 0.44689086
v 0.39999998 -0.06154004 -0.52759647
v 0.39999998 -0.05557241 0.40880686
v 0.39999998 -0.07095240 0.41929236
v 0.39999998 -0.03077003 -0.53172117
v 0.40828398 -0.02054726 0.38165781
v 0.39881837 -0.03079237 0.39254928
v 0.41047326 0.01318441 -0.53870887
v 0.40013194 0.00175864 -0.53630435
v 0.40844521 0.00000000 0.38175800
v 0.39306518 0.00000000 0.38795841
v 0.40013194 0.03011961 -0.53960508
v 0.38996658 0.01942602 -0.53798199
v 0.41322961 0.01929697 0.38376617
v 0.40178576 0.03004218 0.39018005
v 0.39999998 0.06153995 -0.54184490
v 0.39999998 0.06153995 0.39788660
v 0.39999998 0.09230995 -0.54342699
v 0.39754260 0.09449067 0.40769172
v 0.38565099 0.10620451 0.41578817
v 0.39999998 0.12307996 -0.54485571
v 0.40691581 0.12307996 0.41204831
v 0.39153579 0.12307996 0.41782591
v 0.39999998 0.15384996 -0.54627901
v 0.41331673 0.14055786 0.41464511
v 0.40183800 0.15203071 0.42113918
v 0.39999998 0.18461996 -0.54811066
v 0.39999998 0.18461996 0.42788011
v 0.39999998 0.21537995 -0.55132723
v 0.39999998 0.21537995 0.43343142
v 0.39999998 0.24614996 -0.55538720
v 0.39999998 0.24614996 0.43884993
v 0.39999998 0.27691996 -0.55929589
v 0.39789233 0.27817523 0.44324312
v 0.38623390 0.28926542 0.44630918
v 0.39999998 0.30768996 -0.56320435
v 0.40629637 0.30768996 0.44464806
v 0.39091635 0.30768996 0.44672692
v 0.41004100 0.34651148 -0.56984496
v 0.39987260 0.33713886 -0.56704307
v 0.41190794 0.32906482 0.44563130
v 0.40099278 0.33897489 0.44728118
v 0.40665364 0.36922997 -0.56999290
v 0.39127356 0.36922997 -0.56819606
v 0.39999998 0.36922997 0.44849616
v 0.40908381 0.38535663 -0.56963891
v 0.39701250 0.40035227 -0.55414265
v 0.38494125 0.41534790 -0.53841430
v 0.39999998 0.39999998 0.44894731
v 0.40544796 0.41619286 -0.53947049
v 0.39711675 0.42385149 -0.52612859
v 0.39999998 0.44074970 -0.49868786
v 0.39999998 0.43548352 0.44128329
v 0.39999998 0.42009354 0.44755760
v 0.39999998 0.44847965 -0.48329788
v 0.39999998 0.45372185 -0.46154001
v 0.39999998 0.45916823 -0.43077004
v 0.39999998 0.46298978 -0.39999998
v 0.39999998 0.46568185 -0.36923000
v 0.39999998 0.46855414 -0.33846003
v 0.39999998 0.47161737 -0.30769002
v 0.39849275 0.47524065 -0.27442491
v 0.40774131 0.47659922 -0.25871158
v 0.39999998 0.47493020 0.34268796
v 0.39999998 0.47006431 0.36922997
v 0.39999998 0.46391982 0.39999998
v 0.39999998 0.45340565 0.42589331
v 0.38723460 0.47697723 -0.26250818
v 0.39849278 0.47766504 -0.24753098
v 0.39999998 0.48007420 -0.21538004
v 0.39999998 0.48319125 -0.18462002
v 0.39999998 0.48639500 -0.15385002
v 0.39999998 0.48838967 -0.12308004
v 0.39999998 0.48850462 -0.09231004
v 0.39999998 0.48759663 -0.06154004
v 0.39999998 0.48659310 -0.03077003
v 0.39999998 0.48555118 -0.00000000
v 0.39999998 0.48445758 0.03077000
v 0.39999998 0.48329127 0.06153995
v 0.39999998 0.48207039 0.09230995
v 0.39999998 0.48440507 0.12307996
v 0.39999998 0.49151534 0.15384996
v 0.39999998 0.49404702 0.18461996
v 0.39999998 0.49076310 0.21537995
v 0.39999998 0.48743209 0.24614996
v 0.39999998 0.48394707 0.27691996
v 0.39999998 0.48008788 0.30768996
v 0.39999998 0.47748011 0.32730794
v 0.42309144 -0.48022306 -0.42165896
v 0.43231887 -0.48291087 -0.40003520
v 0.43076998 -0.48811284 -0.36923000
v 0.43076998 -0.49034822 -0.33846003
v 0.43076998 -0.49234995 -0.30769002
v 0.43076998 -0.49405679 -0.27692002
v 0.43076998 -0.49555647 -0.24615002
v 0.43076998 -0.49709734 -0.21538004
v 0.43076998 -0.49786106 -0.18462002
v 0.43076998 -0.49624321 -0.15385002
v 0.43076998 -0.49316871 -0.12308004
v 0.43076998 -0.49022341 -0.09231004
v 0.43076998 -0.48790926 -0.06154004
v 0.43076998 -0.48649988 -0.03077003
v 0.43076998 -0.48541233 -0.00000000
v 0.43353158 -0.48294052 0.02992911
v 0.42919159 -0.48370159 0.06153995
v 0.42758709 -0.48305935 0.09230995
v 0.42605814 -0.48245558 0.12307996
v 0.42652321 -0.48266184 0.15384996
v 0.43262005 -0.48394379 0.18426624
v 0.43076998 -0.49098757 0.21537995
v 0.43076998 -0.49484861 0.24614996
v 0.43076998 -0.49331611 0.27691996
v 0.43076998 -0.48792565 0.30768996
v 0.43174362 -0.48226112 0.33561054
v 0.42304051 -0.48074299 0.36922997
v 0.41884136 -0.47862348 0.39432216
v 0.41720405 -0.44894099 -0.44719660
v 0.43040773 -0.46103397 -0.43052509
v 0.44361141 -0.47312692 -0.41031194
v 0.44563261 -0.47657606 0.03962850
v 0.44458157 -0.47588131 0.06153995
v 0.44297707 -0.47479609 0.09230995
v 0.44144812 -0.47371492 0.12307996
v 0.44191319 -0.47403306 0.15384996
v 0.44411337 -0.47555327 0.17377710
v 0.44265267 -0.47399107 0.34396425
v 0.43843052 -0.47034049 0.36922997
v 0.42976880 -0.46739072 0.40274531
v 0.43053275 -0.45538998 0.42825508
v 0.42011461 -0.45107508 0.45410857
v 0.42349404 -0.43076998 -0.45099616
v 0.43888399 -0.43077001 -0.44027293
v 0.44063458 -0.44112697 0.43683851
v 0.43053275 -0.43618917 0.46323314
v 0.43076998 -0.42208126 0.48391068
v 0.43308878 -0.40192956 -0.45698363
v 0.44489458 -0.41346928 -0.44507933
v 0.43076998 -0.40691677 0.49930066
v 0.43076998 -0.39153677 0.51041073
v 0.42059931 -0.36209044 -0.47884592
v 0.43082356 -0.37110227 -0.47039390
v 0.44476786 -0.36314705 0.50662476
v 0.43301272 -0.37173623 0.51175082
v 0.43082356 -0.33733946 -0.48143515
v 0.44111928 -0.34684572 -0.47392210
v 0.44052923 -0.33846003 0.50396711
v 0.42513925 -0.33846003 0.51094681
v 0.43076998 -0.30769002 -0.48799700
v 0.43017864 -0.30536476 0.50142592
v 0.41952443 -0.31407458 0.50889206
v 0.43076998 -0.27692002 -0.49093905
v 0.43076998 -0.27692002 0.49431825
v 0.43076998 -0.24615002 -0.49159491
v 0.44532764 -0.23211764 0.47612682
v 0.43334857 -0.24388659 0.48481470
v 0.43076998 -0.21538004 -0.49242377
v 0.44108719 -0.21538004 0.47158903
v 0.42569721 -0.21538004 0.48103267
v 0.43076998 -0.18462002 -0.49345100
v 0.44357148 -0.17325865 0.44386184
v 0.43164006 -0.18305810 0.46242961
v 0.41970864 -0.19285756 0.47847816
v 0.41791692 -0.14420106 -0.50892091
v 0.42921415 -0.15421663 -0.49911839
v 0.43862069 -0.15385002 0.43856773
v 0.42323068 -0.15385002 0.45378309
v 0.42278200 -0.12308004 -0.51122910
v 0.43817198 -0.12308004 -0.50226331
v 0.44246504 -0.11374976 0.41239485
v 0.43032059 -0.12353379 0.43035230
v 0.41817608 -0.13331781 0.44823012
v 0.43209141 -0.09110658 -0.51357740
v 0.44323233 -0.10056428 -0.50564784
v 0.43598515 -0.09231004 0.40650615
v 0.42059517 -0.09231004 0.42085361
v 0.43076998 -0.06154004 -0.51945937
v 0.44056043 -0.05393920 0.38092217
v 0.42816448 -0.06521285 0.39720818
v 0.41576850 -0.07648650 0.41568860
v 0.43076998 -0.03077003 -0.52381253
v 0.43048826 -0.03079237 0.37639678
v 0.42004046 -0.04106727 0.38788295
v 0.41598192 0.01318441 -0.53870887
v 0.42805314 0.00175864 -0.53004509
v 0.43076998 0.00000000 0.37305307
v 0.41802496 0.03077000 -0.53956741
v 0.43341494 0.03077000 -0.53098792
v 0.42978114 0.03004218 0.37987611
v 0.41886190 0.03981694 0.38592538
v 0.42107585 0.06153995 -0.54085356
v 0.43646583 0.06153995 -0.53271258
v 0.44058481 0.06153995 0.38256556
v 0.42519483 0.06153995 0.38845044
v 0.42341810 0.09230995 -0.54181492
v 0.43880811 0.09230995 -0.53417230
v 0.44550452 0.07773048 0.38437223
v 0.43345469 0.08971829 0.39256155
v 0.42581451 0.12307996 -0.54266620
v 0.44120446 0.12307996 -0.53572744
v 0.43076998 0.12307996 0.40338022
v 0.43241096 0.15656576 -0.54246408
v 0.44376493 0.14811625 -0.53719968
v 0.43211240 0.15203071 0.41177672
v 0.42274737 0.16107790 0.41743508
v 0.43076998 0.18461996 -0.54524285
v 0.44326735 0.17220938 0.41430172
v 0.43211240 0.18332560 0.41977757
v 0.43076998 0.21537995 -0.54881179
v 0.43076998 0.21537995 0.42657769
v 0.43076998 0.24614996 -0.55333179
v 0.43076998 0.24614996 0.43261674
v 0.43076998 0.27691996 -0.55814272
v 0.43076998 0.27691996 0.43736991
v 0.43076998 0.30768996 -0.56296319
v 0.43076998 0.30768996 0.44082955
v 0.42197967 0.34651148 -0.56984490
v 0.43165177 0.33713886 -0.56737214
v 0.42873964 0.33897489 0.44365478
v 0.41712615 0.34957150 0.44637635
v 0.42396250 0.36922997 -0.56999290
v 0.43935248 0.36922997 -0.56839836
v 0.43532944 0.36922997 0.44407567
v 0.41993946 0.36922997 0.44674161
v 0.42022368 0.38535663 -0.56963891
v 0.43203560 0.40025279 -0.55405217
v 0.44384751 0.41514894 -0.53810197
v 0.43799359 0.39999998 0.44455305
v 0.42260358 0.39999998 0.44707742
v 0.42332754 0.41619286 -0.53947049
v 0.43246049 0.42401776 -0.52594119
v 0.43076998 0.44095755 -0.49883497
v 0.43087095 0.42905140 0.43992081
v 0.42067835 0.41764566 0.44682410
v 0.43076998 0.44844073 -0.48344493
v 0.43076998 0.45319843 -0.46154001
v 0.43077001 0.45820472 -0.43077001
v 0.43076998 0.46204293 -0.39999998
v 0.43076998 0.46475732 -0.36923000
v 0.43076998 0.46760124 -0.33846003
v 0.43076998 0.47056127 -0.30769002
v 0.43076998 0.47371393 -0.27692002
v 0.43076998 0.47613245 -0.25444755
v 0.43694338 0.47571954 0.31667385
v 0.42831802 0.47327328 0.33587798
v 0.43076998 0.46670675 0.36922997
v 0.43076998 0.46055591 0.39999998
v 0.43076998 0.45173109 0.42368951
v 0.43076998 0.47741279 -0.23905757
v 0.43076998 0.47918093 -0.21538004
v 0.43076998 0.48220235 -0.18462002
v 0.43076998 0.48511970 -0.15385002
v 0.43076995 0.48635224 -0.12308004
v 0.43076998 0.48619479 -0.09231004
v 0.43076998 0.48553240 -0.06154004
v 0.43076998 0.48456687 -0.03077003
v 0.43076998 0.48349485 0.00000000
v 0.43076998 0.48236886 0.03077000
v 0.43076998 0.48120609 0.06153995
v 0.43076998 0.48002273 0.09230995
v 0.43076998 0.48230425 0.12307996
v 0.43076998 0.48872310 0.15384996
v 0.43076998 0.49075931 0.18461996
v 0.43076998 0.48772198 0.21537995
v 0.43076998 0.48462903 0.24614996
v 0.43076998 0.48141617 0.27691996
v 0.42831802 0.47812027 0.30692428
v 0.41642341 0.47702456 0.32390332
v 0.44731459 -0.47798255 -0.38980529
v 0.44877845 -0.47916481 -0.36923003
v 0.45066175 -0.48044252 -0.33846000
v 0.45280543 -0.48167261 -0.30769002
v 0.45499936 -0.48267096 -0.27692002
v 0.45674023 -0.48340178 -0.24615002
v 0.45792210 -0.48413131 -0.21538004
v 0.45735154 -0.48419768 -0.18462002
v 0.45510060 -0.48309100 -0.15385002
v 0.45281616 -0.48157316 -0.12308004
v 0.45072794 -0.48013830 -0.09231004
v 0.44891605 -0.47887263 -0.06154004
v 0.44766614 -0.47800201 -0.03077003
v 0.44682646 -0.47740498 -0.00000000
v 0.44633389 -0.47704604 0.01910853
v 0.44777694 -0.47810635 0.19428372
v 0.45043144 -0.47990984 0.21537995
v 0.45288566 -0.48148343 0.24614996
v 0.45160487 -0.48059133 0.27691996
v 0.44799927 -0.47817028 0.30768996
v 0.44624177 -0.47697639 0.32345754
v 0.44819415 -0.45262027 -0.41887128
v 0.45054990 -0.46234018 -0.40003520
v 0.45600441 -0.46154001 -0.36923000
v 0.46009910 -0.46154004 -0.33845997
v 0.46474031 -0.46154004 -0.30769002
v 0.47083768 -0.45927578 -0.27551043
v 0.47212023 -0.46642002 -0.24615002
v 0.47330213 -0.47066692 -0.21538004
v 0.47273156 -0.47060242 -0.18462002
v 0.47048062 -0.46803829 -0.15385002
v 0.46819618 -0.46616414 -0.12308004
v 0.46610796 -0.46482760 -0.09231004
v 0.46429610 -0.46384645 -0.06154004
v 0.46304619 -0.46352124 -0.03077003
v 0.46220648 -0.46326992 0.00000000
v 0.45856833 -0.46519288 0.02992911
v 0.46430397 -0.45786095 0.06141030
v 0.45997858 -0.45941612 0.09230995
v 0.45849761 -0.45833492 0.12307996
v 0.45898411 -0.45865306 0.15384996
v 0.46189189 -0.46198198 0.18305098
v 0.46581146 -0.46708071 0.21537995
v 0.46826568 -0.46976379 0.24614996
v 0.46698490 -0.46839851 0.27691996
v 0.46337929 -0.46418709 0.30768996
v 0.45965973 -0.46018198 0.33384511
v 0.45348737 -0.45496047 0.36922997
v 0.44890085 -0.44979382 0.39999998
v 0.44645572 -0.44659552 0.41631854
v 0.45190781 -0.43077004 -0.42488289
v 0.46060723 -0.43076998 -0.40000004
v 0.46574527 -0.43077001 -0.36923000
v 0.47141844 -0.42866397 -0.33738914
v 0.47347489 -0.43694848 -0.30769002
v 0.47550359 -0.44251803 -0.28482404
v 0.47639999 -0.44537213 0.07157718
v 0.47535861 -0.44392204 0.09230995
v 0.47387767 -0.44184864 0.12307996
v 0.47436416 -0.44259787 0.15384996
v 0.47600684 -0.44496289 0.17181821
v 0.47307777 -0.44155487 0.34423265
v 0.46886739 -0.43621609 0.36922997
v 0.46519321 -0.42865595 0.39916238
v 0.45300850 -0.43082818 0.42825508
v 0.44889262 -0.41939092 0.46153998
v 0.44624591 -0.41550097 0.47707137
v 0.44878766 -0.39296260 -0.44926295
v 0.45690775 -0.40192956 -0.43319958
v 0.47211808 -0.39855424 -0.40083617
v 0.47389930 -0.40728244 -0.36923003
v 0.47567424 -0.41211954 -0.34692857
v 0.47422752 -0.41008571 0.40885735
v 0.47116071 -0.39989942 0.43335485
v 0.46156341 -0.39999998 0.46153995
v 0.45036221 -0.39699608 0.48932284
v 0.44622615 -0.38474011 0.50774628
v 0.45285615 -0.36923000 -0.45392877
v 0.46961436 -0.37137467 -0.43044910
v 0.47632232 -0.38306442 -0.41164696
v 0.47518960 -0.36923000 0.44051656
v 0.46881035 -0.36923000 0.46153998
v 0.45340031 -0.37173623 0.49474287
v 0.44622615 -0.38366708 0.50774628
v 0.44723341 -0.32633907 -0.47771528
v 0.46010032 -0.33518347 -0.46012744
v 0.47296724 -0.34402785 -0.44049513
v 0.47630766 -0.32672831 0.41339517
v 0.47308263 -0.33757299 0.42982641
v 0.46387392 -0.33846003 0.46153998
v 0.45283130 -0.33845997 0.48857713
v 0.44926402 -0.30769002 -0.47924080
v 0.46464404 -0.30768999 -0.46331707
v 0.47475317 -0.30769002 0.40823025
v 0.46812600 -0.30769002 0.43076998
v 0.45956725 -0.30769002 0.46153998
v 0.45081440 -0.30769002 0.48474023
v 0.45080915 -0.27692002 -0.48041368
v 0.46618912 -0.27692002 -0.46498233
v 0.47604343 -0.26685813 0.38170472
v 0.47274986 -0.27703485 0.39854711
v 0.46362162 -0.27692002 0.43076998
v 0.45560336 -0.27692002 0.46153998
v 0.44896647 -0.27692002 0.48146680
v 0.45087507 -0.24615002 -0.48047367
v 0.46625510 -0.24615002 -0.46533063
v 0.47432917 -0.24615002 0.37582535
v 0.46746132 -0.24615002 0.39999998
v 0.45919010 -0.24615002 0.43076998
v 0.45054334 -0.24388656 0.46414009
v 0.44744173 -0.25263759 0.47891346
v 0.45087069 -0.21538004 -0.48048627
v 0.46625072 -0.21538004 -0.46579432
v 0.47547683 -0.20793058 0.34889272
v 0.47193843 -0.21706235 0.36702138
v 0.46254656 -0.21538004 0.39999998
v 0.45465451 -0.21538004 0.43076998
v 0.44850332 -0.21538004 0.45620900
v 0.45089912 -0.18462002 -0.48058993
v 0.46627915 -0.18462002 -0.46633533
v 0.47676277 -0.17048664 0.13746965
v 0.47676280 -0.17048664 0.13894300
v 0.47660276 -0.17098613 0.32203236
v 0.47394162 -0.18259171 0.33856761
v 0.46579114 -0.18462002 0.36922997
v 0.45775357 -0.18462002 0.39999998
v 0.44975352 -0.18395521 0.43246907
v 0.44700602 -0.19376534 0.45009851
v 0.45337182 -0.15385002 -0.48260546
v 0.46875185 -0.15385002 -0.46895441
v 0.47597820 -0.15385002 0.13172573
v 0.47597823 -0.15385002 0.14146033
v 0.47509104 -0.15385002 0.31683356
v 0.46903688 -0.15385002 0.33845997
v 0.46084934 -0.15385002 0.36922997
v 0.45322821 -0.15385002 0.39999998
v 0.44786465 -0.15385002 0.42317775
v 0.45793095 -0.12308004 -0.48687330
v 0.47331098 -0.12308004 -0.47330511
v 0.47597310 -0.11546102 0.10158807
v 0.47443804 -0.12466063 0.12136276
v 0.47452775 -0.12308004 0.14606316
v 0.47594491 -0.11312614 0.28903723
v 0.47276920 -0.12325970 0.30639941
v 0.46399328 -0.12308004 0.33845997
v 0.45629320 -0.12308004 0.36922997
v 0.44900107 -0.12363388 0.40128487
v 0.44659814 -0.13425642 0.41781512
v 0.44705930 -0.08004427 -0.50831294
v 0.46149802 -0.09118455 -0.49168435
v 0.47593668 -0.10232482 -0.47584999
v 0.47631171 -0.08191240 0.07310816
v 0.47470340 -0.09222746 0.09172080
v 0.47074699 -0.09231004 0.12307996
v 0.47306153 -0.09231004 0.15062493
v 0.47413087 -0.09231004 0.28277874
v 0.46721938 -0.09231004 0.30768996
v 0.45935923 -0.09231004 0.33845997
v 0.45219332 -0.09231004 0.36922997
v 0.44746253 -0.09231004 0.39112613
v 0.44911042 -0.06154004 -0.50967729
v 0.46449044 -0.06154004 -0.49499491
v 0.47631171 -0.06809662 0.07310817
v 0.47416726 -0.05932199 0.08954798
v 0.46948799 -0.06154004 0.12307996
v 0.47247273 -0.06154004 0.15298083
v 0.47545758 -0.05496402 0.25735384
v 0.47179002 -0.06374642 0.27433664
v 0.46250987 -0.06154004 0.30768996
v 0.45530730 -0.06154004 0.33845997
v 0.44859809 -0.06313153 0.37008926
v 0.44640791 -0.07444587 0.38602665
v 0.45225191 -0.03077003 -0.51167113
v 0.46763194 -0.03077003 -0.49812463
v 0.47469571 -0.03077003 0.09606716
v 0.47106600 -0.03077003 0.12307996
v 0.47329029 -0.03077003 0.15061229
v 0.47497639 -0.03077003 0.25611064
v 0.46848875 -0.03077003 0.27691996
v 0.46017736 -0.03077003 0.30768996
v 0.45282781 -0.03077003 0.33845997
v 0.44770280 -0.03077003 0.36117262
v 0.45543286 -0.00000000 -0.51361835
v 0.47081286 -0.00000000 -0.50150001
v 0.47580141 -0.00000000 0.10199910
v 0.47358921 -0.00000000 0.12307996
v 0.47470781 0.00000000 0.14563406
v 0.47568449 0.00000000 0.25819319
v 0.46972275 0.00000000 0.27691996
v 0.46100101 0.00000000 0.30768996
v 0.45318085 0.00000000 0.33845997
v 0.44775814 0.00000000 0.36052507
v 0.45835111 0.03077000 -0.51560789
v 0.47373113 0.03077000 -0.50452232
v 0.47655377 0.02011046 0.10587594
v 0.47590566 0.02617060 0.12307996
v 0.47593376 0.02503701 0.14158367
v 0.47640172 0.02193221 0.26013061
v 0.47261563 0.03162332 0.27439809
v 0.46280047 0.03077000 0.30768996
v 0.45500600 0.03077000 0.33845997
v 0.44875377 0.03077000 0.36394048
v 0.46385139 0.06351280 -0.51551157
v 0.47564569 0.05457473 -0.50644368
v 0.47313407 0.06153995 0.28058022
v 0.46510985 0.06153995 0.30768996
v 0.45717186 0.06153995 0.33845997
v 0.44981605 0.06153995 0.36717558
v 0.46153998 0.09230995 -0.51980841
v 0.47486261 0.09230995 0.28590646
v 0.46843073 0.09230995 0.30768996
v 0.46002063 0.09230995 0.33845997
v 0.45062417 0.08971830 0.37215933
v 0.44705033 0.09825054 0.38750806
v 0.46153998 0.12307996 -0.52283603
v 0.47621170 0.11210173 0.29007182
v 0.47287169 0.12264500 0.30647025
v 0.46346092 0.12307996 0.33845997
v 0.45480227 0.12307996 0.36922997
v 0.44835219 0.12307996 0.39133185
v 0.44625771 0.16863631 -0.53851539
v 0.45852265 0.15656576 -0.52845776
v 0.47475740 0.15384996 0.31650001
v 0.46778977 0.15384996 0.33845997
v 0.45845219 0.15384996 0.36922997
v 0.45003977 0.15384996 0.39604709
v 0.44779757 0.18461996 -0.53937089
v 0.46317759 0.18461996 -0.52843100
v 0.47636330 0.17176795 0.32146955
v 0.47306055 0.18306074 0.33840662
v 0.46293288 0.18461996 0.36922997
v 0.45140609 0.18332559 0.40242901
v 0.44717064 0.19271600 0.41698679
v 0.45143697 0.21537995 -0.54128397
v 0.46681699 0.21537995 -0.53088981
v 0.47495863 0.20657577 0.34862438
v 0.47037235 0.21624947 0.36784276
v 0.45765322 0.21537995 0.39999998
v 0.44898674 0.21537995 0.41939187
v 0.45638093 0.24614996 -0.54367280
v 0.47176096 0.24614996 -0.53450704
v 0.47423437 0.24614996 0.37850764
v 0.46452403 0.24614996 0.39999998
v 0.45182964 0.24614996 0.42243949
v 0.46367055 0.27654260 -0.54539073
v 0.47534430 0.26603767 -0.53720671
v 0.47662964 0.26274857 0.38391221
v 0.47177228 0.27456912 0.39965376
v 0.45532313 0.27691996 0.42504835
v 0.46153998 0.30768996 -0.55177253
v 0.47444969 0.30768996 0.41048640
v 0.45906970 0.30768996 0.42695147
v 0.46153998 0.33845997 -0.55665171
v 0.47646332 0.32496229 0.41455889
v 0.46434197 0.33651337 0.42628327
v 0.46153998 0.36922994 -0.55884200
v 0.46153998 0.36922997 0.43179631
v 0.46153998 0.39527535 -0.54855758
v 0.46153998 0.41065535 -0.53079700
v 0.46153998 0.39999998 0.43451050
v 0.46153998 0.42043391 -0.51541698
v 0.46068907 0.43567938 -0.49158645
v 0.46984500 0.44219059 -0.46154001
v 0.47455823 0.44483572 -0.43077004
v 0.47665951 0.44600058 -0.41347194
v 0.46153998 0.43077001 0.42959851
v 0.44986847 0.44756547 -0.48084405
v 0.45446497 0.44942206 -0.46154001
v 0.45917821 0.45186022 -0.43077004
v 0.46445972 0.45256767 -0.40193120
v 0.46153998 0.45649657 -0.36923000
v 0.46153998 0.45913953 -0.33845997
v 0.46153998 0.46191636 -0.30769002
v 0.46153998 0.46491891 -0.27692002
v 0.45890203 0.46969905 -0.24525110
v 0.46463773 0.47026289 -0.21538004
v 0.46926573 0.47264400 -0.18462002
v 0.47257525 0.47434947 -0.15385002
v 0.47321579 0.47459203 -0.12308004
v 0.47307515 0.47446615 -0.09231004
v 0.47268236 0.47426182 -0.06154004
v 0.47153074 0.47366971 -0.03077003
v 0.46981552 0.47275200 0.00000000
v 0.46809280 0.47188035 0.03077000
v 0.46636271 0.47105137 0.06153995
v 0.46460980 0.47026184 0.09230995
v 0.46865028 0.47263953 0.12307996
v 0.47469142 0.47590837 0.14115755
v 0.47324279 0.47570053 0.25252578
v 0.46805063 0.47405177 0.27691996
v 0.45972681 0.47216359 0.30692428
v 0.46153998 0.46626496 0.33845997
v 0.46153998 0.46079344 0.36922997
v 0.46153998 0.45478851 0.39999998
v 0.46153998 0.44887191 0.41941106
v 0.44689003 0.47712553 -0.23439185
v 0.44925770 0.47783533 -0.21538004
v 0.45388573 0.47930863 -0.18462002
v 0.45719522 0.48063251 -0.15385002
v 0.45783576 0.48104799 -0.12308004
v 0.45769513 0.48096257 -0.09231004
v 0.45730236 0.48071861 -0.06154004
v 0.45615068 0.48024830 -0.03077003
v 0.45443547 0.47968975 0.00000000
v 0.45271274 0.47910431 0.03077000
v 0.45098266 0.47851372 0.06153995
v 0.44922975 0.47792435 0.09230995
v 0.45327026 0.47902995 0.12307996
v 0.46327883 0.48200235 0.15239052
v 0.46153998 0.48482937 0.18461996
v 0.46153998 0.48221505 0.21537995
v 0.46240968 0.47942662 0.24381945
v 0.45267060 0.47843179 0.27691996
v 0.44826469 0.47740230 0.29615387
v 0.47719514 -0.44751298 -0.26431736
v 0.47811350 -0.45104003 -0.24615002
v 0.47942826 -0.45528695 -0.21538004
v 0.47975847 -0.45522243 -0.18462002
v 0.47933748 -0.45265830 -0.15385002
v 0.47889271 -0.45078415 -0.12308004
v 0.47847000 -0.44944760 -0.09231004
v 0.47810876 -0.44846645 -0.06154004
v 0.47803083 -0.44814122 -0.03077003
v 0.47793972 -0.44788989 0.00000000
v 0.47751081 -0.44713908 0.03077000
v 0.47714737 -0.44653985 0.05107056
v 0.47836974 -0.44841066 0.19232483
v 0.48049837 -0.45170072 0.21537995
v 0.48207238 -0.45438376 0.24614996
v 0.48103234 -0.45301849 0.27691996
v 0.47845742 -0.44880712 0.30768996
v 0.47703519 -0.44637290 0.32372594
v 0.47725186 -0.41699991 -0.32642189
v 0.47820529 -0.42155844 -0.30769002
v 0.47939554 -0.43166280 -0.27551046
v 0.48264053 -0.43077001 -0.24615003
v 0.48524880 -0.43077004 -0.21538004
v 0.48583588 -0.43077001 -0.18462002
v 0.48489773 -0.43077001 -0.15385002
v 0.48383954 -0.43077001 -0.12308004
v 0.48282808 -0.43077001 -0.09231004
v 0.48206717 -0.43077001 -0.06154004
v 0.48196363 -0.43077001 -0.03077003
v 0.48205450 -0.43077001 0.00000000
v 0.48174655 -0.43077001 0.03077000
v 0.48049918 -0.43337527 0.06141030
v 0.48124096 -0.42853203 0.09230995
v 0.48095724 -0.42645866 0.12307996
v 0.48152089 -0.42720786 0.15384996
v 0.48327225 -0.43312973 0.18309090
v 0.49025238 -0.43077004 0.21537995
v 0.49336720 -0.43077001 0.24614996
v 0.49105775 -0.43077001 0.27691996
v 0.48579648 -0.43077004 0.30768996
v 0.48070234 -0.43108493 0.33577156
v 0.47904569 -0.42082608 0.36922997
v 0.47755441 -0.41698658 0.38835070
v 0.47748494 -0.38733706 -0.39114031
v 0.47847050 -0.39190245 -0.36923003
v 0.47954148 -0.40111971 -0.33738911
v 0.48284018 -0.40000001 -0.30769002
v 0.48615170 -0.40000001 -0.27692002
v 0.48959193 -0.40000001 -0.24615002
v 0.49221411 -0.40000001 -0.21538004
v 0.49247745 -0.40000001 -0.18462002
v 0.49115419 -0.40000001 -0.15385002
v 0.48976594 -0.40000001 -0.12308004
v 0.48846060 -0.40000001 -0.09231004
v 0.48741725 -0.40000001 -0.06154004
v 0.48686153 -0.40000001 -0.03077003
v 0.48656833 -0.40000001 0.00000000
v 0.48621064 -0.40000001 0.03077000
v 0.48579541 -0.40000001 0.06153995
v 0.48531371 -0.40000001 0.09230995
v 0.48447111 -0.40000001 0.12307997
v 0.48566893 -0.40000001 0.15384996
v 0.49032387 -0.40000001 0.18461996
v 0.49619612 -0.40000004 0.21537995
v 0.49915487 -0.40000001 0.24614996
v 0.49686712 -0.40000004 0.27691996
v 0.49230281 -0.40000001 0.30768996
v 0.48768163 -0.40000001 0.33845997
v 0.48330665 -0.40000004 0.36922997
v 0.47928023 -0.39989942 0.39916238
v 0.47796658 -0.38957906 0.42481813
v 0.47873032 -0.36254442 -0.41997513
v 0.48000813 -0.37137467 -0.40083617
v 0.48339188 -0.36923000 -0.36923000
v 0.48646474 -0.36923003 -0.33846003
v 0.48984557 -0.36923000 -0.30769002
v 0.49347818 -0.36923000 -0.27692002
v 0.49729139 -0.36923000 -0.24615002
v 0.49963352 -0.36922997 -0.21538004
v 0.49869835 -0.36922997 -0.18462002
v 0.49616361 -0.36922997 -0.15385002
v 0.49388808 -0.36922997 -0.12308004
v 0.49174652 -0.36922997 -0.09231004
v 0.48990721 -0.36922997 -0.06154004
v 0.48857176 -0.36922997 -0.03077003
v 0.48752007 -0.36922997 0.00000000
v 0.48656261 -0.36922997 0.03077000
v 0.48559660 -0.36922997 0.06153995
v 0.48455542 -0.36923000 0.09230995
v 0.48338702 -0.36923000 0.12307996
v 0.48495981 -0.36922997 0.15384996
v 0.49003190 -0.36922997 0.18461996
v 0.49599209 -0.36922997 0.21537995
v 0.49864942 -0.36923003 0.24614996
v 0.49632761 -0.36923003 0.27691996
v 0.49246627 -0.36923000 0.30768996
v 0.48848894 -0.36923003 0.33845997
v 0.48467994 -0.36923003 0.36922997
v 0.48108897 -0.36923003 0.39999998
v 0.47810248 -0.36923000 0.42512658
v 0.47702083 -0.32352117 -0.44633272
v 0.48047981 -0.33564872 -0.43044910
v 0.48719755 -0.33846000 -0.39999998
v 0.49014679 -0.33846000 -0.36923000
v 0.49296027 -0.33846000 -0.33846003
v 0.49593851 -0.33846000 -0.30769002
v 0.49902794 -0.33846000 -0.27692002
v 0.50201356 -0.33846000 -0.24615002
v 0.50322056 -0.33846000 -0.21538004
v 0.50114775 -0.33846000 -0.18462002
v 0.49777895 -0.33846000 -0.15385002
v 0.49471191 -0.33846000 -0.12308004
v 0.49180791 -0.33846000 -0.09231004
v 0.48953125 -0.33846000 -0.06154004
v 0.48795456 -0.33846000 -0.03077003
v 0.48668027 -0.33846000 -0.00000000
v 0.48563194 -0.33846000 0.03077000
v 0.48463225 -0.33846000 0.06153995
v 0.48359850 -0.33846000 0.09230995
v 0.48263204 -0.33846000 0.12307996
v 0.48470795 -0.33846000 0.15384996
v 0.49008358 -0.33846000 0.18461996
v 0.49606711 -0.33846000 0.21537995
v 0.49829674 -0.33846000 0.24614996
v 0.49537960 -0.33846000 0.27691996
v 0.49129325 -0.33846000 0.30768996
v 0.48711973 -0.33846000 0.33845997
v 0.48319253 -0.33846000 0.36922997
v 0.47901574 -0.33757299 0.40188509
v 0.47745004 -0.34723496 0.41893733
v 0.47789547 -0.30769002 -0.44793710
v 0.48437276 -0.30769002 -0.43077001
v 0.49118343 -0.30769002 -0.39999998
v 0.49368358 -0.30769002 -0.36923000
v 0.49598294 -0.30769002 -0.33846003
v 0.49819109 -0.30769002 -0.30769002
v 0.50026143 -0.30769002 -0.27692002
v 0.50211680 -0.30769002 -0.24615000
v 0.50255030 -0.30769002 -0.21538004
v 0.50039279 -0.30769002 -0.18462002
v 0.49709111 -0.30769002 -0.15385002
v 0.49388191 -0.30769002 -0.12308004
v 0.49102658 -0.30769002 -0.09231004
v 0.48900005 -0.30769002 -0.06154004
v 0.48747396 -0.30769002 -0.03077003
v 0.48604029 -0.30769002 -0.00000000
v 0.48479566 -0.30769002 0.03077000
v 0.48384252 -0.30769002 0.06153995
v 0.48305389 -0.30769002 0.09230995
v 0.48235071 -0.30769002 0.12307996
v 0.48460191 -0.30769002 0.15384996
v 0.49004385 -0.30769002 0.18461996
v 0.49605569 -0.30769002 0.21537995
v 0.49776876 -0.30769002 0.24614996
v 0.49421138 -0.30769002 0.27691996
v 0.48989853 -0.30769002 0.30768996
v 0.48563585 -0.30769002 0.33845997
v 0.48147905 -0.30769002 0.36922997
v 0.47816309 -0.30769002 0.39285022
v 0.47880602 -0.27692002 -0.44960234
v 0.48570874 -0.27692002 -0.43077001
v 0.49171439 -0.27692002 -0.40000004
v 0.49369165 -0.27692002 -0.36923000
v 0.49567986 -0.27692002 -0.33846003
v 0.49757975 -0.27692002 -0.30769002
v 0.49935365 -0.27692002 -0.27692002
v 0.50104642 -0.27692002 -0.24615000
v 0.50151581 -0.27692002 -0.21538004
v 0.49948108 -0.27692002 -0.18462002
v 0.49613950 -0.27692002 -0.15385002
v 0.49291098 -0.27692002 -0.12308004
v 0.49031228 -0.27692002 -0.09231004
v 0.48852196 -0.27692002 -0.06154004
v 0.48701000 -0.27692002 -0.03077003
v 0.48555636 -0.27692002 -0.00000000
v 0.48434800 -0.27692002 0.03077000
v 0.48349956 -0.27692002 0.06153995
v 0.48283255 -0.27692002 0.09230995
v 0.48214093 -0.27692002 0.12307996
v 0.48433447 -0.27692002 0.15384996
v 0.48980230 -0.27692002 0.18461996
v 0.49579102 -0.27692002 0.21537995
v 0.49692491 -0.27692002 0.24614996
v 0.49274904 -0.27692002 0.27691996
v 0.48825675 -0.27692005 0.30768996
v 0.48378712 -0.27692002 0.33845997
v 0.47904015 -0.27703491 0.37055886
v 0.47734389 -0.28736481 0.38732517
v 0.47900119 -0.24615002 -0.44995064
v 0.48574832 -0.24615002 -0.43077001
v 0.49134803 -0.24615002 -0.40000001
v 0.49319237 -0.24615002 -0.36923000
v 0.49499223 -0.24615002 -0.33846003
v 0.49674869 -0.24615003 -0.30769005
v 0.49841997 -0.24615002 -0.27692002
v 0.49990779 -0.24615002 -0.24615002
v 0.50032926 -0.24615002 -0.21538004
v 0.49838552 -0.24615002 -0.18462002
v 0.49504608 -0.24615003 -0.15385002
v 0.49194795 -0.24615002 -0.12308004
v 0.48965168 -0.24615003 -0.09231004
v 0.48803145 -0.24615002 -0.06154004
v 0.48651519 -0.24615002 -0.03077003
v 0.48525026 -0.24615002 0.00000000
v 0.48431206 -0.24615002 0.03077000
v 0.48340619 -0.24615002 0.06153995
v 0.48256528 -0.24615002 0.09230995
v 0.48167396 -0.24615002 0.12307996
v 0.48371625 -0.24615002 0.15384996
v 0.48923182 -0.24615002 0.18461996
v 0.49495167 -0.24615002 0.21537995
v 0.49545765 -0.24615002 0.24614996
v 0.49087256 -0.24615003 0.27691996
v 0.48619115 -0.24615005 0.30768996
v 0.48141372 -0.24615002 0.33845997
v 0.47796199 -0.24615002 0.36043531
v 0.47921398 -0.21538004 -0.45041436
v 0.48564640 -0.21538004 -0.43077004
v 0.49068624 -0.21538004 -0.40000004
v 0.49248788 -0.21538004 -0.36923000
v 0.49425313 -0.21538004 -0.33846003
v 0.49587852 -0.21538004 -0.30769002
v 0.49730971 -0.21538004 -0.27692002
v 0.49857599 -0.21538004 -0.24615002
v 0.49901620 -0.21538004 -0.21538004
v 0.49722916 -0.21538004 -0.18462002
v 0.49393564 -0.21538004 -0.15385002
v 0.49106085 -0.21538004 -0.12308004
v 0.48906279 -0.21538004 -0.09231004
v 0.48750889 -0.21538004 -0.06154004
v 0.48615128 -0.21538004 -0.03077003
v 0.48516810 -0.21538003 0.00000000
v 0.48427916 -0.21538004 0.03077000
v 0.48320386 -0.21538004 0.06153995
v 0.48203772 -0.21538004 0.09230995
v 0.48058432 -0.21538006 0.12307996
v 0.48241144 -0.21538006 0.15384996
v 0.48815334 -0.21538006 0.18461996
v 0.49345815 -0.21538004 0.21537995
v 0.49333063 -0.21538004 0.24614996
v 0.48852158 -0.21538004 0.27691996
v 0.48357803 -0.21538004 0.30768996
v 0.47871709 -0.21706235 0.33856761
v 0.47715643 -0.22843724 0.35528901
v 0.47942492 -0.18462002 -0.45095533
v 0.48553872 -0.18462002 -0.43077001
v 0.49004489 -0.18462002 -0.40000001
v 0.49174556 -0.18462002 -0.36923000
v 0.49329931 -0.18462002 -0.33846003
v 0.49468884 -0.18462002 -0.30769002
v 0.49591815 -0.18462002 -0.27692002
v 0.49710467 -0.18462002 -0.24615000
v 0.49766445 -0.18462002 -0.21538004
v 0.49602985 -0.18462002 -0.18462002
v 0.49283773 -0.18462002 -0.15385002
v 0.49026039 -0.18462002 -0.12308004
v 0.48848912 -0.18462002 -0.09231004
v 0.48702133 -0.18462002 -0.06154004
v 0.48589402 -0.18462002 -0.03077003
v 0.48499939 -0.18462002 0.00000000
v 0.48393804 -0.18462002 0.03077000
v 0.48261100 -0.18462002 0.06153995
v 0.48101324 -0.18462002 0.09230995
v 0.47857371 -0.18229201 0.12556179
v 0.47989649 -0.18229201 0.15106180
v 0.48657721 -0.18462004 0.18461996
v 0.49149859 -0.18462002 0.21537995
v 0.49080634 -0.18462002 0.24614996
v 0.48578000 -0.18462002 0.27691996
v 0.47996593 -0.18259171 0.31013942
v 0.47779307 -0.19149284 0.32838604
v 0.48051187 -0.15385002 -0.45357442
v 0.48704410 -0.15385002 -0.43077001
v 0.49057096 -0.15385002 -0.40000001
v 0.49166662 -0.15385002 -0.36923000
v 0.49262813 -0.15385002 -0.33846003
v 0.49350852 -0.15385002 -0.30769002
v 0.49446094 -0.15385002 -0.27692002
v 0.49558371 -0.15385002 -0.24615003
v 0.49625412 -0.15385002 -0.21538006
v 0.49476331 -0.15385002 -0.18462002
v 0.49177319 -0.15385002 -0.15385002
v 0.48945439 -0.15385002 -0.12308004
v 0.48782399 -0.15385002 -0.09231004
v 0.48653758 -0.15385002 -0.06154004
v 0.48551792 -0.15385002 -0.03077004
v 0.48445612 -0.15385002 0.00000000
v 0.48310888 -0.15385002 0.03077000
v 0.48149103 -0.15385002 0.06153995
v 0.47951484 -0.15385002 0.09230995
v 0.47765946 -0.15385002 0.11634576
v 0.47926244 -0.15385002 0.15685035
v 0.48472565 -0.15385002 0.18461996
v 0.48921886 -0.15385002 0.21537995
v 0.48800656 -0.15385002 0.24614996
v 0.48275173 -0.15385002 0.27691996
v 0.47850078 -0.15385002 0.30144358
v 0.48238772 -0.12308004 -0.45792511
v 0.49018788 -0.12308004 -0.43076998
v 0.49282023 -0.12308004 -0.40000004
v 0.49339166 -0.12308004 -0.36923003
v 0.49391857 -0.12308004 -0.33846003
v 0.49442267 -0.12308004 -0.30769002
v 0.49502462 -0.12308004 -0.27692002
v 0.49580181 -0.12308004 -0.24615003
v 0.49618575 -0.12308004 -0.21538004
v 0.49439228 -0.12308004 -0.18462002
v 0.49122488 -0.12308004 -0.15385002
v 0.48883364 -0.12308004 -0.12308004
v 0.48716676 -0.12308004 -0.09231004
v 0.48596522 -0.12308004 -0.06154004
v 0.48485988 -0.12308004 -0.03077003
v 0.48346490 -0.12308004 -0.00000000
v 0.48177734 -0.12308004 0.03077000
v 0.47992301 -0.12308004 0.06153995
v 0.47783929 -0.12466063 0.09172080
v 0.47709584 -0.13596769 0.10996466
v 0.47839701 -0.12308004 0.16145320
v 0.48291880 -0.12308004 0.18461996
v 0.48682600 -0.12308004 0.21537995
v 0.48499262 -0.12308004 0.24614997
v 0.47938213 -0.12325970 0.27803832
v 0.47743902 -0.13363279 0.29527903
v 0.47735181 -0.08180481 -0.47772086
v 0.48300982 -0.09216291 -0.46397400
v 0.49346209 -0.09231004 -0.43077001
v 0.49571255 -0.09231004 -0.40000004
v 0.49625254 -0.09231004 -0.36923000
v 0.49676192 -0.09231004 -0.33845997
v 0.49727276 -0.09231004 -0.30769002
v 0.49778527 -0.09231004 -0.27692002
v 0.49827474 -0.09231004 -0.24615002
v 0.49828473 -0.09231004 -0.21538004
v 0.49603409 -0.09231004 -0.18462002
v 0.49245849 -0.09231004 -0.15385002
v 0.48977357 -0.09231004 -0.12308004
v 0.48781216 -0.09231004 -0.09231004
v 0.48628998 -0.09231004 -0.06154004
v 0.48469573 -0.09231004 -0.03077003
v 0.48272949 -0.09231004 -0.00000000
v 0.48052877 -0.09231004 0.03077000
v 0.47813553 -0.09222746 0.06232889
v 0.47729406 -0.10243241 0.08106802
v 0.47755224 -0.09231004 0.16601498
v 0.48121125 -0.09231004 0.18461996
v 0.48446599 -0.09231004 0.21537995
v 0.48186609 -0.09231004 0.24614996
v 0.47797912 -0.09231004 0.26739872
v 0.47830024 -0.06154004 -0.47960490
v 0.48751327 -0.06154004 -0.46153998
v 0.49688366 -0.06154004 -0.43077004
v 0.49869439 -0.06154004 -0.40000004
v 0.49923944 -0.06154004 -0.36923000
v 0.49977157 -0.06154004 -0.33846000
v 0.50024551 -0.06154004 -0.30769002
v 0.50067461 -0.06154004 -0.27692002
v 0.50108278 -0.06154004 -0.24615003
v 0.50098717 -0.06154004 -0.21538004
v 0.49854970 -0.06154004 -0.18462002
v 0.49478132 -0.06154004 -0.15385002
v 0.49191016 -0.06154004 -0.12308004
v 0.48969457 -0.06154004 -0.09231004
v 0.48777589 -0.06154004 -0.06154004
v 0.48577750 -0.06154004 -0.03077003
v 0.48347318 -0.06154004 0.00000000
v 0.48090786 -0.06154004 0.03077001
v 0.47802991 -0.05932199 0.06232889
v 0.47698107 -0.04758996 0.07744663
v 0.47709206 -0.06154004 0.16837087
v 0.48022741 -0.06154004 0.18461996
v 0.48266166 -0.06154004 0.21537995
v 0.47909585 -0.06374642 0.24671629
v 0.47707132 -0.07547068 0.26236105
v 0.47983938 -0.03077003 -0.48273462
v 0.49100626 -0.03077003 -0.46154001
v 0.50033271 -0.03077003 -0.43077004
v 0.50164509 -0.03077003 -0.40000004
v 0.50211149 -0.03077003 -0.36923003
v 0.50256759 -0.03077003 -0.33846003
v 0.50296092 -0.03077004 -0.30769002
v 0.50328904 -0.03077003 -0.27692002
v 0.50357032 -0.03077003 -0.24615003
v 0.50329107 -0.03077003 -0.21538004
v 0.50069010 -0.03077003 -0.18462002
v 0.49683595 -0.03077003 -0.15385002
v 0.49389172 -0.03077003 -0.12308004
v 0.49155712 -0.03077003 -0.09231004
v 0.48945418 -0.03077003 -0.06154004
v 0.48736712 -0.03077003 -0.03077003
v 0.48515666 -0.03077003 0.00000000
v 0.48262003 -0.03077003 0.03077001
v 0.47953582 -0.03077003 0.06153995
v 0.47736397 -0.03077003 0.08067713
v 0.47754773 -0.03077003 0.16600233
v 0.48110098 -0.03077003 0.18461996
v 0.48276556 -0.03077003 0.21537995
v 0.47921231 -0.03077003 0.24072066
v 0.48146006 0.00000000 -0.48610997
v 0.49408299 -0.00000000 -0.46154004
v 0.50300467 -0.00000000 -0.43077004
v 0.50402492 -0.00000000 -0.40000007
v 0.50439072 -0.00000000 -0.36923003
v 0.50475657 -0.00000000 -0.33846000
v 0.50507188 0.00000000 -0.30769002
v 0.50525475 0.00000000 -0.27692002
v 0.50530273 0.00000000 -0.24615003
v 0.50493610 -0.00000000 -0.21538004
v 0.50254428 0.00000000 -0.18462002
v 0.49878502 0.00000000 -0.15385002
v 0.49581650 0.00000000 -0.12308004
v 0.49343398 0.00000000 -0.09231004
v 0.49117586 0.00000000 -0.06154004
v 0.48898551 0.00000000 -0.03077003
v 0.48681575 0.00000000 0.00000000
v 0.48428625 -0.00000000 0.03077000
v 0.48104727 -0.00000000 0.06153995
v 0.47808364 -0.00000000 0.08660907
v 0.47854102 -0.00000000 0.16102409
v 0.48317379 -0.00000000 0.18461996
v 0.48432726 -0.00000000 0.21537995
v 0.47969449 -0.00000000 0.24280322
v 0.48298064 0.03077000 -0.48913231
v 0.49656859 0.03077000 -0.46154004
v 0.50492871 0.03077000 -0.43077001
v 0.50594991 0.03077000 -0.40000001
v 0.50628501 0.03077000 -0.36923000
v 0.50651288 0.03077000 -0.33846000
v 0.50660455 0.03077000 -0.30769002
v 0.50655389 0.03077000 -0.27692002
v 0.50642186 0.03077000 -0.24615003
v 0.50624490 0.03077000 -0.21538003
v 0.50429881 0.03077000 -0.18462002
v 0.50075179 0.03077000 -0.15385002
v 0.49782512 0.03077000 -0.12308004
v 0.49540436 0.03077000 -0.09231004
v 0.49303466 0.03077000 -0.06154004
v 0.49073157 0.03077000 -0.03077003
v 0.48849684 0.03077000 -0.00000000
v 0.48589021 0.03077000 0.03077000
v 0.48256671 0.03077000 0.06153995
v 0.47861204 0.03053027 0.09429353
v 0.47714972 0.04156058 0.12307996
v 0.47907248 0.03348620 0.15264620
v 0.48525062 0.03077000 0.18461996
v 0.48589742 0.03077000 0.21537995
v 0.47968912 0.03162332 0.24838236
v 0.47712448 0.04245219 0.26246348
v 0.47705019 0.07508135 -0.50787586
v 0.48301387 0.06351280 -0.49463421
v 0.49900538 0.06153994 -0.46153998
v 0.50684708 0.06142110 -0.43159693
v 0.50731438 0.05265987 -0.40000001
v 0.50746727 0.05118944 -0.36922997
v 0.50751585 0.05097887 -0.33846000
v 0.50747412 0.05227541 -0.30769002
v 0.50740230 0.05510048 -0.27692002
v 0.50735533 0.06279832 -0.24604103
v 0.50734806 0.06128867 -0.21703574
v 0.50609350 0.06128867 -0.18647829
v 0.50268483 0.06153995 -0.15385002
v 0.50005347 0.06153995 -0.12308004
v 0.49752423 0.06153995 -0.09231004
v 0.49504474 0.06153995 -0.06154004
v 0.49261901 0.06153995 -0.03077003
v 0.49020144 0.06153995 -0.00000000
v 0.48737884 0.06153995 0.03077000
v 0.48404878 0.06153995 0.06153995
v 0.48040473 0.06153995 0.09230995
v 0.47827619 0.06153995 0.12307996
v 0.48119146 0.06153995 0.15384996
v 0.48729482 0.06153995 0.18461996
v 0.48750699 0.06153995 0.21537995
v 0.48159331 0.06153995 0.24614996
v 0.47768068 0.06153995 0.26520020
v 0.47765461 0.09230995 -0.50871617
v 0.48652360 0.09230995 -0.49231002
v 0.50235927 0.09137210 -0.45899758
v 0.50749350 0.08048684 -0.44240820
v 0.50761420 0.07894745 -0.23570840
v 0.50761420 0.07894745 -0.22839290
v 0.50673765 0.09230995 -0.17766136
v 0.50470787 0.09230995 -0.15385002
v 0.50237846 0.09230995 -0.12308004
v 0.49980319 0.09230995 -0.09231004
v 0.49720907 0.09230995 -0.06154004
v 0.49466598 0.09230995 -0.03077003
v 0.49195513 0.09230995 -0.00000000
v 0.48880011 0.09230995 0.03077000
v 0.48541740 0.09230995 0.06153995
v 0.48190320 0.09230995 0.09230995
v 0.48012280 0.09230995 0.12307996
v 0.48322234 0.09230995 0.15384996
v 0.48921177 0.09230995 0.18461996
v 0.48921824 0.09230995 0.21537995
v 0.48330915 0.09230995 0.24614996
v 0.47863057 0.09230995 0.27052641
v 0.47871155 0.12307996 -0.51018864
v 0.48866463 0.12307996 -0.49231002
v 0.50226307 0.12307996 -0.46370268
v 0.50741649 0.11152196 -0.17224467
v 0.50679547 0.12229715 -0.15279774
v 0.50471979 0.12307996 -0.12308004
v 0.50223112 0.12307996 -0.09231004
v 0.49953896 0.12307996 -0.06154003
v 0.49685651 0.12307996 -0.03077003
v 0.49381763 0.12307996 0.00000000
v 0.49032077 0.12307996 0.03077000
v 0.48677567 0.12307996 0.06153995
v 0.48330352 0.12307996 0.09230995
v 0.48191229 0.12307996 0.12307996
v 0.48530576 0.12307996 0.15384996
v 0.49113536 0.12307996 0.18461996
v 0.49104595 0.12307996 0.21537995
v 0.48531821 0.12307996 0.24614996
v 0.47946563 0.12264500 0.27865905
v 0.47747967 0.13260834 0.29539710
v 0.47965753 0.15384996 -0.51152253
v 0.49058715 0.15384996 -0.49231002
v 0.50323963 0.15384996 -0.46552154
v 0.50745821 0.14161445 -0.14183624
v 0.50685889 0.15266466 -0.12159340
v 0.50473303 0.15384996 -0.09231004
v 0.50207621 0.15384996 -0.06154004
v 0.49914753 0.15384996 -0.03077003
v 0.49576193 0.15384996 0.00000000
v 0.49198681 0.15384996 0.03077000
v 0.48830071 0.15384996 0.06153995
v 0.48476934 0.15384996 0.09230995
v 0.48365214 0.15384996 0.12307996
v 0.48761976 0.15384996 0.15384996
v 0.49347037 0.15384996 0.18461996
v 0.49310020 0.15384996 0.21537995
v 0.48752168 0.15384996 0.24614996
v 0.48241520 0.15384996 0.27691996
v 0.47846887 0.15384996 0.30111003
v 0.48070100 0.18461996 -0.51305097
v 0.49289674 0.18461996 -0.49231002
v 0.50450575 0.18461996 -0.46832010
v 0.50750369 0.17162853 -0.11034899
v 0.50694430 0.18297710 -0.09016055
v 0.50478995 0.18461996 -0.06154004
v 0.50167292 0.18461996 -0.03077003
v 0.49785537 0.18461996 -0.00000000
v 0.49390435 0.18461996 0.03077000
v 0.49013513 0.18461996 0.06153995
v 0.48646635 0.18461996 0.09230995
v 0.48560166 0.18461996 0.12307996
v 0.49037927 0.18461996 0.15384996
v 0.49632168 0.18461996 0.18461996
v 0.49551752 0.18461996 0.21537995
v 0.49001083 0.18461996 0.24614997
v 0.48508060 0.18461996 0.27691996
v 0.47974682 0.18306074 0.30980173
v 0.47776601 0.19227457 0.32811770
v 0.48221853 0.21537995 -0.51550978
v 0.49865991 0.21801043 -0.48935279
v 0.50608850 0.20951074 -0.47239232
v 0.50758076 0.20127547 -0.07846755
v 0.50693798 0.20861430 -0.06154004
v 0.50500828 0.21843013 -0.03383022
v 0.50027555 0.21537995 -0.00000000
v 0.49632800 0.21537995 0.03077000
v 0.49255201 0.21537995 0.06153995
v 0.48873365 0.21537995 0.09230995
v 0.48826918 0.21537995 0.12307996
v 0.49404740 0.21537995 0.15384996
v 0.50000572 0.21537995 0.18461996
v 0.49876490 0.21537995 0.21537995
v 0.49324518 0.21537995 0.24614996
v 0.48820060 0.21537995 0.27691996
v 0.48343891 0.21537995 0.30768996
v 0.47887939 0.21624944 0.33840662
v 0.47739366 0.22708245 0.35665798
v 0.48418269 0.24614996 -0.51912707
v 0.49957269 0.24614996 -0.49463147
v 0.50623870 0.24614996 -0.02672314
v 0.50301147 0.24614996 0.00000000
v 0.49944896 0.24614996 0.03077000
v 0.49572960 0.24614996 0.06153995
v 0.49193597 0.24614996 0.09230995
v 0.49213967 0.24614994 0.12307996
v 0.49891645 0.24614996 0.15384996
v 0.50524300 0.24836028 0.18530330
v 0.50375688 0.24836028 0.21297605
v 0.49718991 0.24614996 0.24614994
v 0.49194738 0.24614996 0.27691996
v 0.48685047 0.24614996 0.30768996
v 0.48196173 0.24614994 0.33845997
v 0.47828045 0.24614996 0.36311767
v 0.47781149 0.28654435 -0.53937966
v 0.48509598 0.27654260 -0.52540404
v 0.50186139 0.27691996 -0.49853027
v 0.50712556 0.26638603 -0.02027386
v 0.50618994 0.27675161 0.00110425
v 0.50309652 0.27691996 0.03077000
v 0.49960002 0.27691996 0.06153995
v 0.49599734 0.27691996 0.09230995
v 0.49685574 0.27691996 0.12307996
v 0.50419122 0.27520105 0.15429771
v 0.50731176 0.26380178 0.17550553
v 0.50613654 0.27691996 0.22312607
v 0.50164944 0.27691996 0.24614996
v 0.49598551 0.27691996 0.27691996
v 0.49036187 0.27691996 0.30768996
v 0.48492727 0.27691996 0.33845997
v 0.47954303 0.27456912 0.37188330
v 0.47765425 0.28325525 0.38916957
v 0.47942916 0.30768996 -0.54102391
v 0.49162695 0.30768996 -0.52307999
v 0.50450784 0.30768996 -0.50263673
v 0.50735700 0.29476133 0.01209376
v 0.50635064 0.30175942 0.03077000
v 0.50462258 0.31070274 0.05855095
v 0.50044692 0.30768996 0.09230995
v 0.50182807 0.30768996 0.12307996
v 0.50632656 0.30768993 0.14293009
v 0.50751543 0.29361156 0.22971463
v 0.50593156 0.30539891 0.24751678
v 0.50040430 0.30768996 0.27691996
v 0.49411136 0.30768996 0.30768996
v 0.48818564 0.30768996 0.33845997
v 0.48292887 0.30768996 0.36922997
v 0.47868821 0.30768996 0.39510638
v 0.48175287 0.33845997 -0.54331064
v 0.49854511 0.33973044 -0.52042496
v 0.50651807 0.33032405 -0.50580925
v 0.50657433 0.33067480 0.06681159
v 0.50522768 0.33994088 0.09135360
v 0.50588691 0.33547598 0.12189572
v 0.50767303 0.32323328 0.13854389
v 0.50718898 0.32658803 0.25868800
v 0.50496256 0.33748883 0.27656746
v 0.49808729 0.33845997 0.30768996
v 0.49154258 0.33845997 0.33845997
v 0.48582804 0.33845997 0.36922997
v 0.47977313 0.33651337 0.40258330
v 0.47754022 0.34546900 0.41667882
v 0.48280463 0.36922997 -0.54429364
v 0.49819461 0.36922997 -0.52410448
v 0.50692040 0.35889950 0.10097605
v 0.50692040 0.35889950 0.11085292
v 0.50664932 0.36922997 0.28759083
v 0.50187880 0.36922997 0.30768996
v 0.49483338 0.36922997 0.33845997
v 0.48865563 0.36922997 0.36922997
v 0.48290005 0.36922997 0.39999998
v 0.47845829 0.36922997 0.41849062
v 0.48077640 0.38880482 -0.54226953
v 0.48922777 0.39719769 -0.51848251
v 0.49758807 0.40545344 -0.49231005
v 0.50408387 0.41174269 -0.46154004
v 0.50634027 0.41397616 -0.43753204
v 0.50755435 0.38596478 0.29173526
v 0.50512236 0.39773089 0.30685657
v 0.49801382 0.39999998 0.33845997
v 0.49145627 0.39999998 0.36922997
v 0.48543951 0.39999998 0.39999998
v 0.47971988 0.39999998 0.42072743
v 0.47715917 0.41561639 -0.50809401
v 0.48219809 0.42048761 -0.49231005
v 0.48869389 0.42680061 -0.46154001
v 0.49457216 0.42678270 -0.42867121
v 0.48965016 0.43439379 -0.40193120
v 0.49417418 0.43246445 -0.36923003
v 0.49585629 0.43386558 -0.33846000
v 0.49763772 0.43580925 -0.30769002
v 0.49953887 0.43787065 -0.27692002
v 0.50156718 0.44001374 -0.24615002
v 0.50373310 0.44224012 -0.21538004
v 0.50525630 0.44364077 -0.18462002
v 0.50551224 0.44367155 -0.15385002
v 0.50511903 0.44317371 -0.12308004
v 0.50453985 0.44247088 -0.09231004
v 0.50387990 0.44157457 -0.06154004
v 0.50323027 0.44064018 -0.03077003
v 0.50259060 0.43962580 -0.00000000
v 0.50196069 0.43839556 0.03077000
v 0.50134039 0.43690109 0.06153995
v 0.50072944 0.43517366 0.09230995
v 0.50326544 0.43890291 0.12307996
v 0.50663650 0.44442534 0.14110260
v 0.50651735 0.44362971 0.25402096
v 0.50469166 0.43842924 0.27691996
v 0.50238806 0.42918158 0.30685657
v 0.49558592 0.43076998 0.33845997
v 0.48957115 0.43076998 0.36922997
v 0.48387054 0.43076998 0.39999998
v 0.47901389 0.43076998 0.41923448
v 0.47761694 0.44662341 -0.39296532
v 0.47878420 0.44744155 -0.36923003
v 0.48046631 0.44865507 -0.33846000
v 0.48224774 0.44997227 -0.30769002
v 0.48414892 0.45143104 -0.27692002
v 0.48617724 0.45306075 -0.24615003
v 0.48834312 0.45488283 -0.21538004
v 0.48986632 0.45726398 -0.18462002
v 0.49012226 0.45896944 -0.15385002
v 0.48972905 0.45921201 -0.12308004
v 0.48914987 0.45908612 -0.09231004
v 0.48848999 0.45888180 -0.06154004
v 0.48784029 0.45828968 -0.03077003
v 0.48720059 0.45737198 0.00000000
v 0.48657075 0.45650035 0.03077000
v 0.48595044 0.45567137 0.06153995
v 0.48533943 0.45488185 0.09230995
v 0.48787546 0.45725951 0.12307996
v 0.49291596 0.46224594 0.15139009
v 0.49490312 0.46436802 0.18461996
v 0.49329492 0.46279553 0.21537995
v 0.49178421 0.46109369 0.24301338
v 0.48930168 0.45867175 0.27691996
v 0.48685908 0.45649487 0.30768996
v 0.48426816 0.45419338 0.33845997
v 0.48159781 0.45167506 0.36922997
v 0.47898224 0.44868675 0.39999995
v 0.47740951 0.44675550 0.41623804
v 0.47919533 0.47857249 0.16167760
v 0.47951314 0.47882816 0.18461996
v 0.47790495 0.47766575 0.21537995
v 0.47705105 0.47702256 0.23200579
v 0.50788820 0.07159518 -0.42188823
v 0.50797647 0.06803983 -0.40000004
v 0.50795341 0.06656940 -0.36922997
v 0.50791854 0.06635884 -0.33846000
v 0.50788248 0.06765537 -0.30769002
v 0.50781888 0.07048044 -0.27692002
v 0.50774908 0.07389054 -0.25622836
v 0.50783986 0.07137446 -0.20788623
v 0.50783986 0.07137446 -0.19797049
v 0.50790715 0.10100690 -0.44704929
v 0.50821090 0.09137210 -0.43159693
v 0.50862235 0.09230995 -0.40000004
v 0.50853181 0.09230995 -0.36923000
v 0.50843900 0.09230995 -0.33845997
v 0.50830370 0.09230995 -0.30769002
v 0.50809884 0.09230995 -0.27692002
v 0.50792634 0.09044846 -0.24604101
v 0.50812489 0.09044846 -0.21703577
v 0.50808954 0.09230995 -0.19304138
v 0.50817800 0.12307996 -0.44832268
v 0.50904715 0.12307996 -0.43077001
v 0.50935835 0.12307996 -0.40000004
v 0.50916433 0.12307996 -0.36923000
v 0.50894165 0.12307996 -0.33846000
v 0.50869095 0.12307996 -0.30769002
v 0.50840586 0.12307996 -0.27692002
v 0.50845408 0.12307996 -0.24615002
v 0.50892830 0.12307996 -0.21538004
v 0.50846016 0.12229715 -0.18334684
v 0.50795943 0.13202858 -0.16235621
v 0.50852406 0.15384996 -0.45014161
v 0.50974309 0.15384996 -0.43077001
v 0.51000047 0.15384996 -0.40000001
v 0.50968313 0.15384996 -0.36923000
v 0.50932980 0.15384996 -0.33846003
v 0.50900388 0.15384996 -0.30769002
v 0.50881642 0.15384996 -0.27692002
v 0.50909662 0.15384996 -0.24615002
v 0.50978625 0.15384996 -0.21538004
v 0.50963330 0.15384996 -0.18462002
v 0.50843436 0.15266466 -0.15279774
v 0.50798637 0.16213450 -0.13085563
v 0.50898689 0.18461996 -0.45294011
v 0.51062769 0.18461996 -0.43077001
v 0.51078272 0.18461996 -0.40000004
v 0.51038468 0.18461996 -0.36923000
v 0.50998503 0.18461996 -0.33846003
v 0.50960141 0.18461996 -0.30769002
v 0.50957191 0.18461996 -0.27692002
v 0.51005203 0.18461996 -0.24615002
v 0.51088619 0.18461996 -0.21538004
v 0.51090872 0.18461996 -0.18462002
v 0.50982940 0.18461996 -0.15385002
v 0.50851786 0.18297710 -0.12159342
v 0.50803953 0.19213516 -0.09898756
v 0.50776690 0.23001744 -0.47712126
v 0.50938970 0.21801043 -0.46189937
v 0.51215315 0.21537995 -0.43077001
v 0.51226711 0.21537995 -0.40000004
v 0.51183540 0.21537995 -0.36923000
v 0.51140213 0.21537995 -0.33846003
v 0.51100338 0.21537995 -0.30769005
v 0.51104307 0.21537995 -0.27692002
v 0.51158822 0.21537995 -0.24615002
v 0.51236278 0.21537995 -0.21538004
v 0.51236773 0.21537995 -0.18462002
v 0.51132083 0.21537995 -0.15385002
v 0.51011205 0.21537995 -0.12308004
v 0.50868934 0.21306928 -0.09016055
v 0.50803620 0.22399433 -0.06154004
v 0.50770205 0.23071693 -0.04613035
v 0.50847203 0.24614996 -0.47924140
v 0.51144361 0.24614996 -0.46153998
v 0.51399249 0.24614996 -0.43076998
v 0.51411676 0.24614996 -0.39999998
v 0.51366895 0.24614996 -0.36922997
v 0.51322609 0.24614996 -0.33846000
v 0.51289642 0.24614996 -0.30769002
v 0.51301539 0.24614996 -0.27692002
v 0.51356828 0.24614996 -0.24615002
v 0.51417398 0.24614996 -0.21538003
v 0.51401567 0.24614996 -0.18462002
v 0.51294917 0.24614996 -0.15385002
v 0.51169491 0.24614996 -0.12308004
v 0.51040053 0.24614996 -0.09231004
v 0.50896239 0.24614996 -0.06154004
v 0.50794572 0.24614996 -0.04211315
v 0.50780898 0.26009381 0.19601218
v 0.50780898 0.26009381 0.20112008
v 0.50973725 0.27691996 -0.48314020
v 0.51356953 0.27691996 -0.46153998
v 0.51575357 0.27691996 -0.43076998
v 0.51590788 0.27691996 -0.39999998
v 0.51544183 0.27691996 -0.36922997
v 0.51498187 0.27691996 -0.33845997
v 0.51476151 0.27691996 -0.30769002
v 0.51504743 0.27691996 -0.27691999
v 0.51566339 0.27691996 -0.24615000
v 0.51620144 0.27691996 -0.21538004
v 0.51581955 0.27691996 -0.18462002
v 0.51456708 0.27691996 -0.15385002
v 0.51326966 0.27691996 -0.12308004
v 0.51194739 0.27691996 -0.09231004
v 0.51037288 0.27691996 -0.06154004
v 0.50862473 0.27675161 -0.03062833
v 0.50804538 0.28689271 -0.00841294
v 0.50833708 0.28430846 0.16485624
v 0.50856823 0.27520105 0.18530330
v 0.50830746 0.27691996 0.20774604
v 0.51098216 0.30768996 -0.48724669
v 0.51579458 0.30768996 -0.46153998
v 0.51774293 0.30768996 -0.43077001
v 0.51788324 0.30768996 -0.40000001
v 0.51735198 0.30768996 -0.36923000
v 0.51687014 0.30768996 -0.33846003
v 0.51675612 0.30768996 -0.30769002
v 0.51720893 0.30768993 -0.27692002
v 0.51791817 0.30768996 -0.24615000
v 0.51849663 0.30768996 -0.21538004
v 0.51787138 0.30768996 -0.18462002
v 0.51629192 0.30768996 -0.15385002
v 0.51490474 0.30768996 -0.12308004
v 0.51366287 0.30768996 -0.09231004
v 0.51224208 0.30768996 -0.06154004
v 0.51061887 0.30768996 -0.03077003
v 0.50886428 0.30608875 0.00110425
v 0.50810325 0.31714940 0.03077000
v 0.50770730 0.32297122 0.04630497
v 0.50929278 0.30768996 0.15832013
v 0.51081800 0.30768996 0.18461996
v 0.50924325 0.30539891 0.21782875
v 0.50823849 0.31413153 0.23816802
v 0.50792879 0.35083076 -0.50840163
v 0.51154888 0.33973044 -0.49425355
v 0.51823711 0.33845997 -0.46154001
v 0.51992750 0.33845997 -0.43076998
v 0.52002782 0.33845997 -0.40000001
v 0.51943612 0.33845997 -0.36923003
v 0.51899838 0.33845997 -0.33846003
v 0.51901799 0.33845997 -0.30769005
v 0.51961565 0.33845997 -0.27692002
v 0.52043873 0.33845997 -0.24615002
v 0.52112514 0.33845997 -0.21538004
v 0.52037799 0.33845997 -0.18462002
v 0.51842445 0.33845997 -0.15385002
v 0.51683587 0.33845997 -0.12308004
v 0.51566499 0.33845997 -0.09231004
v 0.51440537 0.33845997 -0.06154004
v 0.51286519 0.33845997 -0.03077003
v 0.51123470 0.33845997 0.00000000
v 0.50960302 0.33845997 0.03077000
v 0.50824845 0.33994085 0.05855095
v 0.50788337 0.35118148 0.08045600
v 0.50851208 0.34373999 0.13135953
v 0.51052338 0.33547598 0.15082233
v 0.51314080 0.33845997 0.18461996
v 0.51151091 0.33845997 0.21537995
v 0.50897014 0.33748883 0.24751678
v 0.50809664 0.34709474 0.26607910
v 0.50803959 0.36922997 -0.50872445
v 0.51341116 0.36922997 -0.49231002
v 0.51962239 0.36922997 -0.46153998
v 0.52140814 0.36922997 -0.43076998
v 0.52185136 0.36922997 -0.39999998
v 0.52156717 0.36922997 -0.36923000
v 0.52137834 0.36922997 -0.33846003
v 0.52158767 0.36922997 -0.30769002
v 0.52231151 0.36922997 -0.27692002
v 0.52322507 0.36922997 -0.24615003
v 0.52402419 0.36922997 -0.21538004
v 0.52333468 0.36922997 -0.18462002
v 0.52121615 0.36922997 -0.15385002
v 0.51942909 0.36922997 -0.12308004
v 0.51807094 0.36922997 -0.09231004
v 0.51665807 0.36922997 -0.06154004
v 0.51515156 0.36922997 -0.03077003
v 0.51356518 0.36922997 0.00000000
v 0.51188666 0.36922997 0.03077000
v 0.51019949 0.36922997 0.06153995
v 0.50858772 0.36918768 0.09135360
v 0.50944841 0.36918768 0.12189572
v 0.51398909 0.36922997 0.15384996
v 0.51568115 0.36922997 0.18461996
v 0.51358902 0.36922997 0.21537995
v 0.51103413 0.36922997 0.24614996
v 0.50874603 0.36922997 0.27221081
v 0.50792396 0.38508379 -0.50836438
v 0.51056695 0.39007342 -0.49231005
v 0.51372719 0.39636266 -0.46154001
v 0.51341772 0.40223369 -0.42867121
v 0.51558894 0.39999998 -0.39999998
v 0.51608610 0.39999995 -0.36923000
v 0.51679486 0.39999998 -0.33846003
v 0.51794702 0.39999998 -0.30769002
v 0.51943624 0.39999998 -0.27692002
v 0.52106869 0.39999998 -0.24615002
v 0.52264071 0.39999998 -0.21538004
v 0.52286309 0.39999998 -0.18462002
v 0.52155405 0.39999998 -0.15385002
v 0.52009940 0.39999998 -0.12308005
v 0.51868987 0.39999998 -0.09231004
v 0.51725614 0.39999998 -0.06154004
v 0.51592082 0.39999998 -0.03077003
v 0.51457775 0.39999998 0.00000000
v 0.51310039 0.39999998 0.03077001
v 0.51154697 0.39999998 0.06153995
v 0.51002097 0.39999998 0.09230995
v 0.51154006 0.39999998 0.12307996
v 0.51641655 0.39999998 0.15384996
v 0.51795399 0.39999998 0.18461996
v 0.51556969 0.39999998 0.21537995
v 0.51286209 0.39999998 0.24614996
v 0.50945055 0.39773089 0.27965713
v 0.50810164 0.40647149 0.29604095
v 0.50783807 0.41563022 -0.41701198
v 0.50814557 0.41618183 -0.40000004
v 0.50862384 0.41707444 -0.36923000
v 0.50932622 0.41847557 -0.33845997
v 0.51032245 0.42041928 -0.30769002
v 0.51142514 0.42248064 -0.27692002
v 0.51258415 0.42462379 -0.24615002
v 0.51373315 0.42685014 -0.21538004
v 0.51426554 0.42825079 -0.18462002
v 0.51400310 0.42828155 -0.15385002
v 0.51348060 0.42778373 -0.12308004
v 0.51284999 0.42708090 -0.09231004
v 0.51220804 0.42618459 -0.06154004
v 0.51162732 0.42525020 -0.03077003
v 0.51105094 0.42423582 0.00000000
v 0.51041341 0.42300558 0.03077000
v 0.50972754 0.42151111 0.06153995
v 0.50904882 0.41978368 0.09230995
v 0.50996357 0.42351294 0.12307996
v 0.51236403 0.43280721 0.15235755
v 0.51483810 0.43076998 0.18461996
v 0.51277280 0.43076998 0.21537994
v 0.51021653 0.43232983 0.24471657
v 0.50913966 0.42303926 0.27691996
v 0.50810164 0.41786262 0.29604098
v 0.50901765 0.44858351 0.16162264
v 0.50923896 0.44898799 0.18461996
v 0.50838459 0.44741550 0.21537995
v 0.50787860 0.44648692 0.23350097
f 1 2 6
f 6 2 7
f 2 3 7
f 7 3 8
f 3 4 8
f 8 4 9
f 4 5 9
f 9 5 10
f 6 7 11
f 11 7 12
f 7 8 12
f 12 8 13
f 8 9 13
f 13 9 14
f 9 10 14
f 14 10 15
f 11 12 16
f 16 12 17
f 12 13 17
f 17 13 18
f 13 14 18
f 18 14 19
f 14 15 19
f 19 15 20
f 21 22 42
f 42 22 43
f 22 23 43
f 43 23 44
f 23 24 44
f 44 24 45
f 24 25 45
f 45 25 46
f 25 26 46
f 46 26 47
f 26 27 47
f 47 27 48
f 27 28 48
f 48 28 49
f 28 29 49
f 49 29 50
f 29 30 50
f 50 30 51
f 30 31 51
f 51 31 52
f 31 32 52
f 52 32 53
f 32 33 53
f 53 33 54
f 33 34 54
f 54 34 55
f 34 35 55
f 55 35 56
f 36 37 61
f 61 37 62
f 37 38 62
f 62 38 63
f 38 39 63
f 63 39 64
f 39 40 64
f 64 40 65
f 40 41 65
f 65 41 66
f 43 44 68
f 68 44 69
f 44 45 69
f 69 45 70
f 45 46 70
f 70 46 71
f 46 47 71
f 71 47 72
f 47 48 72
f 72 48 73
f 48 49 73
f 73 49 74
f 49 50 74
f 74 50 75
f 50 51 75
f 75 51 76
f 51 52 76
f 76 52 77
f 52 53 77
f 77 53 78
f 53 54 78
f 78 54 79
f 54 55 79
f 79 55 80
f 55 56 80
f 80 56 81
f 56 57 81
f 81 57 82
f 57 58 82
f 82 58 83
f 58 59 83
f 83 59 84
f 59 60 84
f 84 60 85
f 60 61 85
f 85 61 86
f 61 62 86
f 86 62 87
f 62 63 87
f 87 63 88
f 63 64 88
f 88 64 89
f 64 65 89
f 89 65 90
f 65 66 90
f 90 66 91
f 66 67 91
f 91 67 92
f 68 69 94
f 94 69 95
f 69 70 95
f 95 70 96
f 70 71 96
f 96 71 97
f 71 72 97
f 97 72 98
f 72 73 98
f 98 73 99
f 73 74 99
f 99 74 100
f 74 75 100
f 100 75 101
f 75 76 101
f 101 76 102
f 76 77 102
f 102 77 103
f 77 78 103
f 103 78 104
f 78 79 104
f 104 79 105
f 79 80 105
f 105 80 106
f 80 81 106
f 106 81 107
f 81 82 107
f 107 82 108
f 82 83 108
f 108 83 109
f 83 84 109
f 109 84 110
f 84 85 110
f 110 85 111
f 85 86 111
f 111 86 112
f 1 6 87
f 87 6 113
f 86 87 112
f 112 87 113
f 87 88 1
f 1 88 2
f 88 89 2
f 2 89 3
f 89 90 3
f 3 90 4
f 90 91 4
f 4 91 5
f 91 114 5
f 5 114 10
f 91 92 114
f 114 92 115
f 92 93 115
f 115 93 116
f 94 95 119
f 119 95 120
f 95 96 120
f 120 96 121
f 96 97 121
f 121 97 122
f 97 98 122
f 122 98 123
f 98 99 123
f 123 99 124
f 99 100 124
f 124 100 125
f 100 101 125
f 125 101 126
f 101 102 126
f 126 102 127
f 102 103 127
f 127 103 128
f 103 104 128
f 128 104 129
f 104 105 129
f 129 105 130
f 105 106 130
f 130 106 131
f 106 107 131
f 131 107 132
f 107 108 132
f 132 108 133
f 108 109 133
f 133 109 134
f 109 110 134
f 134 110 135
f 110 111 135
f 135 111 136
f 111 112 136
f 136 112 137
f 6 11 113
f 113 11 138
f 112 113 137
f 137 113 138
f 114 139 10
f 10 139 15
f 114 115 139
f 139 115 140
f 115 116 140
f 140 116 141
f 116 117 141
f 141 117 142
f 117 118 142
f 142 118 143
f 119 120 144
f 144 120 145
f 120 121 145
f 145 121 146
f 121 122 146
f 146 122 147
f 122 123 147
f 147 123 148
f 123 124 148
f 148 124 149
f 124 125 149
f 149 125 150
f 125 126 150
f 150 126 151
f 126 127 151
f 151 127 152
f 127 128 152
f 152 128 153
f 128 129 153
f 153 129 154
f 129 130 154
f 154 130 155
f 130 131 155
f 155 131 156
f 131 132 156
f 156 132 157
f 132 133 157
f 157 133 158
f 133 134 158
f 158 134 159
f 134 135 159
f 159 135 160
f 135 136 160
f 160 136 161
f 136 137 161
f 161 137 162
f 11 16 138
f 138 16 163
f 137 138 162
f 162 138 163
f 139 167 15
f 15 167 20
f 139 140 167
f 167 140 168
f 140 141 168
f 168 141 169
f 141 142 169
f 169 142 170
f 144 145 171
f 171 145 172
f 145 146 172
f 172 146 173
f 146 147 173
f 173 147 174
f 147 148 174
f 174 148 175
f 148 149 175
f 175 149 176
f 149 150 176
f 176 150 177
f 150 151 177
f 177 151 178
f 151 152 178
f 178 152 179
f 152 153 179
f 179 153 180
f 153 154 180
f 180 154 181
f 154 155 181
f 181 155 182
f 155 156 182
f 182 156 183
f 156 157 183
f 183 157 184
f 157 158 184
f 184 158 185
f 158 159 185
f 185 159 186
f 159 160 186
f 186 160 187
f 160 161 187
f 187 161 188
f 161 162 188
f 188 162 189
f 162 163 189
f 189 163 190
f 16 17 163
f 163 17 164
f 163 164 190
f 190 164 191
f 17 18 164
f 164 18 165
f 164 165 191
f 191 165 192
f 18 19 165
f 165 19 166
f 165 166 192
f 192 166 193
f 19 20 166
f 166 20 167
f 166 167 193
f 193 167 194
f 167 168 194
f 194 168 195
f 168 169 195
f 195 169 196
f 169 170 196
f 196 170 197
f 171 172 198
f 198 172 199
f 172 173 199
f 199 173 200
f 173 174 200
f 200 174 201
f 174 175 201
f 201 175 202
f 175 176 202
f 202 176 203
f 176 177 203
f 203 177 204
f 177 178 204
f 204 178 205
f 178 179 205
f 205 179 206
f 179 180 206
f 206 180 207
f 180 181 207
f 207 181 208
f 181 182 208
f 208 182 209
f 182 183 209
f 209 183 210
f 183 184 210
f 210 184 211
f 184 185 211
f 211 185 212
f 185 186 212
f 212 186 213
f 186 187 213
f 213 187 214
f 187 188 214
f 214 188 215
f 188 189 215
f 215 189 216
f 189 190 216
f 216 190 217
f 190 191 217
f 217 191 218
f 191 192 218
f 218 192 219
f 192 193 219
f 219 193 220
f 193 194 220
f 220 194 221
f 194 195 221
f 221 195 222
f 195 196 222
f 222 196 223
f 196 197 223
f 223 197 224
f 198 199 225
f 225 199 226
f 199 200 226
f 226 200 227
f 200 201 227
f 227 201 228
f 201 202 228
f 228 202 229
f 202 203 229
f 229 203 230
f 203 204 230
f 230 204 231
f 204 205 231
f 231 205 232
f 205 206 232
f 232 206 233
f 206 207 233
f 233 207 234
f 207 208 234
f 234 208 235
f 208 209 235
f 235 209 236
f 209 210 236
f 236 210 237
f 210 211 237
f 237 211 238
f 211 212 238
f 238 212 239
f 212 213 239
f 239 213 240
f 213 214 240
f 240 214 241
f 214 215 241
f 241 215 242
f 215 216 242
f 242 216 243
f 216 217 243
f 243 217 244
f 217 218 244
f 244 218 245
f 218 219 245
f 245 219 246
f 219 220 246
f 246 220 247
f 220 221 247
f 247 221 248
f 221 222 248
f 248 222 249
f 222 223 249
f 249 223 250
f 223 224 250
f 250 224 251
f 225 226 252
f 252 226 253
f 226 227 253
f 253 227 254
f 227 228 254
f 254 228 255
f 228 229 255
f 255 229 256
f 229 230 256
f 256 230 257
f 230 231 257
f 257 231 258
f 231 232 258
f 258 232 259
f 232 233 259
f 259 233 260
f 233 234 260
f 260 234 261
f 234 235 261
f 261 235 262
f 235 236 262
f 262 236 263
f 236 237 263
f 263 237 264
f 237 238 264
f 264 238 265
f 238 239 265
f 265 239 266
f 239 240 266
f 266 240 267
f 240 241 267
f 267 241 268
f 241 242 268
f 268 242 269
f 242 243 269
f 269 243 270
f 243 244 270
f 270 244 271
f 244 245 271
f 271 245 272
f 245 246 272
f 272 246 273
f 246 247 273
f 273 247 274
f 247 248 274
f 274 248 275
f 248 249 275
f 275 249 276
f 249 250 276
f 276 250 277
f 253 254 278
f 278 254 279
f 254 255 279
f 279 255 280
f 255 256 280
f 280 256 281
f 256 257 281
f 281 257 282
f 257 258 282
f 282 258 283
f 258 259 283
f 283 259 284
f 259 260 284
f 284 260 285
f 260 261 285
f 285 261 286
f 261 262 286
f 286 262 287
f 262 263 287
f 287 263 288
f 270 271 289
f 289 271 290
f 271 272 290
f 290 272 291
f 272 273 291
f 291 273 292
f 273 274 292
f 292 274 293
f 274 275 293
f 293 275 294
f 275 276 294
f 294 276 295
f 276 277 295
f 295 277 296
f 279 280 297
f 297 280 298
f 280 281 298
f 298 281 299
f 289 290 300
f 300 290 301
f 290 291 301
f 301 291 302
f 291 292 302
f 302 292 303
f 292 293 303
f 303 293 304
f 293 294 304
f 304 294 305
f 294 295 305
f 305 295 306
f 300 301 307
f 307 301 308
f 301 302 308
f 308 302 309
f 302 303 309
f 309 303 310
f 303 304 310
f 310 304 311
f 304 305 311
f 311 305 312
f 305 306 312
f 312 306 313
f 307 308 314
f 314 308 315
f 308 309 315
f 315 309 316
f 309 310 316
f 316 310 317
f 310 311 317
f 317 311 318
f 311 312 318
f 318 312 319
f 315 316 320
f 320 316 321
f 322 323 346
f 346 323 347
f 323 324 347
f 347 324 348
f 325 326 352
f 352 326 353
f 326 327 353
f 353 327 354
f 327 328 354
f 354 328 355
f 328 329 355
f 355 329 356
f 329 330 356
f 356 330 357
f 330 331 357
f 357 331 358
f 331 332 358
f 358 332 359
f 332 333 359
f 359 333 360
f 333 334 360
f 360 334 361
f 334 335 361
f 361 335 362
f 335 336 362
f 362 336 363
f 336 337 363
f 363 337 364
f 337 338 364
f 364 338 365
f 338 339 365
f 365 339 366
f 339 340 366
f 366 340 367
f 340 341 367
f 367 341 368
f 341 342 368
f 368 342 369
f 342 343 369
f 369 343 370
f 343 344 370
f 370 344 371
f 344 345 371
f 371 345 372
f 345 346 372
f 372 346 373
f 346 347 373
f 373 347 374
f 347 348 374
f 374 348 375
f 348 349 375
f 375 349 376
f 349 350 376
f 376 350 377
f 351 352 380
f 380 352 381
f 21 42 353
f 353 42 382
f 352 353 381
f 381 353 382
f 353 354 21
f 21 354 22
f 354 355 22
f 22 355 23
f 355 356 23
f 23 356 24
f 356 357 24
f 24 357 25
f 357 358 25
f 25 358 26
f 358 359 26
f 26 359 27
f 359 360 27
f 27 360 28
f 360 361 28
f 28 361 29
f 361 362 29
f 29 362 30
f 362 363 30
f 30 363 31
f 363 364 31
f 31 364 32
f 364 365 32
f 32 365 33
f 365 366 33
f 33 366 34
f 366 367 34
f 34 367 35
f 367 384 35
f 35 384 56
f 367 368 384
f 384 368 385
f 368 369 385
f 385 369 386
f 369 370 386
f 386 370 387
f 370 371 387
f 387 371 388
f 36 61 372
f 372 61 389
f 371 372 388
f 388 372 389
f 372 373 36
f 36 373 37
f 373 374 37
f 37 374 38
f 374 375 38
f 38 375 39
f 375 376 39
f 39 376 40
f 376 377 40
f 40 377 41
f 377 390 41
f 41 390 66
f 377 378 390
f 390 378 391
f 378 379 391
f 391 379 392
f 380 381 394
f 394 381 395
f 381 382 395
f 395 382 396
f 42 43 382
f 382 43 383
f 43 68 383
f 383 68 397
f 382 383 396
f 396 383 397
f 384 385 56
f 56 385 57
f 385 386 57
f 57 386 58
f 386 387 58
f 58 387 59
f 387 388 59
f 59 388 60
f 388 389 60
f 60 389 61
f 390 391 66
f 66 391 67
f 391 398 67
f 67 398 92
f 391 392 398
f 398 392 399
f 392 393 399
f 399 393 400
f 394 395 402
f 402 395 403
f 395 396 403
f 403 396 404
f 68 94 397
f 397 94 405
f 396 397 404
f 404 397 405
f 398 399 92
f 92 399 93
f 399 406 93
f 93 406 116
f 399 400 406
f 406 400 407
f 400 401 407
f 407 401 408
f 402 403 410
f 410 403 411
f 403 404 411
f 411 404 412
f 94 119 405
f 405 119 413
f 404 405 412
f 412 405 413
f 406 407 116
f 116 407 117
f 407 408 117
f 117 408 118
f 408 415 118
f 118 415 143
f 408 409 415
f 415 409 416
f 410 411 417
f 417 411 418
f 411 412 418
f 418 412 419
f 119 144 413
f 413 144 420
f 412 413 419
f 419 413 420
f 414 421 142
f 142 421 170
f 142 143 414
f 414 143 415
f 414 415 421
f 421 415 422
f 415 416 422
f 422 416 423
f 417 418 424
f 424 418 425
f 418 419 425
f 425 419 426
f 144 171 420
f 420 171 427
f 419 420 426
f 426 420 427
f 421 428 170
f 170 428 197
f 421 422 428
f 428 422 429
f 422 423 429
f 429 423 430
f 424 425 431
f 431 425 432
f 425 426 432
f 432 426 433
f 171 198 427
f 427 198 434
f 426 427 433
f 433 427 434
f 428 435 197
f 197 435 224
f 428 429 435
f 435 429 436
f 429 430 436
f 436 430 437
f 431 432 438
f 438 432 439
f 432 433 439
f 439 433 440
f 198 225 434
f 434 225 441
f 433 434 440
f 440 434 441
f 435 443 224
f 224 443 251
f 435 436 443
f 443 436 444
f 436 437 444
f 444 437 445
f 438 439 446
f 446 439 447
f 439 440 447
f 447 440 448
f 225 252 441
f 441 252 449
f 440 441 448
f 448 441 449
f 442 459 250
f 250 459 277
f 250 251 442
f 442 251 443
f 442 443 459
f 459 443 460
f 443 444 460
f 460 444 461
f 444 445 461
f 461 445 462
f 446 447 463
f 463 447 464
f 447 448 464
f 464 448 465
f 448 449 465
f 465 449 466
f 252 253 449
f 449 253 450
f 253 278 450
f 450 278 467
f 449 450 466
f 466 450 467
f 451 476 263
f 263 476 288
f 263 264 451
f 451 264 452
f 451 452 476
f 476 452 477
f 264 265 452
f 452 265 453
f 452 453 477
f 477 453 478
f 265 266 453
f 453 266 454
f 453 454 478
f 478 454 479
f 266 267 454
f 454 267 455
f 454 455 479
f 479 455 480
f 267 268 455
f 455 268 456
f 455 456 480
f 480 456 481
f 268 269 456
f 456 269 457
f 456 457 481
f 481 457 482
f 269 270 457
f 457 270 458
f 270 289 458
f 458 289 483
f 457 458 482
f 482 458 483
f 459 485 277
f 277 485 296
f 459 460 485
f 485 460 486
f 460 461 486
f 486 461 487
f 463 464 488
f 488 464 489
f 464 465 489
f 489 465 490
f 465 466 490
f 490 466 491
f 466 467 491
f 491 467 492
f 278 279 467
f 467 279 468
f 279 297 468
f 468 297 493
f 467 468 492
f 492 468 493
f 469 495 281
f 281 495 299
f 281 282 469
f 469 282 470
f 469 470 495
f 495 470 496
f 282 283 470
f 470 283 471
f 470 471 496
f 496 471 497
f 283 284 471
f 471 284 472
f 471 472 497
f 497 472 498
f 284 285 472
f 472 285 473
f 472 473 498
f 498 473 499
f 285 286 473
f 473 286 474
f 473 474 499
f 499 474 500
f 286 287 474
f 474 287 475
f 474 475 500
f 500 475 501
f 287 288 475
f 475 288 476
f 475 476 501
f 501 476 502
f 476 477 502
f 502 477 503
f 477 478 503
f 503 478 504
f 478 479 504
f 504 479 505
f 479 480 505
f 505 480 506
f 480 481 506
f 506 481 507
f 481 482 507
f 507 482 508
f 289 300 483
f 483 300 509
f 482 483 508
f 508 483 509
f 484 510 295
f 295 510 306
f 295 296 484
f 484 296 485
f 484 485 510
f 510 485 511
f 485 486 511
f 511 486 512
f 486 487 512
f 512 487 513
f 488 489 514
f 514 489 515
f 489 490 515
f 515 490 516
f 490 491 516
f 516 491 517
f 491 492 517
f 517 492 518
f 492 493 518
f 518 493 519
f 297 298 493
f 493 298 494
f 493 494 519
f 519 494 520
f 298 299 494
f 494 299 495
f 494 495 520
f 520 495 521
f 495 496 521
f 521 496 522
f 496 497 522
f 522 497 523
f 497 498 523
f 523 498 524
f 498 499 524
f 524 499 525
f 499 500 525
f 525 500 526
f 500 501 526
f 526 501 527
f 501 502 527
f 527 502 528
f 502 503 528
f 528 503 529
f 503 504 529
f 529 504 530
f 504 505 530
f 530 505 531
f 505 506 531
f 531 506 532
f 506 507 532
f 532 507 533
f 507 508 533
f 533 508 534
f 300 307 509
f 509 307 535
f 508 509 534
f 534 509 535
f 510 537 306
f 306 537 313
f 510 511 537
f 537 511 538
f 511 512 538
f 538 512 539
f 514 515 540
f 540 515 541
f 515 516 541
f 541 516 542
f 516 517 542
f 542 517 543
f 517 518 543
f 543 518 544
f 518 519 544
f 544 519 545
f 519 520 545
f 545 520 546
f 520 521 546
f 546 521 547
f 521 522 547
f 547 522 548
f 522 523 548
f 548 523 549
f 523 524 549
f 549 524 550
f 524 525 550
f 550 525 551
f 525 526 551
f 551 526 552
f 526 527 552
f 552 527 553
f 527 528 553
f 553 528 554
f 528 529 554
f 554 529 555
f 529 530 555
f 555 530 556
f 530 531 556
f 556 531 557
f 531 532 557
f 557 532 558
f 532 533 558
f 558 533 559
f 533 534 559
f 559 534 560
f 307 314 535
f 535 314 561
f 534 535 560
f 560 535 561
f 536 566 312
f 312 566 319
f 312 313 536
f 536 313 537
f 536 537 566
f 566 537 567
f 537 538 567
f 567 538 568
f 540 541 569
f 569 541 570
f 541 542 570
f 570 542 571
f 542 543 571
f 571 543 572
f 543 544 572
f 572 544 573
f 544 545 573
f 573 545 574
f 545 546 574
f 574 546 575
f 546 547 575
f 575 547 576
f 547 548 576
f 576 548 577
f 548 549 577
f 577 549 578
f 549 550 578
f 578 550 579
f 550 551 579
f 579 551 580
f 551 552 580
f 580 552 581
f 552 553 581
f 581 553 582
f 553 554 582
f 582 554 583
f 554 555 583
f 583 555 584
f 555 556 584
f 584 556 585
f 556 557 585
f 585 557 586
f 557 558 586
f 586 558 587
f 558 559 587
f 587 559 588
f 559 560 588
f 588 560 589
f 560 561 589
f 589 561 590
f 314 315 561
f 561 315 562
f 315 320 562
f 562 320 591
f 561 562 590
f 590 562 591
f 563 592 316
f 316 592 321
f 316 317 563
f 563 317 564
f 563 564 592
f 592 564 593
f 317 318 564
f 564 318 565
f 564 565 593
f 593 565 594
f 318 319 565
f 565 319 566
f 565 566 594
f 594 566 595
f 566 567 595
f 595 567 596
f 567 568 596
f 596 568 597
f 569 570 598
f 598 570 599
f 570 571 599
f 599 571 600
f 571 572 600
f 600 572 601
f 572 573 601
f 601 573 602
f 573 574 602
f 602 574 603
f 574 575 603
f 603 575 604
f 575 576 604
f 604 576 605
f 576 577 605
f 605 577 606
f 577 578 606
f 606 578 607
f 578 579 607
f 607 579 608
f 579 580 608
f 608 580 609
f 580 581 609
f 609 581 610
f 581 582 610
f 610 582 611
f 582 583 611
f 611 583 612
f 583 584 612
f 612 584 613
f 584 585 613
f 613 585 614
f 589 590 616
f 616 590 617
f 590 591 617
f 617 591 618
f 320 321 591
f 591 321 592
f 591 592 618
f 618 592 619
f 592 593 619
f 619 593 620
f 593 594 620
f 620 594 621
f 594 595 621
f 621 595 622
f 595 596 622
f 622 596 623
f 598 599 624
f 624 599 625
f 599 600 625
f 625 600 626
f 600 601 626
f 626 601 627
f 601 602 627
f 627 602 628
f 602 603 628
f 628 603 629
f 603 604 629
f 629 604 630
f 604 605 630
f 630 605 631
f 605 606 631
f 631 606 632
f 606 607 632
f 632 607 633
f 607 608 633
f 633 608 634
f 608 609 634
f 634 609 635
f 609 610 635
f 635 610 636
f 610 611 636
f 636 611 637
f 611 612 637
f 637 612 638
f 612 613 638
f 638 613 639
f 613 614 639
f 639 614 640
f 614 615 640
f 640 615 641
f 616 617 643
f 643 617 644
f 617 618 644
f 644 618 645
f 618 619 645
f 645 619 646
f 619 620 646
f 646 620 647
f 620 621 647
f 647 621 648
f 621 622 648
f 648 622 649
f 622 623 649
f 649 623 650
f 624 625 651
f 651 625 652
f 625 626 652
f 652 626 653
f 626 627 653
f 653 627 654
f 627 628 654
f 654 628 655
f 628 629 655
f 655 629 656
f 629 630 656
f 656 630 657
f 630 631 657
f 657 631 658
f 631 632 658
f 658 632 659
f 632 633 659
f 659 633 660
f 633 634 660
f 660 634 661
f 634 635 661
f 661 635 662
f 635 636 662
f 662 636 663
f 636 637 663
f 663 637 664
f 637 638 664
f 664 638 665
f 638 639 665
f 665 639 666
f 639 640 666
f 666 640 667
f 640 641 667
f 667 641 668
f 641 642 668
f 668 642 669
f 643 644 671
f 671 644 672
f 644 645 672
f 672 645 673
f 645 646 673
f 673 646 674
f 646 647 674
f 674 647 675
f 647 648 675
f 675 648 676
f 648 649 676
f 676 649 677
f 649 650 677
f 677 650 678
f 651 652 680
f 680 652 681
f 652 653 681
f 681 653 682
f 653 654 682
f 682 654 683
f 654 655 683
f 683 655 684
f 655 656 684
f 684 656 685
f 656 657 685
f 685 657 686
f 657 658 686
f 686 658 687
f 658 659 687
f 687 659 688
f 659 660 688
f 688 660 689
f 660 661 689
f 689 661 690
f 661 662 690
f 690 662 691
f 662 663 691
f 691 663 692
f 663 664 692
f 692 664 693
f 664 665 693
f 693 665 694
f 665 666 694
f 694 666 695
f 666 667 695
f 695 667 696
f 667 668 696
f 696 668 697
f 668 669 697
f 697 669 698
f 669 670 698
f 698 670 699
f 670 671 699
f 699 671 700
f 671 672 700
f 700 672 701
f 672 673 701
f 701 673 702
f 673 674 702
f 702 674 703
f 674 675 703
f 703 675 704
f 675 676 704
f 704 676 705
f 676 677 705
f 705 677 706
f 677 678 706
f 706 678 707
f 679 680 708
f 708 680 709
f 680 681 709
f 709 681 710
f 681 682 710
f 710 682 711
f 682 683 711
f 711 683 712
f 683 684 712
f 712 684 713
f 684 685 713
f 713 685 714
f 685 686 714
f 714 686 715
f 686 687 715
f 715 687 716
f 687 688 716
f 716 688 717
f 688 689 717
f 717 689 718
f 689 690 718
f 718 690 719
f 690 691 719
f 719 691 720
f 691 692 720
f 720 692 721
f 692 693 721
f 721 693 722
f 693 694 722
f 722 694 723
f 694 695 723
f 723 695 724
f 695 696 724
f 724 696 725
f 696 697 725
f 725 697 726
f 697 698 726
f 726 698 727
f 698 699 727
f 727 699 728
f 699 700 728
f 728 700 729
f 700 701 729
f 729 701 730
f 701 702 730
f 730 702 731
f 702 703 731
f 731 703 732
f 703 704 732
f 732 704 733
f 704 705 733
f 733 705 734
f 705 706 734
f 734 706 735
f 706 707 735
f 735 707 736
f 708 709 737
f 737 709 738
f 709 710 738
f 738 710 739
f 710 711 739
f 739 711 740
f 711 712 740
f 740 712 741
f 712 713 741
f 741 713 742
f 713 714 742
f 742 714 743
f 714 715 743
f 743 715 744
f 715 716 744
f 744 716 745
f 716 717 745
f 745 717 746
f 717 718 746
f 746 718 747
f 718 719 747
f 747 719 748
f 719 720 748
f 748 720 749
f 720 721 749
f 749 721 750
f 721 722 750
f 750 722 751
f 722 723 751
f 751 723 752
f 723 724 752
f 752 724 753
f 724 725 753
f 753 725 754
f 725 726 754
f 754 726 755
f 726 727 755
f 755 727 756
f 727 728 756
f 756 728 757
f 728 729 757
f 757 729 758
f 729 730 758
f 758 730 759
f 730 731 759
f 759 731 760
f 731 732 760
f 760 732 761
f 732 733 761
f 761 733 762
f 733 734 762
f 762 734 763
f 734 735 763
f 763 735 764
f 735 736 764
f 764 736 765
f 737 738 767
f 767 738 768
f 738 739 768
f 768 739 769
f 739 740 769
f 769 740 770
f 740 741 770
f 770 741 771
f 741 742 771
f 771 742 772
f 742 743 772
f 772 743 773
f 743 744 773
f 773 744 774
f 744 745 774
f 774 745 775
f 745 746 775
f 775 746 776
f 746 747 776
f 776 747 777
f 747 748 777
f 777 748 778
f 748 749 778
f 778 749 779
f 749 750 779
f 779 750 780
f 750 751 780
f 780 751 781
f 751 752 781
f 781 752 782
f 752 753 782
f 782 753 783
f 753 754 783
f 783 754 784
f 754 755 784
f 784 755 785
f 755 756 785
f 785 756 786
f 756 757 786
f 786 757 787
f 757 758 787
f 787 758 788
f 758 759 788
f 788 759 789
f 759 760 789
f 789 760 790
f 760 761 790
f 790 761 791
f 761 762 791
f 791 762 792
f 762 763 792
f 792 763 793
f 763 764 793
f 793 764 794
f 764 765 794
f 794 765 795
f 765 766 795
f 795 766 796
f 767 768 798
f 798 768 799
f 768 769 799
f 799 769 800
f 769 770 800
f 800 770 801
f 770 771 801
f 801 771 802
f 771 772 802
f 802 772 803
f 772 773 803
f 803 773 804
f 773 774 804
f 804 774 805
f 774 775 805
f 805 775 806
f 775 776 806
f 806 776 807
f 776 777 807
f 807 777 808
f 777 778 808
f 808 778 809
f 778 779 809
f 809 779 810
f 779 780 810
f 810 780 811
f 780 781 811
f 811 781 812
f 781 782 812
f 812 782 813
f 782 783 813
f 813 783 814
f 783 784 814
f 814 784 815
f 784 785 815
f 815 785 816
f 785 786 816
f 816 786 817
f 786 787 817
f 817 787 818
f 787 788 818
f 818 788 819
f 788 789 819
f 819 789 820
f 789 790 820
f 820 790 821
f 790 791 821
f 821 791 822
f 791 792 822
f 822 792 823
f 792 793 823
f 823 793 824
f 793 794 824
f 824 794 825
f 794 795 825
f 825 795 826
f 795 796 826
f 826 796 827
f 797 798 828
f 828 798 829
f 798 799 829
f 829 799 830
f 799 800 830
f 830 800 831
f 800 801 831
f 831 801 832
f 801 802 832
f 832 802 833
f 802 803 833
f 833 803 834
f 803 804 834
f 834 804 835
f 804 805 835
f 835 805 836
f 805 806 836
f 836 806 837
f 806 807 837
f 837 807 838
f 807 808 838
f 838 808 839
f 808 809 839
f 839 809 840
f 809 810 840
f 840 810 841
f 810 811 841
f 841 811 842
f 811 812 842
f 842 812 843
f 812 813 843
f 843 813 844
f 813 814 844
f 844 814 845
f 814 815 845
f 845 815 846
f 815 816 846
f 846 816 847
f 816 817 847
f 847 817 848
f 817 818 848
f 848 818 849
f 818 819 849
f 849 819 850
f 819 820 850
f 850 820 851
f 820 821 851
f 851 821 852
f 821 822 852
f 852 822 853
f 822 823 853
f 853 823 854
f 823 824 854
f 854 824 855
f 824 825 855
f 855 825 856
f 825 826 856
f 856 826 857
f 828 829 858
f 858 829 859
f 829 830 859
f 859 830 860
f 830 831 860
f 860 831 861
f 831 832 861
f 861 832 862
f 832 833 862
f 862 833 863
f 833 834 863
f 863 834 864
f 834 835 864
f 864 835 865
f 835 836 865
f 865 836 866
f 836 837 866
f 866 837 867
f 837 838 867
f 867 838 868
f 838 839 868
f 868 839 869
f 839 840 869
f 869 840 870
f 840 841 870
f 870 841 871
f 841 842 871
f 871 842 872
f 842 843 872
f 872 843 873
f 843 844 873
f 873 844 874
f 844 845 874
f 874 845 875
f 845 846 875
f 875 846 876
f 846 847 876
f 876 847 877
f 847 848 877
f 877 848 878
f 848 849 878
f 878 849 879
f 849 850 879
f 879 850 880
f 850 851 880
f 880 851 881
f 851 852 881
f 881 852 882
f 852 853 882
f 882 853 883
f 853 854 883
f 883 854 884
f 854 855 884
f 884 855 885
f 855 856 885
f 885 856 886
f 856 857 886
f 886 857 887
f 858 859 888
f 888 859 889
f 859 860 889
f 889 860 890
f 860 861 890
f 890 861 891
f 861 862 891
f 891 862 892
f 862 863 892
f 892 863 893
f 863 864 893
f 893 864 894
f 864 865 894
f 894 865 895
f 865 866 895
f 895 866 896
f 866 867 896
f 896 867 897
f 867 868 897
f 897 868 898
f 868 869 898
f 898 869 899
f 869 870 899
f 899 870 900
f 870 871 900
f 900 871 901
f 871 872 901
f 901 872 902
f 872 873 902
f 902 873 903
f 873 874 903
f 903 874 904
f 874 875 904
f 904 875 905
f 875 876 905
f 905 876 906
f 876 877 906
f 906 877 907
f 877 878 907
f 907 878 908
f 878 879 908
f 908 879 909
f 879 880 909
f 909 880 910
f 880 881 910
f 910 881 911
f 881 882 911
f 911 882 912
f 882 883 912
f 912 883 913
f 883 884 913
f 913 884 914
f 884 885 914
f 914 885 915
f 885 886 915
f 915 886 916
f 886 887 916
f 916 887 917
f 888 889 918
f 918 889 919
f 889 890 919
f 919 890 920
f 890 891 920
f 920 891 921
f 891 892 921
f 921 892 922
f 892 893 922
f 922 893 923
f 893 894 923
f 923 894 924
f 894 895 924
f 924 895 925
f 895 896 925
f 925 896 926
f 896 897 926
f 926 897 927
f 897 898 927
f 927 898 928
f 898 899 928
f 928 899 929
f 899 900 929
f 929 900 930
f 900 901 930
f 930 901 931
f 901 902 931
f 931 902 932
f 902 903 932
f 932 903 933
f 903 904 933
f 933 904 934
f 904 905 934
f 934 905 935
f 905 906 935
f 935 906 936
f 906 907 936
f 936 907 937
f 907 908 937
f 937 908 938
f 908 909 938
f 938 909 939
f 909 910 939
f 939 910 940
f 910 911 940
f 940 911 941
f 911 912 941
f 941 912 942
f 912 913 942
f 942 913 943
f 913 914 943
f 943 914 944
f 914 915 944
f 944 915 945
f 915 916 945
f 945 916 946
f 918 919 947
f 947 919 948
f 919 920 948
f 948 920 949
f 920 921 949
f 949 921 950
f 921 922 950
f 950 922 951
f 922 923 951
f 951 923 952
f 923 924 952
f 952 924 953
f 924 925 953
f 953 925 954
f 925 926 954
f 954 926 955
f 926 927 955
f 955 927 956
f 927 928 956
f 956 928 957
f 928 929 957
f 957 929 958
f 929 930 958
f 958 930 959
f 930 931 959
f 959 931 960
f 931 932 960
f 960 932 961
f 932 933 961
f 961 933 962
f 933 934 962
f 962 934 963
f 934 935 963
f 963 935 964
f 935 936 964
f 964 936 965
f 936 937 965
f 965 937 966
f 937 938 966
f 966 938 967
f 938 939 967
f 967 939 968
f 939 940 968
f 968 940 969
f 940 941 969
f 969 941 970
f 941 942 970
f 970 942 971
f 942 943 971
f 971 943 972
f 943 944 972
f 972 944 973
f 944 945 973
f 973 945 974
f 945 946 974
f 974 946 975
f 948 949 976
f 976 949 977
f 949 950 977
f 977 950 978
f 950 951 978
f 978 951 979
f 951 952 979
f 979 952 980
f 952 953 980
f 980 953 981
f 953 954 981
f 981 954 982
f 954 955 982
f 982 955 983
f 955 956 983
f 983 956 984
f 956 957 984
f 984 957 985
f 957 958 985
f 985 958 986
f 958 959 986
f 986 959 987
f 959 960 987
f 987 960 988
f 960 961 988
f 988 961 989
f 969 970 990
f 990 970 991
f 970 971 991
f 991 971 992
f 971 972 992
f 992 972 993
f 972 973 993
f 993 973 994
f 995 996 1023
f 1023 996 1024
f 996 997 1024
f 1024 997 1025
f 997 998 1025
f 1025 998 1026
f 998 999 1026
f 1026 999 1027
f 999 1000 1027
f 1027 1000 1028
f 1000 1001 1028
f 1028 1001 1029
f 1001 1002 1029
f 1029 1002 1030
f 1002 1003 1030
f 1030 1003 1031
f 1003 1004 1031
f 1031 1004 1032
f 1004 1005 1032
f 1032 1005 1033
f 1005 1006 1033
f 1033 1006 1034
f 1006 1007 1034
f 1034 1007 1035
f 1007 1008 1035
f 1035 1008 1036
f 1008 1009 1036
f 1036 1009 1037
f 1009 1010 1037
f 1037 1010 1038
f 1010 1011 1038
f 1038 1011 1039
f 1011 1012 1039
f 1039 1012 1040
f 1012 1013 1040
f 1040 1013 1041
f 1013 1014 1041
f 1041 1014 1042
f 1014 1015 1042
f 1042 1015 1043
f 322 346 1016
f 1016 346 1044
f 1015 1016 1043
f 1043 1016 1044
f 1016 1017 322
f 322 1017 323
f 1017 1018 323
f 323 1018 324
f 1018 1045 324
f 324 1045 348
f 1018 1019 1045
f 1045 1019 1046
f 1019 1020 1046
f 1046 1020 1047
f 1021 1022 1050
f 1050 1022 1051
f 325 352 1023
f 1023 352 1052
f 1022 1023 1051
f 1051 1023 1052
f 1023 1024 325
f 325 1024 326
f 1024 1025 326
f 326 1025 327
f 1025 1026 327
f 327 1026 328
f 1026 1027 328
f 328 1027 329
f 1027 1028 329
f 329 1028 330
f 1028 1029 330
f 330 1029 331
f 1029 1030 331
f 331 1030 332
f 1030 1031 332
f 332 1031 333
f 1031 1032 333
f 333 1032 334
f 1032 1033 334
f 334 1033 335
f 1033 1034 335
f 335 1034 336
f 1034 1035 336
f 336 1035 337
f 1035 1036 337
f 337 1036 338
f 1036 1037 338
f 338 1037 339
f 1037 1038 339
f 339 1038 340
f 1038 1039 340
f 340 1039 341
f 1039 1040 341
f 341 1040 342
f 1040 1041 342
f 342 1041 343
f 1041 1042 343
f 343 1042 344
f 1042 1043 344
f 344 1043 345
f 1043 1044 345
f 345 1044 346
f 1045 1046 348
f 348 1046 349
f 1046 1047 349
f 349 1047 350
f 1047 1053 350
f 350 1053 377
f 1047 1048 1053
f 1053 1048 1054
f 1048 1049 1054
f 1054 1049 1055
f 351 380 1051
f 1051 380 1059
f 1050 1051 1058
f 1058 1051 1059
f 1051 1052 351
f 351 1052 352
f 1053 1054 377
f 377 1054 378
f 1054 1055 378
f 378 1055 379
f 1055 1060 379
f 379 1060 392
f 1055 1056 1060
f 1060 1056 1061
f 1057 1058 1064
f 1064 1058 1065
f 380 394 1059
f 1059 394 1066
f 1058 1059 1065
f 1065 1059 1066
f 1060 1061 392
f 392 1061 393
f 1061 1067 393
f 393 1067 400
f 1061 1062 1067
f 1067 1062 1068
f 1062 1063 1068
f 1068 1063 1069
f 1064 1065 1070
f 1070 1065 1071
f 394 402 1066
f 1066 402 1072
f 1065 1066 1071
f 1071 1066 1072
f 1067 1068 400
f 400 1068 401
f 1068 1073 401
f 401 1073 408
f 1068 1069 1073
f 1073 1069 1074
f 1070 1071 1076
f 1076 1071 1077
f 402 410 1072
f 1072 410 1078
f 1071 1072 1077
f 1077 1072 1078
f 1073 1074 408
f 408 1074 409
f 1074 1079 409
f 409 1079 416
f 1074 1075 1079
f 1079 1075 1080
f 1076 1077 1081
f 1081 1077 1082
f 410 417 1078
f 1078 417 1083
f 1077 1078 1082
f 1082 1078 1083
f 1079 1084 416
f 416 1084 423
f 1079 1080 1084
f 1084 1080 1085
f 1081 1082 1086
f 1086 1082 1087
f 417 424 1083
f 1083 424 1088
f 1082 1083 1087
f 1087 1083 1088
f 1084 1089 423
f 423 1089 430
f 1084 1085 1089
f 1089 1085 1090
f 1086 1087 1091
f 1091 1087 1092
f 424 431 1088
f 1088 431 1093
f 1087 1088 1092
f 1092 1088 1093
f 1089 1094 430
f 430 1094 437
f 1091 1092 1095
f 1095 1092 1096
f 431 438 1093
f 1093 438 1097
f 1092 1093 1096
f 1096 1093 1097
f 1094 1098 437
f 437 1098 445
f 438 446 1097
f 1097 446 1100
f 1096 1097 1099
f 1099 1097 1100
f 1098 1102 445
f 445 1102 462
f 446 463 1100
f 1100 463 1104
f 1099 1100 1103
f 1103 1100 1104
f 1101 1105 461
f 461 1105 487
f 461 462 1101
f 1101 462 1102
f 1101 1102 1105
f 1105 1102 1106
f 463 488 1104
f 1104 488 1108
f 1103 1104 1107
f 1107 1104 1108
f 1105 1110 487
f 487 1110 513
f 1105 1106 1110
f 1110 1106 1111
f 488 514 1108
f 1108 514 1113
f 1107 1108 1112
f 1112 1108 1113
f 1109 1115 512
f 512 1115 539
f 512 513 1109
f 1109 513 1110
f 1109 1110 1115
f 1115 1110 1116
f 514 540 1113
f 1113 540 1118
f 1112 1113 1117
f 1117 1113 1118
f 1114 1119 538
f 538 1119 568
f 538 539 1114
f 1114 539 1115
f 1114 1115 1119
f 1119 1115 1120
f 1115 1116 1120
f 1120 1116 1121
f 540 569 1118
f 1118 569 1123
f 1117 1118 1122
f 1122 1118 1123
f 1119 1130 568
f 568 1130 597
f 1119 1120 1130
f 1130 1120 1131
f 1120 1121 1131
f 1131 1121 1132
f 569 598 1123
f 1123 598 1134
f 1122 1123 1133
f 1133 1123 1134
f 1124 1135 585
f 585 1135 614
f 585 586 1124
f 1124 586 1125
f 1124 1125 1135
f 1135 1125 1136
f 586 587 1125
f 1125 587 1126
f 1125 1126 1136
f 1136 1126 1137
f 587 588 1126
f 1126 588 1127
f 1126 1127 1137
f 1137 1127 1138
f 588 589 1127
f 1127 589 1128
f 589 616 1128
f 1128 616 1139
f 1127 1128 1138
f 1138 1128 1139
f 1129 1140 596
f 596 1140 623
f 596 597 1129
f 1129 597 1130
f 1129 1130 1140
f 1140 1130 1141
f 1130 1131 1141
f 1141 1131 1142
f 598 624 1134
f 1134 624 1145
f 1133 1134 1144
f 1144 1134 1145
f 1135 1136 614
f 614 1136 615
f 1136 1146 615
f 615 1146 641
f 1136 1137 1146
f 1146 1137 1147
f 1137 1138 1147
f 1147 1138 1148
f 616 643 1139
f 1139 643 1149
f 1138 1139 1148
f 1148 1139 1149
f 1140 1150 623
f 623 1150 650
f 1140 1141 1150
f 1150 1141 1151
f 1141 1142 1151
f 1151 1142 1152
f 1143 1144 1153
f 1153 1144 1154
f 624 651 1145
f 1145 651 1155
f 1144 1145 1154
f 1154 1145 1155
f 1146 1147 641
f 641 1147 642
f 1147 1156 642
f 642 1156 669
f 1147 1148 1156
f 1156 1148 1157
f 643 671 1149
f 1149 671 1158
f 1148 1149 1157
f 1157 1149 1158
f 1150 1159 650
f 650 1159 678
f 1150 1151 1159
f 1159 1151 1160
f 1151 1152 1160
f 1160 1152 1161
f 1153 1154 1162
f 1162 1154 1163
f 651 680 1155
f 1155 680 1164
f 1154 1155 1163
f 1163 1155 1164
f 1156 1157 669
f 669 1157 670
f 1157 1158 670
f 670 1158 671
f 1159 1165 678
f 678 1165 707
f 1159 1160 1165
f 1165 1160 1166
f 1160 1161 1166
f 1166 1161 1167
f 679 708 1163
f 1163 708 1169
f 1162 1163 1168
f 1168 1163 1169
f 1163 1164 679
f 679 1164 680
f 1165 1170 707
f 707 1170 736
f 1165 1166 1170
f 1170 1166 1171
f 1166 1167 1171
f 1171 1167 1172
f 708 737 1169
f 1169 737 1174
f 1168 1169 1173
f 1173 1169 1174
f 1170 1175 736
f 736 1175 765
f 1170 1171 1175
f 1175 1171 1176
f 1171 1172 1176
f 1176 1172 1177
f 737 767 1174
f 1174 767 1179
f 1173 1174 1178
f 1178 1174 1179
f 1175 1176 765
f 765 1176 766
f 1176 1180 766
f 766 1180 796
f 1176 1177 1180
f 1180 1177 1181
f 767 798 1179
f 1179 798 1183
f 1178 1179 1182
f 1182 1179 1183
f 1180 1185 796
f 796 1185 827
f 1180 1181 1185
f 1185 1181 1186
f 797 828 1182
f 1182 828 1187
f 1182 1183 797
f 797 1183 798
f 1184 1188 826
f 826 1188 857
f 826 827 1184
f 1184 827 1185
f 1184 1185 1188
f 1188 1185 1189
f 1185 1186 1189
f 1189 1186 1190
f 828 858 1187
f 1187 858 1191
f 1188 1192 857
f 857 1192 887
f 1188 1189 1192
f 1192 1189 1193
f 1189 1190 1193
f 1193 1190 1194
f 858 888 1191
f 1191 888 1196
f 1192 1198 887
f 887 1198 917
f 1192 1193 1198
f 1198 1193 1199
f 1193 1194 1199
f 1199 1194 1200
f 888 918 1196
f 1196 918 1202
f 1195 1196 1201
f 1201 1196 1202
f 1197 1203 916
f 916 1203 946
f 916 917 1197
f 1197 917 1198
f 1197 1198 1203
f 1203 1198 1204
f 1198 1199 1204
f 1204 1199 1205
f 1199 1200 1205
f 1205 1200 1206
f 918 947 1202
f 1202 947 1207
f 1203 1220 946
f 946 1220 975
f 1203 1204 1220
f 1220 1204 1221
f 1204 1205 1221
f 1221 1205 1222
f 1205 1206 1222
f 1222 1206 1223
f 947 948 1207
f 1207 948 1208
f 948 976 1208
f 1208 976 1225
f 1207 1208 1224
f 1224 1208 1225
f 1209 1238 961
f 961 1238 989
f 961 962 1209
f 1209 962 1210
f 1209 1210 1238
f 1238 1210 1239
f 962 963 1210
f 1210 963 1211
f 1210 1211 1239
f 1239 1211 1240
f 963 964 1211
f 1211 964 1212
f 1211 1212 1240
f 1240 1212 1241
f 964 965 1212
f 1212 965 1213
f 1212 1213 1241
f 1241 1213 1242
f 965 966 1213
f 1213 966 1214
f 1213 1214 1242
f 1242 1214 1243
f 966 967 1214
f 1214 967 1215
f 1214 1215 1243
f 1243 1215 1244
f 967 968 1215
f 1215 968 1216
f 1215 1216 1244
f 1244 1216 1245
f 968 969 1216
f 1216 969 1217
f 969 990 1217
f 1217 990 1246
f 1216 1217 1245
f 1245 1217 1246
f 1218 1250 973
f 973 1250 994
f 973 974 1218
f 1218 974 1219
f 1218 1219 1250
f 1250 1219 1251
f 974 975 1219
f 1219 975 1220
f 1219 1220 1251
f 1251 1220 1252
f 1220 1221 1252
f 1252 1221 1253
f 1221 1222 1253
f 1253 1222 1254
f 1222 1223 1254
f 1254 1223 1255
f 976 977 1225
f 1225 977 1226
f 1225 1226 1256
f 1256 1226 1257
f 977 978 1226
f 1226 978 1227
f 1226 1227 1257
f 1257 1227 1258
f 978 979 1227
f 1227 979 1228
f 1227 1228 1258
f 1258 1228 1259
f 979 980 1228
f 1228 980 1229
f 1228 1229 1259
f 1259 1229 1260
f 980 981 1229
f 1229 981 1230
f 1229 1230 1260
f 1260 1230 1261
f 981 982 1230
f 1230 982 1231
f 1230 1231 1261
f 1261 1231 1262
f 982 983 1231
f 1231 983 1232
f 1231 1232 1262
f 1262 1232 1263
f 983 984 1232
f 1232 984 1233
f 1232 1233 1263
f 1263 1233 1264
f 984 985 1233
f 1233 985 1234
f 1233 1234 1264
f 1264 1234 1265
f 985 986 1234
f 1234 986 1235
f 1234 1235 1265
f 1265 1235 1266
f 986 987 1235
f 1235 987 1236
f 1235 1236 1266
f 1266 1236 1267
f 987 988 1236
f 1236 988 1237
f 1236 1237 1267
f 1267 1237 1268
f 988 989 1237
f 1237 989 1238
f 1237 1238 1268
f 1268 1238 1269
f 1238 1239 1269
f 1269 1239 1270
f 1239 1240 1270
f 1270 1240 1271
f 1240 1241 1271
f 1271 1241 1272
f 1241 1242 1272
f 1272 1242 1273
f 1242 1243 1273
f 1273 1243 1274
f 1243 1244 1274
f 1274 1244 1275
f 1244 1245 1275
f 1275 1245 1276
f 1245 1246 1276
f 1276 1246 1277
f 990 991 1246
f 1246 991 1247
f 1246 1247 1277
f 1277 1247 1278
f 991 992 1247
f 1247 992 1248
f 1247 1248 1278
f 1278 1248 1279
f 992 993 1248
f 1248 993 1249
f 1248 1249 1279
f 1279 1249 1280
f 993 994 1249
f 1249 994 1250
f 1249 1250 1280
f 1280 1250 1281
f 1250 1251 1281
f 1281 1251 1282
f 1251 1252 1282
f 1282 1252 1283
f 1252 1253 1283
f 1283 1253 1284
f 1285 1286 1308
f 1308 1286 1309
f 1286 1287 1309
f 1309 1287 1310
f 1287 1288 1310
f 1310 1288 1311
f 1288 1289 1311
f 1311 1289 1312
f 1289 1290 1312
f 1312 1290 1313
f 1290 1291 1313
f 1313 1291 1314
f 1291 1292 1314
f 1314 1292 1315
f 1292 1293 1315
f 1315 1293 1316
f 1293 1294 1316
f 1316 1294 1317
f 1294 1295 1317
f 1317 1295 1318
f 1295 1296 1318
f 1318 1296 1319
f 1297 1298 1322
f 1322 1298 1323
f 1298 1299 1323
f 1323 1299 1324
f 995 1023 1301
f 1301 1023 1330
f 1300 1301 1329
f 1329 1301 1330
f 1301 1302 995
f 995 1302 996
f 1302 1303 996
f 996 1303 997
f 1303 1304 997
f 997 1304 998
f 1304 1305 998
f 998 1305 999
f 1305 1306 999
f 999 1306 1000
f 1306 1307 1000
f 1000 1307 1001
f 1307 1308 1001
f 1001 1308 1002
f 1308 1309 1002
f 1002 1309 1003
f 1309 1310 1003
f 1003 1310 1004
f 1310 1311 1004
f 1004 1311 1005
f 1311 1312 1005
f 1005 1312 1006
f 1312 1313 1006
f 1006 1313 1007
f 1313 1314 1007
f 1007 1314 1008
f 1314 1315 1008
f 1008 1315 1009
f 1315 1316 1009
f 1009 1316 1010
f 1316 1317 1010
f 1010 1317 1011
f 1317 1318 1011
f 1011 1318 1012
f 1318 1319 1012
f 1012 1319 1013
f 1319 1320 1013
f 1013 1320 1014
f 1320 1321 1014
f 1014 1321 1015
f 1321 1322 1015
f 1015 1322 1016
f 1322 1323 1016
f 1016 1323 1017
f 1323 1324 1017
f 1017 1324 1018
f 1324 1325 1018
f 1018 1325 1019
f 1325 1326 1019
f 1019 1326 1020
f 1326 1331 1020
f 1020 1331 1047
f 1326 1327 1331
f 1331 1327 1332
f 1021 1050 1328
f 1328 1050 1336
f 1328 1329 1021
f 1021 1329 1022
f 1329 1330 1022
f 1022 1330 1023
f 1331 1332 1047
f 1047 1332 1048
f 1332 1333 1048
f 1048 1333 1049
f 1333 1337 1049
f 1049 1337 1055
f 1333 1334 1337
f 1337 1334 1338
f 1050 1058 1336
f 1336 1058 1341
f 1335 1336 1340
f 1340 1336 1341
f 1337 1338 1055
f 1055 1338 1056
f 1338 1342 1056
f 1056 1342 1061
f 1338 1339 1342
f 1342 1339 1343
f 1057 1064 1340
f 1340 1064 1345
f 1340 1341 1057
f 1057 1341 1058
f 1342 1343 1061
f 1061 1343 1062
f 1343 1344 1062
f 1062 1344 1063
f 1344 1346 1063
f 1063 1346 1069
f 1064 1070 1345
f 1345 1070 1348
f 1346 1349 1069
f 1069 1349 1074
f 1346 1347 1349
f 1349 1347 1350
f 1070 1076 1348
f 1348 1076 1351
f 1349 1350 1074
f 1074 1350 1075
f 1350 1352 1075
f 1075 1352 1080
f 1076 1081 1351
f 1351 1081 1353
f 1352 1354 1080
f 1080 1354 1085
f 1081 1086 1353
f 1353 1086 1355
f 1354 1357 1085
f 1085 1357 1090
f 1086 1091 1355
f 1355 1091 1358
f 1356 1359 1089
f 1089 1359 1094
f 1089 1090 1356
f 1356 1090 1357
f 1356 1357 1359
f 1359 1357 1360
f 1091 1095 1358
f 1358 1095 1361
f 1359 1363 1094
f 1094 1363 1098
f 1095 1096 1361
f 1361 1096 1362
f 1096 1099 1362
f 1362 1099 1365
f 1361 1362 1364
f 1364 1362 1365
f 1363 1366 1098
f 1098 1366 1102
f 1099 1103 1365
f 1365 1103 1368
f 1364 1365 1367
f 1367 1365 1368
f 1366 1369 1102
f 1102 1369 1106
f 1103 1107 1368
f 1368 1107 1371
f 1367 1368 1370
f 1370 1368 1371
f 1369 1373 1106
f 1106 1373 1111
f 1107 1112 1371
f 1371 1112 1375
f 1370 1371 1374
f 1374 1371 1375
f 1372 1376 1110
f 1110 1376 1116
f 1110 1111 1372
f 1372 1111 1373
f 1372 1373 1376
f 1376 1373 1377
f 1112 1117 1375
f 1375 1117 1379
f 1374 1375 1378
f 1378 1375 1379
f 1376 1380 1116
f 1116 1380 1121
f 1376 1377 1380
f 1380 1377 1381
f 1117 1122 1379
f 1379 1122 1383
f 1378 1379 1382
f 1382 1379 1383
f 1380 1385 1121
f 1121 1385 1132
f 1122 1133 1383
f 1383 1133 1387
f 1382 1383 1386
f 1386 1383 1387
f 1384 1388 1131
f 1131 1388 1142
f 1131 1132 1384
f 1384 1132 1385
f 1384 1385 1388
f 1388 1385 1389
f 1133 1144 1387
f 1387 1144 1391
f 1386 1387 1390
f 1390 1387 1391
f 1388 1392 1142
f 1142 1392 1152
f 1388 1389 1392
f 1392 1389 1393
f 1143 1153 1390
f 1390 1153 1394
f 1390 1391 1143
f 1143 1391 1144
f 1392 1395 1152
f 1152 1395 1161
f 1392 1393 1395
f 1395 1393 1396
f 1153 1162 1394
f 1394 1162 1397
f 1395 1398 1161
f 1161 1398 1167
f 1395 1396 1398
f 1398 1396 1399
f 1162 1168 1397
f 1397 1168 1400
f 1398 1401 1167
f 1167 1401 1172
f 1398 1399 1401
f 1401 1399 1402
f 1168 1173 1400
f 1400 1173 1404
f 1401 1405 1172
f 1172 1405 1177
f 1401 1402 1405
f 1405 1402 1406
f 1173 1178 1404
f 1404 1178 1408
f 1403 1404 1407
f 1407 1404 1408
f 1405 1409 1177
f 1177 1409 1181
f 1405 1406 1409
f 1409 1406 1410
f 1178 1182 1408
f 1408 1182 1412
f 1407 1408 1411
f 1411 1408 1412
f 1409 1413 1181
f 1181 1413 1186
f 1409 1410 1413
f 1413 1410 1414
f 1182 1187 1412
f 1412 1187 1416
f 1411 1412 1415
f 1415 1412 1416
f 1413 1417 1186
f 1186 1417 1190
f 1413 1414 1417
f 1417 1414 1418
f 1187 1191 1416
f 1416 1191 1420
f 1415 1416 1419
f 1419 1416 1420
f 1417 1421 1190
f 1190 1421 1194
f 1417 1418 1421
f 1421 1418 1422
f 1191 1196 1420
f 1420 1196 1424
f 1419 1420 1423
f 1423 1420 1424
f 1421 1425 1194
f 1194 1425 1200
f 1421 1422 1425
f 1425 1422 1426
f 1195 1201 1423
f 1423 1201 1427
f 1423 1424 1195
f 1195 1424 1196
f 1425 1429 1200
f 1200 1429 1206
f 1425 1426 1429
f 1429 1426 1430
f 1201 1202 1427
f 1427 1202 1428
f 1202 1207 1428
f 1428 1207 1432
f 1427 1428 1431
f 1431 1428 1432
f 1429 1433 1206
f 1206 1433 1223
f 1429 1430 1433
f 1433 1430 1434
f 1207 1224 1432
f 1432 1224 1435
f 1433 1439 1223
f 1223 1439 1255
f 1224 1225 1435
f 1435 1225 1436
f 1225 1256 1436
f 1436 1256 1440
f 1437 1468 1253
f 1253 1468 1284
f 1253 1254 1437
f 1437 1254 1438
f 1437 1438 1468
f 1468 1438 1469
f 1254 1255 1438
f 1438 1255 1439
f 1438 1439 1469
f 1469 1439 1470
f 1256 1257 1440
f 1440 1257 1441
f 1257 1258 1441
f 1441 1258 1442
f 1258 1259 1442
f 1442 1259 1443
f 1259 1260 1443
f 1443 1260 1444
f 1260 1261 1444
f 1444 1261 1445
f 1261 1262 1445
f 1445 1262 1446
f 1262 1263 1446
f 1446 1263 1447
f 1263 1264 1447
f 1447 1264 1448
f 1264 1265 1448
f 1448 1265 1449
f 1265 1266 1449
f 1449 1266 1450
f 1266 1267 1450
f 1450 1267 1451
f 1267 1268 1451
f 1451 1268 1452
f 1268 1269 1452
f 1452 1269 1453
f 1269 1270 1453
f 1453 1270 1454
f 1270 1271 1454
f 1454 1271 1455
f 1271 1272 1455
f 1455 1272 1456
f 1272 1273 1456
f 1456 1273 1457
f 1273 1274 1457
f 1457 1274 1458
f 1274 1275 1458
f 1458 1275 1459
f 1275 1276 1459
f 1459 1276 1460
f 1276 1277 1460
f 1460 1277 1461
f 1277 1278 1461
f 1461 1278 1462
f 1461 1462 1471
f 1471 1462 1472
f 1278 1279 1462
f 1462 1279 1463
f 1462 1463 1472
f 1472 1463 1473
f 1279 1280 1463
f 1463 1280 1464
f 1463 1464 1473
f 1473 1464 1474
f 1280 1281 1464
f 1464 1281 1465
f 1464 1465 1474
f 1474 1465 1475
f 1281 1282 1465
f 1465 1282 1466
f 1465 1466 1475
f 1475 1466 1476
f 1282 1283 1466
f 1466 1283 1467
f 1283 1284 1467
f 1467 1284 1468
f 1477 1478 1502
f 1502 1478 1503
f 1478 1479 1503
f 1503 1479 1504
f 1479 1480 1504
f 1504 1480 1505
f 1285 1308 1481
f 1481 1308 1506
f 1480 1481 1505
f 1505 1481 1506
f 1481 1482 1285
f 1285 1482 1286
f 1482 1483 1286
f 1286 1483 1287
f 1483 1484 1287
f 1287 1484 1288
f 1484 1485 1288
f 1288 1485 1289
f 1485 1486 1289
f 1289 1486 1290
f 1486 1487 1290
f 1290 1487 1291
f 1487 1488 1291
f 1291 1488 1292
f 1488 1489 1292
f 1292 1489 1293
f 1489 1490 1293
f 1293 1490 1294
f 1490 1491 1294
f 1294 1491 1295
f 1491 1492 1295
f 1295 1492 1296
f 1492 1507 1296
f 1296 1507 1319
f 1492 1493 1507
f 1507 1493 1508
f 1493 1494 1508
f 1508 1494 1509
f 1297 1322 1495
f 1495 1322 1510
f 1494 1495 1509
f 1509 1495 1510
f 1495 1496 1297
f 1297 1496 1298
f 1496 1497 1298
f 1298 1497 1299
f 1497 1511 1299
f 1299 1511 1324
f 1300 1329 1498
f 1498 1329 1516
f 1498 1499 1300
f 1300 1499 1301
f 1499 1500 1301
f 1301 1500 1302
f 1500 1501 1302
f 1302 1501 1303
f 1501 1502 1303
f 1303 1502 1304
f 1502 1503 1304
f 1304 1503 1305
f 1503 1504 1305
f 1305 1504 1306
f 1504 1505 1306
f 1306 1505 1307
f 1505 1506 1307
f 1307 1506 1308
f 1507 1508 1319
f 1319 1508 1320
f 1508 1509 1320
f 1320 1509 1321
f 1509 1510 1321
f 1321 1510 1322
f 1511 1512 1324
f 1324 1512 1325
f 1512 1513 1325
f 1325 1513 1326
f 1513 1514 1326
f 1326 1514 1327
f 1514 1517 1327
f 1327 1517 1332
f 1328 1336 1515
f 1515 1336 1521
f 1515 1516 1328
f 1328 1516 1329
f 1517 1518 1332
f 1332 1518 1333
f 1518 1519 1333
f 1333 1519 1334
f 1519 1522 1334
f 1334 1522 1338
f 1335 1340 1520
f 1520 1340 1524
f 1520 1521 1335
f 1335 1521 1336
f 1522 1523 1338
f 1338 1523 1339
f 1523 1525 1339
f 1339 1525 1343
f 1340 1345 1524
f 1524 1345 1527
f 1525 1526 1343
f 1343 1526 1344
f 1526 1528 1344
f 1344 1528 1346
f 1345 1348 1527
f 1527 1348 1530
f 1528 1529 1346
f 1346 1529 1347
f 1529 1531 1347
f 1347 1531 1350
f 1348 1351 1530
f 1530 1351 1532
f 1531 1533 1350
f 1350 1533 1352
f 1351 1353 1532
f 1532 1353 1534
f 1533 1535 1352
f 1352 1535 1354
f 1353 1355 1534
f 1534 1355 1536
f 1535 1537 1354
f 1354 1537 1357
f 1355 1358 1536
f 1536 1358 1538
f 1537 1540 1357
f 1357 1540 1360
f 1358 1361 1538
f 1538 1361 1541
f 1539 1542 1359
f 1359 1542 1363
f 1359 1360 1539
f 1539 1360 1540
f 1361 1364 1541
f 1541 1364 1543
f 1542 1544 1363
f 1363 1544 1366
f 1364 1367 1543
f 1543 1367 1545
f 1544 1546 1366
f 1366 1546 1369
f 1367 1370 1545
f 1545 1370 1547
f 1546 1548 1369
f 1369 1548 1373
f 1370 1374 1547
f 1547 1374 1549
f 1548 1550 1373
f 1373 1550 1377
f 1374 1378 1549
f 1549 1378 1551
f 1550 1553 1377
f 1377 1553 1381
f 1378 1382 1551
f 1551 1382 1554
f 1552 1555 1380
f 1380 1555 1385
f 1380 1381 1552
f 1552 1381 1553
f 1382 1386 1554
f 1554 1386 1556
f 1555 1557 1385
f 1385 1557 1389
f 1386 1390 1556
f 1556 1390 1559
f 1557 1560 1389
f 1389 1560 1393
f 1390 1394 1559
f 1559 1394 1562
f 1558 1559 1561
f 1561 1559 1562
f 1560 1563 1393
f 1393 1563 1396
f 1394 1397 1562
f 1562 1397 1565
f 1561 1562 1564
f 1564 1562 1565
f 1563 1566 1396
f 1396 1566 1399
f 1397 1400 1565
f 1565 1400 1568
f 1564 1565 1567
f 1567 1565 1568
f 1566 1569 1399
f 1399 1569 1402
f 1400 1404 1568
f 1568 1404 1571
f 1567 1568 1570
f 1570 1568 1571
f 1569 1572 1402
f 1402 1572 1406
f 1403 1407 1570
f 1570 1407 1573
f 1570 1571 1403
f 1403 1571 1404
f 1572 1574 1406
f 1406 1574 1410
f 1407 1411 1573
f 1573 1411 1575
f 1574 1576 1410
f 1410 1576 1414
f 1411 1415 1575
f 1575 1415 1577
f 1576 1578 1414
f 1414 1578 1418
f 1415 1419 1577
f 1577 1419 1579
f 1578 1580 1418
f 1418 1580 1422
f 1419 1423 1579
f 1579 1423 1581
f 1580 1582 1422
f 1422 1582 1426
f 1423 1427 1581
f 1581 1427 1583
f 1582 1584 1426
f 1426 1584 1430
f 1427 1431 1583
f 1583 1431 1585
f 1584 1588 1430
f 1430 1588 1434
f 1431 1432 1585
f 1585 1432 1586
f 1432 1435 1586
f 1586 1435 1590
f 1585 1586 1589
f 1589 1586 1590
f 1587 1592 1433
f 1433 1592 1439
f 1433 1434 1587
f 1587 1434 1588
f 1587 1588 1592
f 1592 1588 1593
f 1435 1436 1590
f 1590 1436 1591
f 1436 1440 1591
f 1591 1440 1595
f 1590 1591 1594
f 1594 1591 1595
f 1592 1621 1439
f 1439 1621 1470
f 1440 1441 1595
f 1595 1441 1596
f 1441 1442 1596
f 1596 1442 1597
f 1596 1597 1622
f 1622 1597 1623
f 1442 1443 1597
f 1597 1443 1598
f 1597 1598 1623
f 1623 1598 1624
f 1443 1444 1598
f 1598 1444 1599
f 1598 1599 1624
f 1624 1599 1625
f 1444 1445 1599
f 1599 1445 1600
f 1599 1600 1625
f 1625 1600 1626
f 1445 1446 1600
f 1600 1446 1601
f 1600 1601 1626
f 1626 1601 1627
f 1446 1447 1601
f 1601 1447 1602
f 1601 1602 1627
f 1627 1602 1628
f 1447 1448 1602
f 1602 1448 1603
f 1602 1603 1628
f 1628 1603 1629
f 1448 1449 1603
f 1603 1449 1604
f 1603 1604 1629
f 1629 1604 1630
f 1449 1450 1604
f 1604 1450 1605
f 1604 1605 1630
f 1630 1605 1631
f 1450 1451 1605
f 1605 1451 1606
f 1605 1606 1631
f 1631 1606 1632
f 1451 1452 1606
f 1606 1452 1607
f 1606 1607 1632
f 1632 1607 1633
f 1452 1453 1607
f 1607 1453 1608
f 1607 1608 1633
f 1633 1608 1634
f 1453 1454 1608
f 1608 1454 1609
f 1608 1609 1634
f 1634 1609 1635
f 1454 1455 1609
f 1609 1455 1610
f 1609 1610 1635
f 1635 1610 1636
f 1455 1456 1610
f 1610 1456 1611
f 1610 1611 1636
f 1636 1611 1637
f 1456 1457 1611
f 1611 1457 1612
f 1611 1612 1637
f 1637 1612 1638
f 1457 1458 1612
f 1612 1458 1613
f 1612 1613 1638
f 1638 1613 1639
f 1458 1459 1613
f 1613 1459 1614
f 1613 1614 1639
f 1639 1614 1640
f 1459 1460 1614
f 1614 1460 1615
f 1614 1615 1640
f 1640 1615 1641
f 1460 1461 1615
f 1615 1461 1616
f 1461 1471 1616
f 1616 1471 1642
f 1615 1616 1641
f 1641 1616 1642
f 1617 1647 1466
f 1466 1647 1476
f 1466 1467 1617
f 1617 1467 1618
f 1617 1618 1647
f 1647 1618 1648
f 1467 1468 1618
f 1618 1468 1619
f 1618 1619 1648
f 1648 1619 1649
f 1468 1469 1619
f 1619 1469 1620
f 1619 1620 1649
f 1649 1620 1650
f 1469 1470 1620
f 1620 1470 1621
f 1471 1472 1642
f 1642 1472 1643
f 1472 1473 1643
f 1643 1473 1644
f 1473 1474 1644
f 1644 1474 1645
f 1474 1475 1645
f 1645 1475 1646
f 1475 1476 1646
f 1646 1476 1647
f 1651 1652 1678
f 1678 1652 1679
f 1477 1502 1653
f 1653 1502 1680
f 1652 1653 1679
f 1679 1653 1680
f 1653 1654 1477
f 1477 1654 1478
f 1654 1655 1478
f 1478 1655 1479
f 1655 1656 1479
f 1479 1656 1480
f 1656 1657 1480
f 1480 1657 1481
f 1657 1658 1481
f 1481 1658 1482
f 1658 1659 1482
f 1482 1659 1483
f 1659 1660 1483
f 1483 1660 1484
f 1660 1661 1484
f 1484 1661 1485
f 1661 1662 1485
f 1485 1662 1486
f 1662 1663 1486
f 1486 1663 1487
f 1663 1664 1487
f 1487 1664 1488
f 1664 1665 1488
f 1488 1665 1489
f 1665 1666 1489
f 1489 1666 1490
f 1666 1667 1490
f 1490 1667 1491
f 1667 1668 1491
f 1491 1668 1492
f 1668 1669 1492
f 1492 1669 1493
f 1669 1670 1493
f 1493 1670 1494
f 1670 1671 1494
f 1494 1671 1495
f 1671 1672 1495
f 1495 1672 1496
f 1672 1673 1496
f 1496 1673 1497
f 1673 1681 1497
f 1497 1681 1511
f 1673 1674 1681
f 1681 1674 1682
f 1498 1516 1676
f 1676 1516 1688
f 1675 1676 1687
f 1687 1676 1688
f 1676 1677 1498
f 1498 1677 1499
f 1677 1678 1499
f 1499 1678 1500
f 1678 1679 1500
f 1500 1679 1501
f 1679 1680 1501
f 1501 1680 1502
f 1681 1682 1511
f 1511 1682 1512
f 1682 1683 1512
f 1512 1683 1513
f 1683 1684 1513
f 1513 1684 1514
f 1684 1689 1514
f 1514 1689 1517
f 1684 1685 1689
f 1689 1685 1690
f 1515 1521 1687
f 1687 1521 1693
f 1686 1687 1692
f 1692 1687 1693
f 1687 1688 1515
f 1515 1688 1516
f 1689 1690 1517
f 1517 1690 1518
f 1690 1691 1518
f 1518 1691 1519
f 1691 1694 1519
f 1519 1694 1522
f 1520 1524 1692
f 1692 1524 1697
f 1692 1693 1520
f 1520 1693 1521
f 1694 1695 1522
f 1522 1695 1523
f 1695 1698 1523
f 1523 1698 1525
f 1695 1696 1698
f 1698 1696 1699
f 1524 1527 1697
f 1697 1527 1700
f 1698 1699 1525
f 1525 1699 1526
f 1699 1701 1526
f 1526 1701 1528
f 1527 1530 1700
f 1700 1530 1703
f 1701 1702 1528
f 1528 1702 1529
f 1702 1704 1529
f 1529 1704 1531
f 1530 1532 1703
f 1703 1532 1705
f 1704 1706 1531
f 1531 1706 1533
f 1532 1534 1705
f 1705 1534 1707
f 1706 1708 1533
f 1533 1708 1535
f 1534 1536 1707
f 1707 1536 1709
f 1708 1710 1535
f 1535 1710 1537
f 1536 1538 1709
f 1709 1538 1711
f 1710 1713 1537
f 1537 1713 1540
f 1538 1541 1711
f 1711 1541 1714
f 1712 1715 1539
f 1539 1715 1542
f 1539 1540 1712
f 1712 1540 1713
f 1541 1543 1714
f 1714 1543 1716
f 1715 1717 1542
f 1542 1717 1544
f 1543 1545 1716
f 1716 1545 1718
f 1717 1719 1544
f 1544 1719 1546
f 1545 1547 1718
f 1718 1547 1720
f 1719 1721 1546
f 1546 1721 1548
f 1547 1549 1720
f 1720 1549 1722
f 1721 1724 1548
f 1548 1724 1550
f 1549 1551 1722
f 1722 1551 1725
f 1724 1727 1550
f 1550 1727 1553
f 1726 1727 1723
f 1723 1727 1724
f 1551 1554 1725
f 1725 1554 1728
f 1726 1729 1552
f 1552 1729 1555
f 1552 1553 1726
f 1726 1553 1727
f 1554 1556 1728
f 1728 1556 1730
f 1729 1731 1555
f 1555 1731 1557
f 1556 1559 1730
f 1730 1559 1733
f 1731 1734 1557
f 1557 1734 1560
f 1558 1561 1732
f 1732 1561 1735
f 1732 1733 1558
f 1558 1733 1559
f 1734 1736 1560
f 1560 1736 1563
f 1561 1564 1735
f 1735 1564 1737
f 1736 1738 1563
f 1563 1738 1566
f 1564 1567 1737
f 1737 1567 1739
f 1738 1740 1566
f 1566 1740 1569
f 1567 1570 1739
f 1739 1570 1741
f 1740 1742 1569
f 1569 1742 1572
f 1570 1573 1741
f 1741 1573 1743
f 1742 1744 1572
f 1572 1744 1574
f 1573 1575 1743
f 1743 1575 1745
f 1744 1746 1574
f 1574 1746 1576
f 1575 1577 1745
f 1745 1577 1747
f 1746 1748 1576
f 1576 1748 1578
f 1577 1579 1747
f 1747 1579 1749
f 1748 1750 1578
f 1578 1750 1580
f 1579 1581 1749
f 1749 1581 1752
f 1750 1753 1580
f 1580 1753 1582
f 1581 1583 1752
f 1752 1583 1755
f 1751 1752 1754
f 1754 1752 1755
f 1753 1756 1582
f 1582 1756 1584
f 1583 1585 1755
f 1755 1585 1758
f 1754 1755 1757
f 1757 1755 1758
f 1756 1759 1584
f 1584 1759 1588
f 1585 1589 1758
f 1758 1589 1760
f 1759 1763 1588
f 1588 1763 1593
f 1589 1590 1760
f 1760 1590 1761
f 1590 1594 1761
f 1761 1594 1764
f 1762 1768 1592
f 1592 1768 1621
f 1592 1593 1762
f 1762 1593 1763
f 1594 1595 1764
f 1764 1595 1765
f 1595 1596 1765
f 1765 1596 1766
f 1596 1622 1766
f 1766 1622 1769
f 1767 1797 1620
f 1620 1797 1650
f 1620 1621 1767
f 1767 1621 1768
f 1622 1623 1769
f 1769 1623 1770
f 1623 1624 1770
f 1770 1624 1771
f 1624 1625 1771
f 1771 1625 1772
f 1625 1626 1772
f 1772 1626 1773
f 1626 1627 1773
f 1773 1627 1774
f 1627 1628 1774
f 1774 1628 1775
f 1628 1629 1775
f 1775 1629 1776
f 1629 1630 1776
f 1776 1630 1777
f 1630 1631 1777
f 1777 1631 1778
f 1631 1632 1778
f 1778 1632 1779
f 1632 1633 1779
f 1779 1633 1780
f 1633 1634 1780
f 1780 1634 1781
f 1634 1635 1781
f 1781 1635 1782
f 1635 1636 1782
f 1782 1636 1783
f 1636 1637 1783
f 1783 1637 1784
f 1637 1638 1784
f 1784 1638 1785
f 1638 1639 1785
f 1785 1639 1786
f 1639 1640 1786
f 1786 1640 1787
f 1640 1641 1787
f 1787 1641 1788
f 1641 1642 1788
f 1788 1642 1789
f 1642 1643 1789
f 1789 1643 1790
f 1643 1644 1790
f 1790 1644 1791
f 1644 1645 1791
f 1791 1645 1792
f 1645 1646 1792
f 1792 1646 1793
f 1646 1647 1793
f 1793 1647 1794
f 1647 1648 1794
f 1794 1648 1795
f 1648 1649 1795
f 1795 1649 1796
f 1649 1650 1796
f 1796 1650 1797
f 1651 1678 1799
f 1799 1678 1826
f 1798 1799 1825
f 1825 1799 1826
f 1799 1800 1651
f 1651 1800 1652
f 1800 1801 1652
f 1652 1801 1653
f 1801 1802 1653
f 1653 1802 1654
f 1802 1803 1654
f 1654 1803 1655
f 1803 1804 1655
f 1655 1804 1656
f 1804 1805 1656
f 1656 1805 1657
f 1805 1806 1657
f 1657 1806 1658
f 1806 1807 1658
f 1658 1807 1659
f 1807 1808 1659
f 1659 1808 1660
f 1808 1809 1660
f 1660 1809 1661
f 1809 1810 1661
f 1661 1810 1662
f 1810 1811 1662
f 1662 1811 1663
f 1811 1812 1663
f 1663 1812 1664
f 1812 1813 1664
f 1664 1813 1665
f 1813 1814 1665
f 1665 1814 1666
f 1814 1815 1666
f 1666 1815 1667
f 1815 1816 1667
f 1667 1816 1668
f 1816 1817 1668
f 1668 1817 1669
f 1817 1818 1669
f 1669 1818 1670
f 1818 1819 1670
f 1670 1819 1671
f 1819 1820 1671
f 1671 1820 1672
f 1820 1821 1672
f 1672 1821 1673
f 1821 1822 1673
f 1673 1822 1674
f 1822 1827 1674
f 1674 1827 1682
f 1675 1687 1823
f 1823 1687 1832
f 1823 1824 1675
f 1675 1824 1676
f 1824 1825 1676
f 1676 1825 1677
f 1825 1826 1677
f 1677 1826 1678
f 1827 1828 1682
f 1682 1828 1683
f 1828 1829 1683
f 1683 1829 1684
f 1829 1830 1684
f 1684 1830 1685
f 1830 1833 1685
f 1685 1833 1690
f 1686 1692 1831
f 1831 1692 1836
f 1831 1832 1686
f 1686 1832 1687
f 1833 1834 1690
f 1690 1834 1691
f 1834 1837 1691
f 1691 1837 1694
f 1834 1835 1837
f 1837 1835 1838
f 1692 1697 1836
f 1836 1697 1840
f 1837 1838 1694
f 1694 1838 1695
f 1838 1839 1695
f 1695 1839 1696
f 1839 1841 1696
f 1696 1841 1699
f 1697 1700 1840
f 1840 1700 1842
f 1841 1843 1699
f 1699 1843 1701
f 1700 1703 1842
f 1842 1703 1845
f 1843 1844 1701
f 1701 1844 1702
f 1844 1846 1702
f 1702 1846 1704
f 1703 1705 1845
f 1845 1705 1847
f 1846 1848 1704
f 1704 1848 1706
f 1705 1707 1847
f 1847 1707 1849
f 1848 1850 1706
f 1706 1850 1708
f 1707 1709 1849
f 1849 1709 1851
f 1850 1852 1708
f 1708 1852 1710
f 1709 1711 1851
f 1851 1711 1853
f 1852 1855 1710
f 1710 1855 1713
f 1711 1714 1853
f 1853 1714 1856
f 1854 1857 1712
f 1712 1857 1715
f 1712 1713 1854
f 1854 1713 1855
f 1714 1716 1856
f 1856 1716 1858
f 1857 1859 1715
f 1715 1859 1717
f 1716 1718 1858
f 1858 1718 1860
f 1859 1861 1717
f 1717 1861 1719
f 1718 1720 1860
f 1860 1720 1862
f 1861 1863 1719
f 1719 1863 1721
f 1720 1722 1862
f 1862 1722 1864
f 1863 1866 1721
f 1721 1866 1724
f 1722 1725 1864
f 1864 1725 1867
f 1865 1868 1723
f 1723 1868 1726
f 1723 1724 1865
f 1865 1724 1866
f 1725 1728 1867
f 1867 1728 1869
f 1868 1870 1726
f 1726 1870 1729
f 1728 1730 1869
f 1869 1730 1871
f 1870 1872 1729
f 1729 1872 1731
f 1730 1733 1871
f 1871 1733 1874
f 1872 1875 1731
f 1731 1875 1734
f 1732 1735 1873
f 1873 1735 1876
f 1873 1874 1732
f 1732 1874 1733
f 1875 1877 1734
f 1734 1877 1736
f 1735 1737 1876
f 1876 1737 1878
f 1877 1879 1736
f 1736 1879 1738
f 1737 1739 1878
f 1878 1739 1880
f 1879 1881 1738
f 1738 1881 1740
f 1739 1741 1880
f 1880 1741 1882
f 1881 1883 1740
f 1740 1883 1742
f 1741 1743 1882
f 1882 1743 1884
f 1883 1885 1742
f 1742 1885 1744
f 1743 1745 1884
f 1884 1745 1886
f 1885 1887 1744
f 1744 1887 1746
f 1745 1747 1886
f 1886 1747 1888
f 1887 1889 1746
f 1746 1889 1748
f 1747 1749 1888
f 1888 1749 1891
f 1889 1892 1748
f 1748 1892 1750
f 1749 1752 1891
f 1891 1752 1894
f 1890 1891 1893
f 1893 1891 1894
f 1892 1895 1750
f 1750 1895 1753
f 1751 1754 1893
f 1893 1754 1896
f 1893 1894 1751
f 1751 1894 1752
f 1895 1897 1753
f 1753 1897 1756
f 1754 1757 1896
f 1896 1757 1898
f 1897 1900 1756
f 1756 1900 1759
f 1757 1758 1898
f 1898 1758 1899
f 1758 1760 1899
f 1899 1760 1901
f 1900 1904 1759
f 1759 1904 1763
f 1760 1761 1901
f 1901 1761 1902
f 1761 1764 1902
f 1902 1764 1905
f 1903 1909 1762
f 1762 1909 1768
f 1762 1763 1903
f 1903 1763 1904
f 1764 1765 1905
f 1905 1765 1906
f 1765 1766 1906
f 1906 1766 1907
f 1766 1769 1907
f 1907 1769 1910
f 1908 1938 1767
f 1767 1938 1797
f 1767 1768 1908
f 1908 1768 1909
f 1769 1770 1910
f 1910 1770 1911
f 1770 1771 1911
f 1911 1771 1912
f 1771 1772 1912
f 1912 1772 1913
f 1772 1773 1913
f 1913 1773 1914
f 1773 1774 1914
f 1914 1774 1915
f 1774 1775 1915
f 1915 1775 1916
f 1775 1776 1916
f 1916 1776 1917
f 1776 1777 1917
f 1917 1777 1918
f 1777 1778 1918
f 1918 1778 1919
f 1778 1779 1919
f 1919 1779 1920
f 1779 1780 1920
f 1920 1780 1921
f 1780 1781 1921
f 1921 1781 1922
f 1781 1782 1922
f 1922 1782 1923
f 1782 1783 1923
f 1923 1783 1924
f 1783 1784 1924
f 1924 1784 1925
f 1784 1785 1925
f 1925 1785 1926
f 1785 1786 1926
f 1926 1786 1927
f 1786 1787 1927
f 1927 1787 1928
f 1787 1788 1928
f 1928 1788 1929
f 1788 1789 1929
f 1929 1789 1930
f 1789 1790 1930
f 1930 1790 1931
f 1930 1931 1939
f 1939 1931 1940
f 1790 1791 1931
f 1931 1791 1932
f 1791 1792 1932
f 1932 1792 1933
f 1792 1793 1933
f 1933 1793 1934
f 1793 1794 1934
f 1934 1794 1935
f 1794 1795 1935
f 1935 1795 1936
f 1795 1796 1936
f 1936 1796 1937
f 1796 1797 1937
f 1937 1797 1938
f 1798 1825 1941
f 1941 1825 1968
f 1941 1942 1798
f 1798 1942 1799
f 1942 1943 1799
f 1799 1943 1800
f 1943 1944 1800
f 1800 1944 1801
f 1944 1945 1801
f 1801 1945 1802
f 1945 1946 1802
f 1802 1946 1803
f 1946 1947 1803
f 1803 1947 1804
f 1947 1948 1804
f 1804 1948 1805
f 1948 1949 1805
f 1805 1949 1806
f 1949 1950 1806
f 1806 1950 1807
f 1950 1951 1807
f 1807 1951 1808
f 1951 1952 1808
f 1808 1952 1809
f 1952 1953 1809
f 1809 1953 1810
f 1953 1954 1810
f 1810 1954 1811
f 1954 1955 1811
f 1811 1955 1812
f 1955 1956 1812
f 1812 1956 1813
f 1956 1957 1813
f 1813 1957 1814
f 1957 1958 1814
f 1814 1958 1815
f 1958 1959 1815
f 1815 1959 1816
f 1959 1960 1816
f 1816 1960 1817
f 1960 1961 1817
f 1817 1961 1818
f 1961 1962 1818
f 1818 1962 1819
f 1962 1963 1819
f 1819 1963 1820
f 1963 1964 1820
f 1820 1964 1821
f 1964 1965 1821
f 1821 1965 1822
f 1965 1969 1822
f 1822 1969 1827
f 1823 1832 1966
f 1966 1832 1975
f 1966 1967 1823
f 1823 1967 1824
f 1967 1968 1824
f 1824 1968 1825
f 1969 1970 1827
f 1827 1970 1828
f 1970 1971 1828
f 1828 1971 1829
f 1971 1972 1829
f 1829 1972 1830
f 1972 1976 1830
f 1830 1976 1833
f 1972 1973 1976
f 1976 1973 1977
f 1831 1836 1974
f 1974 1836 1979
f 1974 1975 1831
f 1831 1975 1832
f 1976 1977 1833
f 1833 1977 1834
f 1977 1978 1834
f 1834 1978 1835
f 1978 1980 1835
f 1835 1980 1838
f 1836 1840 1979
f 1979 1840 1982
f 1980 1981 1838
f 1838 1981 1839
f 1981 1983 1839
f 1839 1983 1841
f 1840 1842 1982
f 1982 1842 1985
f 1983 1986 1841
f 1841 1986 1843
f 1983 1984 1986
f 1986 1984 1987
f 1842 1845 1985
f 1985 1845 1988
f 1986 1987 1843
f 1843 1987 1844
f 1987 1989 1844
f 1844 1989 1846
f 1845 1847 1988
f 1988 1847 1990
f 1989 1991 1846
f 1846 1991 1848
f 1847 1849 1990
f 1990 1849 1992
f 1991 1993 1848
f 1848 1993 1850
f 1849 1851 1992
f 1992 1851 1994
f 1993 1996 1850
f 1850 1996 1852
f 1851 1853 1994
f 1994 1853 1997
f 1996 1999 1852
f 1852 1999 1855
f 1998 1999 1995
f 1995 1999 1996
f 1853 1856 1997
f 1997 1856 2000
f 1998 2001 1854
f 1854 2001 1857
f 1854 1855 1998
f 1998 1855 1999
f 1856 1858 2000
f 2000 1858 2002
f 2001 2003 1857
f 1857 2003 1859
f 1858 1860 2002
f 2002 1860 2004
f 2003 2005 1859
f 1859 2005 1861
f 1860 1862 2004
f 2004 1862 2006
f 2005 2008 1861
f 1861 2008 1863
f 1862 1864 2006
f 2006 1864 2009
f 2008 2011 1863
f 1863 2011 1866
f 2010 2011 2007
f 2007 2011 2008
f 1864 1867 2009
f 2009 1867 2012
f 2010 2013 1865
f 1865 2013 1868
f 1865 1866 2010
f 2010 1866 2011
f 1867 1869 2012
f 2012 1869 2014
f 2013 2015 1868
f 1868 2015 1870
f 1869 1871 2014
f 2014 1871 2016
f 2015 2017 1870
f 1870 2017 1872
f 1871 1874 2016
f 2016 1874 2019
f 2017 2020 1872
f 1872 2020 1875
f 1873 1876 2018
f 2018 1876 2021
f 2018 2019 1873
f 1873 2019 1874
f 2020 2022 1875
f 1875 2022 1877
f 1876 1878 2021
f 2021 1878 2023
f 2022 2024 1877
f 1877 2024 1879
f 1878 1880 2023
f 2023 1880 2025
f 2024 2026 1879
f 1879 2026 1881
f 1880 1882 2025
f 2025 1882 2027
f 2026 2028 1881
f 1881 2028 1883
f 1882 1884 2027
f 2027 1884 2029
f 2028 2030 1883
f 1883 2030 1885
f 1884 1886 2029
f 2029 1886 2031
f 2030 2032 1885
f 1885 2032 1887
f 1886 1888 2031
f 2031 1888 2034
f 2032 2035 1887
f 1887 2035 1889
f 1888 1891 2034
f 2034 1891 2037
f 2033 2034 2036
f 2036 2034 2037
f 2035 2038 1889
f 1889 2038 1892
f 1890 1893 2036
f 2036 1893 2039
f 2036 2037 1890
f 1890 2037 1891
f 2038 2040 1892
f 1892 2040 1895
f 1893 1896 2039
f 2039 1896 2041
f 2040 2042 1895
f 1895 2042 1897
f 1896 1898 2041
f 2041 1898 2043
f 2042 2045 1897
f 1897 2045 1900
f 1898 1899 2043
f 2043 1899 2044
f 1899 1901 2044
f 2044 1901 2046
f 2045 2049 1900
f 1900 2049 1904
f 1901 1902 2046
f 2046 1902 2047
f 1902 1905 2047
f 2047 1905 2050
f 2048 2054 1903
f 1903 2054 1909
f 1903 1904 2048
f 2048 1904 2049
f 2048 2049 2054
f 2054 2049 2055
f 1905 1906 2050
f 2050 1906 2051
f 1906 1907 2051
f 2051 1907 2052
f 1907 1910 2052
f 2052 1910 2056
f 2053 2084 1908
f 1908 2084 1938
f 1908 1909 2053
f 2053 1909 2054
f 1910 1911 2056
f 2056 1911 2057
f 1911 1912 2057
f 2057 1912 2058
f 1912 1913 2058
f 2058 1913 2059
f 1913 1914 2059
f 2059 1914 2060
f 1914 1915 2060
f 2060 1915 2061
f 1915 1916 2061
f 2061 1916 2062
f 1916 1917 2062
f 2062 1917 2063
f 1917 1918 2063
f 2063 1918 2064
f 1918 1919 2064
f 2064 1919 2065
f 1919 1920 2065
f 2065 1920 2066
f 1920 1921 2066
f 2066 1921 2067
f 1921 1922 2067
f 2067 1922 2068
f 1922 1923 2068
f 2068 1923 2069
f 1923 1924 2069
f 2069 1924 2070
f 1924 1925 2070
f 2070 1925 2071
f 1925 1926 2071
f 2071 1926 2072
f 1926 1927 2072
f 2072 1927 2073
f 1927 1928 2073
f 2073 1928 2074
f 1928 1929 2074
f 2074 1929 2075
f 1929 1930 2075
f 2075 1930 2076
f 1930 1939 2076
f 2076 1939 2085
f 2077 2086 1931
f 1931 2086 1940
f 1931 1932 2077
f 2077 1932 2078
f 2077 2078 2086
f 2086 2078 2087
f 1932 1933 2078
f 2078 1933 2079
f 2078 2079 2087
f 2087 2079 2088
f 1933 1934 2079
f 2079 1934 2080
f 1934 1935 2080
f 2080 1935 2081
f 1935 1936 2081
f 2081 1936 2082
f 1936 1937 2082
f 2082 1937 2083
f 1937 1938 2083
f 2083 1938 2084
f 1939 1940 2085
f 2085 1940 2086
f 2089 2090 2105
f 2105 2090 2106
f 2090 2091 2106
f 2106 2091 2107
f 1941 1968 2092
f 2092 1968 2120
f 2092 2093 1941
f 1941 2093 1942
f 2093 2094 1942
f 1942 2094 1943
f 2094 2095 1943
f 1943 2095 1944
f 2095 2096 1944
f 1944 2096 1945
f 2096 2097 1945
f 1945 2097 1946
f 2097 2098 1946
f 1946 2098 1947
f 2098 2099 1947
f 1947 2099 1948
f 2099 2100 1948
f 1948 2100 1949
f 2100 2101 1949
f 1949 2101 1950
f 2101 2102 1950
f 1950 2102 1951
f 2102 2103 1951
f 1951 2103 1952
f 2103 2104 1952
f 1952 2104 1953
f 2104 2105 1953
f 1953 2105 1954
f 2105 2106 1954
f 1954 2106 1955
f 2106 2107 1955
f 1955 2107 1956
f 2107 2108 1956
f 1956 2108 1957
f 2108 2109 1957
f 1957 2109 1958
f 2109 2110 1958
f 1958 2110 1959
f 2110 2111 1959
f 1959 2111 1960
f 2111 2112 1960
f 1960 2112 1961
f 2112 2113 1961
f 1961 2113 1962
f 2113 2114 1962
f 1962 2114 1963
f 2114 2115 1963
f 1963 2115 1964
f 2115 2116 1964
f 1964 2116 1965
f 2116 2121 1965
f 1965 2121 1969
f 2116 2117 2121
f 2121 2117 2122
f 1966 1975 2118
f 2118 1975 2127
f 2118 2119 1966
f 1966 2119 1967
f 2119 2120 1967
f 1967 2120 1968
f 2121 2122 1969
f 1969 2122 1970
f 2122 2123 1970
f 1970 2123 1971
f 2123 2124 1971
f 1971 2124 1972
f 2124 2125 1972
f 1972 2125 1973
f 2125 2128 1973
f 1973 2128 1977
f 1974 1979 2126
f 2126 1979 2131
f 2126 2127 1974
f 1974 2127 1975
f 2128 2129 1977
f 1977 2129 1978
f 2129 2132 1978
f 1978 2132 1980
f 2129 2130 2132
f 2132 2130 2133
f 1979 1982 2131
f 2131 1982 2134
f 2132 2133 1980
f 1980 2133 1981
f 2133 2135 1981
f 1981 2135 1983
f 1982 1985 2134
f 2134 1985 2137
f 2135 2136 1983
f 1983 2136 1984
f 2136 2138 1984
f 1984 2138 1987
f 1985 1988 2137
f 2137 1988 2139
f 2138 2140 1987
f 1987 2140 1989
f 1988 1990 2139
f 2139 1990 2141
f 2140 2142 1989
f 1989 2142 1991
f 1990 1992 2141
f 2141 1992 2143
f 2142 2144 1991
f 1991 2144 1993
f 1992 1994 2143
f 2143 1994 2145
f 2144 2147 1993
f 1993 2147 1996
f 1994 1997 2145
f 2145 1997 2148
f 2146 2149 1995
f 1995 2149 1998
f 1995 1996 2146
f 2146 1996 2147
f 1997 2000 2148
f 2148 2000 2150
f 2149 2151 1998
f 1998 2151 2001
f 2000 2002 2150
f 2150 2002 2152
f 2151 2153 2001
f 2001 2153 2003
f 2002 2004 2152
f 2152 2004 2154
f 2153 2155 2003
f 2003 2155 2005
f 2004 2006 2154
f 2154 2006 2156
f 2155 2158 2005
f 2005 2158 2008
f 2006 2009 2156
f 2156 2009 2159
f 2157 2160 2007
f 2007 2160 2010
f 2007 2008 2157
f 2157 2008 2158
f 2009 2012 2159
f 2159 2012 2161
f 2160 2162 2010
f 2010 2162 2013
f 2012 2014 2161
f 2161 2014 2163
f 2162 2164 2013
f 2013 2164 2015
f 2014 2016 2163
f 2163 2016 2165
f 2164 2166 2015
f 2015 2166 2017
f 2016 2019 2165
f 2165 2019 2168
f 2166 2169 2017
f 2017 2169 2020
f 2018 2021 2167
f 2167 2021 2170
f 2167 2168 2018
f 2018 2168 2019
f 2169 2171 2020
f 2020 2171 2022
f 2021 2023 2170
f 2170 2023 2172
f 2171 2173 2022
f 2022 2173 2024
f 2023 2025 2172
f 2172 2025 2174
f 2173 2175 2024
f 2024 2175 2026
f 2025 2027 2174
f 2174 2027 2176
f 2175 2177 2026
f 2026 2177 2028
f 2027 2029 2176
f 2176 2029 2178
f 2177 2179 2028
f 2028 2179 2030
f 2029 2031 2178
f 2178 2031 2180
f 2179 2181 2030
f 2030 2181 2032
f 2031 2034 2180
f 2180 2034 2183
f 2181 2184 2032
f 2032 2184 2035
f 2033 2036 2182
f 2182 2036 2185
f 2182 2183 2033
f 2033 2183 2034
f 2184 2186 2035
f 2035 2186 2038
f 2036 2039 2185
f 2185 2039 2187
f 2186 2188 2038
f 2038 2188 2040
f 2039 2041 2187
f 2187 2041 2189
f 2188 2190 2040
f 2040 2190 2042
f 2041 2043 2189
f 2189 2043 2191
f 2190 2193 2042
f 2042 2193 2045
f 2043 2044 2191
f 2191 2044 2192
f 2044 2046 2192
f 2192 2046 2194
f 2193 2196 2045
f 2045 2196 2049
f 2046 2047 2194
f 2194 2047 2195
f 2047 2050 2195
f 2195 2050 2197
f 2196 2203 2049
f 2049 2203 2055
f 2050 2051 2197
f 2197 2051 2198
f 2051 2052 2198
f 2198 2052 2199
f 2052 2056 2199
f 2199 2056 2204
f 2204 2205 2199
f 2199 2205 2200
f 2201 2230 2053
f 2053 2230 2084
f 2053 2054 2201
f 2201 2054 2202
f 2054 2055 2202
f 2202 2055 2203
f 2056 2057 2204
f 2204 2057 2205
f 2057 2058 2205
f 2205 2058 2206
f 2058 2059 2206
f 2206 2059 2207
f 2059 2060 2207
f 2207 2060 2208
f 2060 2061 2208
f 2208 2061 2209
f 2061 2062 2209
f 2209 2062 2210
f 2062 2063 2210
f 2210 2063 2211
f 2063 2064 2211
f 2211 2064 2212
f 2064 2065 2212
f 2212 2065 2213
f 2065 2066 2213
f 2213 2066 2214
f 2066 2067 2214
f 2214 2067 2215
f 2067 2068 2215
f 2215 2068 2216
f 2068 2069 2216
f 2216 2069 2217
f 2069 2070 2217
f 2217 2070 2218
f 2070 2071 2218
f 2218 2071 2219
f 2071 2072 2219
f 2219 2072 2220
f 2072 2073 2220
f 2220 2073 2221
f 2073 2074 2221
f 2221 2074 2222
f 2074 2075 2222
f 2222 2075 2223
f 2075 2076 2223
f 2223 2076 2224
f 2076 2085 2224
f 2224 2085 2231
f 2225 2234 2079
f 2079 2234 2088
f 2079 2080 2225
f 2225 2080 2226
f 2080 2081 2226
f 2226 2081 2227
f 2081 2082 2227
f 2227 2082 2228
f 2082 2083 2228
f 2228 2083 2229
f 2083 2084 2229
f 2229 2084 2230
f 2085 2086 2231
f 2231 2086 2232
f 2086 2087 2232
f 2232 2087 2233
f 2087 2088 2233
f 2233 2088 2234
f 2089 2105 2236
f 2236 2105 2253
f 2235 2236 2252
f 2252 2236 2253
f 2236 2237 2089
f 2089 2237 2090
f 2237 2238 2090
f 2090 2238 2091
f 2238 2254 2091
f 2091 2254 2107
f 2238 2239 2254
f 2254 2239 2255
f 2092 2120 2240
f 2240 2120 2267
f 2240 2241 2092
f 2092 2241 2093
f 2241 2242 2093
f 2093 2242 2094
f 2242 2243 2094
f 2094 2243 2095
f 2243 2244 2095
f 2095 2244 2096
f 2244 2245 2096
f 2096 2245 2097
f 2245 2246 2097
f 2097 2246 2098
f 2246 2247 2098
f 2098 2247 2099
f 2247 2248 2099
f 2099 2248 2100
f 2248 2249 2100
f 2100 2249 2101
f 2249 2250 2101
f 2101 2250 2102
f 2250 2251 2102
f 2102 2251 2103
f 2251 2252 2103
f 2103 2252 2104
f 2252 2253 2104
f 2104 2253 2105
f 2254 2255 2107
f 2107 2255 2108
f 2255 2256 2108
f 2108 2256 2109
f 2256 2257 2109
f 2109 2257 2110
f 2257 2258 2110
f 2110 2258 2111
f 2258 2259 2111
f 2111 2259 2112
f 2259 2260 2112
f 2112 2260 2113
f 2260 2261 2113
f 2113 2261 2114
f 2261 2262 2114
f 2114 2262 2115
f 2262 2263 2115
f 2115 2263 2116
f 2263 2264 2116
f 2116 2264 2117
f 2264 2268 2117
f 2117 2268 2122
f 2118 2127 2265
f 2265 2127 2273
f 2265 2266 2118
f 2118 2266 2119
f 2266 2267 2119
f 2119 2267 2120
f 2268 2269 2122
f 2122 2269 2123
f 2269 2270 2123
f 2123 2270 2124
f 2270 2271 2124
f 2124 2271 2125
f 2271 2274 2125
f 2125 2274 2128
f 2126 2131 2272
f 2272 2131 2277
f 2272 2273 2126
f 2126 2273 2127
f 2274 2275 2128
f 2128 2275 2129
f 2275 2276 2129
f 2129 2276 2130
f 2276 2278 2130
f 2130 2278 2133
f 2131 2134 2277
f 2277 2134 2280
f 2278 2281 2133
f 2133 2281 2135
f 2278 2279 2281
f 2281 2279 2282
f 2134 2137 2280
f 2280 2137 2283
f 2281 2282 2135
f 2135 2282 2136
f 2282 2284 2136
f 2136 2284 2138
f 2137 2139 2283
f 2283 2139 2285
f 2284 2286 2138
f 2138 2286 2140
f 2139 2141 2285
f 2285 2141 2287
f 2286 2288 2140
f 2140 2288 2142
f 2141 2143 2287
f 2287 2143 2289
f 2288 2290 2142
f 2142 2290 2144
f 2143 2145 2289
f 2289 2145 2291
f 2290 2293 2144
f 2144 2293 2147
f 2145 2148 2291
f 2291 2148 2294
f 2292 2295 2146
f 2146 2295 2149
f 2146 2147 2292
f 2292 2147 2293
f 2148 2150 2294
f 2294 2150 2296
f 2295 2297 2149
f 2149 2297 2151
f 2150 2152 2296
f 2296 2152 2298
f 2297 2299 2151
f 2151 2299 2153
f 2152 2154 2298
f 2298 2154 2300
f 2299 2301 2153
f 2153 2301 2155
f 2154 2156 2300
f 2300 2156 2302
f 2301 2304 2155
f 2155 2304 2158
f 2156 2159 2302
f 2302 2159 2305
f 2303 2306 2157
f 2157 2306 2160
f 2157 2158 2303
f 2303 2158 2304
f 2159 2161 2305
f 2305 2161 2307
f 2306 2308 2160
f 2160 2308 2162
f 2161 2163 2307
f 2307 2163 2309
f 2308 2310 2162
f 2162 2310 2164
f 2163 2165 2309
f 2309 2165 2311
f 2310 2312 2164
f 2164 2312 2166
f 2165 2168 2311
f 2311 2168 2314
f 2312 2315 2166
f 2166 2315 2169
f 2167 2170 2313
f 2313 2170 2316
f 2313 2314 2167
f 2167 2314 2168
f 2316 2317 2313
f 2313 2317 2314
f 2315 2318 2169
f 2169 2318 2171
f 2170 2172 2316
f 2316 2172 2319
f 2318 2320 2171
f 2171 2320 2173
f 2172 2174 2319
f 2319 2174 2321
f 2320 2322 2173
f 2173 2322 2175
f 2174 2176 2321
f 2321 2176 2323
f 2322 2324 2175
f 2175 2324 2177
f 2176 2178 2323
f 2323 2178 2325
f 2324 2326 2177
f 2177 2326 2179
f 2178 2180 2325
f 2325 2180 2328
f 2326 2329 2179
f 2179 2329 2181
f 2180 2183 2328
f 2328 2183 2331
f 2327 2328 2330
f 2330 2328 2331
f 2329 2332 2181
f 2181 2332 2184
f 2182 2185 2330
f 2330 2185 2333
f 2330 2331 2182
f 2182 2331 2183
f 2332 2334 2184
f 2184 2334 2186
f 2185 2187 2333
f 2333 2187 2335
f 2334 2336 2186
f 2186 2336 2188
f 2187 2189 2335
f 2335 2189 2337
f 2336 2338 2188
f 2188 2338 2190
f 2189 2191 2337
f 2337 2191 2339
f 2338 2341 2190
f 2190 2341 2193
f 2191 2192 2339
f 2339 2192 2340
f 2192 2194 2340
f 2340 2194 2342
f 2341 2344 2193
f 2193 2344 2196
f 2194 2195 2342
f 2342 2195 2343
f 2195 2197 2343
f 2343 2197 2345
f 2344 2351 2196
f 2196 2351 2203
f 2197 2198 2345
f 2345 2198 2346
f 2198 2199 2346
f 2346 2199 2347
f 2199 2200 2347
f 2347 2200 2348
f 2200 2205 2348
f 2348 2205 2352
f 2349 2377 2201
f 2201 2377 2230
f 2201 2202 2349
f 2349 2202 2350
f 2202 2203 2350
f 2350 2203 2351
f 2205 2206 2352
f 2352 2206 2353
f 2206 2207 2353
f 2353 2207 2354
f 2207 2208 2354
f 2354 2208 2355
f 2208 2209 2355
f 2355 2209 2356
f 2209 2210 2356
f 2356 2210 2357
f 2210 2211 2357
f 2357 2211 2358
f 2211 2212 2358
f 2358 2212 2359
f 2212 2213 2359
f 2359 2213 2360
f 2213 2214 2360
f 2360 2214 2361
f 2214 2215 2361
f 2361 2215 2362
f 2215 2216 2362
f 2362 2216 2363
f 2216 2217 2363
f 2363 2217 2364
f 2217 2218 2364
f 2364 2218 2365
f 2218 2219 2365
f 2365 2219 2366
f 2219 2220 2366
f 2366 2220 2367
f 2220 2221 2367
f 2367 2221 2368
f 2221 2222 2368
f 2368 2222 2369
f 2222 2223 2369
f 2369 2223 2370
f 2223 2224 2370
f 2370 2224 2371
f 2224 2231 2371
f 2371 2231 2379
f 2370 2371 2378
f 2378 2371 2379
f 2372 2382 2225
f 2225 2382 2234
f 2225 2226 2372
f 2372 2226 2373
f 2226 2227 2373
f 2373 2227 2374
f 2227 2228 2374
f 2374 2228 2375
f 2228 2229 2375
f 2375 2229 2376
f 2229 2230 2376
f 2376 2230 2377
f 2231 2232 2379
f 2379 2232 2380
f 2232 2233 2380
f 2380 2233 2381
f 2233 2234 2381
f 2381 2234 2382
f 2235 2252 2383
f 2383 2252 2401
f 2383 2384 2235
f 2235 2384 2236
f 2384 2385 2236
f 2236 2385 2237
f 2385 2386 2237
f 2237 2386 2238
f 2386 2387 2238
f 2238 2387 2239
f 2387 2402 2239
f 2239 2402 2255
f 2387 2388 2402
f 2402 2388 2403
f 2240 2267 2389
f 2389 2267 2414
f 2389 2390 2240
f 2240 2390 2241
f 2390 2391 2241
f 2241 2391 2242
f 2391 2392 2242
f 2242 2392 2243
f 2392 2393 2243
f 2243 2393 2244
f 2393 2394 2244
f 2244 2394 2245
f 2394 2395 2245
f 2245 2395 2246
f 2395 2396 2246
f 2246 2396 2247
f 2396 2397 2247
f 2247 2397 2248
f 2397 2398 2248
f 2248 2398 2249
f 2398 2399 2249
f 2249 2399 2250
f 2399 2400 2250
f 2250 2400 2251
f 2400 2401 2251
f 2251 2401 2252
f 2402 2403 2255
f 2255 2403 2256
f 2403 2404 2256
f 2256 2404 2257
f 2404 2405 2257
f 2257 2405 2258
f 2405 2406 2258
f 2258 2406 2259
f 2406 2407 2259
f 2259 2407 2260
f 2407 2408 2260
f 2260 2408 2261
f 2408 2409 2261
f 2261 2409 2262
f 2409 2410 2262
f 2262 2410 2263
f 2410 2411 2263
f 2263 2411 2264
f 2411 2415 2264
f 2264 2415 2268
f 2265 2273 2412
f 2412 2273 2421
f 2412 2413 2265
f 2265 2413 2266
f 2413 2414 2266
f 2266 2414 2267
f 2415 2416 2268
f 2268 2416 2269
f 2416 2417 2269
f 2269 2417 2270
f 2417 2418 2270
f 2270 2418 2271
f 2418 2422 2271
f 2271 2422 2274
f 2418 2419 2422
f 2422 2419 2423
f 2272 2277 2420
f 2420 2277 2425
f 2420 2421 2272
f 2272 2421 2273
f 2422 2423 2274
f 2274 2423 2275
f 2423 2424 2275
f 2275 2424 2276
f 2424 2426 2276
f 2276 2426 2278
f 2277 2280 2425
f 2425 2280 2428
f 2426 2427 2278
f 2278 2427 2279
f 2427 2429 2279
f 2279 2429 2282
f 2280 2283 2428
f 2428 2283 2430
f 2429 2431 2282
f 2282 2431 2284
f 2283 2285 2430
f 2430 2285 2432
f 2431 2433 2284
f 2284 2433 2286
f 2285 2287 2432
f 2432 2287 2434
f 2433 2435 2286
f 2286 2435 2288
f 2287 2289 2434
f 2434 2289 2436
f 2435 2437 2288
f 2288 2437 2290
f 2289 2291 2436
f 2436 2291 2438
f 2437 2440 2290
f 2290 2440 2293
f 2291 2294 2438
f 2438 2294 2441
f 2439 2442 2292
f 2292 2442 2295
f 2292 2293 2439
f 2439 2293 2440
f 2294 2296 2441
f 2441 2296 2443
f 2442 2444 2295
f 2295 2444 2297
f 2296 2298 2443
f 2443 2298 2445
f 2444 2446 2297
f 2297 2446 2299
f 2298 2300 2445
f 2445 2300 2447
f 2446 2448 2299
f 2299 2448 2301
f 2300 2302 2447
f 2447 2302 2449
f 2448 2451 2301
f 2301 2451 2304
f 2302 2305 2449
f 2449 2305 2452
f 2450 2453 2303
f 2303 2453 2306
f 2303 2304 2450
f 2450 2304 2451
f 2305 2307 2452
f 2452 2307 2454
f 2453 2455 2306
f 2306 2455 2308
f 2307 2309 2454
f 2454 2309 2456
f 2455 2457 2308
f 2308 2457 2310
f 2309 2311 2456
f 2456 2311 2458
f 2457 2459 2310
f 2310 2459 2312
f 2311 2314 2458
f 2458 2314 2460
f 2459 2461 2312
f 2312 2461 2315
f 2314 2317 2460
f 2460 2317 2463
f 2461 2464 2315
f 2315 2464 2318
f 2316 2319 2462
f 2462 2319 2465
f 2462 2463 2316
f 2316 2463 2317
f 2464 2466 2318
f 2318 2466 2320
f 2319 2321 2465
f 2465 2321 2467
f 2466 2468 2320
f 2320 2468 2322
f 2321 2323 2467
f 2467 2323 2469
f 2468 2470 2322
f 2322 2470 2324
f 2323 2325 2469
f 2469 2325 2471
f 2470 2472 2324
f 2324 2472 2326
f 2325 2328 2471
f 2471 2328 2474
f 2472 2475 2326
f 2326 2475 2329
f 2327 2330 2473
f 2473 2330 2476
f 2473 2474 2327
f 2327 2474 2328
f 2475 2477 2329
f 2329 2477 2332
f 2330 2333 2476
f 2476 2333 2478
f 2477 2479 2332
f 2332 2479 2334
f 2333 2335 2478
f 2478 2335 2480
f 2479 2481 2334
f 2334 2481 2336
f 2335 2337 2480
f 2480 2337 2482
f 2481 2483 2336
f 2336 2483 2338
f 2337 2339 2482
f 2482 2339 2484
f 2483 2486 2338
f 2338 2486 2341
f 2339 2340 2484
f 2484 2340 2485
f 2340 2342 2485
f 2485 2342 2487
f 2486 2489 2341
f 2341 2489 2344
f 2342 2343 2487
f 2487 2343 2488
f 2343 2345 2488
f 2488 2345 2490
f 2489 2497 2344
f 2344 2497 2351
f 2345 2346 2490
f 2490 2346 2491
f 2346 2347 2491
f 2491 2347 2492
f 2347 2348 2492
f 2492 2348 2493
f 2348 2352 2493
f 2493 2352 2498
f 2498 2499 2493
f 2493 2499 2494
f 2495 2522 2349
f 2349 2522 2377
f 2349 2350 2495
f 2495 2350 2496
f 2350 2351 2496
f 2496 2351 2497
f 2352 2353 2498
f 2498 2353 2499
f 2353 2354 2499
f 2499 2354 2500
f 2354 2355 2500
f 2500 2355 2501
f 2355 2356 2501
f 2501 2356 2502
f 2356 2357 2502
f 2502 2357 2503
f 2357 2358 2503
f 2503 2358 2504
f 2358 2359 2504
f 2504 2359 2505
f 2359 2360 2505
f 2505 2360 2506
f 2360 2361 2506
f 2506 2361 2507
f 2361 2362 2507
f 2507 2362 2508
f 2362 2363 2508
f 2508 2363 2509
f 2363 2364 2509
f 2509 2364 2510
f 2364 2365 2510
f 2510 2365 2511
f 2365 2366 2511
f 2511 2366 2512
f 2366 2367 2512
f 2512 2367 2513
f 2367 2368 2513
f 2513 2368 2514
f 2368 2369 2514
f 2514 2369 2515
f 2369 2370 2515
f 2515 2370 2516
f 2370 2378 2516
f 2516 2378 2523
f 2517 2527 2372
f 2372 2527 2382
f 2372 2373 2517
f 2517 2373 2518
f 2373 2374 2518
f 2518 2374 2519
f 2374 2375 2519
f 2519 2375 2520
f 2375 2376 2520
f 2520 2376 2521
f 2376 2377 2521
f 2521 2377 2522
f 2378 2379 2523
f 2523 2379 2524
f 2379 2380 2524
f 2524 2380 2525
f 2380 2381 2525
f 2525 2381 2526
f 2381 2382 2526
f 2526 2382 2527
f 2383 2401 2528
f 2528 2401 2547
f 2528 2529 2383
f 2383 2529 2384
f 2547 2548 2528
f 2528 2548 2529
f 2529 2530 2384
f 2384 2530 2385
f 2530 2531 2385
f 2385 2531 2386
f 2531 2532 2386
f 2386 2532 2387
f 2532 2533 2387
f 2387 2533 2388
f 2533 2549 2388
f 2388 2549 2403
f 2533 2534 2549
f 2549 2534 2550
f 2389 2414 2535
f 2535 2414 2561
f 2535 2536 2389
f 2389 2536 2390
f 2536 2537 2390
f 2390 2537 2391
f 2537 2538 2391
f 2391 2538 2392
f 2538 2539 2392
f 2392 2539 2393
f 2539 2540 2393
f 2393 2540 2394
f 2540 2541 2394
f 2394 2541 2395
f 2541 2542 2395
f 2395 2542 2396
f 2542 2543 2396
f 2396 2543 2397
f 2543 2544 2397
f 2397 2544 2398
f 2544 2545 2398
f 2398 2545 2399
f 2545 2546 2399
f 2399 2546 2400
f 2546 2547 2400
f 2400 2547 2401
f 2549 2550 2403
f 2403 2550 2404
f 2550 2551 2404
f 2404 2551 2405
f 2551 2552 2405
f 2405 2552 2406
f 2552 2553 2406
f 2406 2553 2407
f 2553 2554 2407
f 2407 2554 2408
f 2554 2555 2408
f 2408 2555 2409
f 2555 2556 2409
f 2409 2556 2410
f 2556 2557 2410
f 2410 2557 2411
f 2557 2562 2411
f 2411 2562 2415
f 2557 2558 2562
f 2562 2558 2563
f 2412 2421 2559
f 2559 2421 2568
f 2559 2560 2412
f 2412 2560 2413
f 2560 2561 2413
f 2413 2561 2414
f 2562 2563 2415
f 2415 2563 2416
f 2563 2564 2416
f 2416 2564 2417
f 2564 2565 2417
f 2417 2565 2418
f 2565 2566 2418
f 2418 2566 2419
f 2566 2569 2419
f 2419 2569 2423
f 2420 2425 2567
f 2567 2425 2571
f 2567 2568 2420
f 2420 2568 2421
f 2569 2570 2423
f 2423 2570 2424
f 2570 2572 2424
f 2424 2572 2426
f 2425 2428 2571
f 2571 2428 2574
f 2572 2573 2426
f 2426 2573 2427
f 2573 2575 2427
f 2427 2575 2429
f 2428 2430 2574
f 2574 2430 2576
f 2575 2577 2429
f 2429 2577 2431
f 2430 2432 2576
f 2576 2432 2578
f 2577 2579 2431
f 2431 2579 2433
f 2432 2434 2578
f 2578 2434 2580
f 2579 2581 2433
f 2433 2581 2435
f 2434 2436 2580
f 2580 2436 2582
f 2581 2583 2435
f 2435 2583 2437
f 2436 2438 2582
f 2582 2438 2584
f 2583 2586 2437
f 2437 2586 2440
f 2438 2441 2584
f 2584 2441 2587
f 2585 2588 2439
f 2439 2588 2442
f 2439 2440 2585
f 2585 2440 2586
f 2441 2443 2587
f 2587 2443 2589
f 2588 2590 2442
f 2442 2590 2444
f 2443 2445 2589
f 2589 2445 2591
f 2590 2593 2444
f 2444 2593 2446
f 2445 2447 2591
f 2591 2447 2594
f 2594 2595 2591
f 2591 2595 2592
f 2593 2596 2446
f 2446 2596 2448
f 2447 2449 2594
f 2594 2449 2597
f 2596 2599 2448
f 2448 2599 2451
f 2449 2452 2597
f 2597 2452 2600
f 2598 2601 2450
f 2450 2601 2453
f 2450 2451 2598
f 2598 2451 2599
f 2452 2454 2600
f 2600 2454 2602
f 2601 2603 2453
f 2453 2603 2455
f 2454 2456 2602
f 2602 2456 2604
f 2603 2605 2455
f 2455 2605 2457
f 2456 2458 2604
f 2604 2458 2606
f 2605 2607 2457
f 2457 2607 2459
f 2458 2460 2606
f 2606 2460 2608
f 2607 2609 2459
f 2459 2609 2461
f 2460 2463 2608
f 2608 2463 2611
f 2609 2612 2461
f 2461 2612 2464
f 2462 2465 2610
f 2610 2465 2613
f 2610 2611 2462
f 2462 2611 2463
f 2613 2614 2610
f 2610 2614 2611
f 2612 2615 2464
f 2464 2615 2466
f 2465 2467 2613
f 2613 2467 2616
f 2615 2617 2466
f 2466 2617 2468
f 2467 2469 2616
f 2616 2469 2618
f 2617 2619 2468
f 2468 2619 2470
f 2469 2471 2618
f 2618 2471 2620
f 2619 2621 2470
f 2470 2621 2472
f 2471 2474 2620
f 2620 2474 2623
f 2621 2624 2472
f 2472 2624 2475
f 2473 2476 2622
f 2622 2476 2625
f 2622 2623 2473
f 2473 2623 2474
f 2624 2626 2475
f 2475 2626 2477
f 2476 2478 2625
f 2625 2478 2627
f 2626 2628 2477
f 2477 2628 2479
f 2478 2480 2627
f 2627 2480 2629
f 2628 2630 2479
f 2479 2630 2481
f 2480 2482 2629
f 2629 2482 2631
f 2630 2632 2481
f 2481 2632 2483
f 2482 2484 2631
f 2631 2484 2633
f 2632 2635 2483
f 2483 2635 2486
f 2484 2485 2633
f 2633 2485 2634
f 2485 2487 2634
f 2634 2487 2636
f 2635 2638 2486
f 2486 2638 2489
f 2487 2488 2636
f 2636 2488 2637
f 2488 2490 2637
f 2637 2490 2639
f 2638 2647 2489
f 2489 2647 2497
f 2490 2491 2639
f 2639 2491 2640
f 2491 2492 2640
f 2640 2492 2641
f 2492 2493 2641
f 2641 2493 2642
f 2493 2494 2642
f 2642 2494 2643
f 2494 2499 2643
f 2643 2499 2648
f 2648 2649 2643
f 2643 2649 2644
f 2645 2671 2495
f 2495 2671 2522
f 2495 2496 2645
f 2645 2496 2646
f 2496 2497 2646
f 2646 2497 2647
f 2499 2500 2648
f 2648 2500 2649
f 2500 2501 2649
f 2649 2501 2650
f 2501 2502 2650
f 2650 2502 2651
f 2502 2503 2651
f 2651 2503 2652
f 2503 2504 2652
f 2652 2504 2653
f 2504 2505 2653
f 2653 2505 2654
f 2505 2506 2654
f 2654 2506 2655
f 2506 2507 2655
f 2655 2507 2656
f 2507 2508 2656
f 2656 2508 2657
f 2508 2509 2657
f 2657 2509 2658
f 2509 2510 2658
f 2658 2510 2659
f 2510 2511 2659
f 2659 2511 2660
f 2511 2512 2660
f 2660 2512 2661
f 2512 2513 2661
f 2661 2513 2662
f 2513 2514 2662
f 2662 2514 2663
f 2514 2515 2663
f 2663 2515 2664
f 2515 2516 2664
f 2664 2516 2665
f 2516 2523 2665
f 2665 2523 2672
f 2666 2676 2517
f 2517 2676 2527
f 2517 2518 2666
f 2666 2518 2667
f 2518 2519 2667
f 2667 2519 2668
f 2519 2520 2668
f 2668 2520 2669
f 2520 2521 2669
f 2669 2521 2670
f 2521 2522 2670
f 2670 2522 2671
f 2523 2524 2672
f 2672 2524 2673
f 2524 2525 2673
f 2673 2525 2674
f 2525 2526 2674
f 2674 2526 2675
f 2526 2527 2675
f 2675 2527 2676
f 2529 2548 2677
f 2677 2548 2697
f 2677 2678 2529
f 2529 2678 2530
f 2697 2698 2677
f 2677 2698 2678
f 2678 2679 2530
f 2530 2679 2531
f 2679 2680 2531
f 2531 2680 2532
f 2680 2681 2532
f 2532 2681 2533
f 2681 2682 2533
f 2533 2682 2534
f 2682 2699 2534
f 2534 2699 2550
f 2535 2561 2684
f 2684 2561 2710
f 2683 2684 2709
f 2709 2684 2710
f 2684 2685 2535
f 2535 2685 2536
f 2685 2686 2536
f 2536 2686 2537
f 2686 2687 2537
f 2537 2687 2538
f 2687 2688 2538
f 2538 2688 2539
f 2688 2689 2539
f 2539 2689 2540
f 2689 2690 2540
f 2540 2690 2541
f 2690 2691 2541
f 2541 2691 2542
f 2691 2692 2542
f 2542 2692 2543
f 2692 2693 2543
f 2543 2693 2544
f 2693 2694 2544
f 2544 2694 2545
f 2694 2695 2545
f 2545 2695 2546
f 2695 2696 2546
f 2546 2696 2547
f 2696 2697 2547
f 2547 2697 2548
f 2699 2700 2550
f 2550 2700 2551
f 2700 2701 2551
f 2551 2701 2552
f 2701 2702 2552
f 2552 2702 2553
f 2702 2703 2553
f 2553 2703 2554
f 2703 2704 2554
f 2554 2704 2555
f 2704 2705 2555
f 2555 2705 2556
f 2705 2706 2556
f 2556 2706 2557
f 2706 2707 2557
f 2557 2707 2558
f 2707 2711 2558
f 2558 2711 2563
f 2559 2568 2708
f 2708 2568 2716
f 2708 2709 2559
f 2559 2709 2560
f 2709 2710 2560
f 2560 2710 2561
f 2711 2712 2563
f 2563 2712 2564
f 2712 2713 2564
f 2564 2713 2565
f 2713 2714 2565
f 2565 2714 2566
f 2714 2717 2566
f 2566 2717 2569
f 2567 2571 2715
f 2715 2571 2719
f 2715 2716 2567
f 2567 2716 2568
f 2717 2718 2569
f 2569 2718 2570
f 2718 2720 2570
f 2570 2720 2572
f 2571 2574 2719
f 2719 2574 2722
f 2720 2721 2572
f 2572 2721 2573
f 2721 2723 2573
f 2573 2723 2575
f 2574 2576 2722
f 2722 2576 2724
f 2723 2725 2575
f 2575 2725 2577
f 2576 2578 2724
f 2724 2578 2726
f 2725 2727 2577
f 2577 2727 2579
f 2578 2580 2726
f 2726 2580 2728
f 2727 2729 2579
f 2579 2729 2581
f 2580 2582 2728
f 2728 2582 2730
f 2729 2731 2581
f 2581 2731 2583
f 2582 2584 2730
f 2730 2584 2732
f 2731 2734 2583
f 2583 2734 2586
f 2584 2587 2732
f 2732 2587 2735
f 2733 2736 2585
f 2585 2736 2588
f 2585 2586 2733
f 2733 2586 2734
f 2587 2589 2735
f 2735 2589 2737
f 2736 2738 2588
f 2588 2738 2590
f 2589 2591 2737
f 2737 2591 2739
f 2738 2741 2590
f 2590 2741 2593
f 2591 2592 2739
f 2739 2592 2740
f 2592 2595 2740
f 2740 2595 2743
f 2741 2744 2593
f 2593 2744 2596
f 2594 2597 2742
f 2742 2597 2745
f 2742 2743 2594
f 2594 2743 2595
f 2745 2746 2742
f 2742 2746 2743
f 2744 2748 2596
f 2596 2748 2599
f 2597 2600 2745
f 2745 2600 2749
f 2747 2750 2598
f 2598 2750 2601
f 2598 2599 2747
f 2747 2599 2748
f 2600 2602 2749
f 2749 2602 2751
f 2750 2752 2601
f 2601 2752 2603
f 2602 2604 2751
f 2751 2604 2753
f 2752 2754 2603
f 2603 2754 2605
f 2604 2606 2753
f 2753 2606 2755
f 2754 2756 2605
f 2605 2756 2607
f 2606 2608 2755
f 2755 2608 2757
f 2756 2758 2607
f 2607 2758 2609
f 2608 2611 2757
f 2757 2611 2759
f 2758 2760 2609
f 2609 2760 2612
f 2611 2614 2759
f 2759 2614 2762
f 2760 2763 2612
f 2612 2763 2615
f 2613 2616 2761
f 2761 2616 2764
f 2761 2762 2613
f 2613 2762 2614
f 2764 2765 2761
f 2761 2765 2762
f 2763 2766 2615
f 2615 2766 2617
f 2616 2618 2764
f 2764 2618 2767
f 2766 2768 2617
f 2617 2768 2619
f 2618 2620 2767
f 2767 2620 2769
f 2768 2770 2619
f 2619 2770 2621
f 2620 2623 2769
f 2769 2623 2772
f 2770 2773 2621
f 2621 2773 2624
f 2622 2625 2771
f 2771 2625 2774
f 2771 2772 2622
f 2622 2772 2623
f 2774 2775 2771
f 2771 2775 2772
f 2773 2776 2624
f 2624 2776 2626
f 2625 2627 2774
f 2774 2627 2777
f 2776 2778 2626
f 2626 2778 2628
f 2627 2629 2777
f 2777 2629 2779
f 2778 2780 2628
f 2628 2780 2630
f 2629 2631 2779
f 2779 2631 2781
f 2780 2782 2630
f 2630 2782 2632
f 2631 2633 2781
f 2781 2633 2783
f 2782 2785 2632
f 2632 2785 2635
f 2633 2634 2783
f 2783 2634 2784
f 2634 2636 2784
f 2784 2636 2786
f 2785 2788 2635
f 2635 2788 2638
f 2636 2637 2786
f 2786 2637 2787
f 2637 2639 2787
f 2787 2639 2789
f 2788 2798 2638
f 2638 2798 2647
f 2639 2640 2789
f 2789 2640 2790
f 2640 2641 2790
f 2790 2641 2791
f 2641 2642 2791
f 2791 2642 2792
f 2642 2643 2792
f 2792 2643 2793
f 2643 2644 2793
f 2793 2644 2794
f 2644 2649 2794
f 2794 2649 2799
f 2799 2800 2794
f 2794 2800 2795
f 2796 2822 2645
f 2645 2822 2671
f 2645 2646 2796
f 2796 2646 2797
f 2646 2647 2797
f 2797 2647 2798
f 2649 2650 2799
f 2799 2650 2800
f 2650 2651 2800
f 2800 2651 2801
f 2651 2652 2801
f 2801 2652 2802
f 2652 2653 2802
f 2802 2653 2803
f 2653 2654 2803
f 2803 2654 2804
f 2654 2655 2804
f 2804 2655 2805
f 2655 2656 2805
f 2805 2656 2806
f 2656 2657 2806
f 2806 2657 2807
f 2657 2658 2807
f 2807 2658 2808
f 2658 2659 2808
f 2808 2659 2809
f 2659 2660 2809
f 2809 2660 2810
f 2660 2661 2810
f 2810 2661 2811
f 2661 2662 2811
f 2811 2662 2812
f 2662 2663 2812
f 2812 2663 2813
f 2663 2664 2813
f 2813 2664 2814
f 2664 2665 2814
f 2814 2665 2815
f 2665 2672 2815
f 2815 2672 2823
f 2817 2827 2666
f 2666 2827 2676
f 2826 2827 2816
f 2816 2827 2817
f 2666 2667 2817
f 2817 2667 2818
f 2667 2668 2818
f 2818 2668 2819
f 2668 2669 2819
f 2819 2669 2820
f 2669 2670 2820
f 2820 2670 2821
f 2670 2671 2821
f 2821 2671 2822
f 2672 2673 2823
f 2823 2673 2824
f 2673 2674 2824
f 2824 2674 2825
f 2674 2675 2825
f 2825 2675 2826
f 2675 2676 2826
f 2826 2676 2827
f 2678 2698 2828
f 2828 2698 2848
f 2828 2829 2678
f 2678 2829 2679
f 2829 2830 2679
f 2679 2830 2680
f 2830 2831 2680
f 2680 2831 2681
f 2831 2832 2681
f 2681 2832 2682
f 2832 2850 2682
f 2682 2850 2699
f 2849 2850 2831
f 2831 2850 2832
f 2683 2709 2833
f 2833 2709 2860
f 2833 2834 2683
f 2683 2834 2684
f 2834 2835 2684
f 2684 2835 2685
f 2835 2836 2685
f 2685 2836 2686
f 2836 2837 2686
f 2686 2837 2687
f 2837 2838 2687
f 2687 2838 2688
f 2838 2839 2688
f 2688 2839 2689
f 2839 2840 2689
f 2689 2840 2690
f 2840 2841 2690
f 2690 2841 2691
f 2841 2842 2691
f 2691 2842 2692
f 2842 2843 2692
f 2692 2843 2693
f 2843 2844 2693
f 2693 2844 2694
f 2844 2845 2694
f 2694 2845 2695
f 2845 2846 2695
f 2695 2846 2696
f 2846 2847 2696
f 2696 2847 2697
f 2847 2848 2697
f 2697 2848 2698
f 2850 2851 2699
f 2699 2851 2700
f 2851 2852 2700
f 2700 2852 2701
f 2852 2853 2701
f 2701 2853 2702
f 2853 2854 2702
f 2702 2854 2703
f 2854 2855 2703
f 2703 2855 2704
f 2855 2856 2704
f 2704 2856 2705
f 2856 2857 2705
f 2705 2857 2706
f 2857 2858 2706
f 2706 2858 2707
f 2858 2861 2707
f 2707 2861 2711
f 2708 2716 2859
f 2859 2716 2866
f 2859 2860 2708
f 2708 2860 2709
f 2861 2862 2711
f 2711 2862 2712
f 2862 2863 2712
f 2712 2863 2713
f 2863 2864 2713
f 2713 2864 2714
f 2864 2867 2714
f 2714 2867 2717
f 2715 2719 2865
f 2865 2719 2869
f 2865 2866 2715
f 2715 2866 2716
f 2869 2870 2865
f 2865 2870 2866
f 2867 2868 2717
f 2717 2868 2718
f 2868 2871 2718
f 2718 2871 2720
f 2719 2722 2869
f 2869 2722 2873
f 2871 2872 2720
f 2720 2872 2721
f 2872 2874 2721
f 2721 2874 2723
f 2722 2724 2873
f 2873 2724 2875
f 2874 2876 2723
f 2723 2876 2725
f 2724 2726 2875
f 2875 2726 2877
f 2876 2878 2725
f 2725 2878 2727
f 2726 2728 2877
f 2877 2728 2879
f 2878 2880 2727
f 2727 2880 2729
f 2728 2730 2879
f 2879 2730 2881
f 2880 2882 2729
f 2729 2882 2731
f 2730 2732 2881
f 2881 2732 2883
f 2882 2885 2731
f 2731 2885 2734
f 2732 2735 2883
f 2883 2735 2886
f 2884 2887 2733
f 2733 2887 2736
f 2733 2734 2884
f 2884 2734 2885
f 2735 2737 2886
f 2886 2737 2888
f 2887 2890 2736
f 2736 2890 2738
f 2737 2739 2888
f 2888 2739 2891
f 2891 2892 2888
f 2888 2892 2889
f 2890 2893 2738
f 2738 2893 2741
f 2739 2740 2891
f 2891 2740 2892
f 2740 2743 2892
f 2892 2743 2894
f 2893 2896 2741
f 2741 2896 2744
f 2743 2746 2894
f 2894 2746 2898
f 2896 2900 2744
f 2744 2900 2748
f 2899 2900 2895
f 2895 2900 2896
f 2745 2749 2897
f 2897 2749 2901
f 2897 2898 2745
f 2745 2898 2746
f 2899 2902 2747
f 2747 2902 2750
f 2747 2748 2899
f 2899 2748 2900
f 2749 2751 2901
f 2901 2751 2903
f 2902 2904 2750
f 2750 2904 2752
f 2751 2753 2903
f 2903 2753 2905
f 2904 2906 2752
f 2752 2906 2754
f 2753 2755 2905
f 2905 2755 2907
f 2906 2908 2754
f 2754 2908 2756
f 2755 2757 2907
f 2907 2757 2909
f 2908 2910 2756
f 2756 2910 2758
f 2757 2759 2909
f 2909 2759 2911
f 2910 2912 2758
f 2758 2912 2760
f 2759 2762 2911
f 2911 2762 2913
f 2912 2914 2760
f 2760 2914 2763
f 2762 2765 2913
f 2913 2765 2916
f 2914 2918 2763
f 2763 2918 2766
f 2764 2767 2915
f 2915 2767 2919
f 2915 2916 2764
f 2764 2916 2765
f 2918 2921 2766
f 2766 2921 2768
f 2920 2921 2917
f 2917 2921 2918
f 2767 2769 2919
f 2919 2769 2922
f 2921 2924 2768
f 2768 2924 2770
f 2923 2924 2920
f 2920 2924 2921
f 2769 2772 2922
f 2922 2772 2925
f 2924 2927 2770
f 2770 2927 2773
f 2926 2927 2923
f 2923 2927 2924
f 2772 2775 2925
f 2925 2775 2929
f 2927 2930 2773
f 2773 2930 2776
f 2774 2777 2928
f 2928 2777 2931
f 2928 2929 2774
f 2774 2929 2775
f 2930 2932 2776
f 2776 2932 2778
f 2777 2779 2931
f 2931 2779 2933
f 2932 2934 2778
f 2778 2934 2780
f 2779 2781 2933
f 2933 2781 2935
f 2934 2936 2780
f 2780 2936 2782
f 2781 2783 2935
f 2935 2783 2937
f 2936 2940 2782
f 2782 2940 2785
f 2783 2784 2937
f 2937 2784 2938
f 2784 2786 2938
f 2938 2786 2941
f 2941 2942 2938
f 2938 2942 2939
f 2940 2945 2785
f 2785 2945 2788
f 2786 2787 2941
f 2941 2787 2942
f 2787 2789 2942
f 2942 2789 2946
f 2946 2947 2942
f 2942 2947 2943
f 2945 2956 2788
f 2788 2956 2798
f 2955 2956 2944
f 2944 2956 2945
f 2789 2790 2946
f 2946 2790 2947
f 2790 2791 2947
f 2947 2791 2948
f 2791 2792 2948
f 2948 2792 2949
f 2792 2793 2949
f 2949 2793 2950
f 2793 2794 2950
f 2950 2794 2951
f 2794 2795 2951
f 2951 2795 2952
f 2795 2800 2952
f 2952 2800 2957
f 2957 2958 2952
f 2952 2958 2953
f 2954 2981 2796
f 2796 2981 2822
f 2796 2797 2954
f 2954 2797 2955
f 2797 2798 2955
f 2955 2798 2956
f 2800 2801 2957
f 2957 2801 2958
f 2801 2802 2958
f 2958 2802 2959
f 2802 2803 2959
f 2959 2803 2960
f 2803 2804 2960
f 2960 2804 2961
f 2804 2805 2961
f 2961 2805 2962
f 2805 2806 2962
f 2962 2806 2963
f 2806 2807 2963
f 2963 2807 2964
f 2807 2808 2964
f 2964 2808 2965
f 2808 2809 2965
f 2965 2809 2966
f 2809 2810 2966
f 2966 2810 2967
f 2810 2811 2967
f 2967 2811 2968
f 2811 2812 2968
f 2968 2812 2969
f 2812 2813 2969
f 2969 2813 2970
f 2813 2814 2970
f 2970 2814 2971
f 2814 2815 2971
f 2971 2815 2972
f 2815 2823 2972
f 2972 2823 2982
f 2982 2983 2972
f 2972 2983 2973
f 2975 2985 2816
f 2816 2985 2826
f 2984 2985 2974
f 2974 2985 2975
f 2816 2817 2975
f 2975 2817 2976
f 2817 2818 2976
f 2976 2818 2977
f 2818 2819 2977
f 2977 2819 2978
f 2819 2820 2978
f 2978 2820 2979
f 2820 2821 2979
f 2979 2821 2980
f 2821 2822 2980
f 2980 2822 2981
f 2823 2824 2982
f 2982 2824 2983
f 2824 2825 2983
f 2983 2825 2984
f 2825 2826 2984
f 2984 2826 2985
f 2828 2848 2986
f 2986 2848 3005
f 2986 2987 2828
f 2828 2987 2829
f 2987 2988 2829
f 2829 2988 2830
f 2988 2989 2830
f 2830 2989 2831
f 2989 3006 2831
f 2831 3006 2849
f 2833 2860 2990
f 2990 2860 3017
f 2990 2991 2833
f 2833 2991 2834
f 2991 2992 2834
f 2834 2992 2835
f 2992 2993 2835
f 2835 2993 2836
f 2993 2994 2836
f 2836 2994 2837
f 2994 2995 2837
f 2837 2995 2838
f 2995 2996 2838
f 2838 2996 2839
f 2996 2997 2839
f 2839 2997 2840
f 2997 2998 2840
f 2840 2998 2841
f 2998 2999 2841
f 2841 2999 2842
f 2999 3000 2842
f 2842 3000 2843
f 3000 3001 2843
f 2843 3001 2844
f 3001 3002 2844
f 2844 3002 2845
f 3002 3003 2845
f 2845 3003 2846
f 3003 3004 2846
f 2846 3004 2847
f 3004 3005 2847
f 2847 3005 2848
f 3006 3007 2849
f 2849 3007 2850
f 3007 3008 2850
f 2850 3008 2851
f 3008 3009 2851
f 2851 3009 2852
f 3009 3010 2852
f 2852 3010 2853
f 3010 3011 2853
f 2853 3011 2854
f 3011 3012 2854
f 2854 3012 2855
f 3012 3013 2855
f 2855 3013 2856
f 3013 3014 2856
f 2856 3014 2857
f 3014 3015 2857
f 2857 3015 2858
f 3015 3018 2858
f 2858 3018 2861
f 2859 2866 3016
f 3016 2866 3022
f 3016 3017 2859
f 2859 3017 2860
f 3018 3019 2861
f 2861 3019 2862
f 3019 3020 2862
f 2862 3020 2863
f 3020 3021 2863
f 2863 3021 2864
f 3021 3023 2864
f 2864 3023 2867
f 2866 2870 3022
f 3022 2870 3026
f 3023 3024 2867
f 2867 3024 2868
f 3024 3027 2868
f 2868 3027 2871
f 2869 2873 3025
f 3025 2873 3029
f 3025 3026 2869
f 2869 3026 2870
f 3027 3028 2871
f 2871 3028 2872
f 3028 3030 2872
f 2872 3030 2874
f 2873 2875 3029
f 3029 2875 3031
f 3030 3032 2874
f 2874 3032 2876
f 2875 2877 3031
f 3031 2877 3033
f 3032 3034 2876
f 2876 3034 2878
f 2877 2879 3033
f 3033 2879 3035
f 3034 3036 2878
f 2878 3036 2880
f 2879 2881 3035
f 3035 2881 3037
f 3036 3039 2880
f 2880 3039 2882
f 2881 2883 3037
f 3037 2883 3040
f 3039 3042 2882
f 2882 3042 2885
f 3041 3042 3038
f 3038 3042 3039
f 2883 2886 3040
f 3040 2886 3043
f 3041 3045 2884
f 2884 3045 2887
f 2884 2885 3041
f 3041 2885 3042
f 2886 2888 3043
f 3043 2888 3046
f 3046 3047 3043
f 3043 3047 3044
f 3045 3048 2887
f 2887 3048 2890
f 2888 2889 3046
f 3046 2889 3047
f 2889 2892 3047
f 3047 2892 3049
f 3048 3050 2890
f 2890 3050 2893
f 2892 2894 3049
f 3049 2894 3051
f 3050 3053 2893
f 2893 3053 2896
f 2894 2898 3051
f 3051 2898 3055
f 3052 3056 2895
f 2895 3056 2899
f 2895 2896 3052
f 3052 2896 3053
f 2897 2901 3054
f 3054 2901 3057
f 3054 3055 2897
f 2897 3055 2898
f 3057 3058 3054
f 3054 3058 3055
f 3056 3059 2899
f 2899 3059 2902
f 2901 2903 3057
f 3057 2903 3060
f 3059 3061 2902
f 2902 3061 2904
f 2903 2905 3060
f 3060 2905 3062
f 3061 3063 2904
f 2904 3063 2906
f 2905 2907 3062
f 3062 2907 3064
f 3063 3065 2906
f 2906 3065 2908
f 2907 2909 3064
f 3064 2909 3066
f 3065 3067 2908
f 2908 3067 2910
f 2909 2911 3066
f 3066 2911 3068
f 3067 3069 2910
f 2910 3069 2912
f 2911 2913 3068
f 3068 2913 3070
f 3069 3072 2912
f 2912 3072 2914
f 2913 2916 3070
f 3070 2916 3074
f 3072 3076 2914
f 2914 3076 2918
f 3075 3076 3071
f 3071 3076 3072
f 2915 2919 3073
f 3073 2919 3077
f 3073 3074 2915
f 2915 3074 2916
f 3075 3078 2917
f 2917 3078 2920
f 2917 2918 3075
f 3075 2918 3076
f 2919 2922 3077
f 3077 2922 3079
f 3078 3080 2920
f 2920 3080 2923
f 2922 2925 3079
f 3079 2925 3081
f 3080 3082 2923
f 2923 3082 2926
f 2925 2929 3081
f 3081 2929 3085
f 3082 3083 2926
f 2926 3083 2927
f 3083 3087 2927
f 2927 3087 2930
f 3086 3087 3082
f 3082 3087 3083
f 2928 2931 3084
f 3084 2931 3088
f 3084 3085 2928
f 2928 3085 2929
f 3087 3089 2930
f 2930 3089 2932
f 2931 2933 3088
f 3088 2933 3090
f 3089 3091 2932
f 2932 3091 2934
f 2933 2935 3090
f 3090 2935 3092
f 3091 3093 2934
f 2934 3093 2936
f 2935 2937 3092
f 3092 2937 3094
f 3093 3097 2936
f 2936 3097 2940
f 2937 2938 3094
f 3094 2938 3095
f 2938 2939 3095
f 3095 2939 3096
f 2939 2942 3096
f 3096 2942 3098
f 3097 3101 2940
f 2940 3101 2945
f 2942 2943 3098
f 3098 2943 3099
f 2943 2947 3099
f 3099 2947 3102
f 3100 3111 2944
f 2944 3111 2955
f 2944 2945 3100
f 3100 2945 3101
f 2947 2948 3102
f 3102 2948 3103
f 2948 2949 3103
f 3103 2949 3104
f 2949 2950 3104
f 3104 2950 3105
f 2950 2951 3105
f 3105 2951 3106
f 2951 2952 3106
f 3106 2952 3107
f 2952 2953 3107
f 3107 2953 3108
f 2953 2958 3108
f 3108 2958 3112
f 3112 3113 3108
f 3108 3113 3109
f 3110 3135 2954
f 2954 3135 2981
f 2954 2955 3110
f 3110 2955 3111
f 2958 2959 3112
f 3112 2959 3113
f 2959 2960 3113
f 3113 2960 3114
f 2960 2961 3114
f 3114 2961 3115
f 2961 2962 3115
f 3115 2962 3116
f 2962 2963 3116
f 3116 2963 3117
f 2963 2964 3117
f 3117 2964 3118
f 2964 2965 3118
f 3118 2965 3119
f 2965 2966 3119
f 3119 2966 3120
f 2966 2967 3120
f 3120 2967 3121
f 2967 2968 3121
f 3121 2968 3122
f 2968 2969 3122
f 3122 2969 3123
f 2969 2970 3123
f 3123 2970 3124
f 2970 2971 3124
f 3124 2971 3125
f 2971 2972 3125
f 3125 2972 3126
f 2972 2973 3126
f 3126 2973 3127
f 2973 2983 3127
f 3127 2983 3136
f 3128 3137 2974
f 2974 3137 2984
f 3136 3137 3127
f 3127 3137 3128
f 2974 2975 3128
f 3128 2975 3129
f 2975 2976 3129
f 3129 2976 3130
f 2976 2977 3130
f 3130 2977 3131
f 2977 2978 3131
f 3131 2978 3132
f 2978 2979 3132
f 3132 2979 3133
f 2979 2980 3133
f 3133 2980 3134
f 2980 2981 3134
f 3134 2981 3135
f 2983 2984 3136
f 3136 2984 3137
f 2986 3005 3139
f 3139 3005 3158
f 3138 3139 3157
f 3157 3139 3158
f 3139 3140 2986
f 2986 3140 2987
f 3140 3141 2987
f 2987 3141 2988
f 3141 3142 2988
f 2988 3142 2989
f 3142 3160 2989
f 2989 3160 3006
f 3159 3160 3141
f 3141 3160 3142
f 2990 3017 3143
f 3143 3017 3171
f 3143 3144 2990
f 2990 3144 2991
f 3144 3145 2991
f 2991 3145 2992
f 3145 3146 2992
f 2992 3146 2993
f 3146 3147 2993
f 2993 3147 2994
f 3147 3148 2994
f 2994 3148 2995
f 3148 3149 2995
f 2995 3149 2996
f 3149 3150 2996
f 2996 3150 2997
f 3150 3151 2997
f 2997 3151 2998
f 3151 3152 2998
f 2998 3152 2999
f 3152 3153 2999
f 2999 3153 3000
f 3153 3154 3000
f 3000 3154 3001
f 3154 3155 3001
f 3001 3155 3002
f 3155 3156 3002
f 3002 3156 3003
f 3156 3157 3003
f 3003 3157 3004
f 3157 3158 3004
f 3004 3158 3005
f 3160 3161 3006
f 3006 3161 3007
f 3161 3162 3007
f 3007 3162 3008
f 3162 3163 3008
f 3008 3163 3009
f 3163 3164 3009
f 3009 3164 3010
f 3164 3165 3010
f 3010 3165 3011
f 3165 3166 3011
f 3011 3166 3012
f 3166 3167 3012
f 3012 3167 3013
f 3167 3168 3013
f 3013 3168 3014
f 3168 3169 3014
f 3014 3169 3015
f 3169 3172 3015
f 3015 3172 3018
f 3016 3022 3170
f 3170 3022 3176
f 3170 3171 3016
f 3016 3171 3017
f 3172 3173 3018
f 3018 3173 3019
f 3173 3174 3019
f 3019 3174 3020
f 3174 3175 3020
f 3020 3175 3021
f 3175 3177 3021
f 3021 3177 3023
f 3022 3026 3176
f 3176 3026 3180
f 3177 3178 3023
f 3023 3178 3024
f 3178 3181 3024
f 3024 3181 3027
f 3025 3029 3179
f 3179 3029 3183
f 3179 3180 3025
f 3025 3180 3026
f 3181 3182 3027
f 3027 3182 3028
f 3182 3184 3028
f 3028 3184 3030
f 3029 3031 3183
f 3183 3031 3185
f 3184 3186 3030
f 3030 3186 3032
f 3031 3033 3185
f 3185 3033 3187
f 3186 3188 3032
f 3032 3188 3034
f 3033 3035 3187
f 3187 3035 3189
f 3188 3190 3034
f 3034 3190 3036
f 3035 3037 3189
f 3189 3037 3191
f 3190 3193 3036
f 3036 3193 3039
f 3037 3040 3191
f 3191 3040 3194
f 3192 3195 3038
f 3038 3195 3041
f 3038 3039 3192
f 3192 3039 3193
f 3040 3043 3194
f 3194 3043 3196
f 3195 3198 3041
f 3041 3198 3045
f 3043 3044 3196
f 3196 3044 3197
f 3044 3047 3197
f 3197 3047 3199
f 3198 3200 3045
f 3045 3200 3048
f 3047 3049 3199
f 3199 3049 3201
f 3200 3202 3048
f 3048 3202 3050
f 3049 3051 3201
f 3201 3051 3203
f 3202 3205 3050
f 3050 3205 3053
f 3051 3055 3203
f 3203 3055 3206
f 3204 3207 3052
f 3052 3207 3056
f 3052 3053 3204
f 3204 3053 3205
f 3055 3058 3206
f 3206 3058 3209
f 3207 3210 3056
f 3056 3210 3059
f 3057 3060 3208
f 3208 3060 3211
f 3208 3209 3057
f 3057 3209 3058
f 3210 3212 3059
f 3059 3212 3061
f 3060 3062 3211
f 3211 3062 3213
f 3212 3214 3061
f 3061 3214 3063
f 3062 3064 3213
f 3213 3064 3215
f 3214 3217 3063
f 3063 3217 3065
f 3064 3066 3215
f 3215 3066 3218
f 3217 3220 3065
f 3065 3220 3067
f 3219 3220 3216
f 3216 3220 3217
f 3066 3068 3218
f 3218 3068 3221
f 3220 3223 3067
f 3067 3223 3069
f 3222 3223 3219
f 3219 3223 3220
f 3068 3070 3221
f 3221 3070 3224
f 3223 3226 3069
f 3069 3226 3072
f 3225 3226 3222
f 3222 3226 3223
f 3070 3074 3224
f 3224 3074 3228
f 3225 3229 3071
f 3071 3229 3075
f 3071 3072 3225
f 3225 3072 3226
f 3073 3077 3227
f 3227 3077 3230
f 3227 3228 3073
f 3073 3228 3074
f 3230 3231 3227
f 3227 3231 3228
f 3229 3232 3075
f 3075 3232 3078
f 3077 3079 3230
f 3230 3079 3233
f 3232 3234 3078
f 3078 3234 3080
f 3079 3081 3233
f 3233 3081 3235
f 3234 3236 3080
f 3080 3236 3082
f 3081 3085 3235
f 3235 3085 3238
f 3236 3239 3082
f 3082 3239 3086
f 3084 3088 3237
f 3237 3088 3241
f 3237 3238 3084
f 3084 3238 3085
f 3241 3242 3237
f 3237 3242 3238
f 3239 3240 3086
f 3086 3240 3087
f 3240 3244 3087
f 3087 3244 3089
f 3243 3244 3239
f 3239 3244 3240
f 3088 3090 3241
f 3241 3090 3245
f 3244 3246 3089
f 3089 3246 3091
f 3090 3092 3245
f 3245 3092 3247
f 3246 3249 3091
f 3091 3249 3093
f 3092 3094 3247
f 3247 3094 3250
f 3250 3251 3247
f 3247 3251 3248
f 3249 3253 3093
f 3093 3253 3097
f 3094 3095 3250
f 3250 3095 3251
f 3095 3096 3251
f 3251 3096 3252
f 3096 3098 3252
f 3252 3098 3254
f 3253 3257 3097
f 3097 3257 3101
f 3098 3099 3254
f 3254 3099 3255
f 3099 3102 3255
f 3255 3102 3258
f 3256 3269 3100
f 3100 3269 3111
f 3100 3101 3256
f 3256 3101 3257
f 3102 3103 3258
f 3258 3103 3259
f 3103 3104 3259
f 3259 3104 3260
f 3104 3105 3260
f 3260 3105 3261
f 3105 3106 3261
f 3261 3106 3262
f 3106 3107 3262
f 3262 3107 3263
f 3107 3108 3263
f 3263 3108 3264
f 3108 3109 3264
f 3264 3109 3265
f 3109 3113 3265
f 3265 3113 3270
f 3270 3271 3265
f 3265 3271 3266
f 3271 3272 3266
f 3266 3272 3267
f 3268 3292 3110
f 3110 3292 3135
f 3110 3111 3268
f 3268 3111 3269
f 3113 3114 3270
f 3270 3114 3271
f 3114 3115 3271
f 3271 3115 3272
f 3115 3116 3272
f 3272 3116 3273
f 3116 3117 3273
f 3273 3117 3274
f 3117 3118 3274
f 3274 3118 3275
f 3118 3119 3275
f 3275 3119 3276
f 3119 3120 3276
f 3276 3120 3277
f 3120 3121 3277
f 3277 3121 3278
f 3121 3122 3278
f 3278 3122 3279
f 3122 3123 3279
f 3279 3123 3280
f 3123 3124 3280
f 3280 3124 3281
f 3124 3125 3281
f 3281 3125 3282
f 3125 3126 3282
f 3282 3126 3283
f 3126 3127 3283
f 3283 3127 3284
f 3127 3128 3284
f 3284 3128 3285
f 3128 3129 3285
f 3285 3129 3286
f 3129 3130 3286
f 3286 3130 3287
f 3130 3131 3287
f 3287 3131 3288
f 3131 3132 3288
f 3288 3132 3289
f 3132 3133 3289
f 3289 3133 3290
f 3133 3134 3290
f 3290 3134 3291
f 3134 3135 3291
f 3291 3135 3292
f 3293 3294 3311
f 3311 3294 3312
f 3138 3157 3295
f 3295 3157 3313
f 3294 3295 3312
f 3312 3295 3313
f 3295 3296 3138
f 3138 3296 3139
f 3296 3297 3139
f 3139 3297 3140
f 3297 3298 3140
f 3140 3298 3141
f 3298 3314 3141
f 3141 3314 3159
f 3143 3171 3299
f 3299 3171 3327
f 3299 3300 3143
f 3143 3300 3144
f 3300 3301 3144
f 3144 3301 3145
f 3301 3302 3145
f 3145 3302 3146
f 3302 3303 3146
f 3146 3303 3147
f 3303 3304 3147
f 3147 3304 3148
f 3304 3305 3148
f 3148 3305 3149
f 3305 3306 3149
f 3149 3306 3150
f 3306 3307 3150
f 3150 3307 3151
f 3307 3308 3151
f 3151 3308 3152
f 3308 3309 3152
f 3152 3309 3153
f 3309 3310 3153
f 3153 3310 3154
f 3310 3311 3154
f 3154 3311 3155
f 3311 3312 3155
f 3155 3312 3156
f 3312 3313 3156
f 3156 3313 3157
f 3314 3315 3159
f 3159 3315 3160
f 3315 3316 3160
f 3160 3316 3161
f 3316 3317 3161
f 3161 3317 3162
f 3317 3318 3162
f 3162 3318 3163
f 3318 3319 3163
f 3163 3319 3164
f 3319 3320 3164
f 3164 3320 3165
f 3320 3321 3165
f 3165 3321 3166
f 3321 3322 3166
f 3166 3322 3167
f 3322 3323 3167
f 3167 3323 3168
f 3323 3324 3168
f 3168 3324 3169
f 3324 3328 3169
f 3169 3328 3172
f 3324 3325 3328
f 3328 3325 3329
f 3170 3176 3326
f 3326 3176 3332
f 3326 3327 3170
f 3170 3327 3171
f 3328 3329 3172
f 3172 3329 3173
f 3329 3330 3173
f 3173 3330 3174
f 3330 3331 3174
f 3174 3331 3175
f 3331 3333 3175
f 3175 3333 3177
f 3176 3180 3332
f 3332 3180 3336
f 3333 3334 3177
f 3177 3334 3178
f 3334 3337 3178
f 3178 3337 3181
f 3179 3183 3335
f 3335 3183 3339
f 3335 3336 3179
f 3179 3336 3180
f 3337 3338 3181
f 3181 3338 3182
f 3338 3340 3182
f 3182 3340 3184
f 3183 3185 3339
f 3339 3185 3341
f 3340 3342 3184
f 3184 3342 3186
f 3185 3187 3341
f 3341 3187 3343
f 3342 3344 3186
f 3186 3344 3188
f 3187 3189 3343
f 3343 3189 3345
f 3344 3347 3188
f 3188 3347 3190
f 3189 3191 3345
f 3345 3191 3348
f 3347 3350 3190
f 3190 3350 3193
f 3349 3350 3346
f 3346 3350 3347
f 3191 3194 3348
f 3348 3194 3351
f 3349 3352 3192
f 3192 3352 3195
f 3192 3193 3349
f 3349 3193 3350
f 3194 3196 3351
f 3351 3196 3353
f 3352 3355 3195
f 3195 3355 3198
f 3196 3197 3353
f 3353 3197 3354
f 3197 3199 3354
f 3354 3199 3356
f 3355 3357 3198
f 3198 3357 3200
f 3199 3201 3356
f 3356 3201 3358
f 3357 3360 3200
f 3200 3360 3202
f 3201 3203 3358
f 3358 3203 3361
f 3360 3363 3202
f 3202 3363 3205
f 3362 3363 3359
f 3359 3363 3360
f 3203 3206 3361
f 3361 3206 3364
f 3362 3365 3204
f 3204 3365 3207
f 3204 3205 3362
f 3362 3205 3363
f 3206 3209 3364
f 3364 3209 3367
f 3365 3368 3207
f 3207 3368 3210
f 3208 3211 3366
f 3366 3211 3369
f 3366 3367 3208
f 3208 3367 3209
f 3368 3370 3210
f 3210 3370 3212
f 3211 3213 3369
f 3369 3213 3371
f 3370 3373 3212
f 3212 3373 3214
f 3213 3215 3371
f 3371 3215 3374
f 3373 3376 3214
f 3214 3376 3217
f 3375 3376 3372
f 3372 3376 3373
f 3215 3218 3374
f 3374 3218 3377
f 3375 3378 3216
f 3216 3378 3219
f 3216 3217 3375
f 3375 3217 3376
f 3218 3221 3377
f 3377 3221 3379
f 3378 3380 3219
f 3219 3380 3222
f 3221 3224 3379
f 3379 3224 3381
f 3380 3382 3222
f 3222 3382 3225
f 3224 3228 3381
f 3381 3228 3383
f 3382 3384 3225
f 3225 3384 3229
f 3228 3231 3383
f 3383 3231 3386
f 3384 3387 3229
f 3229 3387 3232
f 3230 3233 3385
f 3385 3233 3388
f 3385 3386 3230
f 3230 3386 3231
f 3387 3389 3232
f 3232 3389 3234
f 3233 3235 3388
f 3388 3235 3390
f 3389 3391 3234
f 3234 3391 3236
f 3235 3238 3390
f 3390 3238 3392
f 3391 3393 3236
f 3236 3393 3239
f 3238 3242 3392
f 3392 3242 3395
f 3393 3396 3239
f 3239 3396 3243
f 3241 3245 3394
f 3394 3245 3398
f 3394 3395 3241
f 3241 3395 3242
f 3396 3397 3243
f 3243 3397 3244
f 3397 3400 3244
f 3244 3400 3246
f 3399 3400 3396
f 3396 3400 3397
f 3245 3247 3398
f 3398 3247 3401
f 3400 3403 3246
f 3246 3403 3249
f 3247 3248 3401
f 3401 3248 3402
f 3248 3251 3402
f 3402 3251 3404
f 3403 3406 3249
f 3249 3406 3253
f 3251 3252 3404
f 3404 3252 3405
f 3252 3254 3405
f 3405 3254 3407
f 3406 3410 3253
f 3253 3410 3257
f 3254 3255 3407
f 3407 3255 3408
f 3255 3258 3408
f 3408 3258 3411
f 3409 3424 3256
f 3256 3424 3269
f 3256 3257 3409
f 3409 3257 3410
f 3258 3259 3411
f 3411 3259 3412
f 3259 3260 3412
f 3412 3260 3413
f 3260 3261 3413
f 3413 3261 3414
f 3261 3262 3414
f 3414 3262 3415
f 3262 3263 3415
f 3415 3263 3416
f 3263 3264 3416
f 3416 3264 3417
f 3264 3265 3417
f 3417 3265 3418
f 3265 3266 3418
f 3418 3266 3419
f 3266 3267 3419
f 3419 3267 3420
f 3267 3272 3420
f 3420 3272 3425
f 3425 3426 3420
f 3420 3426 3421
f 3423 3445 3268
f 3268 3445 3292
f 3444 3445 3422
f 3422 3445 3423
f 3268 3269 3423
f 3423 3269 3424
f 3272 3273 3425
f 3425 3273 3426
f 3273 3274 3426
f 3426 3274 3427
f 3274 3275 3427
f 3427 3275 3428
f 3275 3276 3428
f 3428 3276 3429
f 3276 3277 3429
f 3429 3277 3430
f 3277 3278 3430
f 3430 3278 3431
f 3278 3279 3431
f 3431 3279 3432
f 3279 3280 3432
f 3432 3280 3433
f 3280 3281 3433
f 3433 3281 3434
f 3281 3282 3434
f 3434 3282 3435
f 3282 3283 3435
f 3435 3283 3436
f 3283 3284 3436
f 3436 3284 3437
f 3284 3285 3437
f 3437 3285 3438
f 3285 3286 3438
f 3438 3286 3439
f 3286 3287 3439
f 3439 3287 3440
f 3287 3288 3440
f 3440 3288 3441
f 3288 3289 3441
f 3441 3289 3442
f 3289 3290 3442
f 3442 3290 3443
f 3290 3291 3443
f 3443 3291 3444
f 3291 3292 3444
f 3444 3292 3445
f 3293 3311 3447
f 3447 3311 3465
f 3446 3447 3464
f 3464 3447 3465
f 3447 3448 3293
f 3293 3448 3294
f 3448 3449 3294
f 3294 3449 3295
f 3449 3450 3295
f 3295 3450 3296
f 3450 3451 3296
f 3296 3451 3297
f 3451 3452 3297
f 3297 3452 3298
f 3452 3466 3298
f 3298 3466 3314
f 3299 3327 3453
f 3453 3327 3479
f 3453 3454 3299
f 3299 3454 3300
f 3454 3455 3300
f 3300 3455 3301
f 3455 3456 3301
f 3301 3456 3302
f 3456 3457 3302
f 3302 3457 3303
f 3457 3458 3303
f 3303 3458 3304
f 3458 3459 3304
f 3304 3459 3305
f 3459 3460 3305
f 3305 3460 3306
f 3460 3461 3306
f 3306 3461 3307
f 3461 3462 3307
f 3307 3462 3308
f 3462 3463 3308
f 3308 3463 3309
f 3463 3464 3309
f 3309 3464 3310
f 3464 3465 3310
f 3310 3465 3311
f 3466 3467 3314
f 3314 3467 3315
f 3467 3468 3315
f 3315 3468 3316
f 3468 3469 3316
f 3316 3469 3317
f 3469 3470 3317
f 3317 3470 3318
f 3470 3471 3318
f 3318 3471 3319
f 3471 3472 3319
f 3319 3472 3320
f 3472 3473 3320
f 3320 3473 3321
f 3473 3474 3321
f 3321 3474 3322
f 3474 3475 3322
f 3322 3475 3323
f 3475 3476 3323
f 3323 3476 3324
f 3476 3477 3324
f 3324 3477 3325
f 3477 3480 3325
f 3325 3480 3329
f 3326 3332 3478
f 3478 3332 3483
f 3478 3479 3326
f 3326 3479 3327
f 3480 3481 3329
f 3329 3481 3330
f 3481 3482 3330
f 3330 3482 3331
f 3482 3484 3331
f 3331 3484 3333
f 3332 3336 3483
f 3483 3336 3487
f 3484 3485 3333
f 3333 3485 3334
f 3485 3488 3334
f 3334 3488 3337
f 3335 3339 3486
f 3486 3339 3490
f 3486 3487 3335
f 3335 3487 3336
f 3488 3489 3337
f 3337 3489 3338
f 3489 3491 3338
f 3338 3491 3340
f 3339 3341 3490
f 3490 3341 3492
f 3491 3493 3340
f 3340 3493 3342
f 3341 3343 3492
f 3492 3343 3494
f 3493 3495 3342
f 3342 3495 3344
f 3343 3345 3494
f 3494 3345 3496
f 3495 3498 3344
f 3344 3498 3347
f 3345 3348 3496
f 3496 3348 3499
f 3497 3500 3346
f 3346 3500 3349
f 3346 3347 3497
f 3497 3347 3498
f 3348 3351 3499
f 3499 3351 3501
f 3500 3502 3349
f 3349 3502 3352
f 3351 3353 3501
f 3501 3353 3503
f 3502 3505 3352
f 3352 3505 3355
f 3353 3354 3503
f 3503 3354 3504
f 3354 3356 3504
f 3504 3356 3507
f 3503 3504 3506
f 3506 3504 3507
f 3505 3508 3355
f 3355 3508 3357
f 3356 3358 3507
f 3507 3358 3509
f 3508 3511 3357
f 3357 3511 3360
f 3358 3361 3509
f 3509 3361 3512
f 3510 3513 3359
f 3359 3513 3362
f 3359 3360 3510
f 3510 3360 3511
f 3361 3364 3512
f 3512 3364 3514
f 3513 3515 3362
f 3362 3515 3365
f 3364 3367 3514
f 3514 3367 3517
f 3515 3518 3365
f 3365 3518 3368
f 3366 3369 3516
f 3516 3369 3519
f 3516 3517 3366
f 3366 3517 3367
f 3518 3520 3368
f 3368 3520 3370
f 3369 3371 3519
f 3519 3371 3521
f 3520 3523 3370
f 3370 3523 3373
f 3371 3374 3521
f 3521 3374 3524
f 3522 3525 3372
f 3372 3525 3375
f 3372 3373 3522
f 3522 3373 3523
f 3374 3377 3524
f 3524 3377 3526
f 3525 3527 3375
f 3375 3527 3378
f 3377 3379 3526
f 3526 3379 3528
f 3527 3529 3378
f 3378 3529 3380
f 3379 3381 3528
f 3528 3381 3530
f 3529 3531 3380
f 3380 3531 3382
f 3381 3383 3530
f 3530 3383 3532
f 3531 3533 3382
f 3382 3533 3384
f 3383 3386 3532
f 3532 3386 3535
f 3533 3536 3384
f 3384 3536 3387
f 3385 3388 3534
f 3534 3388 3537
f 3534 3535 3385
f 3385 3535 3386
f 3536 3538 3387
f 3387 3538 3389
f 3388 3390 3537
f 3537 3390 3539
f 3538 3540 3389
f 3389 3540 3391
f 3390 3392 3539
f 3539 3392 3541
f 3540 3542 3391
f 3391 3542 3393
f 3392 3395 3541
f 3541 3395 3544
f 3542 3545 3393
f 3393 3545 3396
f 3394 3398 3543
f 3543 3398 3546
f 3543 3544 3394
f 3394 3544 3395
f 3545 3547 3396
f 3396 3547 3399
f 3398 3401 3546
f 3546 3401 3549
f 3547 3548 3399
f 3399 3548 3400
f 3548 3552 3400
f 3400 3552 3403
f 3551 3552 3547
f 3547 3552 3548
f 3401 3402 3549
f 3549 3402 3550
f 3402 3404 3550
f 3550 3404 3553
f 3552 3556 3403
f 3403 3556 3406
f 3404 3405 3553
f 3553 3405 3554
f 3405 3407 3554
f 3554 3407 3557
f 3556 3560 3406
f 3406 3560 3410
f 3559 3560 3555
f 3555 3560 3556
f 3407 3408 3557
f 3557 3408 3558
f 3408 3411 3558
f 3558 3411 3561
f 3559 3575 3409
f 3409 3575 3424
f 3409 3410 3559
f 3559 3410 3560
f 3411 3412 3561
f 3561 3412 3562
f 3412 3413 3562
f 3562 3413 3563
f 3413 3414 3563
f 3563 3414 3564
f 3414 3415 3564
f 3564 3415 3565
f 3415 3416 3565
f 3565 3416 3566
f 3416 3417 3566
f 3566 3417 3567
f 3417 3418 3567
f 3567 3418 3568
f 3418 3419 3568
f 3568 3419 3569
f 3419 3420 3569
f 3569 3420 3570
f 3420 3421 3570
f 3570 3421 3571
f 3421 3426 3571
f 3571 3426 3576
f 3576 3577 3571
f 3571 3577 3572
f 3573 3594 3422
f 3422 3594 3444
f 3422 3423 3573
f 3573 3423 3574
f 3423 3424 3574
f 3574 3424 3575
f 3426 3427 3576
f 3576 3427 3577
f 3427 3428 3577
f 3577 3428 3578
f 3428 3429 3578
f 3578 3429 3579
f 3429 3430 3579
f 3579 3430 3580
f 3430 3431 3580
f 3580 3431 3581
f 3431 3432 3581
f 3581 3432 3582
f 3432 3433 3582
f 3582 3433 3583
f 3433 3434 3583
f 3583 3434 3584
f 3434 3435 3584
f 3584 3435 3585
f 3435 3436 3585
f 3585 3436 3586
f 3436 3437 3586
f 3586 3437 3587
f 3437 3438 3587
f 3587 3438 3588
f 3438 3439 3588
f 3588 3439 3589
f 3439 3440 3589
f 3589 3440 3590
f 3440 3441 3590
f 3590 3441 3591
f 3441 3442 3591
f 3591 3442 3592
f 3442 3443 3592
f 3592 3443 3593
f 3443 3444 3593
f 3593 3444 3594
f 3446 3464 3596
f 3596 3464 3616
f 3595 3596 3615
f 3615 3596 3616
f 3596 3597 3446
f 3446 3597 3447
f 3597 3598 3447
f 3447 3598 3448
f 3598 3599 3448
f 3448 3599 3449
f 3599 3600 3449
f 3449 3600 3450
f 3600 3601 3450
f 3450 3601 3451
f 3601 3602 3451
f 3451 3602 3452
f 3602 3617 3452
f 3452 3617 3466
f 3603 3604 3622
f 3622 3604 3623
f 3453 3479 3605
f 3605 3479 3630
f 3605 3606 3453
f 3453 3606 3454
f 3606 3607 3454
f 3454 3607 3455
f 3607 3608 3455
f 3455 3608 3456
f 3608 3609 3456
f 3456 3609 3457
f 3609 3610 3457
f 3457 3610 3458
f 3610 3611 3458
f 3458 3611 3459
f 3611 3612 3459
f 3459 3612 3460
f 3612 3613 3460
f 3460 3613 3461
f 3613 3614 3461
f 3461 3614 3462
f 3614 3615 3462
f 3462 3615 3463
f 3615 3616 3463
f 3463 3616 3464
f 3617 3618 3466
f 3466 3618 3467
f 3618 3619 3467
f 3467 3619 3468
f 3619 3620 3468
f 3468 3620 3469
f 3620 3621 3469
f 3469 3621 3470
f 3621 3622 3470
f 3470 3622 3471
f 3622 3623 3471
f 3471 3623 3472
f 3623 3624 3472
f 3472 3624 3473
f 3624 3625 3473
f 3473 3625 3474
f 3625 3626 3474
f 3474 3626 3475
f 3626 3627 3475
f 3475 3627 3476
f 3627 3628 3476
f 3476 3628 3477
f 3628 3631 3477
f 3477 3631 3480
f 3478 3483 3629
f 3629 3483 3634
f 3629 3630 3478
f 3478 3630 3479
f 3631 3632 3480
f 3480 3632 3481
f 3632 3633 3481
f 3481 3633 3482
f 3633 3635 3482
f 3482 3635 3484
f 3483 3487 3634
f 3634 3487 3638
f 3635 3636 3484
f 3484 3636 3485
f 3636 3639 3485
f 3485 3639 3488
f 3486 3490 3637
f 3637 3490 3641
f 3637 3638 3486
f 3486 3638 3487
f 3639 3640 3488
f 3488 3640 3489
f 3640 3642 3489
f 3489 3642 3491
f 3490 3492 3641
f 3641 3492 3643
f 3642 3644 3491
f 3491 3644 3493
f 3492 3494 3643
f 3643 3494 3645
f 3644 3646 3493
f 3493 3646 3495
f 3494 3496 3645
f 3645 3496 3647
f 3646 3649 3495
f 3495 3649 3498
f 3496 3499 3647
f 3647 3499 3650
f 3648 3651 3497
f 3497 3651 3500
f 3497 3498 3648
f 3648 3498 3649
f 3499 3501 3650
f 3650 3501 3652
f 3651 3653 3500
f 3500 3653 3502
f 3501 3503 3652
f 3652 3503 3654
f 3653 3655 3502
f 3502 3655 3505
f 3503 3506 3654
f 3654 3506 3656
f 3655 3659 3505
f 3505 3659 3508
f 3506 3507 3656
f 3656 3507 3657
f 3507 3509 3657
f 3657 3509 3660
f 3659 3662 3508
f 3508 3662 3511
f 3661 3662 3658
f 3658 3662 3659
f 3509 3512 3660
f 3660 3512 3663
f 3661 3664 3510
f 3510 3664 3513
f 3510 3511 3661
f 3661 3511 3662
f 3512 3514 3663
f 3663 3514 3665
f 3664 3666 3513
f 3513 3666 3515
f 3514 3517 3665
f 3665 3517 3668
f 3666 3669 3515
f 3515 3669 3518
f 3516 3519 3667
f 3667 3519 3670
f 3667 3668 3516
f 3516 3668 3517
f 3669 3672 3518
f 3518 3672 3520
f 3519 3521 3670
f 3670 3521 3673
f 3672 3675 3520
f 3520 3675 3523
f 3674 3675 3671
f 3671 3675 3672
f 3521 3524 3673
f 3673 3524 3676
f 3674 3677 3522
f 3522 3677 3525
f 3522 3523 3674
f 3674 3523 3675
f 3524 3526 3676
f 3676 3526 3678
f 3677 3679 3525
f 3525 3679 3527
f 3526 3528 3678
f 3678 3528 3680
f 3679 3681 3527
f 3527 3681 3529
f 3528 3530 3680
f 3680 3530 3682
f 3681 3683 3529
f 3529 3683 3531
f 3530 3532 3682
f 3682 3532 3684
f 3683 3685 3531
f 3531 3685 3533
f 3532 3535 3684
f 3684 3535 3687
f 3685 3688 3533
f 3533 3688 3536
f 3534 3537 3686
f 3686 3537 3689
f 3686 3687 3534
f 3534 3687 3535
f 3688 3690 3536
f 3536 3690 3538
f 3537 3539 3689
f 3689 3539 3691
f 3690 3692 3538
f 3538 3692 3540
f 3539 3541 3691
f 3691 3541 3693
f 3692 3694 3540
f 3540 3694 3542
f 3541 3544 3693
f 3693 3544 3696
f 3694 3697 3542
f 3542 3697 3545
f 3543 3546 3695
f 3695 3546 3698
f 3695 3696 3543
f 3543 3696 3544
f 3697 3699 3545
f 3545 3699 3547
f 3546 3549 3698
f 3698 3549 3700
f 3699 3702 3547
f 3547 3702 3551
f 3549 3550 3700
f 3700 3550 3701
f 3550 3553 3701
f 3701 3553 3704
f 3702 3703 3551
f 3551 3703 3552
f 3703 3707 3552
f 3552 3707 3556
f 3706 3707 3702
f 3702 3707 3703
f 3553 3554 3704
f 3704 3554 3705
f 3554 3557 3705
f 3705 3557 3708
f 3706 3711 3555
f 3555 3711 3559
f 3555 3556 3706
f 3706 3556 3707
f 3557 3558 3708
f 3708 3558 3709
f 3558 3561 3709
f 3709 3561 3712
f 3712 3713 3709
f 3709 3713 3710
f 3711 3728 3559
f 3559 3728 3575
f 3561 3562 3712
f 3712 3562 3713
f 3562 3563 3713
f 3713 3563 3714
f 3563 3564 3714
f 3714 3564 3715
f 3564 3565 3715
f 3715 3565 3716
f 3565 3566 3716
f 3716 3566 3717
f 3566 3567 3717
f 3717 3567 3718
f 3567 3568 3718
f 3718 3568 3719
f 3568 3569 3719
f 3719 3569 3720
f 3569 3570 3720
f 3720 3570 3721
f 3570 3571 3721
f 3721 3571 3722
f 3571 3572 3722
f 3722 3572 3723
f 3572 3577 3723
f 3723 3577 3729
f 3729 3730 3723
f 3723 3730 3724
f 3726 3746 3573
f 3573 3746 3594
f 3745 3746 3725
f 3725 3746 3726
f 3573 3574 3726
f 3726 3574 3727
f 3574 3575 3727
f 3727 3575 3728
f 3577 3578 3729
f 3729 3578 3730
f 3578 3579 3730
f 3730 3579 3731
f 3579 3580 3731
f 3731 3580 3732
f 3580 3581 3732
f 3732 3581 3733
f 3581 3582 3733
f 3733 3582 3734
f 3582 3583 3734
f 3734 3583 3735
f 3583 3584 3735
f 3735 3584 3736
f 3584 3585 3736
f 3736 3585 3737
f 3585 3586 3737
f 3737 3586 3738
f 3586 3587 3738
f 3738 3587 3739
f 3587 3588 3739
f 3739 3588 3740
f 3588 3589 3740
f 3740 3589 3741
f 3589 3590 3741
f 3741 3590 3742
f 3590 3591 3742
f 3742 3591 3743
f 3591 3592 3743
f 3743 3592 3744
f 3592 3593 3744
f 3744 3593 3745
f 3593 3594 3745
f 3745 3594 3746
f 3595 3615 3748
f 3748 3615 3768
f 3747 3748 3767
f 3767 3748 3768
f 3748 3749 3595
f 3595 3749 3596
f 3749 3750 3596
f 3596 3750 3597
f 3750 3751 3597
f 3597 3751 3598
f 3751 3752 3598
f 3598 3752 3599
f 3752 3753 3599
f 3599 3753 3600
f 3753 3754 3600
f 3600 3754 3601
f 3754 3755 3601
f 3601 3755 3602
f 3755 3769 3602
f 3602 3769 3617
f 3603 3622 3756
f 3756 3622 3774
f 3756 3757 3603
f 3603 3757 3604
f 3757 3775 3604
f 3604 3775 3623
f 3605 3630 3758
f 3758 3630 3782
f 3758 3759 3605
f 3605 3759 3606
f 3759 3760 3606
f 3606 3760 3607
f 3760 3761 3607
f 3607 3761 3608
f 3761 3762 3608
f 3608 3762 3609
f 3762 3763 3609
f 3609 3763 3610
f 3763 3764 3610
f 3610 3764 3611
f 3764 3765 3611
f 3611 3765 3612
f 3765 3766 3612
f 3612 3766 3613
f 3766 3767 3613
f 3613 3767 3614
f 3767 3768 3614
f 3614 3768 3615
f 3769 3770 3617
f 3617 3770 3618
f 3770 3771 3618
f 3618 3771 3619
f 3771 3772 3619
f 3619 3772 3620
f 3772 3773 3620
f 3620 3773 3621
f 3773 3774 3621
f 3621 3774 3622
f 3775 3776 3623
f 3623 3776 3624
f 3776 3777 3624
f 3624 3777 3625
f 3777 3778 3625
f 3625 3778 3626
f 3778 3779 3626
f 3626 3779 3627
f 3779 3780 3627
f 3627 3780 3628
f 3780 3784 3628
f 3628 3784 3631
f 3783 3784 3779
f 3779 3784 3780
f 3629 3634 3781
f 3781 3634 3787
f 3781 3782 3629
f 3629 3782 3630
f 3784 3785 3631
f 3631 3785 3632
f 3785 3786 3632
f 3632 3786 3633
f 3786 3788 3633
f 3633 3788 3635
f 3634 3638 3787
f 3787 3638 3791
f 3788 3789 3635
f 3635 3789 3636
f 3789 3792 3636
f 3636 3792 3639
f 3637 3641 3790
f 3790 3641 3794
f 3790 3791 3637
f 3637 3791 3638
f 3792 3793 3639
f 3639 3793 3640
f 3793 3796 3640
f 3640 3796 3642
f 3795 3796 3792
f 3792 3796 3793
f 3641 3643 3794
f 3794 3643 3797
f 3796 3798 3642
f 3642 3798 3644
f 3643 3645 3797
f 3797 3645 3799
f 3798 3801 3644
f 3644 3801 3646
f 3645 3647 3799
f 3799 3647 3802
f 3801 3804 3646
f 3646 3804 3649
f 3803 3804 3800
f 3800 3804 3801
f 3647 3650 3802
f 3802 3650 3805
f 3803 3806 3648
f 3648 3806 3651
f 3648 3649 3803
f 3803 3649 3804
f 3650 3652 3805
f 3805 3652 3807
f 3806 3808 3651
f 3651 3808 3653
f 3652 3654 3807
f 3807 3654 3809
f 3808 3810 3653
f 3653 3810 3655
f 3654 3656 3809
f 3809 3656 3811
f 3810 3814 3655
f 3655 3814 3659
f 3656 3657 3811
f 3811 3657 3812
f 3657 3660 3812
f 3812 3660 3816
f 3811 3812 3815
f 3815 3812 3816
f 3813 3817 3658
f 3658 3817 3661
f 3658 3659 3813
f 3813 3659 3814
f 3660 3663 3816
f 3816 3663 3819
f 3815 3816 3818
f 3818 3816 3819
f 3817 3820 3661
f 3661 3820 3664
f 3663 3665 3819
f 3819 3665 3822
f 3818 3819 3821
f 3821 3819 3822
f 3820 3823 3664
f 3664 3823 3666
f 3665 3668 3822
f 3822 3668 3825
f 3821 3822 3824
f 3824 3822 3825
f 3823 3826 3666
f 3666 3826 3669
f 3667 3670 3824
f 3824 3670 3827
f 3824 3825 3667
f 3667 3825 3668
f 3826 3829 3669
f 3669 3829 3672
f 3670 3673 3827
f 3827 3673 3830
f 3828 3831 3671
f 3671 3831 3674
f 3671 3672 3828
f 3828 3672 3829
f 3673 3676 3830
f 3830 3676 3832
f 3831 3833 3674
f 3674 3833 3677
f 3676 3678 3832
f 3832 3678 3834
f 3833 3835 3677
f 3677 3835 3679
f 3678 3680 3834
f 3834 3680 3836
f 3835 3837 3679
f 3679 3837 3681
f 3680 3682 3836
f 3836 3682 3838
f 3837 3839 3681
f 3681 3839 3683
f 3682 3684 3838
f 3838 3684 3840
f 3839 3841 3683
f 3683 3841 3685
f 3684 3687 3840
f 3840 3687 3843
f 3841 3844 3685
f 3685 3844 3688
f 3686 3689 3842
f 3842 3689 3845
f 3842 3843 3686
f 3686 3843 3687
f 3844 3846 3688
f 3688 3846 3690
f 3689 3691 3845
f 3845 3691 3847
f 3846 3848 3690
f 3690 3848 3692
f 3691 3693 3847
f 3847 3693 3849
f 3848 3850 3692
f 3692 3850 3694
f 3693 3696 3849
f 3849 3696 3852
f 3850 3853 3694
f 3694 3853 3697
f 3695 3698 3851
f 3851 3698 3854
f 3851 3852 3695
f 3695 3852 3696
f 3853 3855 3697
f 3697 3855 3699
f 3698 3700 3854
f 3854 3700 3856
f 3855 3858 3699
f 3699 3858 3702
f 3700 3701 3856
f 3856 3701 3857
f 3701 3704 3857
f 3857 3704 3859
f 3858 3861 3702
f 3702 3861 3706
f 3704 3705 3859
f 3859 3705 3860
f 3705 3708 3860
f 3860 3708 3862
f 3861 3865 3706
f 3706 3865 3711
f 3708 3709 3862
f 3862 3709 3863
f 3709 3710 3863
f 3863 3710 3864
f 3710 3713 3864
f 3864 3713 3866
f 3865 3882 3711
f 3711 3882 3728
f 3713 3714 3866
f 3866 3714 3867
f 3714 3715 3867
f 3867 3715 3868
f 3715 3716 3868
f 3868 3716 3869
f 3716 3717 3869
f 3869 3717 3870
f 3717 3718 3870
f 3870 3718 3871
f 3718 3719 3871
f 3871 3719 3872
f 3719 3720 3872
f 3872 3720 3873
f 3720 3721 3873
f 3873 3721 3874
f 3721 3722 3874
f 3874 3722 3875
f 3722 3723 3875
f 3875 3723 3876
f 3723 3724 3876
f 3876 3724 3877
f 3724 3730 3877
f 3877 3730 3883
f 3883 3884 3877
f 3877 3884 3878
f 3879 3898 3725
f 3725 3898 3745
f 3725 3726 3879
f 3879 3726 3880
f 3726 3727 3880
f 3880 3727 3881
f 3727 3728 3881
f 3881 3728 3882
f 3730 3731 3883
f 3883 3731 3884
f 3731 3732 3884
f 3884 3732 3885
f 3732 3733 3885
f 3885 3733 3886
f 3733 3734 3886
f 3886 3734 3887
f 3734 3735 3887
f 3887 3735 3888
f 3735 3736 3888
f 3888 3736 3889
f 3736 3737 3889
f 3889 3737 3890
f 3737 3738 3890
f 3890 3738 3891
f 3738 3739 3891
f 3891 3739 3892
f 3739 3740 3892
f 3892 3740 3893
f 3740 3741 3893
f 3893 3741 3894
f 3741 3742 3894
f 3894 3742 3895
f 3742 3743 3895
f 3895 3743 3896
f 3743 3744 3896
f 3896 3744 3897
f 3744 3745 3897
f 3897 3745 3898
f 3747 3767 3899
f 3899 3767 3919
f 3899 3900 3747
f 3747 3900 3748
f 3900 3901 3748
f 3748 3901 3749
f 3901 3902 3749
f 3749 3902 3750
f 3902 3903 3750
f 3750 3903 3751
f 3903 3904 3751
f 3751 3904 3752
f 3904 3905 3752
f 3752 3905 3753
f 3905 3906 3753
f 3753 3906 3754
f 3906 3907 3754
f 3754 3907 3755
f 3907 3920 3755
f 3755 3920 3769
f 3756 3774 3908
f 3908 3774 3925
f 3908 3909 3756
f 3756 3909 3757
f 3909 3926 3757
f 3757 3926 3775
f 3758 3782 3910
f 3910 3782 3932
f 3910 3911 3758
f 3758 3911 3759
f 3911 3912 3759
f 3759 3912 3760
f 3912 3913 3760
f 3760 3913 3761
f 3913 3914 3761
f 3761 3914 3762
f 3914 3915 3762
f 3762 3915 3763
f 3915 3916 3763
f 3763 3916 3764
f 3916 3917 3764
f 3764 3917 3765
f 3917 3918 3765
f 3765 3918 3766
f 3918 3919 3766
f 3766 3919 3767
f 3920 3921 3769
f 3769 3921 3770
f 3921 3922 3770
f 3770 3922 3771
f 3922 3923 3771
f 3771 3923 3772
f 3923 3924 3772
f 3772 3924 3773
f 3924 3925 3773
f 3773 3925 3774
f 3926 3927 3775
f 3775 3927 3776
f 3927 3928 3776
f 3776 3928 3777
f 3928 3929 3777
f 3777 3929 3778
f 3929 3930 3778
f 3778 3930 3779
f 3930 3933 3779
f 3779 3933 3783
f 3781 3787 3931
f 3931 3787 3937
f 3931 3932 3781
f 3781 3932 3782
f 3933 3934 3783
f 3783 3934 3784
f 3934 3935 3784
f 3784 3935 3785
f 3935 3936 3785
f 3785 3936 3786
f 3936 3938 3786
f 3786 3938 3788
f 3787 3791 3937
f 3937 3791 3941
f 3938 3939 3788
f 3788 3939 3789
f 3939 3942 3789
f 3789 3942 3792
f 3790 3794 3940
f 3940 3794 3943
f 3940 3941 3790
f 3790 3941 3791
f 3942 3944 3792
f 3792 3944 3795
f 3794 3797 3943
f 3943 3797 3946
f 3944 3945 3795
f 3795 3945 3796
f 3945 3947 3796
f 3796 3947 3798
f 3797 3799 3946
f 3946 3799 3948
f 3947 3950 3798
f 3798 3950 3801
f 3799 3802 3948
f 3948 3802 3951
f 3949 3952 3800
f 3800 3952 3803
f 3800 3801 3949
f 3949 3801 3950
f 3802 3805 3951
f 3951 3805 3953
f 3952 3954 3803
f 3803 3954 3806
f 3805 3807 3953
f 3953 3807 3955
f 3954 3956 3806
f 3806 3956 3808
f 3807 3809 3955
f 3955 3809 3957
f 3956 3958 3808
f 3808 3958 3810
f 3809 3811 3957
f 3957 3811 3959
f 3958 3961 3810
f 3810 3961 3814
f 3811 3815 3959
f 3959 3815 3962
f 3960 3963 3813
f 3813 3963 3817
f 3813 3814 3960
f 3960 3814 3961
f 3815 3818 3962
f 3962 3818 3964
f 3963 3965 3817
f 3817 3965 3820
f 3818 3821 3964
f 3964 3821 3966
f 3965 3967 3820
f 3820 3967 3823
f 3821 3824 3966
f 3966 3824 3968
f 3967 3970 3823
f 3823 3970 3826
f 3824 3827 3968
f 3968 3827 3971
f 3970 3973 3826
f 3826 3973 3829
f 3972 3973 3969
f 3969 3973 3970
f 3827 3830 3971
f 3971 3830 3974
f 3972 3975 3828
f 3828 3975 3831
f 3828 3829 3972
f 3972 3829 3973
f 3830 3832 3974
f 3974 3832 3976
f 3975 3977 3831
f 3831 3977 3833
f 3832 3834 3976
f 3976 3834 3978
f 3977 3979 3833
f 3833 3979 3835
f 3834 3836 3978
f 3978 3836 3980
f 3979 3981 3835
f 3835 3981 3837
f 3836 3838 3980
f 3980 3838 3982
f 3981 3983 3837
f 3837 3983 3839
f 3838 3840 3982
f 3982 3840 3984
f 3983 3985 3839
f 3839 3985 3841
f 3840 3843 3984
f 3984 3843 3987
f 3985 3988 3841
f 3841 3988 3844
f 3842 3845 3986
f 3986 3845 3989
f 3986 3987 3842
f 3842 3987 3843
f 3988 3990 3844
f 3844 3990 3846
f 3845 3847 3989
f 3989 3847 3991
f 3990 3992 3846
f 3846 3992 3848
f 3847 3849 3991
f 3991 3849 3993
f 3992 3994 3848
f 3848 3994 3850
f 3849 3852 3993
f 3993 3852 3996
f 3994 3997 3850
f 3850 3997 3853
f 3851 3854 3995
f 3995 3854 3998
f 3995 3996 3851
f 3851 3996 3852
f 3997 3999 3853
f 3853 3999 3855
f 3854 3856 3998
f 3998 3856 4000
f 3999 4002 3855
f 3855 4002 3858
f 3856 3857 4000
f 4000 3857 4001
f 3857 3859 4001
f 4001 3859 4003
f 4002 4005 3858
f 3858 4005 3861
f 3859 3860 4003
f 4003 3860 4004
f 3860 3862 4004
f 4004 3862 4006
f 4005 4009 3861
f 3861 4009 3865
f 3862 3863 4006
f 4006 3863 4007
f 3863 3864 4007
f 4007 3864 4008
f 3864 3866 4008
f 4008 3866 4010
f 4009 4028 3865
f 3865 4028 3882
f 3866 3867 4010
f 4010 3867 4011
f 3867 3868 4011
f 4011 3868 4012
f 3868 3869 4012
f 4012 3869 4013
f 3869 3870 4013
f 4013 3870 4014
f 3870 3871 4014
f 4014 3871 4015
f 3871 3872 4015
f 4015 3872 4016
f 3872 3873 4016
f 4016 3873 4017
f 3873 3874 4017
f 4017 3874 4018
f 3874 3875 4018
f 4018 3875 4019
f 3875 3876 4019
f 4019 3876 4020
f 3876 3877 4020
f 4020 3877 4021
f 3877 3878 4021
f 4021 3878 4022
f 3878 3884 4022
f 4022 3884 4029
f 4029 4030 4022
f 4022 4030 4023
f 4025 4043 3879
f 3879 4043 3898
f 4042 4043 4024
f 4024 4043 4025
f 3879 3880 4025
f 4025 3880 4026
f 3880 3881 4026
f 4026 3881 4027
f 3881 3882 4027
f 4027 3882 4028
f 3884 3885 4029
f 4029 3885 4030
f 3885 3886 4030
f 4030 3886 4031
f 3886 3887 4031
f 4031 3887 4032
f 3887 3888 4032
f 4032 3888 4033
f 3888 3889 4033
f 4033 3889 4034
f 3889 3890 4034
f 4034 3890 4035
f 3890 3891 4035
f 4035 3891 4036
f 3891 3892 4036
f 4036 3892 4037
f 3892 3893 4037
f 4037 3893 4038
f 3893 3894 4038
f 4038 3894 4039
f 3894 3895 4039
f 4039 3895 4040
f 3895 3896 4040
f 4040 3896 4041
f 3896 3897 4041
f 4041 3897 4042
f 3897 3898 4042
f 4042 3898 4043
f 3899 3919 4045
f 4045 3919 4066
f 4044 4045 4065
f 4065 4045 4066
f 4045 4046 3899
f 3899 4046 3900
f 4046 4047 3900
f 3900 4047 3901
f 4047 4048 3901
f 3901 4048 3902
f 4048 4049 3902
f 3902 4049 3903
f 4049 4050 3903
f 3903 4050 3904
f 4050 4051 3904
f 3904 4051 3905
f 4051 4052 3905
f 3905 4052 3906
f 4052 4053 3906
f 3906 4053 3907
f 4053 4067 3907
f 3907 4067 3920
f 3908 3925 4055
f 4055 3925 4072
f 4054 4055 4071
f 4071 4055 4072
f 4055 4056 3908
f 3908 4056 3909
f 4056 4073 3909
f 3909 4073 3926
f 3910 3932 4057
f 4057 3932 4079
f 4057 4058 3910
f 3910 4058 3911
f 4058 4059 3911
f 3911 4059 3912
f 4059 4060 3912
f 3912 4060 3913
f 4060 4061 3913
f 3913 4061 3914
f 4061 4062 3914
f 3914 4062 3915
f 4062 4063 3915
f 3915 4063 3916
f 4063 4064 3916
f 3916 4064 3917
f 4064 4065 3917
f 3917 4065 3918
f 4065 4066 3918
f 3918 4066 3919
f 4067 4068 3920
f 3920 4068 3921
f 4068 4069 3921
f 3921 4069 3922
f 4069 4070 3922
f 3922 4070 3923
f 4070 4071 3923
f 3923 4071 3924
f 4071 4072 3924
f 3924 4072 3925
f 4073 4074 3926
f 3926 4074 3927
f 4074 4075 3927
f 3927 4075 3928
f 4075 4076 3928
f 3928 4076 3929
f 4076 4077 3929
f 3929 4077 3930
f 4077 4080 3930
f 3930 4080 3933
f 3931 3937 4078
f 4078 3937 4084
f 4078 4079 3931
f 3931 4079 3932
f 4080 4081 3933
f 3933 4081 3934
f 4081 4082 3934
f 3934 4082 3935
f 4082 4083 3935
f 3935 4083 3936
f 4083 4086 3936
f 3936 4086 3938
f 4085 4086 4082
f 4082 4086 4083
f 3937 3941 4084
f 4084 3941 4089
f 4086 4087 3938
f 3938 4087 3939
f 4087 4090 3939
f 3939 4090 3942
f 3940 3943 4088
f 4088 3943 4091
f 4088 4089 3940
f 3940 4089 3941
f 4090 4092 3942
f 3942 4092 3944
f 3943 3946 4091
f 4091 3946 4094
f 4092 4093 3944
f 3944 4093 3945
f 4093 4095 3945
f 3945 4095 3947
f 3946 3948 4094
f 4094 3948 4096
f 4095 4098 3947
f 3947 4098 3950
f 3948 3951 4096
f 4096 3951 4100
f 4097 4101 3949
f 3949 4101 3952
f 3949 3950 4097
f 4097 3950 4098
f 3951 3953 4100
f 4100 3953 4103
f 4099 4100 4102
f 4102 4100 4103
f 4101 4104 3952
f 3952 4104 3954
f 3953 3955 4103
f 4103 3955 4105
f 4104 4106 3954
f 3954 4106 3956
f 3955 3957 4105
f 4105 3957 4107
f 4106 4109 3956
f 3956 4109 3958
f 3957 3959 4107
f 4107 3959 4110
f 4109 4112 3958
f 3958 4112 3961
f 4111 4112 4108
f 4108 4112 4109
f 3959 3962 4110
f 4110 3962 4113
f 4111 4114 3960
f 3960 4114 3963
f 3960 3961 4111
f 4111 3961 4112
f 3962 3964 4113
f 4113 3964 4115
f 4114 4116 3963
f 3963 4116 3965
f 3964 3966 4115
f 4115 3966 4117
f 4116 4118 3965
f 3965 4118 3967
f 3966 3968 4117
f 4117 3968 4119
f 4118 4121 3967
f 3967 4121 3970
f 3968 3971 4119
f 4119 3971 4122
f 4120 4123 3969
f 3969 4123 3972
f 3969 3970 4120
f 4120 3970 4121
f 3971 3974 4122
f 4122 3974 4124
f 4123 4125 3972
f 3972 4125 3975
f 3974 3976 4124
f 4124 3976 4126
f 4125 4127 3975
f 3975 4127 3977
f 3976 3978 4126
f 4126 3978 4128
f 4127 4129 3977
f 3977 4129 3979
f 3978 3980 4128
f 4128 3980 4130
f 4129 4131 3979
f 3979 4131 3981
f 3980 3982 4130
f 4130 3982 4132
f 4131 4133 3981
f 3981 4133 3983
f 3982 3984 4132
f 4132 3984 4135
f 4133 4136 3983
f 3983 4136 3985
f 3984 3987 4135
f 4135 3987 4138
f 4134 4135 4137
f 4137 4135 4138
f 4136 4139 3985
f 3985 4139 3988
f 3986 3989 4137
f 4137 3989 4140
f 4137 4138 3986
f 3986 4138 3987
f 4139 4141 3988
f 3988 4141 3990
f 3989 3991 4140
f 4140 3991 4142
f 4141 4143 3990
f 3990 4143 3992
f 3991 3993 4142
f 4142 3993 4144
f 4143 4145 3992
f 3992 4145 3994
f 3993 3996 4144
f 4144 3996 4147
f 4145 4148 3994
f 3994 4148 3997
f 3995 3998 4146
f 4146 3998 4149
f 4146 4147 3995
f 3995 4147 3996
f 4148 4150 3997
f 3997 4150 3999
f 3998 4000 4149
f 4149 4000 4151
f 4150 4153 3999
f 3999 4153 4002
f 4000 4001 4151
f 4151 4001 4152
f 4001 4003 4152
f 4152 4003 4154
f 4153 4156 4002
f 4002 4156 4005
f 4003 4004 4154
f 4154 4004 4155
f 4004 4006 4155
f 4155 4006 4157
f 4156 4163 4005
f 4005 4163 4009
f 4006 4007 4157
f 4157 4007 4158
f 4007 4008 4158
f 4158 4008 4159
f 4008 4010 4159
f 4159 4010 4164
f 4164 4165 4159
f 4159 4165 4160
f 4165 4166 4160
f 4160 4166 4161
f 4163 4184 4009
f 4009 4184 4028
f 4183 4184 4162
f 4162 4184 4163
f 4010 4011 4164
f 4164 4011 4165
f 4011 4012 4165
f 4165 4012 4166
f 4012 4013 4166
f 4166 4013 4167
f 4013 4014 4167
f 4167 4014 4168
f 4014 4015 4168
f 4168 4015 4169
f 4015 4016 4169
f 4169 4016 4170
f 4016 4017 4170
f 4170 4017 4171
f 4017 4018 4171
f 4171 4018 4172
f 4018 4019 4172
f 4172 4019 4173
f 4019 4020 4173
f 4173 4020 4174
f 4020 4021 4174
f 4174 4021 4175
f 4021 4022 4175
f 4175 4022 4176
f 4022 4023 4176
f 4176 4023 4177
f 4023 4030 4177
f 4177 4030 4185
f 4185 4186 4177
f 4177 4186 4178
f 4180 4197 4024
f 4024 4197 4042
f 4196 4197 4179
f 4179 4197 4180
f 4024 4025 4180
f 4180 4025 4181
f 4025 4026 4181
f 4181 4026 4182
f 4026 4027 4182
f 4182 4027 4183
f 4027 4028 4183
f 4183 4028 4184
f 4030 4031 4185
f 4185 4031 4186
f 4031 4032 4186
f 4186 4032 4187
f 4032 4033 4187
f 4187 4033 4188
f 4033 4034 4188
f 4188 4034 4189
f 4034 4035 4189
f 4189 4035 4190
f 4035 4036 4190
f 4190 4036 4191
f 4036 4037 4191
f 4191 4037 4192
f 4037 4038 4192
f 4192 4038 4193
f 4038 4039 4193
f 4193 4039 4194
f 4039 4040 4194
f 4194 4040 4195
f 4040 4041 4195
f 4195 4041 4196
f 4041 4042 4196
f 4196 4042 4197
f 4044 4065 4198
f 4198 4065 4219
f 4198 4199 4044
f 4044 4199 4045
f 4199 4200 4045
f 4045 4200 4046
f 4200 4201 4046
f 4046 4201 4047
f 4201 4202 4047
f 4047 4202 4048
f 4202 4203 4048
f 4048 4203 4049
f 4203 4204 4049
f 4049 4204 4050
f 4204 4205 4050
f 4050 4205 4051
f 4205 4206 4051
f 4051 4206 4052
f 4206 4207 4052
f 4052 4207 4053
f 4207 4220 4053
f 4053 4220 4067
f 4054 4071 4208
f 4208 4071 4224
f 4208 4209 4054
f 4054 4209 4055
f 4209 4210 4055
f 4055 4210 4056
f 4210 4225 4056
f 4056 4225 4073
f 4057 4079 4211
f 4211 4079 4231
f 4211 4212 4057
f 4057 4212 4058
f 4212 4213 4058
f 4058 4213 4059
f 4213 4214 4059
f 4059 4214 4060
f 4214 4215 4060
f 4060 4215 4061
f 4215 4216 4061
f 4061 4216 4062
f 4216 4217 4062
f 4062 4217 4063
f 4217 4218 4063
f 4063 4218 4064
f 4218 4219 4064
f 4064 4219 4065
f 4220 4221 4067
f 4067 4221 4068
f 4221 4222 4068
f 4068 4222 4069
f 4222 4223 4069
f 4069 4223 4070
f 4223 4224 4070
f 4070 4224 4071
f 4225 4226 4073
f 4073 4226 4074
f 4226 4227 4074
f 4074 4227 4075
f 4227 4228 4075
f 4075 4228 4076
f 4228 4229 4076
f 4076 4229 4077
f 4229 4232 4077
f 4077 4232 4080
f 4078 4084 4230
f 4230 4084 4235
f 4230 4231 4078
f 4078 4231 4079
f 4232 4233 4080
f 4080 4233 4081
f 4233 4234 4081
f 4081 4234 4082
f 4234 4236 4082
f 4082 4236 4085
f 4084 4089 4235
f 4235 4089 4240
f 4236 4237 4085
f 4085 4237 4086
f 4237 4238 4086
f 4086 4238 4087
f 4238 4241 4087
f 4087 4241 4090
f 4088 4091 4239
f 4239 4091 4242
f 4239 4240 4088
f 4088 4240 4089
f 4241 4243 4090
f 4090 4243 4092
f 4091 4094 4242
f 4242 4094 4245
f 4243 4244 4092
f 4092 4244 4093
f 4244 4247 4093
f 4093 4247 4095
f 4094 4096 4245
f 4245 4096 4248
f 4247 4250 4095
f 4095 4250 4098
f 4249 4250 4246
f 4246 4250 4247
f 4096 4100 4248
f 4248 4100 4252
f 4249 4253 4097
f 4097 4253 4101
f 4097 4098 4249
f 4249 4098 4250
f 4099 4102 4251
f 4251 4102 4254
f 4251 4252 4099
f 4099 4252 4100
f 4253 4256 4101
f 4101 4256 4104
f 4102 4103 4254
f 4254 4103 4255
f 4103 4105 4255
f 4255 4105 4258
f 4254 4255 4257
f 4257 4255 4258
f 4256 4259 4104
f 4104 4259 4106
f 4105 4107 4258
f 4258 4107 4260
f 4259 4262 4106
f 4106 4262 4109
f 4107 4110 4260
f 4260 4110 4263
f 4261 4264 4108
f 4108 4264 4111
f 4108 4109 4261
f 4261 4109 4262
f 4110 4113 4263
f 4263 4113 4265
f 4264 4266 4111
f 4111 4266 4114
f 4113 4115 4265
f 4265 4115 4267
f 4266 4268 4114
f 4114 4268 4116
f 4115 4117 4267
f 4267 4117 4269
f 4268 4271 4116
f 4116 4271 4118
f 4117 4119 4269
f 4269 4119 4272
f 4271 4274 4118
f 4118 4274 4121
f 4273 4274 4270
f 4270 4274 4271
f 4119 4122 4272
f 4272 4122 4275
f 4273 4276 4120
f 4120 4276 4123
f 4120 4121 4273
f 4273 4121 4274
f 4122 4124 4275
f 4275 4124 4277
f 4276 4278 4123
f 4123 4278 4125
f 4124 4126 4277
f 4277 4126 4279
f 4278 4280 4125
f 4125 4280 4127
f 4126 4128 4279
f 4279 4128 4281
f 4280 4282 4127
f 4127 4282 4129
f 4128 4130 4281
f 4281 4130 4283
f 4282 4284 4129
f 4129 4284 4131
f 4130 4132 4283
f 4283 4132 4285
f 4284 4286 4131
f 4131 4286 4133
f 4132 4135 4285
f 4285 4135 4288
f 4286 4289 4133
f 4133 4289 4136
f 4134 4137 4287
f 4287 4137 4290
f 4287 4288 4134
f 4134 4288 4135
f 4289 4291 4136
f 4136 4291 4139
f 4137 4140 4290
f 4290 4140 4292
f 4291 4293 4139
f 4139 4293 4141
f 4140 4142 4292
f 4292 4142 4294
f 4293 4295 4141
f 4141 4295 4143
f 4142 4144 4294
f 4294 4144 4296
f 4295 4297 4143
f 4143 4297 4145
f 4144 4147 4296
f 4296 4147 4299
f 4297 4300 4145
f 4145 4300 4148
f 4146 4149 4298
f 4298 4149 4301
f 4298 4299 4146
f 4146 4299 4147
f 4300 4302 4148
f 4148 4302 4150
f 4149 4151 4301
f 4301 4151 4303
f 4302 4305 4150
f 4150 4305 4153
f 4151 4152 4303
f 4303 4152 4304
f 4152 4154 4304
f 4304 4154 4306
f 4305 4308 4153
f 4153 4308 4156
f 4154 4155 4306
f 4306 4155 4307
f 4155 4157 4307
f 4307 4157 4309
f 4308 4315 4156
f 4156 4315 4163
f 4157 4158 4309
f 4309 4158 4310
f 4158 4159 4310
f 4310 4159 4311
f 4159 4160 4311
f 4311 4160 4312
f 4160 4161 4312
f 4312 4161 4313
f 4161 4166 4313
f 4313 4166 4316
f 4314 4338 4162
f 4162 4338 4183
f 4162 4163 4314
f 4314 4163 4315
f 4166 4167 4316
f 4316 4167 4317
f 4167 4168 4317
f 4317 4168 4318
f 4168 4169 4318
f 4318 4169 4319
f 4169 4170 4319
f 4319 4170 4320
f 4170 4171 4320
f 4320 4171 4321
f 4171 4172 4321
f 4321 4172 4322
f 4172 4173 4322
f 4322 4173 4323
f 4173 4174 4323
f 4323 4174 4324
f 4174 4175 4324
f 4324 4175 4325
f 4175 4176 4325
f 4325 4176 4326
f 4176 4177 4326
f 4326 4177 4327
f 4177 4178 4327
f 4327 4178 4328
f 4178 4186 4328
f 4328 4186 4339
f 4339 4340 4328
f 4328 4340 4329
f 4340 4341 4329
f 4329 4341 4330
f 4341 4342 4330
f 4330 4342 4331
f 4342 4343 4331
f 4331 4343 4332
f 4334 4349 4179
f 4179 4349 4196
f 4348 4349 4333
f 4333 4349 4334
f 4179 4180 4334
f 4334 4180 4335
f 4180 4181 4335
f 4335 4181 4336
f 4181 4182 4336
f 4336 4182 4337
f 4182 4183 4337
f 4337 4183 4338
f 4186 4187 4339
f 4339 4187 4340
f 4187 4188 4340
f 4340 4188 4341
f 4188 4189 4341
f 4341 4189 4342
f 4189 4190 4342
f 4342 4190 4343
f 4190 4191 4343
f 4343 4191 4344
f 4191 4192 4344
f 4344 4192 4345
f 4192 4193 4345
f 4345 4193 4346
f 4193 4194 4346
f 4346 4194 4347
f 4194 4195 4347
f 4347 4195 4348
f 4195 4196 4348
f 4348 4196 4349
f 4198 4219 4350
f 4350 4219 4372
f 4350 4351 4198
f 4198 4351 4199
f 4372 4373 4350
f 4350 4373 4351
f 4351 4352 4199
f 4199 4352 4200
f 4352 4353 4200
f 4200 4353 4201
f 4353 4354 4201
f 4201 4354 4202
f 4354 4355 4202
f 4202 4355 4203
f 4355 4356 4203
f 4203 4356 4204
f 4356 4357 4204
f 4204 4357 4205
f 4357 4358 4205
f 4205 4358 4206
f 4358 4359 4206
f 4206 4359 4207
f 4359 4374 4207
f 4207 4374 4220
f 4208 4224 4360
f 4360 4224 4378
f 4360 4361 4208
f 4208 4361 4209
f 4361 4362 4209
f 4209 4362 4210
f 4362 4379 4210
f 4210 4379 4225
f 4362 4363 4379
f 4379 4363 4380
f 4211 4231 4364
f 4364 4231 4385
f 4364 4365 4211
f 4211 4365 4212
f 4365 4366 4212
f 4212 4366 4213
f 4366 4367 4213
f 4213 4367 4214
f 4367 4368 4214
f 4214 4368 4215
f 4368 4369 4215
f 4215 4369 4216
f 4369 4370 4216
f 4216 4370 4217
f 4370 4371 4217
f 4217 4371 4218
f 4371 4372 4218
f 4218 4372 4219
f 4374 4375 4220
f 4220 4375 4221
f 4375 4376 4221
f 4221 4376 4222
f 4376 4377 4222
f 4222 4377 4223
f 4377 4378 4223
f 4223 4378 4224
f 4379 4380 4225
f 4225 4380 4226
f 4380 4381 4226
f 4226 4381 4227
f 4381 4382 4227
f 4227 4382 4228
f 4382 4383 4228
f 4228 4383 4229
f 4383 4386 4229
f 4229 4386 4232
f 4230 4235 4384
f 4384 4235 4389
f 4384 4385 4230
f 4230 4385 4231
f 4386 4387 4232
f 4232 4387 4233
f 4387 4388 4233
f 4233 4388 4234
f 4388 4390 4234
f 4234 4390 4236
f 4235 4240 4389
f 4389 4240 4394
f 4390 4391 4236
f 4236 4391 4237
f 4391 4392 4237
f 4237 4392 4238
f 4392 4395 4238
f 4238 4395 4241
f 4239 4242 4393
f 4393 4242 4396
f 4393 4394 4239
f 4239 4394 4240
f 4395 4397 4241
f 4241 4397 4243
f 4242 4245 4396
f 4396 4245 4399
f 4397 4398 4243
f 4243 4398 4244
f 4398 4401 4244
f 4244 4401 4247
f 4245 4248 4399
f 4399 4248 4402
f 4400 4403 4246
f 4246 4403 4249
f 4246 4247 4400
f 4400 4247 4401
f 4248 4252 4402
f 4402 4252 4405
f 4403 4406 4249
f 4249 4406 4253
f 4251 4254 4404
f 4404 4254 4407
f 4404 4405 4251
f 4251 4405 4252
f 4406 4408 4253
f 4253 4408 4256
f 4254 4257 4407
f 4407 4257 4409
f 4408 4412 4256
f 4256 4412 4259
f 4257 4258 4409
f 4409 4258 4410
f 4258 4260 4410
f 4410 4260 4414
f 4409 4410 4413
f 4413 4410 4414
f 4412 4416 4259
f 4259 4416 4262
f 4415 4416 4411
f 4411 4416 4412
f 4260 4263 4414
f 4414 4263 4417
f 4415 4418 4261
f 4261 4418 4264
f 4261 4262 4415
f 4415 4262 4416
f 4263 4265 4417
f 4417 4265 4419
f 4418 4420 4264
f 4264 4420 4266
f 4265 4267 4419
f 4419 4267 4421
f 4420 4422 4266
f 4266 4422 4268
f 4267 4269 4421
f 4421 4269 4423
f 4422 4425 4268
f 4268 4425 4271
f 4269 4272 4423
f 4423 4272 4426
f 4424 4427 4270
f 4270 4427 4273
f 4270 4271 4424
f 4424 4271 4425
f 4272 4275 4426
f 4426 4275 4428
f 4427 4429 4273
f 4273 4429 4276
f 4275 4277 4428
f 4428 4277 4430
f 4429 4431 4276
f 4276 4431 4278
f 4277 4279 4430
f 4430 4279 4432
f 4431 4433 4278
f 4278 4433 4280
f 4279 4281 4432
f 4432 4281 4434
f 4433 4435 4280
f 4280 4435 4282
f 4281 4283 4434
f 4434 4283 4436
f 4435 4437 4282
f 4282 4437 4284
f 4283 4285 4436
f 4436 4285 4438
f 4437 4439 4284
f 4284 4439 4286
f 4285 4288 4438
f 4438 4288 4441
f 4439 4442 4286
f 4286 4442 4289
f 4287 4290 4440
f 4440 4290 4443
f 4440 4441 4287
f 4287 4441 4288
f 4442 4444 4289
f 4289 4444 4291
f 4290 4292 4443
f 4443 4292 4445
f 4444 4446 4291
f 4291 4446 4293
f 4292 4294 4445
f 4445 4294 4447
f 4446 4448 4293
f 4293 4448 4295
f 4294 4296 4447
f 4447 4296 4450
f 4448 4451 4295
f 4295 4451 4297
f 4296 4299 4450
f 4450 4299 4453
f 4449 4450 4452
f 4452 4450 4453
f 4451 4454 4297
f 4297 4454 4300
f 4298 4301 4452
f 4452 4301 4455
f 4452 4453 4298
f 4298 4453 4299
f 4454 4456 4300
f 4300 4456 4302
f 4301 4303 4455
f 4455 4303 4457
f 4456 4459 4302
f 4302 4459 4305
f 4303 4304 4457
f 4457 4304 4458
f 4304 4306 4458
f 4458 4306 4460
f 4459 4462 4305
f 4305 4462 4308
f 4306 4307 4460
f 4460 4307 4461
f 4307 4309 4461
f 4461 4309 4463
f 4462 4470 4308
f 4308 4470 4315
f 4309 4310 4463
f 4463 4310 4464
f 4310 4311 4464
f 4464 4311 4465
f 4311 4312 4465
f 4465 4312 4466
f 4312 4313 4466
f 4466 4313 4467
f 4313 4316 4467
f 4467 4316 4471
f 4471 4472 4467
f 4467 4472 4468
f 4469 4495 4314
f 4314 4495 4338
f 4314 4315 4469
f 4469 4315 4470
f 4316 4317 4471
f 4471 4317 4472
f 4317 4318 4472
f 4472 4318 4473
f 4318 4319 4473
f 4473 4319 4474
f 4319 4320 4474
f 4474 4320 4475
f 4320 4321 4475
f 4475 4321 4476
f 4321 4322 4476
f 4476 4322 4477
f 4322 4323 4477
f 4477 4323 4478
f 4323 4324 4478
f 4478 4324 4479
f 4324 4325 4479
f 4479 4325 4480
f 4325 4326 4480
f 4480 4326 4481
f 4326 4327 4481
f 4481 4327 4482
f 4327 4328 4482
f 4482 4328 4483
f 4328 4329 4483
f 4483 4329 4484
f 4329 4330 4484
f 4484 4330 4485
f 4330 4331 4485
f 4485 4331 4486
f 4331 4332 4486
f 4486 4332 4487
f 4332 4343 4487
f 4487 4343 4496
f 4496 4497 4487
f 4487 4497 4488
f 4490 4501 4333
f 4333 4501 4348
f 4500 4501 4489
f 4489 4501 4490
f 4333 4334 4490
f 4490 4334 4491
f 4334 4335 4491
f 4491 4335 4492
f 4335 4336 4492
f 4492 4336 4493
f 4336 4337 4493
f 4493 4337 4494
f 4337 4338 4494
f 4494 4338 4495
f 4343 4344 4496
f 4496 4344 4497
f 4344 4345 4497
f 4497 4345 4498
f 4345 4346 4498
f 4498 4346 4499
f 4346 4347 4499
f 4499 4347 4500
f 4347 4348 4500
f 4500 4348 4501
f 4351 4373 4502
f 4502 4373 4524
f 4502 4503 4351
f 4351 4503 4352
f 4503 4504 4352
f 4352 4504 4353
f 4504 4505 4353
f 4353 4505 4354
f 4505 4506 4354
f 4354 4506 4355
f 4506 4507 4355
f 4355 4507 4356
f 4507 4508 4356
f 4356 4508 4357
f 4508 4509 4357
f 4357 4509 4358
f 4509 4510 4358
f 4358 4510 4359
f 4510 4525 4359
f 4359 4525 4374
f 4360 4378 4511
f 4511 4378 4529
f 4511 4512 4360
f 4360 4512 4361
f 4512 4513 4361
f 4361 4513 4362
f 4513 4514 4362
f 4362 4514 4363
f 4514 4530 4363
f 4363 4530 4380
f 4364 4385 4515
f 4515 4385 4535
f 4515 4516 4364
f 4364 4516 4365
f 4516 4517 4365
f 4365 4517 4366
f 4517 4518 4366
f 4366 4518 4367
f 4518 4519 4367
f 4367 4519 4368
f 4519 4520 4368
f 4368 4520 4369
f 4520 4521 4369
f 4369 4521 4370
f 4521 4522 4370
f 4370 4522 4371
f 4522 4523 4371
f 4371 4523 4372
f 4523 4524 4372
f 4372 4524 4373
f 4525 4526 4374
f 4374 4526 4375
f 4526 4527 4375
f 4375 4527 4376
f 4527 4528 4376
f 4376 4528 4377
f 4528 4529 4377
f 4377 4529 4378
f 4530 4531 4380
f 4380 4531 4381
f 4531 4532 4381
f 4381 4532 4382
f 4532 4533 4382
f 4382 4533 4383
f 4533 4536 4383
f 4383 4536 4386
f 4384 4389 4534
f 4534 4389 4539
f 4534 4535 4384
f 4384 4535 4385
f 4536 4537 4386
f 4386 4537 4387
f 4537 4538 4387
f 4387 4538 4388
f 4538 4540 4388
f 4388 4540 4390
f 4389 4394 4539
f 4539 4394 4544
f 4540 4541 4390
f 4390 4541 4391
f 4541 4542 4391
f 4391 4542 4392
f 4542 4545 4392
f 4392 4545 4395
f 4393 4396 4543
f 4543 4396 4546
f 4543 4544 4393
f 4393 4544 4394
f 4545 4547 4395
f 4395 4547 4397
f 4396 4399 4546
f 4546 4399 4549
f 4547 4548 4397
f 4397 4548 4398
f 4548 4551 4398
f 4398 4551 4401
f 4550 4551 4547
f 4547 4551 4548
f 4399 4402 4549
f 4549 4402 4552
f 4550 4553 4400
f 4400 4553 4403
f 4400 4401 4550
f 4550 4401 4551
f 4402 4405 4552
f 4552 4405 4555
f 4553 4556 4403
f 4403 4556 4406
f 4404 4407 4554
f 4554 4407 4557
f 4554 4555 4404
f 4404 4555 4405
f 4557 4558 4554
f 4554 4558 4555
f 4556 4559 4406
f 4406 4559 4408
f 4407 4409 4557
f 4557 4409 4560
f 4559 4562 4408
f 4408 4562 4412
f 4409 4413 4560
f 4560 4413 4563
f 4561 4565 4411
f 4411 4565 4415
f 4411 4412 4561
f 4561 4412 4562
f 4413 4414 4563
f 4563 4414 4564
f 4414 4417 4564
f 4564 4417 4567
f 4563 4564 4566
f 4566 4564 4567
f 4565 4568 4415
f 4415 4568 4418
f 4417 4419 4567
f 4567 4419 4569
f 4568 4570 4418
f 4418 4570 4420
f 4419 4421 4569
f 4569 4421 4572
f 4570 4574 4420
f 4420 4574 4422
f 4421 4423 4572
f 4572 4423 4576
f 4571 4572 4575
f 4575 4572 4576
f 4574 4578 4422
f 4422 4578 4425
f 4577 4578 4573
f 4573 4578 4574
f 4423 4426 4576
f 4576 4426 4579
f 4577 4580 4424
f 4424 4580 4427
f 4424 4425 4577
f 4577 4425 4578
f 4426 4428 4579
f 4579 4428 4581
f 4580 4583 4427
f 4427 4583 4429
f 4428 4430 4581
f 4581 4430 4584
f 4583 4586 4429
f 4429 4586 4431
f 4585 4586 4582
f 4582 4586 4583
f 4430 4432 4584
f 4584 4432 4587
f 4586 4588 4431
f 4431 4588 4433
f 4432 4434 4587
f 4587 4434 4589
f 4588 4590 4433
f 4433 4590 4435
f 4434 4436 4589
f 4589 4436 4591
f 4590 4592 4435
f 4435 4592 4437
f 4436 4438 4591
f 4591 4438 4594
f 4592 4595 4437
f 4437 4595 4439
f 4438 4441 4594
f 4594 4441 4597
f 4593 4594 4596
f 4596 4594 4597
f 4595 4598 4439
f 4439 4598 4442
f 4440 4443 4596
f 4596 4443 4599
f 4596 4597 4440
f 4440 4597 4441
f 4598 4600 4442
f 4442 4600 4444
f 4443 4445 4599
f 4599 4445 4601
f 4600 4602 4444
f 4444 4602 4446
f 4445 4447 4601
f 4601 4447 4603
f 4602 4604 4446
f 4446 4604 4448
f 4447 4450 4603
f 4603 4450 4606
f 4604 4607 4448
f 4448 4607 4451
f 4449 4452 4605
f 4605 4452 4608
f 4605 4606 4449
f 4449 4606 4450
f 4607 4609 4451
f 4451 4609 4454
f 4452 4455 4608
f 4608 4455 4610
f 4609 4611 4454
f 4454 4611 4456
f 4455 4457 4610
f 4610 4457 4612
f 4611 4614 4456
f 4456 4614 4459
f 4457 4458 4612
f 4612 4458 4613
f 4458 4460 4613
f 4613 4460 4615
f 4614 4617 4459
f 4459 4617 4462
f 4460 4461 4615
f 4615 4461 4616
f 4461 4463 4616
f 4616 4463 4618
f 4617 4626 4462
f 4462 4626 4470
f 4463 4464 4618
f 4618 4464 4619
f 4464 4465 4619
f 4619 4465 4620
f 4465 4466 4620
f 4620 4466 4621
f 4466 4467 4621
f 4621 4467 4622
f 4467 4468 4622
f 4622 4468 4623
f 4468 4472 4623
f 4623 4472 4627
f 4625 4651 4469
f 4469 4651 4495
f 4650 4651 4624
f 4624 4651 4625
f 4469 4470 4625
f 4625 4470 4626
f 4472 4473 4627
f 4627 4473 4628
f 4473 4474 4628
f 4628 4474 4629
f 4474 4475 4629
f 4629 4475 4630
f 4475 4476 4630
f 4630 4476 4631
f 4476 4477 4631
f 4631 4477 4632
f 4477 4478 4632
f 4632 4478 4633
f 4478 4479 4633
f 4633 4479 4634
f 4479 4480 4634
f 4634 4480 4635
f 4480 4481 4635
f 4635 4481 4636
f 4481 4482 4636
f 4636 4482 4637
f 4482 4483 4637
f 4637 4483 4638
f 4483 4484 4638
f 4638 4484 4639
f 4484 4485 4639
f 4639 4485 4640
f 4485 4486 4640
f 4640 4486 4641
f 4486 4487 4641
f 4641 4487 4642
f 4487 4488 4642
f 4642 4488 4643
f 4488 4497 4643
f 4643 4497 4652
f 4645 4655 4489
f 4489 4655 4500
f 4654 4655 4644
f 4644 4655 4645
f 4489 4490 4645
f 4645 4490 4646
f 4490 4491 4646
f 4646 4491 4647
f 4491 4492 4647
f 4647 4492 4648
f 4492 4493 4648
f 4648 4493 4649
f 4493 4494 4649
f 4649 4494 4650
f 4494 4495 4650
f 4650 4495 4651
f 4497 4498 4652
f 4652 4498 4653
f 4498 4499 4653
f 4653 4499 4654
f 4499 4500 4654
f 4654 4500 4655
f 4502 4524 4656
f 4656 4524 4678
f 4656 4657 4502
f 4502 4657 4503
f 4657 4658 4503
f 4503 4658 4504
f 4658 4659 4504
f 4504 4659 4505
f 4659 4660 4505
f 4505 4660 4506
f 4660 4661 4506
f 4506 4661 4507
f 4661 4662 4507
f 4507 4662 4508
f 4662 4663 4508
f 4508 4663 4509
f 4663 4664 4509
f 4509 4664 4510
f 4664 4680 4510
f 4510 4680 4525
f 4679 4680 4663
f 4663 4680 4664
f 4511 4529 4665
f 4665 4529 4684
f 4665 4666 4511
f 4511 4666 4512
f 4666 4667 4512
f 4512 4667 4513
f 4667 4668 4513
f 4513 4668 4514
f 4668 4685 4514
f 4514 4685 4530
f 4515 4535 4669
f 4669 4535 4690
f 4669 4670 4515
f 4515 4670 4516
f 4670 4671 4516
f 4516 4671 4517
f 4671 4672 4517
f 4517 4672 4518
f 4672 4673 4518
f 4518 4673 4519
f 4673 4674 4519
f 4519 4674 4520
f 4674 4675 4520
f 4520 4675 4521
f 4675 4676 4521
f 4521 4676 4522
f 4676 4677 4522
f 4522 4677 4523
f 4677 4678 4523
f 4523 4678 4524
f 4680 4681 4525
f 4525 4681 4526
f 4681 4682 4526
f 4526 4682 4527
f 4682 4683 4527
f 4527 4683 4528
f 4683 4684 4528
f 4528 4684 4529
f 4685 4686 4530
f 4530 4686 4531
f 4686 4687 4531
f 4531 4687 4532
f 4687 4688 4532
f 4532 4688 4533
f 4688 4691 4533
f 4533 4691 4536
f 4534 4539 4689
f 4689 4539 4694
f 4689 4690 4534
f 4534 4690 4535
f 4691 4692 4536
f 4536 4692 4537
f 4692 4693 4537
f 4537 4693 4538
f 4693 4695 4538
f 4538 4695 4540
f 4539 4544 4694
f 4694 4544 4699
f 4695 4696 4540
f 4540 4696 4541
f 4696 4697 4541
f 4541 4697 4542
f 4697 4700 4542
f 4542 4700 4545
f 4543 4546 4698
f 4698 4546 4701
f 4698 4699 4543
f 4543 4699 4544
f 4700 4702 4545
f 4545 4702 4547
f 4546 4549 4701
f 4701 4549 4703
f 4702 4704 4547
f 4547 4704 4550
f 4549 4552 4703
f 4703 4552 4705
f 4704 4706 4550
f 4550 4706 4553
f 4552 4555 4705
f 4705 4555 4707
f 4706 4708 4553
f 4553 4708 4556
f 4555 4558 4707
f 4707 4558 4710
f 4708 4711 4556
f 4556 4711 4559
f 4557 4560 4709
f 4709 4560 4712
f 4709 4710 4557
f 4557 4710 4558
f 4711 4714 4559
f 4559 4714 4562
f 4560 4563 4712
f 4712 4563 4715
f 4713 4716 4561
f 4561 4716 4565
f 4561 4562 4713
f 4713 4562 4714
f 4563 4566 4715
f 4715 4566 4717
f 4716 4719 4565
f 4565 4719 4568
f 4566 4567 4717
f 4717 4567 4718
f 4567 4569 4718
f 4718 4569 4721
f 4717 4718 4720
f 4720 4718 4721
f 4719 4722 4568
f 4568 4722 4570
f 4569 4572 4721
f 4721 4572 4724
f 4720 4721 4723
f 4723 4721 4724
f 4722 4726 4570
f 4570 4726 4574
f 4571 4575 4723
f 4723 4575 4727
f 4723 4724 4571
f 4571 4724 4572
f 4725 4729 4573
f 4573 4729 4577
f 4573 4574 4725
f 4725 4574 4726
f 4575 4576 4727
f 4727 4576 4728
f 4576 4579 4728
f 4728 4579 4731
f 4727 4728 4730
f 4730 4728 4731
f 4729 4733 4577
f 4577 4733 4580
f 4579 4581 4731
f 4731 4581 4735
f 4730 4731 4734
f 4734 4731 4735
f 4733 4737 4580
f 4580 4737 4583
f 4736 4737 4732
f 4732 4737 4733
f 4581 4584 4735
f 4735 4584 4739
f 4734 4735 4738
f 4738 4735 4739
f 4736 4740 4582
f 4582 4740 4585
f 4582 4583 4736
f 4736 4583 4737
f 4584 4587 4739
f 4739 4587 4743
f 4738 4739 4742
f 4742 4739 4743
f 4740 4741 4585
f 4585 4741 4586
f 4741 4745 4586
f 4586 4745 4588
f 4744 4745 4740
f 4740 4745 4741
f 4587 4589 4743
f 4743 4589 4747
f 4742 4743 4746
f 4746 4743 4747
f 4745 4748 4588
f 4588 4748 4590
f 4589 4591 4747
f 4747 4591 4750
f 4746 4747 4749
f 4749 4747 4750
f 4748 4751 4590
f 4590 4751 4592
f 4591 4594 4750
f 4750 4594 4753
f 4749 4750 4752
f 4752 4750 4753
f 4751 4754 4592
f 4592 4754 4595
f 4593 4596 4752
f 4752 4596 4755
f 4752 4753 4593
f 4593 4753 4594
f 4754 4756 4595
f 4595 4756 4598
f 4596 4599 4755
f 4755 4599 4757
f 4756 4758 4598
f 4598 4758 4600
f 4599 4601 4757
f 4757 4601 4759
f 4758 4760 4600
f 4600 4760 4602
f 4601 4603 4759
f 4759 4603 4761
f 4760 4762 4602
f 4602 4762 4604
f 4603 4606 4761
f 4761 4606 4764
f 4762 4765 4604
f 4604 4765 4607
f 4605 4608 4763
f 4763 4608 4766
f 4763 4764 4605
f 4605 4764 4606
f 4765 4767 4607
f 4607 4767 4609
f 4608 4610 4766
f 4766 4610 4768
f 4767 4769 4609
f 4609 4769 4611
f 4610 4612 4768
f 4768 4612 4770
f 4769 4772 4611
f 4611 4772 4614
f 4612 4613 4770
f 4770 4613 4771
f 4613 4615 4771
f 4771 4615 4773
f 4772 4775 4614
f 4614 4775 4617
f 4615 4616 4773
f 4773 4616 4774
f 4616 4618 4774
f 4774 4618 4776
f 4775 4785 4617
f 4617 4785 4626
f 4618 4619 4776
f 4776 4619 4777
f 4619 4620 4777
f 4777 4620 4778
f 4620 4621 4778
f 4778 4621 4779
f 4621 4622 4779
f 4779 4622 4780
f 4622 4623 4780
f 4780 4623 4781
f 4623 4627 4781
f 4781 4627 4786
f 4786 4787 4781
f 4781 4787 4782
f 4783 4809 4624
f 4624 4809 4650
f 4624 4625 4783
f 4783 4625 4784
f 4625 4626 4784
f 4784 4626 4785
f 4627 4628 4786
f 4786 4628 4787
f 4628 4629 4787
f 4787 4629 4788
f 4629 4630 4788
f 4788 4630 4789
f 4630 4631 4789
f 4789 4631 4790
f 4631 4632 4790
f 4790 4632 4791
f 4632 4633 4791
f 4791 4633 4792
f 4633 4634 4792
f 4792 4634 4793
f 4634 4635 4793
f 4793 4635 4794
f 4635 4636 4794
f 4794 4636 4795
f 4636 4637 4795
f 4795 4637 4796
f 4637 4638 4796
f 4796 4638 4797
f 4638 4639 4797
f 4797 4639 4798
f 4639 4640 4798
f 4798 4640 4799
f 4640 4641 4799
f 4799 4641 4800
f 4641 4642 4800
f 4800 4642 4801
f 4642 4643 4801
f 4801 4643 4802
f 4643 4652 4802
f 4802 4652 4810
f 4803 4812 4644
f 4644 4812 4654
f 4644 4645 4803
f 4803 4645 4804
f 4645 4646 4804
f 4804 4646 4805
f 4646 4647 4805
f 4805 4647 4806
f 4647 4648 4806
f 4806 4648 4807
f 4648 4649 4807
f 4807 4649 4808
f 4649 4650 4808
f 4808 4650 4809
f 4652 4653 4810
f 4810 4653 4811
f 4653 4654 4811
f 4811 4654 4812
f 4656 4678 4813
f 4813 4678 4834
f 4813 4814 4656
f 4656 4814 4657
f 4814 4815 4657
f 4657 4815 4658
f 4815 4816 4658
f 4658 4816 4659
f 4816 4817 4659
f 4659 4817 4660
f 4817 4818 4660
f 4660 4818 4661
f 4818 4819 4661
f 4661 4819 4662
f 4819 4820 4662
f 4662 4820 4663
f 4820 4836 4663
f 4663 4836 4679
f 4835 4836 4819
f 4819 4836 4820
f 4665 4684 4821
f 4821 4684 4841
f 4821 4822 4665
f 4665 4822 4666
f 4822 4823 4666
f 4666 4823 4667
f 4823 4824 4667
f 4667 4824 4668
f 4824 4842 4668
f 4668 4842 4685
f 4669 4690 4825
f 4825 4690 4847
f 4825 4826 4669
f 4669 4826 4670
f 4826 4827 4670
f 4670 4827 4671
f 4827 4828 4671
f 4671 4828 4672
f 4828 4829 4672
f 4672 4829 4673
f 4829 4830 4673
f 4673 4830 4674
f 4830 4831 4674
f 4674 4831 4675
f 4831 4832 4675
f 4675 4832 4676
f 4832 4833 4676
f 4676 4833 4677
f 4833 4834 4677
f 4677 4834 4678
f 4836 4837 4679
f 4679 4837 4680
f 4837 4838 4680
f 4680 4838 4681
f 4838 4839 4681
f 4681 4839 4682
f 4839 4840 4682
f 4682 4840 4683
f 4840 4841 4683
f 4683 4841 4684
f 4842 4843 4685
f 4685 4843 4686
f 4843 4844 4686
f 4686 4844 4687
f 4844 4845 4687
f 4687 4845 4688
f 4845 4848 4688
f 4688 4848 4691
f 4689 4694 4846
f 4846 4694 4851
f 4846 4847 4689
f 4689 4847 4690
f 4848 4849 4691
f 4691 4849 4692
f 4849 4850 4692
f 4692 4850 4693
f 4850 4852 4693
f 4693 4852 4695
f 4694 4699 4851
f 4851 4699 4856
f 4852 4853 4695
f 4695 4853 4696
f 4853 4854 4696
f 4696 4854 4697
f 4854 4857 4697
f 4697 4857 4700
f 4698 4701 4855
f 4855 4701 4858
f 4855 4856 4698
f 4698 4856 4699
f 4857 4859 4700
f 4700 4859 4702
f 4701 4703 4858
f 4858 4703 4860
f 4859 4861 4702
f 4702 4861 4704
f 4703 4705 4860
f 4860 4705 4862
f 4861 4863 4704
f 4704 4863 4706
f 4705 4707 4862
f 4862 4707 4864
f 4863 4865 4706
f 4706 4865 4708
f 4707 4710 4864
f 4864 4710 4867
f 4865 4869 4708
f 4708 4869 4711
f 4709 4712 4866
f 4866 4712 4870
f 4866 4867 4709
f 4709 4867 4710
f 4869 4872 4711
f 4711 4872 4714
f 4871 4872 4868
f 4868 4872 4869
f 4712 4715 4870
f 4870 4715 4873
f 4871 4874 4713
f 4713 4874 4716
f 4713 4714 4871
f 4871 4714 4872
f 4715 4717 4873
f 4873 4717 4875
f 4874 4876 4716
f 4716 4876 4719
f 4717 4720 4875
f 4875 4720 4877
f 4876 4879 4719
f 4719 4879 4722
f 4720 4723 4877
f 4877 4723 4880
f 4879 4882 4722
f 4722 4882 4726
f 4881 4882 4878
f 4878 4882 4879
f 4723 4727 4880
f 4880 4727 4883
f 4881 4884 4725
f 4725 4884 4729
f 4725 4726 4881
f 4881 4726 4882
f 4727 4730 4883
f 4883 4730 4885
f 4884 4887 4729
f 4729 4887 4733
f 4730 4734 4885
f 4885 4734 4888
f 4886 4889 4732
f 4732 4889 4736
f 4732 4733 4886
f 4886 4733 4887
f 4734 4738 4888
f 4888 4738 4890
f 4889 4891 4736
f 4736 4891 4740
f 4738 4742 4890
f 4890 4742 4892
f 4891 4893 4740
f 4740 4893 4744
f 4742 4746 4892
f 4892 4746 4895
f 4893 4894 4744
f 4744 4894 4745
f 4894 4897 4745
f 4745 4897 4748
f 4896 4897 4893
f 4893 4897 4894
f 4746 4749 4895
f 4895 4749 4898
f 4897 4899 4748
f 4748 4899 4751
f 4749 4752 4898
f 4898 4752 4900
f 4899 4901 4751
f 4751 4901 4754
f 4752 4755 4900
f 4900 4755 4902
f 4901 4903 4754
f 4754 4903 4756
f 4755 4757 4902
f 4902 4757 4904
f 4903 4905 4756
f 4756 4905 4758
f 4757 4759 4904
f 4904 4759 4906
f 4905 4907 4758
f 4758 4907 4760
f 4759 4761 4906
f 4906 4761 4909
f 4907 4910 4760
f 4760 4910 4762
f 4761 4764 4909
f 4909 4764 4912
f 4908 4909 4911
f 4911 4909 4912
f 4910 4913 4762
f 4762 4913 4765
f 4763 4766 4911
f 4911 4766 4914
f 4911 4912 4763
f 4763 4912 4764
f 4913 4915 4765
f 4765 4915 4767
f 4766 4768 4914
f 4914 4768 4916
f 4915 4917 4767
f 4767 4917 4769
f 4768 4770 4916
f 4916 4770 4918
f 4917 4920 4769
f 4769 4920 4772
f 4770 4771 4918
f 4918 4771 4919
f 4771 4773 4919
f 4919 4773 4921
f 4920 4924 4772
f 4772 4924 4775
f 4773 4774 4921
f 4921 4774 4922
f 4774 4776 4922
f 4922 4776 4925
f 4924 4935 4775
f 4775 4935 4785
f 4934 4935 4923
f 4923 4935 4924
f 4776 4777 4925
f 4925 4777 4926
f 4777 4778 4926
f 4926 4778 4927
f 4778 4779 4927
f 4927 4779 4928
f 4779 4780 4928
f 4928 4780 4929
f 4780 4781 4929
f 4929 4781 4930
f 4781 4782 4930
f 4930 4782 4931
f 4782 4787 4931
f 4931 4787 4936
f 4933 4959 4783
f 4783 4959 4809
f 4958 4959 4932
f 4932 4959 4933
f 4783 4784 4933
f 4933 4784 4934
f 4784 4785 4934
f 4934 4785 4935
f 4787 4788 4936
f 4936 4788 4937
f 4788 4789 4937
f 4937 4789 4938
f 4789 4790 4938
f 4938 4790 4939
f 4790 4791 4939
f 4939 4791 4940
f 4791 4792 4940
f 4940 4792 4941
f 4792 4793 4941
f 4941 4793 4942
f 4793 4794 4942
f 4942 4794 4943
f 4794 4795 4943
f 4943 4795 4944
f 4795 4796 4944
f 4944 4796 4945
f 4796 4797 4945
f 4945 4797 4946
f 4797 4798 4946
f 4946 4798 4947
f 4798 4799 4947
f 4947 4799 4948
f 4799 4800 4948
f 4948 4800 4949
f 4800 4801 4949
f 4949 4801 4950
f 4801 4802 4950
f 4950 4802 4951
f 4802 4810 4951
f 4951 4810 4960
f 4960 4961 4951
f 4951 4961 4952
f 4953 4962 4803
f 4803 4962 4812
f 4961 4962 4952
f 4952 4962 4953
f 4803 4804 4953
f 4953 4804 4954
f 4804 4805 4954
f 4954 4805 4955
f 4805 4806 4955
f 4955 4806 4956
f 4806 4807 4956
f 4956 4807 4957
f 4807 4808 4957
f 4957 4808 4958
f 4808 4809 4958
f 4958 4809 4959
f 4810 4811 4960
f 4960 4811 4961
f 4811 4812 4961
f 4961 4812 4962
f 4813 4834 4963
f 4963 4834 4984
f 4963 4964 4813
f 4813 4964 4814
f 4964 4965 4814
f 4814 4965 4815
f 4965 4966 4815
f 4815 4966 4816
f 4966 4967 4816
f 4816 4967 4817
f 4985 4986 4966
f 4966 4986 4967
f 4967 4968 4817
f 4817 4968 4818
f 4986 4987 4967
f 4967 4987 4968
f 4968 4969 4818
f 4818 4969 4819
f 4969 4988 4819
f 4819 4988 4835
f 4987 4988 4968
f 4968 4988 4969
f 4821 4841 4970
f 4970 4841 4994
f 4970 4971 4821
f 4821 4971 4822
f 4971 4972 4822
f 4822 4972 4823
f 4972 4973 4823
f 4823 4973 4824
f 4973 4996 4824
f 4824 4996 4842
f 4995 4996 4972
f 4972 4996 4973
f 4825 4847 4975
f 4975 4847 5001
f 4974 4975 5000
f 5000 4975 5001
f 4975 4976 4825
f 4825 4976 4826
f 4976 4977 4826
f 4826 4977 4827
f 4977 4978 4827
f 4827 4978 4828
f 4978 4979 4828
f 4828 4979 4829
f 4979 4980 4829
f 4829 4980 4830
f 4980 4981 4830
f 4830 4981 4831
f 4981 4982 4831
f 4831 4982 4832
f 4982 4983 4832
f 4832 4983 4833
f 4983 4984 4833
f 4833 4984 4834
f 4988 4989 4835
f 4835 4989 4836
f 4989 4990 4836
f 4836 4990 4837
f 4990 4991 4837
f 4837 4991 4838
f 4991 4992 4838
f 4838 4992 4839
f 4992 4993 4839
f 4839 4993 4840
f 4993 4994 4840
f 4840 4994 4841
f 4996 4997 4842
f 4842 4997 4843
f 4997 4998 4843
f 4843 4998 4844
f 4998 4999 4844
f 4844 4999 4845
f 4999 5002 4845
f 4845 5002 4848
f 4846 4851 5000
f 5000 4851 5005
f 5000 5001 4846
f 4846 5001 4847
f 5002 5003 4848
f 4848 5003 4849
f 5003 5004 4849
f 4849 5004 4850
f 5004 5006 4850
f 4850 5006 4852
f 4851 4856 5005
f 5005 4856 5010
f 5006 5007 4852
f 4852 5007 4853
f 5007 5008 4853
f 4853 5008 4854
f 5008 5012 4854
f 4854 5012 4857
f 5011 5012 5007
f 5007 5012 5008
f 4855 4858 5009
f 5009 4858 5013
f 5009 5010 4855
f 4855 5010 4856
f 5012 5014 4857
f 4857 5014 4859
f 4858 4860 5013
f 5013 4860 5015
f 5014 5016 4859
f 4859 5016 4861
f 4860 4862 5015
f 5015 4862 5017
f 5016 5018 4861
f 4861 5018 4863
f 4862 4864 5017
f 5017 4864 5019
f 5018 5020 4863
f 4863 5020 4865
f 4864 4867 5019
f 5019 4867 5022
f 5020 5024 4865
f 4865 5024 4869
f 4866 4870 5021
f 5021 4870 5025
f 5021 5022 4866
f 4866 5022 4867
f 5025 5026 5021
f 5021 5026 5022
f 5023 5027 4868
f 4868 5027 4871
f 4868 4869 5023
f 5023 4869 5024
f 4870 4873 5025
f 5025 4873 5028
f 5027 5029 4871
f 4871 5029 4874
f 4873 4875 5028
f 5028 4875 5030
f 5029 5031 4874
f 4874 5031 4876
f 4875 4877 5030
f 5030 4877 5032
f 5031 5034 4876
f 4876 5034 4879
f 4877 4880 5032
f 5032 4880 5035
f 5033 5036 4878
f 4878 5036 4881
f 4878 4879 5033
f 5033 4879 5034
f 4880 4883 5035
f 5035 4883 5037
f 5036 5039 4881
f 4881 5039 4884
f 4883 4885 5037
f 5037 4885 5040
f 5039 5042 4884
f 4884 5042 4887
f 5041 5042 5038
f 5038 5042 5039
f 4885 4888 5040
f 5040 4888 5043
f 5041 5045 4886
f 4886 5045 4889
f 4886 4887 5041
f 5041 4887 5042
f 4888 4890 5043
f 5043 4890 5046
f 5045 5048 4889
f 4889 5048 4891
f 5047 5048 5044
f 5044 5048 5045
f 4890 4892 5046
f 5046 4892 5049
f 5048 5050 4891
f 4891 5050 4893
f 4892 4895 5049
f 5049 4895 5051
f 5050 5052 4893
f 4893 5052 4896
f 4895 4898 5051
f 5051 4898 5054
f 5052 5053 4896
f 4896 5053 4897
f 5053 5056 4897
f 4897 5056 4899
f 5055 5056 5052
f 5052 5056 5053
f 4898 4900 5054
f 5054 4900 5057
f 5056 5059 4899
f 4899 5059 4901
f 5058 5059 5055
f 5055 5059 5056
f 4900 4902 5057
f 5057 4902 5060
f 5059 5061 4901
f 4901 5061 4903
f 4902 4904 5060
f 5060 4904 5063
f 5061 5064 4903
f 4903 5064 4905
f 4904 4906 5063
f 5063 4906 5066
f 5062 5063 5065
f 5065 5063 5066
f 5064 5067 4905
f 4905 5067 4907
f 4906 4909 5066
f 5066 4909 5069
f 5065 5066 5068
f 5068 5066 5069
f 5067 5070 4907
f 4907 5070 4910
f 4908 4911 5068
f 5068 4911 5071
f 5068 5069 4908
f 4908 5069 4909
f 5070 5072 4910
f 4910 5072 4913
f 4911 4914 5071
f 5071 4914 5073
f 5072 5074 4913
f 4913 5074 4915
f 4914 4916 5073
f 5073 4916 5075
f 5074 5076 4915
f 4915 5076 4917
f 4916 4918 5075
f 5075 4918 5077
f 5076 5079 4917
f 4917 5079 4920
f 4918 4919 5077
f 5077 4919 5078
f 4919 4921 5078
f 5078 4921 5080
f 5079 5083 4920
f 4920 5083 4924
f 4921 4922 5080
f 5080 4922 5081
f 4922 4925 5081
f 5081 4925 5084
f 5082 5094 4923
f 4923 5094 4934
f 4923 4924 5082
f 5082 4924 5083
f 4925 4926 5084
f 5084 4926 5085
f 4926 4927 5085
f 5085 4927 5086
f 4927 4928 5086
f 5086 4928 5087
f 4928 4929 5087
f 5087 4929 5088
f 4929 4930 5088
f 5088 4930 5089
f 4930 4931 5089
f 5089 4931 5090
f 4931 4936 5090
f 5090 4936 5095
f 5095 5096 5090
f 5090 5096 5091
f 5092 5117 4932
f 4932 5117 4958
f 4932 4933 5092
f 5092 4933 5093
f 4933 4934 5093
f 5093 4934 5094
f 4936 4937 5095
f 5095 4937 5096
f 4937 4938 5096
f 5096 4938 5097
f 4938 4939 5097
f 5097 4939 5098
f 4939 4940 5098
f 5098 4940 5099
f 4940 4941 5099
f 5099 4941 5100
f 4941 4942 5100
f 5100 4942 5101
f 4942 4943 5101
f 5101 4943 5102
f 4943 4944 5102
f 5102 4944 5103
f 4944 4945 5103
f 5103 4945 5104
f 4945 4946 5104
f 5104 4946 5105
f 4946 4947 5105
f 5105 4947 5106
f 4947 4948 5106
f 5106 4948 5107
f 4948 4949 5107
f 5107 4949 5108
f 4949 4950 5108
f 5108 4950 5109
f 4950 4951 5109
f 5109 4951 5110
f 4951 4952 5110
f 5110 4952 5111
f 4952 4953 5111
f 5111 4953 5112
f 4953 4954 5112
f 5112 4954 5113
f 4954 4955 5113
f 5113 4955 5114
f 4955 4956 5114
f 5114 4956 5115
f 4956 4957 5115
f 5115 4957 5116
f 4957 4958 5116
f 5116 4958 5117
f 4963 4984 5119
f 5119 4984 5136
f 5118 5119 5135
f 5135 5119 5136
f 5119 5120 4963
f 4963 5120 4964
f 5120 5121 4964
f 4964 5121 4965
f 5121 5122 4965
f 4965 5122 4966
f 5122 5138 4966
f 4966 5138 4985
f 5137 5138 5121
f 5121 5138 5122
f 4970 4994 5123
f 5123 4994 5147
f 5123 5124 4970
f 4970 5124 4971
f 5124 5125 4971
f 4971 5125 4972
f 5125 5148 4972
f 4972 5148 4995
f 4974 5000 5126
f 5126 5000 5154
f 5126 5127 4974
f 4974 5127 4975
f 5127 5128 4975
f 4975 5128 4976
f 5128 5129 4976
f 4976 5129 4977
f 5129 5130 4977
f 4977 5130 4978
f 5130 5131 4978
f 4978 5131 4979
f 5131 5132 4979
f 4979 5132 4980
f 5132 5133 4980
f 4980 5133 4981
f 5133 5134 4981
f 4981 5134 4982
f 5134 5135 4982
f 4982 5135 4983
f 5135 5136 4983
f 4983 5136 4984
f 5138 5139 4985
f 4985 5139 4986
f 5139 5140 4986
f 4986 5140 4987
f 5140 5141 4987
f 4987 5141 4988
f 5141 5142 4988
f 4988 5142 4989
f 5142 5143 4989
f 4989 5143 4990
f 5143 5144 4990
f 4990 5144 4991
f 5144 5145 4991
f 4991 5145 4992
f 5145 5146 4992
f 4992 5146 4993
f 5146 5147 4993
f 4993 5147 4994
f 5148 5149 4995
f 4995 5149 4996
f 5149 5150 4996
f 4996 5150 4997
f 5150 5151 4997
f 4997 5151 4998
f 5151 5152 4998
f 4998 5152 4999
f 5152 5155 4999
f 4999 5155 5002
f 5152 5153 5155
f 5155 5153 5156
f 5000 5005 5154
f 5154 5005 5158
f 5155 5156 5002
f 5002 5156 5003
f 5156 5157 5003
f 5003 5157 5004
f 5157 5159 5004
f 5004 5159 5006
f 5005 5010 5158
f 5158 5010 5162
f 5159 5160 5006
f 5006 5160 5007
f 5160 5163 5007
f 5007 5163 5011
f 5009 5013 5161
f 5161 5013 5165
f 5161 5162 5009
f 5009 5162 5010
f 5163 5164 5011
f 5011 5164 5012
f 5164 5166 5012
f 5012 5166 5014
f 5013 5015 5165
f 5165 5015 5167
f 5166 5168 5014
f 5014 5168 5016
f 5015 5017 5167
f 5167 5017 5169
f 5168 5170 5016
f 5016 5170 5018
f 5017 5019 5169
f 5169 5019 5171
f 5170 5173 5018
f 5018 5173 5020
f 5019 5022 5171
f 5171 5022 5174
f 5173 5176 5020
f 5020 5176 5024
f 5175 5176 5172
f 5172 5176 5173
f 5022 5026 5174
f 5174 5026 5178
f 5175 5179 5023
f 5023 5179 5027
f 5023 5024 5175
f 5175 5024 5176
f 5025 5028 5177
f 5177 5028 5180
f 5177 5178 5025
f 5025 5178 5026
f 5179 5181 5027
f 5027 5181 5029
f 5028 5030 5180
f 5180 5030 5182
f 5181 5184 5029
f 5029 5184 5031
f 5030 5032 5182
f 5182 5032 5185
f 5184 5187 5031
f 5031 5187 5034
f 5186 5187 5183
f 5183 5187 5184
f 5032 5035 5185
f 5185 5035 5188
f 5186 5190 5033
f 5033 5190 5036
f 5033 5034 5186
f 5186 5034 5187
f 5035 5037 5188
f 5188 5037 5191
f 5190 5193 5036
f 5036 5193 5039
f 5192 5193 5189
f 5189 5193 5190
f 5037 5040 5191
f 5191 5040 5194
f 5192 5196 5038
f 5038 5196 5041
f 5038 5039 5192
f 5192 5039 5193
f 5040 5043 5194
f 5194 5043 5197
f 5196 5199 5041
f 5041 5199 5045
f 5198 5199 5195
f 5195 5199 5196
f 5043 5046 5197
f 5197 5046 5200
f 5198 5201 5044
f 5044 5201 5047
f 5044 5045 5198
f 5198 5045 5199
f 5046 5049 5200
f 5200 5049 5203
f 5201 5202 5047
f 5047 5202 5048
f 5202 5205 5048
f 5048 5205 5050
f 5204 5205 5201
f 5201 5205 5202
f 5049 5051 5203
f 5203 5051 5207
f 5205 5208 5050
f 5050 5208 5052
f 5051 5054 5207
f 5207 5054 5210
f 5206 5207 5209
f 5209 5207 5210
f 5208 5211 5052
f 5052 5211 5055
f 5054 5057 5210
f 5210 5057 5213
f 5209 5210 5212
f 5212 5210 5213
f 5211 5214 5055
f 5055 5214 5058
f 5057 5060 5213
f 5213 5060 5217
f 5212 5213 5216
f 5216 5213 5217
f 5214 5215 5058
f 5058 5215 5059
f 5215 5219 5059
f 5059 5219 5061
f 5218 5219 5214
f 5214 5219 5215
f 5060 5063 5217
f 5217 5063 5221
f 5216 5217 5220
f 5220 5217 5221
f 5219 5223 5061
f 5061 5223 5064
f 5222 5223 5218
f 5218 5223 5219
f 5062 5065 5220
f 5220 5065 5224
f 5220 5221 5062
f 5062 5221 5063
f 5223 5225 5064
f 5064 5225 5067
f 5065 5068 5224
f 5224 5068 5226
f 5225 5227 5067
f 5067 5227 5070
f 5068 5071 5226
f 5226 5071 5228
f 5227 5229 5070
f 5070 5229 5072
f 5071 5073 5228
f 5228 5073 5230
f 5229 5231 5072
f 5072 5231 5074
f 5073 5075 5230
f 5230 5075 5232
f 5231 5233 5074
f 5074 5233 5076
f 5075 5077 5232
f 5232 5077 5234
f 5233 5236 5076
f 5076 5236 5079
f 5077 5078 5234
f 5234 5078 5235
f 5078 5080 5235
f 5235 5080 5237
f 5236 5240 5079
f 5079 5240 5083
f 5080 5081 5237
f 5237 5081 5238
f 5081 5084 5238
f 5238 5084 5241
f 5239 5252 5082
f 5082 5252 5094
f 5082 5083 5239
f 5239 5083 5240
f 5084 5085 5241
f 5241 5085 5242
f 5085 5086 5242
f 5242 5086 5243
f 5086 5087 5243
f 5243 5087 5244
f 5087 5088 5244
f 5244 5088 5245
f 5088 5089 5245
f 5245 5089 5246
f 5089 5090 5246
f 5246 5090 5247
f 5090 5091 5247
f 5247 5091 5248
f 5091 5096 5248
f 5248 5096 5253
f 5250 5274 5092
f 5092 5274 5117
f 5273 5274 5249
f 5249 5274 5250
f 5092 5093 5250
f 5250 5093 5251
f 5093 5094 5251
f 5251 5094 5252
f 5096 5097 5253
f 5253 5097 5254
f 5097 5098 5254
f 5254 5098 5255
f 5098 5099 5255
f 5255 5099 5256
f 5099 5100 5256
f 5256 5100 5257
f 5100 5101 5257
f 5257 5101 5258
f 5101 5102 5258
f 5258 5102 5259
f 5102 5103 5259
f 5259 5103 5260
f 5103 5104 5260
f 5260 5104 5261
f 5104 5105 5261
f 5261 5105 5262
f 5105 5106 5262
f 5262 5106 5263
f 5106 5107 5263
f 5263 5107 5264
f 5107 5108 5264
f 5264 5108 5265
f 5108 5109 5265
f 5265 5109 5266
f 5109 5110 5266
f 5266 5110 5267
f 5110 5111 5267
f 5267 5111 5268
f 5111 5112 5268
f 5268 5112 5269
f 5112 5113 5269
f 5269 5113 5270
f 5113 5114 5270
f 5270 5114 5271
f 5114 5115 5271
f 5271 5115 5272
f 5115 5116 5272
f 5272 5116 5273
f 5116 5117 5273
f 5273 5117 5274
f 5118 5135 5276
f 5276 5135 5292
f 5275 5276 5291
f 5291 5276 5292
f 5276 5277 5118
f 5118 5277 5119
f 5277 5278 5119
f 5119 5278 5120
f 5278 5279 5120
f 5120 5279 5121
f 5279 5294 5121
f 5121 5294 5137
f 5293 5294 5278
f 5278 5294 5279
f 5123 5147 5280
f 5280 5147 5304
f 5280 5281 5123
f 5123 5281 5124
f 5304 5305 5280
f 5280 5305 5281
f 5281 5282 5124
f 5124 5282 5125
f 5282 5306 5125
f 5125 5306 5148
f 5126 5154 5283
f 5283 5154 5312
f 5283 5284 5126
f 5126 5284 5127
f 5284 5285 5127
f 5127 5285 5128
f 5285 5286 5128
f 5128 5286 5129
f 5286 5287 5129
f 5129 5287 5130
f 5287 5288 5130
f 5130 5288 5131
f 5288 5289 5131
f 5131 5289 5132
f 5289 5290 5132
f 5132 5290 5133
f 5290 5291 5133
f 5133 5291 5134
f 5291 5292 5134
f 5134 5292 5135
f 5294 5295 5137
f 5137 5295 5138
f 5295 5296 5138
f 5138 5296 5139
f 5296 5297 5139
f 5139 5297 5140
f 5297 5298 5140
f 5140 5298 5141
f 5298 5299 5141
f 5141 5299 5142
f 5299 5300 5142
f 5142 5300 5143
f 5300 5301 5143
f 5143 5301 5144
f 5301 5302 5144
f 5144 5302 5145
f 5302 5303 5145
f 5145 5303 5146
f 5303 5304 5146
f 5146 5304 5147
f 5306 5307 5148
f 5148 5307 5149
f 5307 5308 5149
f 5149 5308 5150
f 5308 5309 5150
f 5150 5309 5151
f 5309 5310 5151
f 5151 5310 5152
f 5310 5311 5152
f 5152 5311 5153
f 5311 5313 5153
f 5153 5313 5156
f 5154 5158 5312
f 5312 5158 5315
f 5313 5314 5156
f 5156 5314 5157
f 5314 5316 5157
f 5157 5316 5159
f 5158 5162 5315
f 5315 5162 5319
f 5316 5317 5159
f 5159 5317 5160
f 5317 5320 5160
f 5160 5320 5163
f 5161 5165 5318
f 5318 5165 5322
f 5318 5319 5161
f 5161 5319 5162
f 5320 5321 5163
f 5163 5321 5164
f 5321 5323 5164
f 5164 5323 5166
f 5165 5167 5322
f 5322 5167 5324
f 5323 5325 5166
f 5166 5325 5168
f 5167 5169 5324
f 5324 5169 5326
f 5325 5327 5168
f 5168 5327 5170
f 5169 5171 5326
f 5326 5171 5328
f 5327 5330 5170
f 5170 5330 5173
f 5171 5174 5328
f 5328 5174 5331
f 5329 5332 5172
f 5172 5332 5175
f 5172 5173 5329
f 5329 5173 5330
f 5174 5178 5331
f 5331 5178 5334
f 5332 5335 5175
f 5175 5335 5179
f 5177 5180 5333
f 5333 5180 5336
f 5333 5334 5177
f 5177 5334 5178
f 5335 5337 5179
f 5179 5337 5181
f 5180 5182 5336
f 5336 5182 5338
f 5337 5340 5181
f 5181 5340 5184
f 5182 5185 5338
f 5338 5185 5341
f 5339 5342 5183
f 5183 5342 5186
f 5183 5184 5339
f 5339 5184 5340
f 5185 5188 5341
f 5341 5188 5343
f 5342 5345 5186
f 5186 5345 5190
f 5188 5191 5343
f 5343 5191 5346
f 5344 5348 5189
f 5189 5348 5192
f 5189 5190 5344
f 5344 5190 5345
f 5191 5194 5346
f 5346 5194 5349
f 5348 5351 5192
f 5192 5351 5196
f 5350 5351 5347
f 5347 5351 5348
f 5194 5197 5349
f 5349 5197 5352
f 5350 5353 5195
f 5195 5353 5198
f 5195 5196 5350
f 5350 5196 5351
f 5197 5200 5352
f 5352 5200 5355
f 5353 5356 5198
f 5198 5356 5201
f 5200 5203 5355
f 5355 5203 5358
f 5354 5355 5357
f 5357 5355 5358
f 5356 5359 5201
f 5201 5359 5204
f 5203 5207 5358
f 5358 5207 5362
f 5357 5358 5361
f 5361 5358 5362
f 5359 5360 5204
f 5204 5360 5205
f 5360 5364 5205
f 5205 5364 5208
f 5363 5364 5359
f 5359 5364 5360
f 5206 5209 5361
f 5361 5209 5365
f 5361 5362 5206
f 5206 5362 5207
f 5364 5366 5208
f 5208 5366 5211
f 5209 5212 5365
f 5365 5212 5367
f 5366 5368 5211
f 5211 5368 5214
f 5212 5216 5367
f 5367 5216 5369
f 5368 5370 5214
f 5214 5370 5218
f 5216 5220 5369
f 5369 5220 5371
f 5370 5372 5218
f 5218 5372 5222
f 5220 5224 5371
f 5371 5224 5374
f 5372 5373 5222
f 5222 5373 5223
f 5373 5376 5223
f 5223 5376 5225
f 5375 5376 5372
f 5372 5376 5373
f 5224 5226 5374
f 5374 5226 5377
f 5376 5379 5225
f 5225 5379 5227
f 5378 5379 5375
f 5375 5379 5376
f 5226 5228 5377
f 5377 5228 5380
f 5379 5381 5227
f 5227 5381 5229
f 5228 5230 5380
f 5380 5230 5382
f 5381 5383 5229
f 5229 5383 5231
f 5230 5232 5382
f 5382 5232 5384
f 5383 5385 5231
f 5231 5385 5233
f 5232 5234 5384
f 5384 5234 5386
f 5385 5388 5233
f 5233 5388 5236
f 5234 5235 5386
f 5386 5235 5387
f 5235 5237 5387
f 5387 5237 5389
f 5388 5392 5236
f 5236 5392 5240
f 5237 5238 5389
f 5389 5238 5390
f 5238 5241 5390
f 5390 5241 5393
f 5391 5404 5239
f 5239 5404 5252
f 5239 5240 5391
f 5391 5240 5392
f 5241 5242 5393
f 5393 5242 5394
f 5242 5243 5394
f 5394 5243 5395
f 5243 5244 5395
f 5395 5244 5396
f 5244 5245 5396
f 5396 5245 5397
f 5245 5246 5397
f 5397 5246 5398
f 5246 5247 5398
f 5398 5247 5399
f 5247 5248 5399
f 5399 5248 5400
f 5248 5253 5400
f 5400 5253 5405
f 5401 5425 5249
f 5249 5425 5273
f 5249 5250 5401
f 5401 5250 5402
f 5250 5251 5402
f 5402 5251 5403
f 5251 5252 5403
f 5403 5252 5404
f 5253 5254 5405
f 5405 5254 5406
f 5254 5255 5406
f 5406 5255 5407
f 5255 5256 5407
f 5407 5256 5408
f 5256 5257 5408
f 5408 5257 5409
f 5257 5258 5409
f 5409 5258 5410
f 5258 5259 5410
f 5410 5259 5411
f 5259 5260 5411
f 5411 5260 5412
f 5260 5261 5412
f 5412 5261 5413
f 5261 5262 5413
f 5413 5262 5414
f 5262 5263 5414
f 5414 5263 5415
f 5263 5264 5415
f 5415 5264 5416
f 5264 5265 5416
f 5416 5265 5417
f 5265 5266 5417
f 5417 5266 5418
f 5266 5267 5418
f 5418 5267 5419
f 5267 5268 5419
f 5419 5268 5420
f 5268 5269 5420
f 5420 5269 5421
f 5269 5270 5421
f 5421 5270 5422
f 5270 5271 5422
f 5422 5271 5423
f 5271 5272 5423
f 5423 5272 5424
f 5272 5273 5424
f 5424 5273 5425
f 5275 5291 5426
f 5426 5291 5440
f 5426 5427 5275
f 5275 5427 5276
f 5440 5441 5426
f 5426 5441 5427
f 5427 5428 5276
f 5276 5428 5277
f 5441 5442 5427
f 5427 5442 5428
f 5428 5429 5277
f 5277 5429 5278
f 5429 5443 5278
f 5278 5443 5293
f 5442 5443 5428
f 5428 5443 5429
f 5281 5305 5430
f 5430 5305 5455
f 5430 5431 5281
f 5281 5431 5282
f 5431 5456 5282
f 5282 5456 5306
f 5455 5456 5430
f 5430 5456 5431
f 5283 5312 5432
f 5432 5312 5462
f 5432 5433 5283
f 5283 5433 5284
f 5462 5463 5432
f 5432 5463 5433
f 5433 5434 5284
f 5284 5434 5285
f 5434 5435 5285
f 5285 5435 5286
f 5435 5436 5286
f 5286 5436 5287
f 5436 5437 5287
f 5287 5437 5288
f 5437 5438 5288
f 5288 5438 5289
f 5438 5439 5289
f 5289 5439 5290
f 5439 5440 5290
f 5290 5440 5291
f 5443 5444 5293
f 5293 5444 5294
f 5444 5445 5294
f 5294 5445 5295
f 5445 5446 5295
f 5295 5446 5296
f 5446 5447 5296
f 5296 5447 5297
f 5447 5448 5297
f 5297 5448 5298
f 5448 5449 5298
f 5298 5449 5299
f 5449 5450 5299
f 5299 5450 5300
f 5450 5451 5300
f 5300 5451 5301
f 5451 5452 5301
f 5301 5452 5302
f 5452 5453 5302
f 5302 5453 5303
f 5453 5454 5303
f 5303 5454 5304
f 5454 5455 5304
f 5304 5455 5305
f 5456 5457 5306
f 5306 5457 5307
f 5457 5458 5307
f 5307 5458 5308
f 5458 5459 5308
f 5308 5459 5309
f 5459 5460 5309
f 5309 5460 5310
f 5460 5461 5310
f 5310 5461 5311
f 5461 5465 5311
f 5311 5465 5313
f 5464 5465 5460
f 5460 5465 5461
f 5312 5315 5462
f 5462 5315 5467
f 5465 5466 5313
f 5313 5466 5314
f 5466 5468 5314
f 5314 5468 5316
f 5315 5319 5467
f 5467 5319 5471
f 5468 5469 5316
f 5316 5469 5317
f 5469 5472 5317
f 5317 5472 5320
f 5318 5322 5470
f 5470 5322 5474
f 5470 5471 5318
f 5318 5471 5319
f 5474 5475 5470
f 5470 5475 5471
f 5472 5473 5320
f 5320 5473 5321
f 5473 5476 5321
f 5321 5476 5323
f 5322 5324 5474
f 5474 5324 5477
f 5476 5478 5323
f 5323 5478 5325
f 5324 5326 5477
f 5477 5326 5479
f 5478 5481 5325
f 5325 5481 5327
f 5326 5328 5479
f 5479 5328 5482
f 5481 5484 5327
f 5327 5484 5330
f 5483 5484 5480
f 5480 5484 5481
f 5328 5331 5482
f 5482 5331 5485
f 5483 5486 5329
f 5329 5486 5332
f 5329 5330 5483
f 5483 5330 5484
f 5331 5334 5485
f 5485 5334 5488
f 5486 5489 5332
f 5332 5489 5335
f 5333 5336 5487
f 5487 5336 5490
f 5487 5488 5333
f 5333 5488 5334
f 5490 5491 5487
f 5487 5491 5488
f 5489 5493 5335
f 5335 5493 5337
f 5336 5338 5490
f 5490 5338 5494
f 5494 5495 5490
f 5490 5495 5491
f 5493 5497 5337
f 5337 5497 5340
f 5496 5497 5492
f 5492 5497 5493
f 5338 5341 5494
f 5494 5341 5498
f 5496 5500 5339
f 5339 5500 5342
f 5339 5340 5496
f 5496 5340 5497
f 5341 5343 5498
f 5498 5343 5501
f 5500 5503 5342
f 5342 5503 5345
f 5502 5503 5499
f 5499 5503 5500
f 5343 5346 5501
f 5501 5346 5504
f 5502 5506 5344
f 5344 5506 5348
f 5344 5345 5502
f 5502 5345 5503
f 5346 5349 5504
f 5504 5349 5507
f 5505 5509 5347
f 5347 5509 5350
f 5347 5348 5505
f 5505 5348 5506
f 5349 5352 5507
f 5507 5352 5511
f 5509 5513 5350
f 5350 5513 5353
f 5512 5513 5508
f 5508 5513 5509
f 5352 5355 5511
f 5511 5355 5515
f 5510 5511 5514
f 5514 5511 5515
f 5513 5517 5353
f 5353 5517 5356
f 5516 5517 5512
f 5512 5517 5513
f 5354 5357 5514
f 5514 5357 5518
f 5514 5515 5354
f 5354 5515 5355
f 5517 5519 5356
f 5356 5519 5359
f 5357 5361 5518
f 5518 5361 5520
f 5519 5521 5359
f 5359 5521 5363
f 5361 5365 5520
f 5520 5365 5523
f 5521 5522 5363
f 5363 5522 5364
f 5522 5525 5364
f 5364 5525 5366
f 5524 5525 5521
f 5521 5525 5522
f 5365 5367 5523
f 5523 5367 5526
f 5525 5528 5366
f 5366 5528 5368
f 5527 5528 5524
f 5524 5528 5525
f 5367 5369 5526
f 5526 5369 5529
f 5528 5530 5368
f 5368 5530 5370
f 5369 5371 5529
f 5529 5371 5531
f 5530 5532 5370
f 5370 5532 5372
f 5371 5374 5531
f 5531 5374 5533
f 5532 5534 5372
f 5372 5534 5375
f 5374 5377 5533
f 5533 5377 5535
f 5534 5536 5375
f 5375 5536 5378
f 5377 5380 5535
f 5535 5380 5538
f 5536 5537 5378
f 5378 5537 5379
f 5537 5540 5379
f 5379 5540 5381
f 5539 5540 5536
f 5536 5540 5537
f 5380 5382 5538
f 5538 5382 5542
f 5540 5544 5381
f 5381 5544 5383
f 5543 5544 5539
f 5539 5544 5540
f 5382 5384 5542
f 5542 5384 5546
f 5541 5542 5545
f 5545 5542 5546
f 5544 5547 5383
f 5383 5547 5385
f 5384 5386 5546
f 5546 5386 5549
f 5545 5546 5548
f 5548 5546 5549
f 5547 5551 5385
f 5385 5551 5388
f 5386 5387 5549
f 5549 5387 5550
f 5387 5389 5550
f 5550 5389 5553
f 5549 5550 5552
f 5552 5550 5553
f 5551 5556 5388
f 5388 5556 5392
f 5389 5390 5553
f 5553 5390 5554
f 5390 5393 5554
f 5554 5393 5557
f 5555 5569 5391
f 5391 5569 5404
f 5391 5392 5555
f 5555 5392 5556
f 5393 5394 5557
f 5557 5394 5558
f 5394 5395 5558
f 5558 5395 5559
f 5395 5396 5559
f 5559 5396 5560
f 5396 5397 5560
f 5560 5397 5561
f 5397 5398 5561
f 5561 5398 5562
f 5398 5399 5562
f 5562 5399 5563
f 5399 5400 5563
f 5563 5400 5564
f 5400 5405 5564
f 5564 5405 5570
f 5570 5571 5564
f 5564 5571 5565
f 5566 5590 5401
f 5401 5590 5425
f 5401 5402 5566
f 5566 5402 5567
f 5402 5403 5567
f 5567 5403 5568
f 5403 5404 5568
f 5568 5404 5569
f 5405 5406 5570
f 5570 5406 5571
f 5406 5407 5571
f 5571 5407 5572
f 5407 5408 5572
f 5572 5408 5573
f 5408 5409 5573
f 5573 5409 5574
f 5409 5410 5574
f 5574 5410 5575
f 5410 5411 5575
f 5575 5411 5576
f 5411 5412 5576
f 5576 5412 5577
f 5412 5413 5577
f 5577 5413 5578
f 5413 5414 5578
f 5578 5414 5579
f 5414 5415 5579
f 5579 5415 5580
f 5415 5416 5580
f 5580 5416 5581
f 5416 5417 5581
f 5581 5417 5582
f 5417 5418 5582
f 5582 5418 5583
f 5418 5419 5583
f 5583 5419 5584
f 5419 5420 5584
f 5584 5420 5585
f 5420 5421 5585
f 5585 5421 5586
f 5421 5422 5586
f 5586 5422 5587
f 5422 5423 5587
f 5587 5423 5588
f 5423 5424 5588
f 5588 5424 5589
f 5424 5425 5589
f 5589 5425 5590
f 5433 5463 5591
f 5591 5463 5620
f 5591 5592 5433
f 5433 5592 5434
f 5620 5621 5591
f 5591 5621 5592
f 5592 5593 5434
f 5434 5593 5435
f 5593 5594 5435
f 5435 5594 5436
f 5594 5595 5436
f 5436 5595 5437
f 5595 5596 5437
f 5437 5596 5438
f 5596 5597 5438
f 5438 5597 5439
f 5597 5598 5439
f 5439 5598 5440
f 5598 5599 5440
f 5440 5599 5441
f 5599 5600 5441
f 5441 5600 5442
f 5600 5601 5442
f 5442 5601 5443
f 5601 5602 5443
f 5443 5602 5444
f 5602 5603 5444
f 5444 5603 5445
f 5603 5604 5445
f 5445 5604 5446
f 5604 5605 5446
f 5446 5605 5447
f 5605 5606 5447
f 5447 5606 5448
f 5606 5607 5448
f 5448 5607 5449
f 5622 5623 5606
f 5606 5623 5607
f 5607 5608 5449
f 5449 5608 5450
f 5623 5624 5607
f 5607 5624 5608
f 5608 5609 5450
f 5450 5609 5451
f 5624 5625 5608
f 5608 5625 5609
f 5609 5610 5451
f 5451 5610 5452
f 5625 5626 5609
f 5609 5626 5610
f 5610 5611 5452
f 5452 5611 5453
f 5626 5627 5610
f 5610 5627 5611
f 5611 5612 5453
f 5453 5612 5454
f 5612 5613 5454
f 5454 5613 5455
f 5613 5614 5455
f 5455 5614 5456
f 5614 5615 5456
f 5456 5615 5457
f 5615 5616 5457
f 5457 5616 5458
f 5616 5617 5458
f 5458 5617 5459
f 5628 5629 5616
f 5616 5629 5617
f 5617 5618 5459
f 5459 5618 5460
f 5618 5630 5460
f 5460 5630 5464
f 5629 5630 5617
f 5617 5630 5618
f 5462 5467 5619
f 5619 5467 5633
f 5619 5620 5462
f 5462 5620 5463
f 5633 5634 5619
f 5619 5634 5620
f 5630 5631 5464
f 5464 5631 5465
f 5631 5632 5465
f 5465 5632 5466
f 5632 5636 5466
f 5466 5636 5468
f 5635 5636 5631
f 5631 5636 5632
f 5467 5471 5633
f 5633 5471 5638
f 5638 5639 5633
f 5633 5639 5634
f 5636 5637 5468
f 5468 5637 5469
f 5637 5640 5469
f 5469 5640 5472
f 5471 5475 5638
f 5638 5475 5643
f 5640 5641 5472
f 5472 5641 5473
f 5641 5645 5473
f 5473 5645 5476
f 5474 5477 5642
f 5642 5477 5646
f 5642 5643 5474
f 5474 5643 5475
f 5646 5647 5642
f 5642 5647 5643
f 5645 5649 5476
f 5476 5649 5478
f 5648 5649 5644
f 5644 5649 5645
f 5477 5479 5646
f 5646 5479 5650
f 5649 5652 5478
f 5478 5652 5481
f 5651 5652 5648
f 5648 5652 5649
f 5479 5482 5650
f 5650 5482 5653
f 5651 5654 5480
f 5480 5654 5483
f 5480 5481 5651
f 5651 5481 5652
f 5482 5485 5653
f 5653 5485 5655
f 5654 5657 5483
f 5483 5657 5486
f 5485 5488 5655
f 5655 5488 5658
f 5657 5660 5486
f 5486 5660 5489
f 5659 5660 5656
f 5656 5660 5657
f 5488 5491 5658
f 5658 5491 5661
f 5660 5664 5489
f 5489 5664 5493
f 5663 5664 5659
f 5659 5664 5660
f 5491 5495 5661
f 5661 5495 5666
f 5663 5668 5492
f 5492 5668 5496
f 5667 5668 5662
f 5662 5668 5663
f 5492 5493 5663
f 5663 5493 5664
f 5494 5498 5665
f 5665 5498 5669
f 5665 5666 5494
f 5494 5666 5495
f 5669 5670 5665
f 5665 5670 5666
f 5668 5673 5496
f 5496 5673 5500
f 5672 5673 5667
f 5667 5673 5668
f 5498 5501 5669
f 5669 5501 5674
f 5674 5675 5669
f 5669 5675 5670
f 5672 5677 5499
f 5499 5677 5502
f 5676 5677 5671
f 5671 5677 5672
f 5499 5500 5672
f 5672 5500 5673
f 5501 5504 5674
f 5674 5504 5678
f 5677 5681 5502
f 5502 5681 5506
f 5680 5681 5676
f 5676 5681 5677
f 5504 5507 5678
f 5678 5507 5682
f 5680 5684 5505
f 5505 5684 5509
f 5683 5684 5679
f 5679 5684 5680
f 5505 5506 5680
f 5680 5506 5681
f 5507 5511 5682
f 5682 5511 5686
f 5683 5687 5508
f 5508 5687 5512
f 5508 5509 5683
f 5683 5509 5684
f 5510 5514 5685
f 5685 5514 5688
f 5685 5686 5510
f 5510 5686 5511
f 5688 5689 5685
f 5685 5689 5686
f 5687 5690 5512
f 5512 5690 5516
f 5514 5518 5688
f 5688 5518 5692
f 5692 5693 5688
f 5688 5693 5689
f 5690 5691 5516
f 5516 5691 5517
f 5691 5695 5517
f 5517 5695 5519
f 5694 5695 5690
f 5690 5695 5691
f 5518 5520 5692
f 5692 5520 5696
f 5696 5697 5692
f 5692 5697 5693
f 5695 5699 5519
f 5519 5699 5521
f 5698 5699 5694
f 5694 5699 5695
f 5520 5523 5696
f 5696 5523 5700
f 5700 5701 5696
f 5696 5701 5697
f 5699 5702 5521
f 5521 5702 5524
f 5523 5526 5700
f 5700 5526 5703
f 5703 5704 5700
f 5700 5704 5701
f 5702 5705 5524
f 5524 5705 5527
f 5526 5529 5703
f 5703 5529 5707
f 5705 5706 5527
f 5527 5706 5528
f 5706 5709 5528
f 5528 5709 5530
f 5708 5709 5705
f 5705 5709 5706
f 5529 5531 5707
f 5707 5531 5710
f 5709 5711 5530
f 5530 5711 5532
f 5531 5533 5710
f 5710 5533 5712
f 5711 5713 5532
f 5532 5713 5534
f 5533 5535 5712
f 5712 5535 5714
f 5713 5715 5534
f 5534 5715 5536
f 5535 5538 5714
f 5714 5538 5716
f 5715 5717 5536
f 5536 5717 5539
f 5538 5542 5716
f 5716 5542 5719
f 5717 5720 5539
f 5539 5720 5543
f 5541 5545 5718
f 5718 5545 5722
f 5718 5719 5541
f 5541 5719 5542
f 5722 5723 5718
f 5718 5723 5719
f 5720 5721 5543
f 5543 5721 5544
f 5721 5725 5544
f 5544 5725 5547
f 5724 5725 5720
f 5720 5725 5721
f 5545 5548 5722
f 5722 5548 5726
f 5726 5727 5722
f 5722 5727 5723
f 5725 5730 5547
f 5547 5730 5551
f 5729 5730 5724
f 5724 5730 5725
f 5548 5549 5726
f 5726 5549 5727
f 5549 5552 5727
f 5727 5552 5731
f 5731 5732 5727
f 5727 5732 5728
f 5730 5735 5551
f 5551 5735 5556
f 5734 5735 5729
f 5729 5735 5730
f 5552 5553 5731
f 5731 5553 5732
f 5553 5554 5732
f 5732 5554 5733
f 5554 5557 5733
f 5733 5557 5736
f 5734 5749 5555
f 5555 5749 5569
f 5555 5556 5734
f 5734 5556 5735
f 5557 5558 5736
f 5736 5558 5737
f 5558 5559 5737
f 5737 5559 5738
f 5559 5560 5738
f 5738 5560 5739
f 5560 5561 5739
f 5739 5561 5740
f 5561 5562 5740
f 5740 5562 5741
f 5562 5563 5741
f 5741 5563 5742
f 5563 5564 5742
f 5742 5564 5743
f 5564 5565 5743
f 5743 5565 5744
f 5565 5571 5744
f 5744 5571 5750
f 5746 5769 5566
f 5566 5769 5590
f 5768 5769 5745
f 5745 5769 5746
f 5566 5567 5746
f 5746 5567 5747
f 5567 5568 5747
f 5747 5568 5748
f 5568 5569 5748
f 5748 5569 5749
f 5571 5572 5750
f 5750 5572 5751
f 5572 5573 5751
f 5751 5573 5752
f 5573 5574 5752
f 5752 5574 5753
f 5574 5575 5753
f 5753 5575 5754
f 5575 5576 5754
f 5754 5576 5755
f 5576 5577 5755
f 5755 5577 5756
f 5577 5578 5756
f 5756 5578 5757
f 5578 5579 5757
f 5757 5579 5758
f 5579 5580 5758
f 5758 5580 5759
f 5580 5581 5759
f 5759 5581 5760
f 5581 5582 5760
f 5760 5582 5761
f 5582 5583 5761
f 5761 5583 5762
f 5583 5584 5762
f 5762 5584 5763
f 5584 5585 5763
f 5763 5585 5764
f 5585 5586 5764
f 5764 5586 5765
f 5586 5587 5765
f 5765 5587 5766
f 5587 5588 5766
f 5766 5588 5767
f 5588 5589 5767
f 5767 5589 5768
f 5589 5590 5768
f 5768 5590 5769
f 5592 5621 5770
f 5770 5621 5792
f 5770 5771 5592
f 5592 5771 5593
f 5792 5793 5770
f 5770 5793 5771
f 5771 5772 5593
f 5593 5772 5594
f 5793 5794 5771
f 5771 5794 5772
f 5772 5773 5594
f 5594 5773 5595
f 5794 5795 5772
f 5772 5795 5773
f 5773 5774 5595
f 5595 5774 5596
f 5795 5796 5773
f 5773 5796 5774
f 5774 5775 5596
f 5596 5775 5597
f 5796 5797 5774
f 5774 5797 5775
f 5775 5776 5597
f 5597 5776 5598
f 5797 5798 5775
f 5775 5798 5776
f 5776 5777 5598
f 5598 5777 5599
f 5798 5799 5776
f 5776 5799 5777
f 5777 5778 5599
f 5599 5778 5600
f 5799 5800 5777
f 5777 5800 5778
f 5778 5779 5600
f 5600 5779 5601
f 5800 5801 5778
f 5778 5801 5779
f 5779 5780 5601
f 5601 5780 5602
f 5801 5802 5779
f 5779 5802 5780
f 5780 5781 5602
f 5602 5781 5603
f 5802 5803 5780
f 5780 5803 5781
f 5781 5782 5603
f 5603 5782 5604
f 5803 5804 5781
f 5781 5804 5782
f 5782 5783 5604
f 5604 5783 5605
f 5804 5805 5782
f 5782 5805 5783
f 5783 5784 5605
f 5605 5784 5606
f 5784 5806 5606
f 5606 5806 5622
f 5805 5806 5783
f 5783 5806 5784
f 5611 5627 5785
f 5785 5627 5811
f 5785 5786 5611
f 5611 5786 5612
f 5811 5812 5785
f 5785 5812 5786
f 5786 5787 5612
f 5612 5787 5613
f 5812 5813 5786
f 5786 5813 5787
f 5787 5788 5613
f 5613 5788 5614
f 5813 5814 5787
f 5787 5814 5788
f 5788 5789 5614
f 5614 5789 5615
f 5814 5815 5788
f 5788 5815 5789
f 5789 5790 5615
f 5615 5790 5616
f 5790 5816 5616
f 5616 5816 5628
f 5815 5816 5789
f 5789 5816 5790
f 5620 5634 5791
f 5791 5634 5820
f 5791 5792 5620
f 5620 5792 5621
f 5820 5821 5791
f 5791 5821 5792
f 5821 5822 5792
f 5792 5822 5793
f 5822 5823 5793
f 5793 5823 5794
f 5823 5824 5794
f 5794 5824 5795
f 5824 5825 5795
f 5795 5825 5796
f 5806 5807 5622
f 5622 5807 5623
f 5807 5808 5623
f 5623 5808 5624
f 5826 5827 5807
f 5807 5827 5808
f 5808 5809 5624
f 5624 5809 5625
f 5827 5828 5808
f 5808 5828 5809
f 5809 5810 5625
f 5625 5810 5626
f 5828 5829 5809
f 5809 5829 5810
f 5810 5811 5626
f 5626 5811 5627
f 5829 5830 5810
f 5810 5830 5811
f 5816 5817 5628
f 5628 5817 5629
f 5831 5832 5816
f 5816 5832 5817
f 5817 5818 5629
f 5629 5818 5630
f 5832 5833 5817
f 5817 5833 5818
f 5818 5819 5630
f 5630 5819 5631
f 5819 5834 5631
f 5631 5834 5635
f 5833 5834 5818
f 5818 5834 5819
f 5634 5639 5820
f 5820 5639 5838
f 5838 5839 5820
f 5820 5839 5821
f 5839 5840 5821
f 5821 5840 5822
f 5840 5841 5822
f 5822 5841 5823
f 5842 5843 5833
f 5833 5843 5834
f 5834 5835 5635
f 5635 5835 5636
f 5843 5844 5834
f 5834 5844 5835
f 5835 5836 5636
f 5636 5836 5637
f 5836 5845 5637
f 5637 5845 5640
f 5844 5845 5835
f 5835 5845 5836
f 5638 5643 5837
f 5837 5643 5847
f 5837 5838 5638
f 5638 5838 5639
f 5847 5848 5837
f 5837 5848 5838
f 5848 5849 5838
f 5838 5849 5839
f 5850 5851 5843
f 5843 5851 5844
f 5851 5852 5844
f 5844 5852 5845
f 5845 5846 5640
f 5640 5846 5641
f 5846 5853 5641
f 5641 5853 5645
f 5852 5853 5845
f 5845 5853 5846
f 5643 5647 5847
f 5847 5647 5855
f 5855 5856 5847
f 5847 5856 5848
f 5858 5859 5850
f 5850 5859 5851
f 5852 5860 5644
f 5644 5860 5648
f 5859 5860 5851
f 5851 5860 5852
f 5644 5645 5852
f 5852 5645 5853
f 5646 5650 5854
f 5854 5650 5861
f 5854 5855 5646
f 5646 5855 5647
f 5861 5862 5854
f 5854 5862 5855
f 5863 5864 5857
f 5857 5864 5858
f 5864 5865 5858
f 5858 5865 5859
f 5860 5866 5648
f 5648 5866 5651
f 5865 5866 5859
f 5859 5866 5860
f 5650 5653 5861
f 5861 5653 5867
f 5867 5868 5861
f 5861 5868 5862
f 5870 5871 5863
f 5863 5871 5864
f 5871 5872 5864
f 5864 5872 5865
f 5866 5873 5651
f 5651 5873 5654
f 5872 5873 5865
f 5865 5873 5866
f 5653 5655 5867
f 5867 5655 5874
f 5874 5875 5867
f 5867 5875 5868
f 5876 5877 5869
f 5869 5877 5870
f 5877 5878 5870
f 5870 5878 5871
f 5878 5879 5871
f 5871 5879 5872
f 5873 5880 5654
f 5654 5880 5657
f 5879 5880 5872
f 5872 5880 5873
f 5655 5658 5874
f 5874 5658 5881
f 5881 5882 5874
f 5874 5882 5875
f 5884 5885 5876
f 5876 5885 5877
f 5885 5886 5877
f 5877 5886 5878
f 5879 5887 5656
f 5656 5887 5659
f 5886 5887 5878
f 5878 5887 5879
f 5656 5657 5879
f 5879 5657 5880
f 5658 5661 5881
f 5881 5661 5888
f 5888 5889 5881
f 5881 5889 5882
f 5893 5894 5883
f 5883 5894 5884
f 5894 5895 5884
f 5884 5895 5885
f 5895 5896 5885
f 5885 5896 5886
f 5887 5897 5659
f 5659 5897 5663
f 5896 5897 5886
f 5886 5897 5887
f 5661 5666 5888
f 5888 5666 5898
f 5898 5899 5888
f 5888 5899 5889
f 5900 5901 5890
f 5890 5901 5891
f 5902 5903 5892
f 5892 5903 5893
f 5903 5904 5893
f 5893 5904 5894
f 5904 5905 5894
f 5894 5905 5895
f 5896 5906 5662
f 5662 5906 5667
f 5905 5906 5895
f 5895 5906 5896
f 5662 5663 5896
f 5896 5663 5897
f 5666 5670 5898
f 5898 5670 5907
f 5907 5908 5898
f 5898 5908 5899
f 5910 5911 5900
f 5900 5911 5901
f 5913 5914 5902
f 5902 5914 5903
f 5914 5915 5903
f 5903 5915 5904
f 5915 5916 5904
f 5904 5916 5905
f 5906 5917 5667
f 5667 5917 5672
f 5916 5917 5905
f 5905 5917 5906
f 5670 5675 5907
f 5907 5675 5919
f 5919 5920 5907
f 5907 5920 5908
f 5922 5923 5909
f 5909 5923 5910
f 5923 5924 5910
f 5910 5924 5911
f 5925 5926 5912
f 5912 5926 5913
f 5926 5927 5913
f 5913 5927 5914
f 5927 5928 5914
f 5914 5928 5915
f 5916 5929 5671
f 5671 5929 5676
f 5928 5929 5915
f 5915 5929 5916
f 5671 5672 5916
f 5916 5672 5917
f 5674 5678 5918
f 5918 5678 5930
f 5918 5919 5674
f 5674 5919 5675
f 5930 5931 5918
f 5918 5931 5919
f 5932 5933 5921
f 5921 5933 5922
f 5933 5934 5922
f 5922 5934 5923
f 5934 5935 5923
f 5923 5935 5924
f 5937 5938 5925
f 5925 5938 5926
f 5938 5939 5926
f 5926 5939 5927
f 5939 5940 5927
f 5927 5940 5928
f 5929 5941 5676
f 5676 5941 5680
f 5940 5941 5928
f 5928 5941 5929
f 5678 5682 5930
f 5930 5682 5942
f 5942 5943 5930
f 5930 5943 5931
f 5944 5945 5933
f 5933 5945 5934
f 5945 5946 5934
f 5934 5946 5935
f 5947 5948 5936
f 5936 5948 5937
f 5948 5949 5937
f 5937 5949 5938
f 5949 5950 5938
f 5938 5950 5939
f 5940 5951 5679
f 5679 5951 5683
f 5950 5951 5939
f 5939 5951 5940
f 5679 5680 5940
f 5940 5680 5941
f 5682 5686 5942
f 5942 5686 5952
f 5952 5953 5942
f 5942 5953 5943
f 5954 5955 5944
f 5944 5955 5945
f 5955 5956 5945
f 5945 5956 5946
f 5957 5958 5947
f 5947 5958 5948
f 5958 5959 5948
f 5948 5959 5949
f 5959 5960 5949
f 5949 5960 5950
f 5951 5961 5683
f 5683 5961 5687
f 5960 5961 5950
f 5950 5961 5951
f 5686 5689 5952
f 5952 5689 5962
f 5962 5963 5952
f 5952 5963 5953
f 5964 5965 5954
f 5954 5965 5955
f 5965 5966 5955
f 5955 5966 5956
f 5967 5968 5957
f 5957 5968 5958
f 5968 5969 5958
f 5958 5969 5959
f 5969 5970 5959
f 5959 5970 5960
f 5961 5971 5687
f 5687 5971 5690
f 5970 5971 5960
f 5960 5971 5961
f 5689 5693 5962
f 5962 5693 5972
f 5972 5973 5962
f 5962 5973 5963
f 5974 5975 5968
f 5968 5975 5969
f 5975 5976 5969
f 5969 5976 5970
f 5971 5977 5690
f 5690 5977 5694
f 5976 5977 5970
f 5970 5977 5971
f 5693 5697 5972
f 5972 5697 5978
f 5979 5980 5974
f 5974 5980 5975
f 5980 5981 5975
f 5975 5981 5976
f 5977 5982 5694
f 5694 5982 5698
f 5981 5982 5976
f 5976 5982 5977
f 5697 5701 5978
f 5978 5701 5984
f 5985 5986 5979
f 5979 5986 5980
f 5986 5987 5980
f 5980 5987 5981
f 5987 5988 5981
f 5981 5988 5982
f 5982 5983 5698
f 5698 5983 5699
f 5983 5989 5699
f 5699 5989 5702
f 5988 5989 5982
f 5982 5989 5983
f 5701 5704 5984
f 5984 5704 5991
f 5992 5993 5986
f 5986 5993 5987
f 5993 5994 5987
f 5987 5994 5988
f 5989 5995 5702
f 5702 5995 5705
f 5994 5995 5988
f 5988 5995 5989
f 5703 5707 5990
f 5990 5707 5996
f 5990 5991 5703
f 5703 5991 5704
f 5996 5997 5990
f 5990 5997 5991
f 5998 5999 5992
f 5992 5999 5993
f 5999 6000 5993
f 5993 6000 5994
f 5995 6001 5705
f 5705 6001 5708
f 6000 6001 5994
f 5994 6001 5995
f 5707 5710 5996
f 5996 5710 6003
f 6003 6004 5996
f 5996 6004 5997
f 6005 6006 5999
f 5999 6006 6000
f 6006 6007 6000
f 6000 6007 6001
f 6001 6002 5708
f 5708 6002 5709
f 6002 6008 5709
f 5709 6008 5711
f 6007 6008 6001
f 6001 6008 6002
f 5710 5712 6003
f 6003 5712 6009
f 6009 6010 6003
f 6003 6010 6004
f 6011 6012 6006
f 6006 6012 6007
f 6008 6013 5711
f 5711 6013 5713
f 6012 6013 6007
f 6007 6013 6008
f 5712 5714 6009
f 6009 5714 6014
f 6014 6015 6009
f 6009 6015 6010
f 6016 6017 6011
f 6011 6017 6012
f 6013 6018 5713
f 5713 6018 5715
f 6017 6018 6012
f 6012 6018 6013
f 5714 5716 6014
f 6014 5716 6019
f 6018 6021 5715
f 5715 6021 5717
f 6020 6021 6017
f 6017 6021 6018
f 5716 5719 6019
f 6019 5719 6022
f 6021 6024 5717
f 5717 6024 5720
f 6023 6024 6020
f 6020 6024 6021
f 5719 5723 6022
f 6022 5723 6025
f 6024 6026 5720
f 5720 6026 5724
f 5723 5727 6025
f 6025 5727 6027
f 6026 6029 5724
f 5724 6029 5729
f 5727 5728 6027
f 6027 5728 6028
f 5728 5732 6028
f 6028 5732 6030
f 6029 6035 5729
f 5729 6035 5734
f 5732 5733 6030
f 6030 5733 6031
f 5733 5736 6031
f 6031 5736 6036
f 6036 6037 6031
f 6031 6037 6032
f 6037 6038 6032
f 6032 6038 6033
f 6038 6039 6033
f 6033 6039 6034
f 6035 6064 5734
f 5734 6064 5749
f 5736 5737 6036
f 6036 5737 6037
f 5737 5738 6037
f 6037 5738 6038
f 5738 5739 6038
f 6038 5739 6039
f 5739 5740 6039
f 6039 5740 6040
f 5740 5741 6040
f 6040 5741 6041
f 5741 5742 6041
f 6041 5742 6042
f 5742 5743 6042
f 6042 5743 6043
f 5743 5744 6043
f 6043 5744 6044
f 5744 5750 6044
f 6044 5750 6065
f 6065 6066 6044
f 6044 6066 6045
f 6066 6067 6045
f 6045 6067 6046
f 6067 6068 6046
f 6046 6068 6047
f 6068 6069 6047
f 6047 6069 6048
f 6069 6070 6048
f 6048 6070 6049
f 6070 6071 6049
f 6049 6071 6050
f 6071 6072 6050
f 6050 6072 6051
f 6072 6073 6051
f 6051 6073 6052
f 6073 6074 6052
f 6052 6074 6053
f 6074 6075 6053
f 6053 6075 6054
f 6075 6076 6054
f 6054 6076 6055
f 6076 6077 6055
f 6055 6077 6056
f 6077 6078 6056
f 6056 6078 6057
f 6081 6082 6058
f 6058 6082 6059
f 6060 6083 5745
f 5745 6083 5768
f 6082 6083 6059
f 6059 6083 6060
f 5745 5746 6060
f 6060 5746 6061
f 5746 5747 6061
f 6061 5747 6062
f 5747 5748 6062
f 6062 5748 6063
f 5748 5749 6063
f 6063 5749 6064
f 5750 5751 6065
f 6065 5751 6066
f 5751 5752 6066
f 6066 5752 6067
f 5752 5753 6067
f 6067 5753 6068
f 5753 5754 6068
f 6068 5754 6069
f 5754 5755 6069
f 6069 5755 6070
f 5755 5756 6070
f 6070 5756 6071
f 5756 5757 6071
f 6071 5757 6072
f 5757 5758 6072
f 6072 5758 6073
f 5758 5759 6073
f 6073 5759 6074
f 5759 5760 6074
f 6074 5760 6075
f 5760 5761 6075
f 6075 5761 6076
f 5761 5762 6076
f 6076 5762 6077
f 5762 5763 6077
f 6077 5763 6078
f 5763 5764 6078
f 6078 5764 6079
f 5764 5765 6079
f 6079 5765 6080
f 5765 5766 6080
f 6080 5766 6081
f 5766 5767 6081
f 6081 5767 6082
f 5767 5768 6082
f 6082 5768 6083
f 5796 5825 6084
f 6084 5825 6104
f 6084 6085 5796
f 5796 6085 5797
f 6104 6105 6084
f 6084 6105 6085
f 6085 6086 5797
f 5797 6086 5798
f 6105 6106 6085
f 6085 6106 6086
f 6086 6087 5798
f 5798 6087 5799
f 6106 6107 6086
f 6086 6107 6087
f 6087 6088 5799
f 5799 6088 5800
f 6107 6108 6087
f 6087 6108 6088
f 6088 6089 5800
f 5800 6089 5801
f 6108 6109 6088
f 6088 6109 6089
f 6089 6090 5801
f 5801 6090 5802
f 6109 6110 6089
f 6089 6110 6090
f 6090 6091 5802
f 5802 6091 5803
f 6110 6111 6090
f 6090 6111 6091
f 6091 6092 5803
f 5803 6092 5804
f 6111 6112 6091
f 6091 6112 6092
f 6092 6093 5804
f 5804 6093 5805
f 6112 6113 6092
f 6092 6113 6093
f 6093 6094 5805
f 5805 6094 5806
f 6113 6114 6093
f 6093 6114 6094
f 6094 6095 5806
f 5806 6095 5807
f 6095 6115 5807
f 5807 6115 5826
f 6114 6115 6094
f 6094 6115 6095
f 5811 5830 6096
f 6096 5830 6119
f 6096 6097 5811
f 5811 6097 5812
f 6119 6120 6096
f 6096 6120 6097
f 6097 6098 5812
f 5812 6098 5813
f 6120 6121 6097
f 6097 6121 6098
f 6098 6099 5813
f 5813 6099 5814
f 6121 6122 6098
f 6098 6122 6099
f 6099 6100 5814
f 5814 6100 5815
f 6122 6123 6099
f 6099 6123 6100
f 6100 6101 5815
f 5815 6101 5816
f 6101 6124 5816
f 5816 6124 5831
f 6123 6124 6100
f 6100 6124 6101
f 5823 5841 6102
f 6102 5841 6129
f 6102 6103 5823
f 5823 6103 5824
f 6129 6130 6102
f 6102 6130 6103
f 6103 6104 5824
f 5824 6104 5825
f 6130 6131 6103
f 6103 6131 6104
f 6131 6132 6104
f 6104 6132 6105
f 6132 6133 6105
f 6105 6133 6106
f 6133 6134 6106
f 6106 6134 6107
f 6134 6135 6107
f 6107 6135 6108
f 6135 6136 6108
f 6108 6136 6109
f 6136 6137 6109
f 6109 6137 6110
f 6137 6138 6110
f 6110 6138 6111
f 6138 6139 6111
f 6111 6139 6112
f 6139 6140 6112
f 6112 6140 6113
f 6140 6141 6113
f 6113 6141 6114
f 6141 6142 6114
f 6114 6142 6115
f 6115 6116 5826
f 5826 6116 5827
f 6142 6143 6115
f 6115 6143 6116
f 6116 6117 5827
f 5827 6117 5828
f 6143 6144 6116
f 6116 6144 6117
f 6117 6118 5828
f 5828 6118 5829
f 6144 6145 6117
f 6117 6145 6118
f 6118 6119 5829
f 5829 6119 5830
f 6145 6146 6118
f 6118 6146 6119
f 6146 6147 6119
f 6119 6147 6120
f 6147 6148 6120
f 6120 6148 6121
f 6148 6149 6121
f 6121 6149 6122
f 6149 6150 6122
f 6122 6150 6123
f 6150 6151 6123
f 6123 6151 6124
f 6124 6125 5831
f 5831 6125 5832
f 6151 6152 6124
f 6124 6152 6125
f 6125 6126 5832
f 5832 6126 5833
f 6126 6153 5833
f 5833 6153 5842
f 6152 6153 6125
f 6125 6153 6126
f 5839 5849 6127
f 6127 5849 6156
f 6127 6128 5839
f 5839 6128 5840
f 6156 6157 6127
f 6127 6157 6128
f 6128 6129 5840
f 5840 6129 5841
f 6157 6158 6128
f 6128 6158 6129
f 6158 6159 6129
f 6129 6159 6130
f 6159 6160 6130
f 6130 6160 6131
f 6160 6161 6131
f 6131 6161 6132
f 6161 6162 6132
f 6132 6162 6133
f 6162 6163 6133
f 6133 6163 6134
f 6163 6164 6134
f 6134 6164 6135
f 6164 6165 6135
f 6135 6165 6136
f 6165 6166 6136
f 6136 6166 6137
f 6166 6167 6137
f 6137 6167 6138
f 6167 6168 6138
f 6138 6168 6139
f 6168 6169 6139
f 6139 6169 6140
f 6169 6170 6140
f 6140 6170 6141
f 6170 6171 6141
f 6141 6171 6142
f 6171 6172 6142
f 6142 6172 6143
f 6172 6173 6143
f 6143 6173 6144
f 6173 6174 6144
f 6144 6174 6145
f 6174 6175 6145
f 6145 6175 6146
f 6175 6176 6146
f 6146 6176 6147
f 6176 6177 6147
f 6147 6177 6148
f 6177 6178 6148
f 6148 6178 6149
f 6178 6179 6149
f 6149 6179 6150
f 6179 6180 6150
f 6150 6180 6151
f 6180 6181 6151
f 6151 6181 6152
f 6181 6182 6152
f 6152 6182 6153
f 6153 6154 5842
f 5842 6154 5843
f 6154 6183 5843
f 5843 6183 5850
f 6182 6183 6153
f 6153 6183 6154
f 5848 5856 6155
f 6155 5856 6185
f 6155 6156 5848
f 5848 6156 5849
f 6185 6186 6155
f 6155 6186 6156
f 6186 6187 6156
f 6156 6187 6157
f 6187 6188 6157
f 6157 6188 6158
f 6188 6189 6158
f 6158 6189 6159
f 6189 6190 6159
f 6159 6190 6160
f 6190 6191 6160
f 6160 6191 6161
f 6191 6192 6161
f 6161 6192 6162
f 6192 6193 6162
f 6162 6193 6163
f 6193 6194 6163
f 6163 6194 6164
f 6194 6195 6164
f 6164 6195 6165
f 6195 6196 6165
f 6165 6196 6166
f 6196 6197 6166
f 6166 6197 6167
f 6197 6198 6167
f 6167 6198 6168
f 6198 6199 6168
f 6168 6199 6169
f 6199 6200 6169
f 6169 6200 6170
f 6200 6201 6170
f 6170 6201 6171
f 6201 6202 6171
f 6171 6202 6172
f 6202 6203 6172
f 6172 6203 6173
f 6203 6204 6173
f 6173 6204 6174
f 6204 6205 6174
f 6174 6205 6175
f 6205 6206 6175
f 6175 6206 6176
f 6206 6207 6176
f 6176 6207 6177
f 6207 6208 6177
f 6177 6208 6178
f 6208 6209 6178
f 6178 6209 6179
f 6209 6210 6179
f 6179 6210 6180
f 6210 6211 6180
f 6180 6211 6181
f 6211 6212 6181
f 6181 6212 6182
f 6183 6213 5850
f 5850 6213 5858
f 6212 6213 6182
f 6182 6213 6183
f 5855 5862 6184
f 6184 5862 6214
f 6184 6185 5855
f 5855 6185 5856
f 6214 6215 6184
f 6184 6215 6185
f 6215 6216 6185
f 6185 6216 6186
f 6216 6217 6186
f 6186 6217 6187
f 6217 6218 6187
f 6187 6218 6188
f 6218 6219 6188
f 6188 6219 6189
f 6219 6220 6189
f 6189 6220 6190
f 6220 6221 6190
f 6190 6221 6191
f 6221 6222 6191
f 6191 6222 6192
f 6222 6223 6192
f 6192 6223 6193
f 6223 6224 6193
f 6193 6224 6194
f 6224 6225 6194
f 6194 6225 6195
f 6225 6226 6195
f 6195 6226 6196
f 6226 6227 6196
f 6196 6227 6197
f 6227 6228 6197
f 6197 6228 6198
f 6228 6229 6198
f 6198 6229 6199
f 6229 6230 6199
f 6199 6230 6200
f 6230 6231 6200
f 6200 6231 6201
f 6231 6232 6201
f 6201 6232 6202
f 6232 6233 6202
f 6202 6233 6203
f 6233 6234 6203
f 6203 6234 6204
f 6234 6235 6204
f 6204 6235 6205
f 6235 6236 6205
f 6205 6236 6206
f 6236 6237 6206
f 6206 6237 6207
f 6237 6238 6207
f 6207 6238 6208
f 6238 6239 6208
f 6208 6239 6209
f 6239 6240 6209
f 6209 6240 6210
f 6240 6241 6210
f 6210 6241 6211
f 6212 6242 5857
f 5857 6242 5863
f 6241 6242 6211
f 6211 6242 6212
f 5857 5858 6212
f 6212 5858 6213
f 5862 5868 6214
f 6214 5868 6243
f 6243 6244 6214
f 6214 6244 6215
f 6244 6245 6215
f 6215 6245 6216
f 6245 6246 6216
f 6216 6246 6217
f 6246 6247 6217
f 6217 6247 6218
f 6247 6248 6218
f 6218 6248 6219
f 6248 6249 6219
f 6219 6249 6220
f 6249 6250 6220
f 6220 6250 6221
f 6250 6251 6221
f 6221 6251 6222
f 6251 6252 6222
f 6222 6252 6223
f 6252 6253 6223
f 6223 6253 6224
f 6253 6254 6224
f 6224 6254 6225
f 6254 6255 6225
f 6225 6255 6226
f 6255 6256 6226
f 6226 6256 6227
f 6256 6257 6227
f 6227 6257 6228
f 6257 6258 6228
f 6228 6258 6229
f 6258 6259 6229
f 6229 6259 6230
f 6259 6260 6230
f 6230 6260 6231
f 6260 6261 6231
f 6231 6261 6232
f 6261 6262 6232
f 6232 6262 6233
f 6262 6263 6233
f 6233 6263 6234
f 6263 6264 6234
f 6234 6264 6235
f 6264 6265 6235
f 6235 6265 6236
f 6265 6266 6236
f 6236 6266 6237
f 6266 6267 6237
f 6237 6267 6238
f 6267 6268 6238
f 6238 6268 6239
f 6268 6269 6239
f 6239 6269 6240
f 6269 6270 6240
f 6240 6270 6241
f 6242 6271 5863
f 5863 6271 5870
f 6270 6271 6241
f 6241 6271 6242
f 5868 5875 6243
f 6243 5875 6272
f 6272 6273 6243
f 6243 6273 6244
f 6273 6274 6244
f 6244 6274 6245
f 6274 6275 6245
f 6245 6275 6246
f 6275 6276 6246
f 6246 6276 6247
f 6276 6277 6247
f 6247 6277 6248
f 6277 6278 6248
f 6248 6278 6249
f 6278 6279 6249
f 6249 6279 6250
f 6279 6280 6250
f 6250 6280 6251
f 6280 6281 6251
f 6251 6281 6252
f 6281 6282 6252
f 6252 6282 6253
f 6282 6283 6253
f 6253 6283 6254
f 6283 6284 6254
f 6254 6284 6255
f 6284 6285 6255
f 6255 6285 6256
f 6285 6286 6256
f 6256 6286 6257
f 6286 6287 6257
f 6257 6287 6258
f 6287 6288 6258
f 6258 6288 6259
f 6288 6289 6259
f 6259 6289 6260
f 6289 6290 6260
f 6260 6290 6261
f 6290 6291 6261
f 6261 6291 6262
f 6291 6292 6262
f 6262 6292 6263
f 6292 6293 6263
f 6263 6293 6264
f 6293 6294 6264
f 6264 6294 6265
f 6294 6295 6265
f 6265 6295 6266
f 6295 6296 6266
f 6266 6296 6267
f 6296 6297 6267
f 6267 6297 6268
f 6297 6298 6268
f 6268 6298 6269
f 6270 6299 5869
f 5869 6299 5876
f 6298 6299 6269
f 6269 6299 6270
f 5869 5870 6270
f 6270 5870 6271
f 5875 5882 6272
f 6272 5882 6300
f 6300 6301 6272
f 6272 6301 6273
f 6301 6302 6273
f 6273 6302 6274
f 6302 6303 6274
f 6274 6303 6275
f 6303 6304 6275
f 6275 6304 6276
f 6304 6305 6276
f 6276 6305 6277
f 6305 6306 6277
f 6277 6306 6278
f 6306 6307 6278
f 6278 6307 6279
f 6307 6308 6279
f 6279 6308 6280
f 6308 6309 6280
f 6280 6309 6281
f 6309 6310 6281
f 6281 6310 6282
f 6310 6311 6282
f 6282 6311 6283
f 6311 6312 6283
f 6283 6312 6284
f 6312 6313 6284
f 6284 6313 6285
f 6313 6314 6285
f 6285 6314 6286
f 6314 6315 6286
f 6286 6315 6287
f 6315 6316 6287
f 6287 6316 6288
f 6316 6317 6288
f 6288 6317 6289
f 6317 6318 6289
f 6289 6318 6290
f 6318 6319 6290
f 6290 6319 6291
f 6319 6320 6291
f 6291 6320 6292
f 6320 6321 6292
f 6292 6321 6293
f 6321 6322 6293
f 6293 6322 6294
f 6322 6323 6294
f 6294 6323 6295
f 6323 6324 6295
f 6295 6324 6296
f 6324 6325 6296
f 6296 6325 6297
f 6325 6326 6297
f 6297 6326 6298
f 6299 6327 5876
f 5876 6327 5884
f 6326 6327 6298
f 6298 6327 6299
f 5882 5889 6300
f 6300 5889 6328
f 6328 6329 6300
f 6300 6329 6301
f 6329 6330 6301
f 6301 6330 6302
f 6330 6331 6302
f 6302 6331 6303
f 6331 6332 6303
f 6303 6332 6304
f 6332 6333 6304
f 6304 6333 6305
f 6333 6334 6305
f 6305 6334 6306
f 6334 6335 6306
f 6306 6335 6307
f 6335 6336 6307
f 6307 6336 6308
f 6336 6337 6308
f 6308 6337 6309
f 6337 6338 6309
f 6309 6338 6310
f 6338 6339 6310
f 6310 6339 6311
f 6339 6340 6311
f 6311 6340 6312
f 6340 6341 6312
f 6312 6341 6313
f 6341 6342 6313
f 6313 6342 6314
f 6342 6343 6314
f 6314 6343 6315
f 6343 6344 6315
f 6315 6344 6316
f 6344 6345 6316
f 6316 6345 6317
f 6345 6346 6317
f 6317 6346 6318
f 6346 6347 6318
f 6318 6347 6319
f 6347 6348 6319
f 6319 6348 6320
f 6348 6349 6320
f 6320 6349 6321
f 6349 6350 6321
f 6321 6350 6322
f 6350 6351 6322
f 6322 6351 6323
f 6351 6352 6323
f 6323 6352 6324
f 6352 6353 6324
f 6324 6353 6325
f 6326 6354 5883
f 5883 6354 5893
f 6353 6354 6325
f 6325 6354 6326
f 5883 5884 6326
f 6326 5884 6327
f 5889 5899 6328
f 6328 5899 6355
f 6355 6356 6328
f 6328 6356 6329
f 6356 6357 6329
f 6329 6357 6330
f 6357 6358 6330
f 6330 6358 6331
f 6358 6359 6331
f 6331 6359 6332
f 6359 6360 6332
f 6332 6360 6333
f 6360 6361 6333
f 6333 6361 6334
f 6361 6362 6334
f 6334 6362 6335
f 6362 6363 6335
f 6335 6363 6336
f 6363 6364 6336
f 6336 6364 6337
f 6364 6365 6337
f 6337 6365 6338
f 6365 6366 6338
f 6338 6366 6339
f 6366 6367 6339
f 6339 6367 6340
f 6367 6368 6340
f 6340 6368 6341
f 6368 6369 6341
f 6341 6369 6342
f 6369 6370 6342
f 6342 6370 6343
f 6370 6371 6343
f 6343 6371 6344
f 6371 6372 6344
f 6344 6372 6345
f 6372 6373 6345
f 6345 6373 6346
f 6347 6374 5890
f 5890 6374 5900
f 6373 6374 6346
f 6346 6374 6347
f 5890 5891 6347
f 6347 5891 6348
f 5891 5901 6348
f 6348 5901 6375
f 6375 6376 6348
f 6348 6376 6349
f 6376 6377 6349
f 6349 6377 6350
f 6377 6378 6350
f 6350 6378 6351
f 6378 6379 6351
f 6351 6379 6352
f 6353 6380 5892
f 5892 6380 5902
f 6379 6380 6352
f 6352 6380 6353
f 5892 5893 6353
f 6353 5893 6354
f 5899 5908 6355
f 6355 5908 6381
f 6381 6382 6355
f 6355 6382 6356
f 6382 6383 6356
f 6356 6383 6357
f 6383 6384 6357
f 6357 6384 6358
f 6384 6385 6358
f 6358 6385 6359
f 6385 6386 6359
f 6359 6386 6360
f 6386 6387 6360
f 6360 6387 6361
f 6387 6388 6361
f 6361 6388 6362
f 6388 6389 6362
f 6362 6389 6363
f 6389 6390 6363
f 6363 6390 6364
f 6390 6391 6364
f 6364 6391 6365
f 6391 6392 6365
f 6365 6392 6366
f 6392 6393 6366
f 6366 6393 6367
f 6393 6394 6367
f 6367 6394 6368
f 6394 6395 6368
f 6368 6395 6369
f 6395 6396 6369
f 6369 6396 6370
f 6396 6397 6370
f 6370 6397 6371
f 6397 6398 6371
f 6371 6398 6372
f 6398 6399 6372
f 6372 6399 6373
f 6374 6400 5900
f 5900 6400 5910
f 6399 6400 6373
f 6373 6400 6374
f 5901 5911 6375
f 6375 5911 6401
f 6401 6402 6375
f 6375 6402 6376
f 6402 6403 6376
f 6376 6403 6377
f 6403 6404 6377
f 6377 6404 6378
f 6404 6405 6378
f 6378 6405 6379
f 6380 6406 5902
f 5902 6406 5913
f 6405 6406 6379
f 6379 6406 6380
f 5908 5920 6381
f 6381 5920 6408
f 6408 6409 6381
f 6381 6409 6382
f 6409 6410 6382
f 6382 6410 6383
f 6410 6411 6383
f 6383 6411 6384
f 6411 6412 6384
f 6384 6412 6385
f 6412 6413 6385
f 6385 6413 6386
f 6413 6414 6386
f 6386 6414 6387
f 6414 6415 6387
f 6387 6415 6388
f 6415 6416 6388
f 6388 6416 6389
f 6416 6417 6389
f 6389 6417 6390
f 6417 6418 6390
f 6390 6418 6391
f 6418 6419 6391
f 6391 6419 6392
f 6419 6420 6392
f 6392 6420 6393
f 6420 6421 6393
f 6393 6421 6394
f 6421 6422 6394
f 6394 6422 6395
f 6422 6423 6395
f 6395 6423 6396
f 6423 6424 6396
f 6396 6424 6397
f 6424 6425 6397
f 6397 6425 6398
f 6399 6426 5909
f 5909 6426 5922
f 6425 6426 6398
f 6398 6426 6399
f 5909 5910 6399
f 6399 5910 6400
f 5911 5924 6401
f 6401 5924 6427
f 6427 6428 6401
f 6401 6428 6402
f 6428 6429 6402
f 6402 6429 6403
f 6429 6430 6403
f 6403 6430 6404
f 6405 6431 5912
f 5912 6431 5925
f 6430 6431 6404
f 6404 6431 6405
f 5912 5913 6405
f 6405 5913 6406
f 5919 5931 6407
f 6407 5931 6432
f 6407 6408 5919
f 5919 6408 5920
f 6432 6433 6407
f 6407 6433 6408
f 6433 6434 6408
f 6408 6434 6409
f 6434 6435 6409
f 6409 6435 6410
f 6435 6436 6410
f 6410 6436 6411
f 6436 6437 6411
f 6411 6437 6412
f 6437 6438 6412
f 6412 6438 6413
f 6438 6439 6413
f 6413 6439 6414
f 6439 6440 6414
f 6414 6440 6415
f 6440 6441 6415
f 6415 6441 6416
f 6441 6442 6416
f 6416 6442 6417
f 6442 6443 6417
f 6417 6443 6418
f 6443 6444 6418
f 6418 6444 6419
f 6444 6445 6419
f 6419 6445 6420
f 6445 6446 6420
f 6420 6446 6421
f 6446 6447 6421
f 6421 6447 6422
f 6447 6448 6422
f 6422 6448 6423
f 6448 6449 6423
f 6423 6449 6424
f 6425 6450 5921
f 5921 6450 5932
f 6449 6450 6424
f 6424 6450 6425
f 5921 5922 6425
f 6425 5922 6426
f 5924 5935 6427
f 6427 5935 6452
f 6452 6453 6427
f 6427 6453 6428
f 6453 6454 6428
f 6428 6454 6429
f 6454 6455 6429
f 6429 6455 6430
f 6431 6456 5925
f 5925 6456 5937
f 6455 6456 6430
f 6430 6456 6431
f 5931 5943 6432
f 6432 5943 6457
f 6457 6458 6432
f 6432 6458 6433
f 6458 6459 6433
f 6433 6459 6434
f 6459 6460 6434
f 6434 6460 6435
f 6460 6461 6435
f 6435 6461 6436
f 6461 6462 6436
f 6436 6462 6437
f 6462 6463 6437
f 6437 6463 6438
f 6463 6464 6438
f 6438 6464 6439
f 6464 6465 6439
f 6439 6465 6440
f 6465 6466 6440
f 6440 6466 6441
f 6466 6467 6441
f 6441 6467 6442
f 6467 6468 6442
f 6442 6468 6443
f 6468 6469 6443
f 6443 6469 6444
f 6469 6470 6444
f 6444 6470 6445
f 6470 6471 6445
f 6445 6471 6446
f 6471 6472 6446
f 6446 6472 6447
f 6472 6473 6447
f 6447 6473 6448
f 6473 6474 6448
f 6448 6474 6449
f 6474 6475 6449
f 6449 6475 6450
f 6450 6451 5932
f 5932 6451 5933
f 6451 6476 5933
f 5933 6476 5944
f 6475 6476 6450
f 6450 6476 6451
f 5935 5946 6452
f 6452 5946 6477
f 6477 6478 6452
f 6452 6478 6453
f 6478 6479 6453
f 6453 6479 6454
f 6455 6480 5936
f 5936 6480 5947
f 6479 6480 6454
f 6454 6480 6455
f 5936 5937 6455
f 6455 5937 6456
f 5943 5953 6457
f 6457 5953 6481
f 6481 6482 6457
f 6457 6482 6458
f 6482 6483 6458
f 6458 6483 6459
f 6483 6484 6459
f 6459 6484 6460
f 6484 6485 6460
f 6460 6485 6461
f 6485 6486 6461
f 6461 6486 6462
f 6486 6487 6462
f 6462 6487 6463
f 6487 6488 6463
f 6463 6488 6464
f 6488 6489 6464
f 6464 6489 6465
f 6489 6490 6465
f 6465 6490 6466
f 6490 6491 6466
f 6466 6491 6467
f 6491 6492 6467
f 6467 6492 6468
f 6492 6493 6468
f 6468 6493 6469
f 6493 6494 6469
f 6469 6494 6470
f 6494 6495 6470
f 6470 6495 6471
f 6495 6496 6471
f 6471 6496 6472
f 6496 6497 6472
f 6472 6497 6473
f 6497 6498 6473
f 6473 6498 6474
f 6498 6499 6474
f 6474 6499 6475
f 6476 6500 5944
f 5944 6500 5954
f 6499 6500 6475
f 6475 6500 6476
f 5946 5956 6477
f 6477 5956 6501
f 6501 6502 6477
f 6477 6502 6478
f 6502 6503 6478
f 6478 6503 6479
f 6480 6504 5947
f 5947 6504 5957
f 6503 6504 6479
f 6479 6504 6480
f 5953 5963 6481
f 6481 5963 6505
f 6505 6506 6481
f 6481 6506 6482
f 6506 6507 6482
f 6482 6507 6483
f 6507 6508 6483
f 6483 6508 6484
f 6508 6509 6484
f 6484 6509 6485
f 6509 6510 6485
f 6485 6510 6486
f 6510 6511 6486
f 6486 6511 6487
f 6511 6512 6487
f 6487 6512 6488
f 6512 6513 6488
f 6488 6513 6489
f 6513 6514 6489
f 6489 6514 6490
f 6514 6515 6490
f 6490 6515 6491
f 6515 6516 6491
f 6491 6516 6492
f 6516 6517 6492
f 6492 6517 6493
f 6517 6518 6493
f 6493 6518 6494
f 6518 6519 6494
f 6494 6519 6495
f 6519 6520 6495
f 6495 6520 6496
f 6520 6521 6496
f 6496 6521 6497
f 6521 6522 6497
f 6497 6522 6498
f 6522 6523 6498
f 6498 6523 6499
f 6500 6524 5954
f 5954 6524 5964
f 6523 6524 6499
f 6499 6524 6500
f 5956 5966 6501
f 6501 5966 6526
f 6526 6527 6501
f 6501 6527 6502
f 6527 6528 6502
f 6502 6528 6503
f 6504 6529 5957
f 5957 6529 5967
f 6528 6529 6503
f 6503 6529 6504
f 5963 5973 6505
f 6505 5973 6532
f 6532 6533 6505
f 6505 6533 6506
f 6533 6534 6506
f 6506 6534 6507
f 6534 6535 6507
f 6507 6535 6508
f 6535 6536 6508
f 6508 6536 6509
f 6536 6537 6509
f 6509 6537 6510
f 6537 6538 6510
f 6510 6538 6511
f 6538 6539 6511
f 6511 6539 6512
f 6539 6540 6512
f 6512 6540 6513
f 6540 6541 6513
f 6513 6541 6514
f 6541 6542 6514
f 6514 6542 6515
f 6542 6543 6515
f 6515 6543 6516
f 6543 6544 6516
f 6516 6544 6517
f 6544 6545 6517
f 6517 6545 6518
f 6545 6546 6518
f 6518 6546 6519
f 6546 6547 6519
f 6519 6547 6520
f 6547 6548 6520
f 6520 6548 6521
f 6548 6549 6521
f 6521 6549 6522
f 6549 6550 6522
f 6522 6550 6523
f 6550 6551 6523
f 6523 6551 6524
f 6524 6525 5964
f 5964 6525 5965
f 6551 6552 6524
f 6524 6552 6525
f 6525 6526 5965
f 5965 6526 5966
f 6552 6553 6525
f 6525 6553 6526
f 6553 6554 6526
f 6526 6554 6527
f 6554 6555 6527
f 6527 6555 6528
f 6555 6556 6528
f 6528 6556 6529
f 6529 6530 5967
f 5967 6530 5968
f 6530 6557 5968
f 5968 6557 5974
f 6556 6557 6529
f 6529 6557 6530
f 5972 5978 6531
f 6531 5978 6558
f 6531 6532 5972
f 5972 6532 5973
f 6558 6559 6531
f 6531 6559 6532
f 6559 6560 6532
f 6532 6560 6533
f 6560 6561 6533
f 6533 6561 6534
f 6562 6563 6540
f 6540 6563 6541
f 6564 6565 6542
f 6542 6565 6543
f 6565 6566 6543
f 6543 6566 6544
f 6566 6567 6544
f 6544 6567 6545
f 6567 6568 6545
f 6545 6568 6546
f 6568 6569 6546
f 6546 6569 6547
f 6569 6570 6547
f 6547 6570 6548
f 6570 6571 6548
f 6548 6571 6549
f 6571 6572 6549
f 6549 6572 6550
f 6572 6573 6550
f 6550 6573 6551
f 6573 6574 6551
f 6551 6574 6552
f 6574 6575 6552
f 6552 6575 6553
f 6575 6576 6553
f 6553 6576 6554
f 6576 6577 6554
f 6554 6577 6555
f 6577 6578 6555
f 6555 6578 6556
f 6557 6579 5974
f 5974 6579 5979
f 6578 6579 6556
f 6556 6579 6557
f 5978 5984 6558
f 6558 5984 6580
f 6580 6581 6558
f 6558 6581 6559
f 6581 6582 6559
f 6559 6582 6560
f 6583 6584 6564
f 6564 6584 6565
f 6584 6585 6565
f 6565 6585 6566
f 6585 6586 6566
f 6566 6586 6567
f 6586 6587 6567
f 6567 6587 6568
f 6587 6588 6568
f 6568 6588 6569
f 6588 6589 6569
f 6569 6589 6570
f 6589 6590 6570
f 6570 6590 6571
f 6590 6591 6571
f 6571 6591 6572
f 6591 6592 6572
f 6572 6592 6573
f 6592 6593 6573
f 6573 6593 6574
f 6593 6594 6574
f 6574 6594 6575
f 6594 6595 6575
f 6575 6595 6576
f 6595 6596 6576
f 6576 6596 6577
f 6596 6597 6577
f 6577 6597 6578
f 6579 6598 5979
f 5979 6598 5985
f 6597 6598 6578
f 6578 6598 6579
f 5984 5991 6580
f 6580 5991 6600
f 6600 6601 6580
f 6580 6601 6581
f 6601 6602 6581
f 6581 6602 6582
f 6603 6604 6584
f 6584 6604 6585
f 6604 6605 6585
f 6585 6605 6586
f 6605 6606 6586
f 6586 6606 6587
f 6606 6607 6587
f 6587 6607 6588
f 6607 6608 6588
f 6588 6608 6589
f 6608 6609 6589
f 6589 6609 6590
f 6609 6610 6590
f 6590 6610 6591
f 6610 6611 6591
f 6591 6611 6592
f 6611 6612 6592
f 6592 6612 6593
f 6612 6613 6593
f 6593 6613 6594
f 6613 6614 6594
f 6594 6614 6595
f 6614 6615 6595
f 6595 6615 6596
f 6615 6616 6596
f 6596 6616 6597
f 6616 6617 6597
f 6597 6617 6598
f 6598 6599 5985
f 5985 6599 5986
f 6599 6618 5986
f 5986 6618 5992
f 6617 6618 6598
f 6598 6618 6599
f 5991 5997 6600
f 6600 5997 6619
f 6619 6620 6600
f 6600 6620 6601
f 6620 6621 6601
f 6601 6621 6602
f 6622 6623 6604
f 6604 6623 6605
f 6623 6624 6605
f 6605 6624 6606
f 6624 6625 6606
f 6606 6625 6607
f 6625 6626 6607
f 6607 6626 6608
f 6626 6627 6608
f 6608 6627 6609
f 6627 6628 6609
f 6609 6628 6610
f 6628 6629 6610
f 6610 6629 6611
f 6629 6630 6611
f 6611 6630 6612
f 6630 6631 6612
f 6612 6631 6613
f 6631 6632 6613
f 6613 6632 6614
f 6632 6633 6614
f 6614 6633 6615
f 6633 6634 6615
f 6615 6634 6616
f 6634 6635 6616
f 6616 6635 6617
f 6618 6636 5992
f 5992 6636 5998
f 6635 6636 6617
f 6617 6636 6618
f 5997 6004 6619
f 6619 6004 6638
f 6638 6639 6619
f 6619 6639 6620
f 6639 6640 6620
f 6620 6640 6621
f 6641 6642 6623
f 6623 6642 6624
f 6642 6643 6624
f 6624 6643 6625
f 6643 6644 6625
f 6625 6644 6626
f 6644 6645 6626
f 6626 6645 6627
f 6645 6646 6627
f 6627 6646 6628
f 6646 6647 6628
f 6628 6647 6629
f 6647 6648 6629
f 6629 6648 6630
f 6648 6649 6630
f 6630 6649 6631
f 6649 6650 6631
f 6631 6650 6632
f 6650 6651 6632
f 6632 6651 6633
f 6651 6652 6633
f 6633 6652 6634
f 6652 6653 6634
f 6634 6653 6635
f 6653 6654 6635
f 6635 6654 6636
f 6636 6637 5998
f 5998 6637 5999
f 6637 6655 5999
f 5999 6655 6005
f 6654 6655 6636
f 6636 6655 6637
f 6004 6010 6638
f 6638 6010 6657
f 6657 6658 6638
f 6638 6658 6639
f 6659 6660 6643
f 6643 6660 6644
f 6660 6661 6644
f 6644 6661 6645
f 6661 6662 6645
f 6645 6662 6646
f 6662 6663 6646
f 6646 6663 6647
f 6663 6664 6647
f 6647 6664 6648
f 6664 6665 6648
f 6648 6665 6649
f 6665 6666 6649
f 6649 6666 6650
f 6666 6667 6650
f 6650 6667 6651
f 6667 6668 6651
f 6651 6668 6652
f 6668 6669 6652
f 6652 6669 6653
f 6669 6670 6653
f 6653 6670 6654
f 6670 6671 6654
f 6654 6671 6655
f 6655 6656 6005
f 6005 6656 6006
f 6656 6672 6006
f 6006 6672 6011
f 6671 6672 6655
f 6655 6672 6656
f 6010 6015 6657
f 6657 6015 6674
f 6674 6675 6657
f 6657 6675 6658
f 6676 6677 6659
f 6659 6677 6660
f 6677 6678 6660
f 6660 6678 6661
f 6678 6679 6661
f 6661 6679 6662
f 6679 6680 6662
f 6662 6680 6663
f 6680 6681 6663
f 6663 6681 6664
f 6681 6682 6664
f 6664 6682 6665
f 6682 6683 6665
f 6665 6683 6666
f 6684 6685 6667
f 6667 6685 6668
f 6685 6686 6668
f 6668 6686 6669
f 6686 6687 6669
f 6669 6687 6670
f 6687 6688 6670
f 6670 6688 6671
f 6672 6689 6011
f 6011 6689 6016
f 6688 6689 6671
f 6671 6689 6672
f 6014 6019 6673
f 6673 6019 6691
f 6673 6674 6014
f 6014 6674 6015
f 6691 6692 6673
f 6673 6692 6674
f 6692 6693 6674
f 6674 6693 6675
f 6694 6695 6677
f 6677 6695 6678
f 6695 6696 6678
f 6678 6696 6679
f 6696 6697 6679
f 6679 6697 6680
f 6697 6698 6680
f 6680 6698 6681
f 6698 6699 6681
f 6681 6699 6682
f 6700 6701 6684
f 6684 6701 6685
f 6701 6702 6685
f 6685 6702 6686
f 6702 6703 6686
f 6686 6703 6687
f 6703 6704 6687
f 6687 6704 6688
f 6704 6705 6688
f 6688 6705 6689
f 6689 6690 6016
f 6016 6690 6017
f 6690 6706 6017
f 6017 6706 6020
f 6705 6706 6689
f 6689 6706 6690
f 6019 6022 6691
f 6691 6022 6707
f 6707 6708 6691
f 6691 6708 6692
f 6708 6709 6692
f 6692 6709 6693
f 6710 6711 6696
f 6696 6711 6697
f 6711 6712 6697
f 6697 6712 6698
f 6712 6713 6698
f 6698 6713 6699
f 6714 6715 6701
f 6701 6715 6702
f 6715 6716 6702
f 6702 6716 6703
f 6716 6717 6703
f 6703 6717 6704
f 6717 6718 6704
f 6704 6718 6705
f 6706 6719 6020
f 6020 6719 6023
f 6718 6719 6705
f 6705 6719 6706
f 6022 6025 6707
f 6707 6025 6721
f 6721 6722 6707
f 6707 6722 6708
f 6723 6724 6711
f 6711 6724 6712
f 6725 6726 6715
f 6715 6726 6716
f 6726 6727 6716
f 6716 6727 6717
f 6727 6728 6717
f 6717 6728 6718
f 6728 6729 6718
f 6718 6729 6719
f 6719 6720 6023
f 6023 6720 6024
f 6720 6730 6024
f 6024 6730 6026
f 6729 6730 6719
f 6719 6730 6720
f 6025 6027 6721
f 6721 6027 6731
f 6731 6732 6721
f 6721 6732 6722
f 6736 6737 6725
f 6725 6737 6726
f 6737 6738 6726
f 6726 6738 6727
f 6738 6739 6727
f 6727 6739 6728
f 6739 6740 6728
f 6728 6740 6729
f 6730 6741 6026
f 6026 6741 6029
f 6740 6741 6729
f 6729 6741 6730
f 6027 6028 6731
f 6731 6028 6732
f 6028 6030 6732
f 6732 6030 6742
f 6742 6743 6732
f 6732 6743 6733
f 6743 6744 6733
f 6733 6744 6734
f 6744 6745 6734
f 6734 6745 6735
f 6767 6768 6737
f 6737 6768 6738
f 6768 6769 6738
f 6738 6769 6739
f 6769 6770 6739
f 6739 6770 6740
f 6741 6771 6029
f 6029 6771 6035
f 6770 6771 6740
f 6740 6771 6741
f 6030 6031 6742
f 6742 6031 6743
f 6031 6032 6743
f 6743 6032 6744
f 6032 6033 6744
f 6744 6033 6745
f 6033 6034 6745
f 6745 6034 6746
f 6034 6039 6746
f 6746 6039 6772
f 6772 6773 6746
f 6746 6773 6747
f 6773 6774 6747
f 6747 6774 6748
f 6774 6775 6748
f 6748 6775 6749
f 6775 6776 6749
f 6749 6776 6750
f 6776 6777 6750
f 6750 6777 6751
f 6777 6778 6751
f 6751 6778 6752
f 6778 6779 6752
f 6752 6779 6753
f 6779 6780 6753
f 6753 6780 6754
f 6780 6781 6754
f 6754 6781 6755
f 6781 6782 6755
f 6755 6782 6756
f 6782 6783 6756
f 6756 6783 6757
f 6783 6784 6757
f 6757 6784 6758
f 6784 6785 6758
f 6758 6785 6759
f 6785 6786 6759
f 6759 6786 6760
f 6786 6787 6760
f 6760 6787 6761
f 6787 6788 6761
f 6761 6788 6762
f 6788 6789 6762
f 6762 6789 6763
f 6789 6790 6763
f 6763 6790 6764
f 6793 6794 6765
f 6765 6794 6766
f 6794 6795 6766
f 6766 6795 6767
f 6795 6796 6767
f 6767 6796 6768
f 6796 6797 6768
f 6768 6797 6769
f 6797 6798 6769
f 6769 6798 6770
f 6771 6799 6035
f 6035 6799 6064
f 6798 6799 6770
f 6770 6799 6771
f 6039 6040 6772
f 6772 6040 6773
f 6040 6041 6773
f 6773 6041 6774
f 6041 6042 6774
f 6774 6042 6775
f 6042 6043 6775
f 6775 6043 6776
f 6043 6044 6776
f 6776 6044 6777
f 6044 6045 6777
f 6777 6045 6778
f 6045 6046 6778
f 6778 6046 6779
f 6046 6047 6779
f 6779 6047 6780
f 6047 6048 6780
f 6780 6048 6781
f 6048 6049 6781
f 6781 6049 6782
f 6049 6050 6782
f 6782 6050 6783
f 6050 6051 6783
f 6783 6051 6784
f 6051 6052 6784
f 6784 6052 6785
f 6052 6053 6785
f 6785 6053 6786
f 6053 6054 6786
f 6786 6054 6787
f 6054 6055 6787
f 6787 6055 6788
f 6055 6056 6788
f 6788 6056 6789
f 6056 6057 6789
f 6789 6057 6790
f 6057 6078 6790
f 6790 6078 6800
f 6800 6801 6790
f 6790 6801 6791
f 6801 6802 6791
f 6791 6802 6792
f 6793 6803 6058
f 6058 6803 6081
f 6802 6803 6792
f 6792 6803 6793
f 6058 6059 6793
f 6793 6059 6794
f 6059 6060 6794
f 6794 6060 6795
f 6060 6061 6795
f 6795 6061 6796
f 6061 6062 6796
f 6796 6062 6797
f 6062 6063 6797
f 6797 6063 6798
f 6063 6064 6798
f 6798 6064 6799
f 6078 6079 6800
f 6800 6079 6801
f 6079 6080 6801
f 6801 6080 6802
f 6080 6081 6802
f 6802 6081 6803
f 6534 6561 6804
f 6804 6561 6814
f 6804 6805 6534
f 6534 6805 6535
f 6814 6815 6804
f 6804 6815 6805
f 6805 6806 6535
f 6535 6806 6536
f 6815 6816 6805
f 6805 6816 6806
f 6806 6807 6536
f 6536 6807 6537
f 6816 6817 6806
f 6806 6817 6807
f 6807 6808 6537
f 6537 6808 6538
f 6817 6818 6807
f 6807 6818 6808
f 6808 6809 6538
f 6538 6809 6539
f 6818 6819 6808
f 6808 6819 6809
f 6809 6810 6539
f 6539 6810 6540
f 6810 6820 6540
f 6540 6820 6562
f 6819 6820 6809
f 6809 6820 6810
f 6541 6563 6811
f 6811 6563 6821
f 6811 6812 6541
f 6541 6812 6542
f 6812 6822 6542
f 6542 6822 6564
f 6821 6822 6811
f 6811 6822 6812
f 6560 6582 6813
f 6813 6582 6823
f 6813 6814 6560
f 6560 6814 6561
f 6823 6824 6813
f 6813 6824 6814
f 6824 6825 6814
f 6814 6825 6815
f 6825 6826 6815
f 6815 6826 6816
f 6826 6827 6816
f 6816 6827 6817
f 6827 6828 6817
f 6817 6828 6818
f 6828 6829 6818
f 6818 6829 6819
f 6829 6830 6819
f 6819 6830 6820
f 6820 6821 6562
f 6562 6821 6563
f 6830 6831 6820
f 6820 6831 6821
f 6822 6832 6564
f 6564 6832 6583
f 6831 6832 6821
f 6821 6832 6822
f 6582 6602 6823
f 6823 6602 6834
f 6834 6835 6823
f 6823 6835 6824
f 6835 6836 6824
f 6824 6836 6825
f 6836 6837 6825
f 6825 6837 6826
f 6837 6838 6826
f 6826 6838 6827
f 6838 6839 6827
f 6827 6839 6828
f 6839 6840 6828
f 6828 6840 6829
f 6840 6841 6829
f 6829 6841 6830
f 6841 6842 6830
f 6830 6842 6831
f 6842 6843 6831
f 6831 6843 6832
f 6832 6833 6583
f 6583 6833 6584
f 6833 6844 6584
f 6584 6844 6603
f 6843 6844 6832
f 6832 6844 6833
f 6602 6621 6834
f 6834 6621 6846
f 6846 6847 6834
f 6834 6847 6835
f 6847 6848 6835
f 6835 6848 6836
f 6848 6849 6836
f 6836 6849 6837
f 6849 6850 6837
f 6837 6850 6838
f 6850 6851 6838
f 6838 6851 6839
f 6851 6852 6839
f 6839 6852 6840
f 6852 6853 6840
f 6840 6853 6841
f 6853 6854 6841
f 6841 6854 6842
f 6854 6855 6842
f 6842 6855 6843
f 6855 6856 6843
f 6843 6856 6844
f 6844 6845 6603
f 6603 6845 6604
f 6845 6857 6604
f 6604 6857 6622
f 6856 6857 6844
f 6844 6857 6845
f 6621 6640 6846
f 6846 6640 6860
f 6860 6861 6846
f 6846 6861 6847
f 6861 6862 6847
f 6847 6862 6848
f 6862 6863 6848
f 6848 6863 6849
f 6863 6864 6849
f 6849 6864 6850
f 6864 6865 6850
f 6850 6865 6851
f 6865 6866 6851
f 6851 6866 6852
f 6866 6867 6852
f 6852 6867 6853
f 6867 6868 6853
f 6853 6868 6854
f 6868 6869 6854
f 6854 6869 6855
f 6869 6870 6855
f 6855 6870 6856
f 6870 6871 6856
f 6856 6871 6857
f 6857 6858 6622
f 6622 6858 6623
f 6858 6872 6623
f 6623 6872 6641
f 6871 6872 6857
f 6857 6872 6858
f 6639 6658 6859
f 6859 6658 6875
f 6859 6860 6639
f 6639 6860 6640
f 6875 6876 6859
f 6859 6876 6860
f 6876 6877 6860
f 6860 6877 6861
f 6877 6878 6861
f 6861 6878 6862
f 6878 6879 6862
f 6862 6879 6863
f 6879 6880 6863
f 6863 6880 6864
f 6880 6881 6864
f 6864 6881 6865
f 6881 6882 6865
f 6865 6882 6866
f 6882 6883 6866
f 6866 6883 6867
f 6883 6884 6867
f 6867 6884 6868
f 6884 6885 6868
f 6868 6885 6869
f 6885 6886 6869
f 6869 6886 6870
f 6886 6887 6870
f 6870 6887 6871
f 6887 6888 6871
f 6871 6888 6872
f 6872 6873 6641
f 6641 6873 6642
f 6888 6889 6872
f 6872 6889 6873
f 6873 6874 6642
f 6642 6874 6643
f 6874 6890 6643
f 6643 6890 6659
f 6889 6890 6873
f 6873 6890 6874
f 6658 6675 6875
f 6875 6675 6893
f 6893 6894 6875
f 6875 6894 6876
f 6894 6895 6876
f 6876 6895 6877
f 6895 6896 6877
f 6877 6896 6878
f 6896 6897 6878
f 6878 6897 6879
f 6897 6898 6879
f 6879 6898 6880
f 6898 6899 6880
f 6880 6899 6881
f 6899 6900 6881
f 6881 6900 6882
f 6900 6901 6882
f 6882 6901 6883
f 6901 6902 6883
f 6883 6902 6884
f 6902 6903 6884
f 6884 6903 6885
f 6903 6904 6885
f 6885 6904 6886
f 6904 6905 6886
f 6886 6905 6887
f 6905 6906 6887
f 6887 6906 6888
f 6906 6907 6888
f 6888 6907 6889
f 6890 6908 6659
f 6659 6908 6676
f 6907 6908 6889
f 6889 6908 6890
f 6666 6683 6891
f 6891 6683 6911
f 6891 6892 6666
f 6666 6892 6667
f 6892 6912 6667
f 6667 6912 6684
f 6911 6912 6891
f 6891 6912 6892
f 6675 6693 6893
f 6893 6693 6913
f 6913 6914 6893
f 6893 6914 6894
f 6914 6915 6894
f 6894 6915 6895
f 6915 6916 6895
f 6895 6916 6896
f 6916 6917 6896
f 6896 6917 6897
f 6917 6918 6897
f 6897 6918 6898
f 6918 6919 6898
f 6898 6919 6899
f 6919 6920 6899
f 6899 6920 6900
f 6920 6921 6900
f 6900 6921 6901
f 6921 6922 6901
f 6901 6922 6902
f 6922 6923 6902
f 6902 6923 6903
f 6923 6924 6903
f 6903 6924 6904
f 6924 6925 6904
f 6904 6925 6905
f 6925 6926 6905
f 6905 6926 6906
f 6926 6927 6906
f 6906 6927 6907
f 6927 6928 6907
f 6907 6928 6908
f 6908 6909 6676
f 6676 6909 6677
f 6909 6929 6677
f 6677 6929 6694
f 6928 6929 6908
f 6908 6929 6909
f 6682 6699 6910
f 6910 6699 6932
f 6910 6911 6682
f 6682 6911 6683
f 6932 6933 6910
f 6910 6933 6911
f 6912 6934 6684
f 6684 6934 6700
f 6933 6934 6911
f 6911 6934 6912
f 6693 6709 6913
f 6913 6709 6937
f 6937 6938 6913
f 6913 6938 6914
f 6938 6939 6914
f 6914 6939 6915
f 6939 6940 6915
f 6915 6940 6916
f 6940 6941 6916
f 6916 6941 6917
f 6941 6942 6917
f 6917 6942 6918
f 6942 6943 6918
f 6918 6943 6919
f 6943 6944 6919
f 6919 6944 6920
f 6944 6945 6920
f 6920 6945 6921
f 6945 6946 6921
f 6921 6946 6922
f 6946 6947 6922
f 6922 6947 6923
f 6947 6948 6923
f 6923 6948 6924
f 6948 6949 6924
f 6924 6949 6925
f 6949 6950 6925
f 6925 6950 6926
f 6950 6951 6926
f 6926 6951 6927
f 6951 6952 6927
f 6927 6952 6928
f 6952 6953 6928
f 6928 6953 6929
f 6929 6930 6694
f 6694 6930 6695
f 6953 6954 6929
f 6929 6954 6930
f 6930 6931 6695
f 6695 6931 6696
f 6931 6955 6696
f 6696 6955 6710
f 6954 6955 6930
f 6930 6955 6931
f 6699 6713 6932
f 6932 6713 6958
f 6958 6959 6932
f 6932 6959 6933
f 6959 6960 6933
f 6933 6960 6934
f 6934 6935 6700
f 6700 6935 6701
f 6935 6961 6701
f 6701 6961 6714
f 6960 6961 6934
f 6934 6961 6935
f 6708 6722 6936
f 6936 6722 6963
f 6936 6937 6708
f 6708 6937 6709
f 6963 6964 6936
f 6936 6964 6937
f 6964 6965 6937
f 6937 6965 6938
f 6965 6966 6938
f 6938 6966 6939
f 6966 6967 6939
f 6939 6967 6940
f 6967 6968 6940
f 6940 6968 6941
f 6968 6969 6941
f 6941 6969 6942
f 6969 6970 6942
f 6942 6970 6943
f 6970 6971 6943
f 6943 6971 6944
f 6971 6972 6944
f 6944 6972 6945
f 6972 6973 6945
f 6945 6973 6946
f 6973 6974 6946
f 6946 6974 6947
f 6974 6975 6947
f 6947 6975 6948
f 6975 6976 6948
f 6948 6976 6949
f 6976 6977 6949
f 6949 6977 6950
f 6977 6978 6950
f 6950 6978 6951
f 6978 6979 6951
f 6951 6979 6952
f 6979 6980 6952
f 6952 6980 6953
f 6980 6981 6953
f 6953 6981 6954
f 6981 6982 6954
f 6954 6982 6955
f 6955 6956 6710
f 6710 6956 6711
f 6956 6983 6711
f 6711 6983 6723
f 6982 6983 6955
f 6955 6983 6956
f 6712 6724 6957
f 6957 6724 6984
f 6957 6958 6712
f 6712 6958 6713
f 6984 6985 6957
f 6957 6985 6958
f 6985 6986 6958
f 6958 6986 6959
f 6986 6987 6959
f 6959 6987 6960
f 6987 6988 6960
f 6960 6988 6961
f 6961 6962 6714
f 6714 6962 6715
f 6962 6989 6715
f 6715 6989 6725
f 6988 6989 6961
f 6961 6989 6962
f 6722 6732 6963
f 6963 6732 6990
f 6990 6991 6963
f 6963 6991 6964
f 6991 6992 6964
f 6964 6992 6965
f 6992 6993 6965
f 6965 6993 6966
f 6993 6994 6966
f 6966 6994 6967
f 6994 6995 6967
f 6967 6995 6968
f 6995 6996 6968
f 6968 6996 6969
f 6996 6997 6969
f 6969 6997 6970
f 6997 6998 6970
f 6970 6998 6971
f 6998 6999 6971
f 6971 6999 6972
f 6999 7000 6972
f 6972 7000 6973
f 7000 7001 6973
f 6973 7001 6974
f 7001 7002 6974
f 6974 7002 6975
f 7002 7003 6975
f 6975 7003 6976
f 7003 7004 6976
f 6976 7004 6977
f 7004 7005 6977
f 6977 7005 6978
f 7005 7006 6978
f 6978 7006 6979
f 7006 7007 6979
f 6979 7007 6980
f 7007 7008 6980
f 6980 7008 6981
f 7008 7009 6981
f 6981 7009 6982
f 7009 7010 6982
f 6982 7010 6983
f 6983 6984 6723
f 6723 6984 6724
f 7010 7011 6983
f 6983 7011 6984
f 7011 7012 6984
f 6984 7012 6985
f 7012 7013 6985
f 6985 7013 6986
f 7013 7014 6986
f 6986 7014 6987
f 7014 7015 6987
f 6987 7015 6988
f 6989 7016 6725
f 6725 7016 6736
f 7015 7016 6988
f 6988 7016 6989
f 6732 6733 6990
f 6990 6733 6991
f 6733 6734 6991
f 6991 6734 6992
f 6734 6735 6992
f 6992 6735 6993
f 6735 6745 6993
f 6993 6745 7018
f 7018 7019 6993
f 6993 7019 6994
f 7019 7020 6994
f 6994 7020 6995
f 7020 7021 6995
f 6995 7021 6996
f 7021 7022 6996
f 6996 7022 6997
f 7022 7023 6997
f 6997 7023 6998
f 7023 7024 6998
f 6998 7024 6999
f 7024 7025 6999
f 6999 7025 7000
f 7025 7026 7000
f 7000 7026 7001
f 7026 7027 7001
f 7001 7027 7002
f 7027 7028 7002
f 7002 7028 7003
f 7028 7029 7003
f 7003 7029 7004
f 7029 7030 7004
f 7004 7030 7005
f 7030 7031 7005
f 7005 7031 7006
f 7031 7032 7006
f 7006 7032 7007
f 7032 7033 7007
f 7007 7033 7008
f 7033 7034 7008
f 7008 7034 7009
f 7034 7035 7009
f 7009 7035 7010
f 7035 7036 7010
f 7010 7036 7011
f 7036 7037 7011
f 7011 7037 7012
f 7037 7038 7012
f 7012 7038 7013
f 7038 7039 7013
f 7013 7039 7014
f 7039 7040 7014
f 7014 7040 7015
f 7040 7041 7015
f 7015 7041 7016
f 7016 7017 6736
f 6736 7017 6737
f 7017 7042 6737
f 6737 7042 6767
f 7041 7042 7016
f 7016 7042 7017
f 6745 6746 7018
f 7018 6746 7019
f 6746 6747 7019
f 7019 6747 7020
f 6747 6748 7020
f 7020 6748 7021
f 6748 6749 7021
f 7021 6749 7022
f 6749 6750 7022
f 7022 6750 7023
f 6750 6751 7023
f 7023 6751 7024
f 6751 6752 7024
f 7024 6752 7025
f 6752 6753 7025
f 7025 6753 7026
f 6753 6754 7026
f 7026 6754 7027
f 6754 6755 7027
f 7027 6755 7028
f 6755 6756 7028
f 7028 6756 7029
f 6756 6757 7029
f 7029 6757 7030
f 6757 6758 7030
f 7030 6758 7031
f 6758 6759 7031
f 7031 6759 7032
f 6759 6760 7032
f 7032 6760 7033
f 6760 6761 7033
f 7033 6761 7034
f 6761 6762 7034
f 7034 6762 7035
f 6762 6763 7035
f 7035 6763 7036
f 6763 6764 7036
f 7036 6764 7037
f 6764 6790 7037
f 7037 6790 7043
f 7043 7044 7037
f 7037 7044 7038
f 7044 7045 7038
f 7038 7045 7039
f 7040 7046 6765
f 6765 7046 6793
f 7045 7046 7039
f 7039 7046 7040
f 6765 6766 7040
f 7040 6766 7041
f 6766 6767 7041
f 7041 6767 7042
f 6790 6791 7043
f 7043 6791 7044
f 6791 6792 7044
f 7044 6792 7045
f 6792 6793 7045
f 7045 6793 7046

