iteration,epoch,loss,smoothed_loss_41
0,0.0,0.05266399309039116,
1,0.0037313432835820895,0.050668515264987946,
2,0.007462686567164179,0.04766619950532913,
3,0.011194029850746268,0.044971857219934464,
4,0.014925373134328358,0.04185283184051514,
5,0.018656716417910446,0.0390024371445179,
6,0.022388059701492536,0.03697677329182625,
7,0.026119402985074626,0.03479747474193573,
8,0.029850746268656716,0.033156365156173706,
9,0.033582089552238806,0.031997211277484894,
10,0.03731343283582089,0.03038720414042473,
11,0.041044776119402986,0.029573464766144753,
12,0.04477611940298507,0.028980253264307976,
13,0.048507462686567165,0.028132125735282898,
14,0.05223880597014925,0.027174580842256546,
15,0.055970149253731345,0.027147209271788597,
16,0.05970149253731343,0.026381386443972588,
17,0.06343283582089553,0.02614501677453518,
18,0.06716417910447761,0.025408605113625526,
19,0.0708955223880597,0.02498089149594307,
20,0.07462686567164178,0.024679699912667274,0.02836927430840527
21,0.07835820895522388,0.024234119802713394,0.027583545982474235
22,0.08208955223880597,0.024036839604377747,0.02685396845747785
23,0.08582089552238806,0.02432597428560257,0.02618632570090817
24,0.08955223880597014,0.02374952659010887,0.025579188019037247
25,0.09328358208955224,0.023102808743715286,0.025041746838790613
26,0.09701492537313433,0.02342497557401657,0.024577684019033503
27,0.10074626865671642,0.02272401563823223,0.02414990239208791
28,0.1044776119402985,0.022748637944459915,0.023774772201006007
29,0.10820895522388059,0.02307683229446411,0.023438278267659794
30,0.11194029850746269,0.022574037313461304,0.0231138243362671
31,0.11567164179104478,0.022148985415697098,0.022832900285720825
32,0.11940298507462686,0.022327657788991928,0.022556355132198915
33,0.12313432835820895,0.022289160639047623,0.022306997601578876
34,0.12686567164179105,0.02174099162220955,0.022076382142741505
35,0.13059701492537312,0.021740218624472618,0.021860682927980657
36,0.13432835820895522,0.021512851119041443,0.02164394204027769
37,0.13805970149253732,0.021558932960033417,0.021441722788461823
38,0.1417910447761194,0.021180693060159683,0.02123765615610088
39,0.1455223880597015,0.020908232778310776,0.021051704338411005
40,0.14925373134328357,0.020990658551454544,0.02086833128478469
41,0.15298507462686567,0.020449131727218628,0.020679731558008892
42,0.15671641791044777,0.020755836740136147,0.020507677208359647
43,0.16044776119402984,0.020292846485972404,0.020342237974812345
44,0.16417910447761194,0.02007921226322651,0.02016175597360948
45,0.16791044776119404,0.019817743450403214,0.019997420925192716
46,0.17164179104477612,0.01997586153447628,0.019835385789231556
47,0.17537313432835822,0.019437726587057114,0.019666272965146274
48,0.1791044776119403,0.019417136907577515,0.019511410693933324
49,0.1828358208955224,0.019360113888978958,0.019338347608359847
50,0.1865671641791045,0.018694600090384483,0.01916217899358854
51,0.19029850746268656,0.018869318068027496,0.018998298657740036
52,0.19402985074626866,0.018235113471746445,0.018839580029612633
53,0.19776119402985073,0.018756594508886337,0.018668893724679947
54,0.20149253731343283,0.018676891922950745,0.01849457062780857
55,0.20522388059701493,0.01833091303706169,0.018328528465112535
56,0.208955223880597,0.018260832875967026,0.018157227896153927
57,0.2126865671641791,0.018090397119522095,0.01798784959970451
58,0.21641791044776118,0.01777828484773636,0.017813017205675928
59,0.22014925373134328,0.01778458058834076,0.017640459510247883
60,0.22388059701492538,0.0174625962972641,0.01748213008409593
61,0.22761194029850745,0.01694711111485958,0.01731060061422063
62,0.23134328358208955,0.01717989146709442,0.01714853876520221
63,0.23507462686567165,0.017253831028938293,0.016976364343086393
64,0.23880597014925373,0.01692621223628521,0.016812159793405997
65,0.24253731343283583,0.017011789605021477,0.016648571370396673
66,0.2462686567164179,0.01645936816930771,0.016488038344172444
67,0.25,0.016491349786520004,0.016319036642770943
68,0.2537313432835821,0.016374662518501282,0.0161628628195059
69,0.2574626865671642,0.015653051435947418,0.016007150954953055
70,0.26119402985074625,0.015853919088840485,0.015844670487794935
71,0.26492537313432835,0.01585494354367256,0.015700141762996594
72,0.26865671641791045,0.01564152166247368,0.01554609305884053
73,0.27238805970149255,0.015329519286751747,0.015412325698246316
74,0.27611940298507465,0.015141913667321205,0.015255133893976851
75,0.2798507462686567,0.014933262951672077,0.015104056540422323
76,0.2835820895522388,0.014716895297169685,0.014951181393571017
77,0.2873134328358209,0.014568340964615345,0.014801806179670298
78,0.291044776119403,0.014390804804861546,0.014658728160145806
79,0.2947761194029851,0.014105827547609806,0.01450754309118521
80,0.29850746268656714,0.014416726306080818,0.014363077650891572
81,0.30223880597014924,0.013957950286567211,0.014220632726281154
82,0.30597014925373134,0.013804595917463303,0.014090778828575843
83,0.30970149253731344,0.013696685433387756,0.013946093550724228
84,0.31343283582089554,0.013560459949076176,0.013797480590278056
85,0.31716417910447764,0.01337208691984415,0.013657523205549253
86,0.3208955223880597,0.013235889375209808,0.013521526440432885
87,0.3246268656716418,0.013046791777014732,0.013393140943130342
88,0.3283582089552239,0.013034599833190441,0.013263927136616008
89,0.332089552238806,0.013032950460910797,0.013135269829412786
90,0.3358208955223881,0.012698414735496044,0.013018075444894592
91,0.33955223880597013,0.012768922373652458,0.01289334713776664
92,0.34328358208955223,0.012553321197628975,0.012765894144228318
93,0.34701492537313433,0.012750651687383652,0.012641666207189968
94,0.35074626865671643,0.012311730533838272,0.012530864761551706
95,0.35447761194029853,0.0124827204272151,0.012414755753991081
96,0.3582089552238806,0.012063032016158104,0.012306237388856528
97,0.3619402985074627,0.012136449106037617,0.012202855699309489
98,0.3656716417910448,0.012224198319017887,0.012103295703304977
99,0.3694029850746269,0.011579697020351887,0.012007282478962003
100,0.373134328358209,0.011861497536301613,0.011906493364310846
101,0.376865671641791,0.011622354388237,0.01180050122301753
102,0.3805970149253731,0.011623101308941841,0.011705104375212657
103,0.3843283582089552,0.011247795075178146,0.011607950303430965
104,0.3880597014925373,0.011160699650645256,0.011513093281991599
105,0.3917910447761194,0.011187959462404251,0.011418384704284551
106,0.39552238805970147,0.011435922235250473,0.011329169021692218
107,0.39925373134328357,0.011195562779903412,0.011244746356657365
108,0.40298507462686567,0.011193583719432354,0.01116027998760706
109,0.40671641791044777,0.011099712923169136,0.011074648511300727
110,0.41044776119402987,0.010848081670701504,0.010983165626118823
111,0.4141791044776119,0.010740058496594429,0.010908867277931876
112,0.417910447761194,0.01062937080860138,0.010819448907746047
113,0.4216417910447761,0.010548176243901253,0.010739528187891333
114,0.4253731343283582,0.010786660015583038,0.010655304053571166
115,0.4291044776119403,0.010381444357335567,0.01057865906779359
116,0.43283582089552236,0.010484009981155396,0.010499127050180261
117,0.43656716417910446,0.0104782460257411,0.010432143922804333
118,0.44029850746268656,0.010486381128430367,0.010359966173404601
119,0.44402985074626866,0.010454262606799603,0.010279353003858066
120,0.44776119402985076,0.009973473846912384,0.01021363727021508
121,0.45149253731343286,0.010071048513054848,0.010139547515569664
122,0.4552238805970149,0.010046679526567459,0.010071287772095785
123,0.458955223880597,0.009821278974413872,0.010004132827062433
124,0.4626865671641791,0.009807547554373741,0.009942278084231586
125,0.4664179104477612,0.009677408263087273,0.009878262423160599
126,0.4701492537313433,0.009714243933558464,0.009813193754270309
127,0.47388059701492535,0.009774560108780861,0.00973712482557791
128,0.47761194029850745,0.009583670645952225,0.009666672612472279
129,0.48134328358208955,0.009523709304630756,0.009603075819408021
130,0.48507462686567165,0.00928215216845274,0.009537030511149546
131,0.48880597014925375,0.009652182459831238,0.00947803406544575
132,0.4925373134328358,0.009102769196033478,0.009420689854134873
133,0.4962686567164179,0.009276571683585644,0.009355679608699752
134,0.5,0.009297462180256844,0.00930301481630744
135,0.503731343283582,0.009169286116957664,0.009239110277920234
136,0.5074626865671642,0.009221907705068588,0.009181518153083034
137,0.5111940298507462,0.009316723793745041,0.009132940912755525
138,0.5149253731343284,0.009177161380648613,0.009074954088868164
139,0.5186567164179104,0.008919058367609978,0.009014797147090843
140,0.5223880597014925,0.008885351940989494,0.00896034896282888
141,0.5261194029850746,0.0088238175958395,0.008918231489454828
142,0.5298507462686567,0.008823704905807972,0.008863001448533884
143,0.5335820895522388,0.008869748562574387,0.008812218495621913
144,0.5373134328358209,0.008711750619113445,0.008766823289234464
145,0.5410447761194029,0.00853605754673481,0.008716766722500324
146,0.5447761194029851,0.008520144037902355,0.008672261315329773
147,0.5485074626865671,0.008317096158862114,0.008628783611262717
148,0.5522388059701493,0.008307022042572498,0.008579535046365203
149,0.5559701492537313,0.008586115203797817,0.00853460085600978
150,0.5597014925373134,0.008391855284571648,0.00849183626109507
151,0.5634328358208955,0.008429227396845818,0.00844285066989137
152,0.5671641791044776,0.008388945832848549,0.00839638094440466
153,0.5708955223880597,0.007963950745761395,0.008360054525660306
154,0.5746268656716418,0.00838891975581646,0.008320726897204068
155,0.5783582089552238,0.008166573941707611,0.008276837912001988
156,0.582089552238806,0.008020167239010334,0.008235240945728814
157,0.585820895522388,0.008492343127727509,0.008188632748475888
158,0.5895522388059702,0.008100786246359348,0.00814620252108065
159,0.5932835820895522,0.00801994651556015,0.008102994855129865
160,0.5970149253731343,0.008221887052059174,0.008060493233908967
161,0.6007462686567164,0.008246657438576221,0.008026500175729758
162,0.6044776119402985,0.007806616835296154,0.007991418435533599
163,0.6082089552238806,0.007964578457176685,0.007955351923933117
164,0.6119402985074627,0.00796007551252842,0.007913459319530464
165,0.6156716417910447,0.007755228318274021,0.007879246548726791
166,0.6194029850746269,0.007852686569094658,0.00784912137541829
167,0.6231343283582089,0.007931658066809177,0.007809188126063928
168,0.6268656716417911,0.007755368947982788,0.007781359389787767
169,0.6305970149253731,0.007741368841379881,0.0077492019116151625
170,0.6343283582089553,0.007770360913127661,0.007712186813899656
171,0.6380597014925373,0.00727374292910099,0.007678148700151502
172,0.6417910447761194,0.007746923714876175,0.007649728062948803
173,0.6455223880597015,0.0076133860275149345,0.007614533610005931
174,0.6492537313432836,0.007664138916879892,0.007592629209705969
175,0.6529850746268657,0.007498013786971569,0.007564457440067355
176,0.6567164179104478,0.007463810499757528,0.007535614947811133
177,0.6604477611940298,0.007310971617698669,0.007510220904539271
178,0.664179104477612,0.007577084470540285,0.007469411530509227
179,0.667910447761194,0.007405647076666355,0.0074461408459195275
180,0.6716417910447762,0.0071764918975532055,0.007421972593519746
181,0.6753731343283582,0.00749163655564189,0.007391838515858825
182,0.6791044776119403,0.007385466247797012,0.007360473752203511
183,0.6828358208955224,0.007344977930188179,0.007340629392008229
184,0.6865671641791045,0.00715215178206563,0.00732586307950863
185,0.6902985074626866,0.007309027016162872,0.007294803403499649
186,0.6940298507462687,0.007300925441086292,0.007272759770474783
187,0.6977611940298507,0.006882880814373493,0.007247237840712797
188,0.7014925373134329,0.007176117971539497,0.007218373269297001
189,0.7052238805970149,0.0069885654374957085,0.007193875283275436
190,0.7089552238805971,0.007068496197462082,0.007174132346380048
191,0.7126865671641791,0.006996292620897293,0.007148134510782434
192,0.7164179104477612,0.007263981271535158,0.007135300283751837
193,0.7201492537313433,0.006945973262190819,0.007108173821484897
194,0.7238805970149254,0.007065870333462954,0.007088328087020938
195,0.7276119402985075,0.007233877200633287,0.007056374897862353
196,0.7313432835820896,0.00698403175920248,0.0070335489765899935
197,0.7350746268656716,0.006979011464864016,0.007017204503914932
198,0.7388059701492538,0.0068191587924957275,0.007003554154369162
199,0.7425373134328358,0.007146688178181648,0.006979967240335011
200,0.746268656716418,0.007029048167169094,0.006958850523138918
201,0.75,0.006986389867961407,0.006951464487739452
202,0.753731343283582,0.006960702128708363,0.006923358262766425
203,0.7574626865671642,0.006992998067289591,0.006901766253044692
204,0.7611940298507462,0.007359159644693136,0.006879017892770651
205,0.7649253731343284,0.006686628796160221,0.0068566640838980675
206,0.7686567164179104,0.006851439364254475,0.006839570203205434
207,0.7723880597014925,0.006806287448853254,0.006819489616446379
208,0.7761194029850746,0.00674821063876152,0.006807671996151529
209,0.7798507462686567,0.006750951521098614,0.006789277989144732
210,0.7835820895522388,0.006931908428668976,0.006776987574994564
211,0.7873134328358209,0.006704449653625488,0.006764929491753985
212,0.7910447761194029,0.00674753962084651,0.006747178778779216
213,0.7947761194029851,0.006634738761931658,0.006724136302293074
214,0.7985074626865671,0.006799710914492607,0.0067064360170284425
215,0.8022388059701493,0.006354058161377907,0.006686391660989058
216,0.8059701492537313,0.00656215101480484,0.006664268184089806
217,0.8097014925373134,0.006793687120079994,0.006646520185579614
218,0.8134328358208955,0.006751307286322117,0.006630142855389816
219,0.8171641791044776,0.006610020995140076,0.0066141489120881735
220,0.8208955223880597,0.006539861671626568,0.006591043843910462
221,0.8246268656716418,0.006873664446175098,0.006580629545014079
222,0.8283582089552238,0.00633928133174777,0.006565321270921608
223,0.832089552238806,0.006500193849205971,0.006548223744441823
224,0.835820895522388,0.006412295158952475,0.0065291891124372075
225,0.8395522388059702,0.006235645618289709,0.006498901082611665
226,0.8432835820895522,0.006608177907764912,0.006487220071437882
227,0.8470149253731343,0.006477621383965015,0.006477723329714159
228,0.8507462686567164,0.006398358382284641,0.006467096269039846
229,0.8544776119402985,0.006421963684260845,0.006451712943976972
230,0.8582089552238806,0.00648465845733881,0.006434939052091866
231,0.8619402985074627,0.0065741147845983505,0.006415848586163143
232,0.8656716417910447,0.006268513388931751,0.006402142720705852
233,0.8694029850746269,0.0063192397356033325,0.006383813213466144
234,0.8731343283582089,0.006220261566340923,0.0063763594641009485
235,0.8768656716417911,0.006244051735848188,0.006362806835279959
236,0.8805970149253731,0.0063268146477639675,0.006356040231610943
237,0.8843283582089553,0.006256363820284605,0.006346574586975138
238,0.8880597014925373,0.0063075409270823,0.006329731686358772
239,0.8917910447761194,0.006163407117128372,0.006313536781817675
240,0.8955223880597015,0.00619938038289547,0.006305297007557095
241,0.8992537313432836,0.006602061912417412,0.006294267854039989
242,0.9029850746268657,0.006358750630170107,0.006275841682331591
243,0.9067164179104478,0.006259703543037176,0.006266129657444431
244,0.9104477611940298,0.006212578155100346,0.006256948906655718
245,0.914179104477612,0.006117350421845913,0.006247503444461561
246,0.917910447761194,0.006207707338035107,0.006243342033973555
247,0.9216417910447762,0.00646207295358181,0.006237134416928378
248,0.9253731343283582,0.006370577961206436,0.006227768423808057
249,0.9291044776119403,0.006117494311183691,0.006218973376856345
250,0.9328358208955224,0.006063221953809261,0.0062079761949617685
251,0.9365671641791045,0.006149199325591326,0.00619467532989092
252,0.9402985074626866,0.0061425091698765755,0.006180187744065755
253,0.9440298507462687,0.005996029824018478,0.006177708722378422
254,0.9477611940298507,0.006329135037958622,0.00617468353678904
255,0.9514925373134329,0.00624405313283205,0.0061662584634088885
256,0.9552238805970149,0.0060766274109482765,0.006163632712985684
257,0.9589552238805971,0.006174059584736824,0.006153711004228127
258,0.9626865671641791,0.00610312819480896,0.0061455968222240125
259,0.9664179104477612,0.006087316200137138,0.006134314042311616
260,0.9701492537313433,0.006272190250456333,0.006134543897266068
261,0.9738805970149254,0.006087666377425194,0.006133145618638615
262,0.9776119402985075,0.006118191406130791,0.006117166315273541
263,0.9813432835820896,0.0059410883113741875,0.006105918028369182
264,0.9850746268656716,0.006123783066868782,0.006106708937029286
265,0.9888059701492538,0.006025031208992004,0.006099172742901052
266,0.9925373134328358,0.006065027788281441,0.006091930415117886
267,0.996268656716418,0.006353665608912706,0.006085872184485197
268,1.0,0.0060936156660318375,0.006076777251664459
269,1.0037313432835822,0.006037761457264423,0.006068946487020429
270,1.007462686567164,0.005971079226583242,0.006068091532896932
271,1.0111940298507462,0.005939322989434004,0.006066107134357459
272,1.0149253731343284,0.005980123765766621,0.00605979073429253
273,1.0186567164179106,0.006166873499751091,0.006055749464416649
274,1.0223880597014925,0.006195207126438618,0.006066711948866524
275,1.0261194029850746,0.005874833557754755,0.006056579420479332
276,1.0298507462686568,0.0061363959684967995,0.0060492869148530614
277,1.0335820895522387,0.005920024588704109,0.006047249078841471
278,1.037313432835821,0.0059236823581159115,0.006046775807967273
279,1.041044776119403,0.005844946950674057,0.006043644201737352
280,1.044776119402985,0.006172831170260906,0.006037661748960978
281,1.0485074626865671,0.006142050959169865,0.006032777484506369
282,1.0522388059701493,0.005946910474449396,0.006030246581337074
283,1.0559701492537314,0.005897570867091417,0.00603065275155553
284,1.0597014925373134,0.006292130798101425,0.006034895425616968
285,1.0634328358208955,0.005903594195842743,0.0060323778562611195
286,1.0671641791044777,0.005820414982736111,0.006029958507364116
287,1.0708955223880596,0.00595931988209486,0.006029348036774048
288,1.0746268656716418,0.0060891807079315186,0.006027462937664695
289,1.078358208955224,0.00604951661080122,0.006025534702419508
290,1.0820895522388059,0.006082441192120314,0.006027344864134382
291,1.085820895522388,0.005981861613690853,0.006034643150775171
292,1.0895522388059702,0.005890226922929287,0.00603882945710566
293,1.0932835820895523,0.005976817104965448,0.006037360522896051
294,1.0970149253731343,0.006445491686463356,0.006038416915277883
295,1.1007462686567164,0.005913701374083757,0.006039521793221555
296,1.1044776119402986,0.0059450604021549225,0.006042722033382189
297,1.1082089552238805,0.005993076134473085,0.006031337886957861
298,1.1119402985074627,0.0061546554788947105,0.006032873478877108
299,1.1156716417910448,0.005974732339382172,0.006039316800036808
300,1.1194029850746268,0.005842035636305809,0.006046847247223302
301,1.123134328358209,0.006071935407817364,0.006039484767470418
302,1.126865671641791,0.005983899347484112,0.006032381604266603
303,1.1305970149253732,0.00613484438508749,0.006034620151650615
304,1.1343283582089552,0.006115037947893143,0.006038680627215199
305,1.1380597014925373,0.006020562723278999,0.0060344440408232735
306,1.1417910447761195,0.005925837904214859,0.006038795804559458
307,1.1455223880597014,0.00603999849408865,0.006043509455261434
308,1.1492537313432836,0.00627637654542923,0.006052022754419141
309,1.1529850746268657,0.006014558020979166,0.006049991074222617
310,1.1567164179104477,0.0061119780875742435,0.006046829268154575
311,1.1604477611940298,0.00627030897885561,0.006052709491241996
312,1.164179104477612,0.006110961548984051,0.0060548164836335475
313,1.1679104477611941,0.005919897463172674,0.0060625666548020955
314,1.171641791044776,0.0062101855874061584,0.0060688401231678525
315,1.1753731343283582,0.006240507122129202,0.006058551598249412
316,1.1791044776119404,0.006006043404340744,0.006066575657758044
317,1.1828358208955223,0.005669645965099335,0.006067118755110153
318,1.1865671641791045,0.005982983857393265,0.0060618050828030925
319,1.1902985074626866,0.006187858525663614,0.006057192832685825
320,1.1940298507462686,0.006153695285320282,0.0060538490212
321,1.1977611940298507,0.005870969500392675,0.006060440456721841
322,1.2014925373134329,0.005850821267813444,0.0060619754353311
323,1.205223880597015,0.00603869091719389,0.006062797327503198
324,1.208955223880597,0.006064050365239382,0.006055393926344994
325,1.212686567164179,0.006118430756032467,0.006055299624255518
326,1.2164179104477613,0.006082016509026289,0.00605688055568352
327,1.2201492537313432,0.006013674661517143,0.006056553070865027
328,1.2238805970149254,0.006308365147560835,0.006063291632638472
329,1.2276119402985075,0.006005881819874048,0.006054090824341629
330,1.2313432835820894,0.00591988256201148,0.006058485042758104
331,1.2350746268656716,0.006323530338704586,0.0060531196706905595
332,1.2388059701492538,0.006068248301744461,0.006042321882687691
333,1.242537313432836,0.0062079839408397675,0.0060360479713758314
334,1.2462686567164178,0.006234029307961464,0.0060406411975258735
335,1.25,0.00602366216480732,0.00604041904301905
336,1.2537313432835822,0.006242687813937664,0.006028463189467424
337,1.257462686567164,0.005967327393591404,0.0060361886919453375
338,1.2611940298507462,0.005775215569883585,0.006042075127635787
339,1.2649253731343284,0.0059655532240867615,0.006044152544856798
340,1.2686567164179106,0.0058376360684633255,0.006040884250002663
341,1.2723880597014925,0.006112284492701292,0.006044434281293212
342,1.2761194029850746,0.006134869530797005,0.0060397381099258985
343,1.2798507462686568,0.006017596926540136,0.006037848422349226
344,1.2835820895522387,0.0058313049376010895,0.006035194868539892
345,1.287313432835821,0.0061111715622246265,0.0060332114808261395
346,1.291044776119403,0.006085380911827087,0.006032084421504561
347,1.294776119402985,0.005912411026656628,0.006030224695256571
348,1.2985074626865671,0.006316279526799917,0.006030851566210025
349,1.3022388059701493,0.0058991434052586555,0.006019688063732735
350,1.3059701492537314,0.006194720976054668,0.006019256077706814
351,1.3097014925373134,0.005891997832804918,0.006027517272386609
352,1.3134328358208955,0.005827599670737982,0.006017545328997984
353,1.3171641791044777,0.00585373118519783,0.006016665229164973
354,1.3208955223880596,0.006108219735324383,0.006010428354961843
355,1.3246268656716418,0.006201077252626419,0.006009475305313017
356,1.328358208955224,0.0057503171265125275,0.006009285179216687
357,1.3320895522388059,0.006322789005935192,0.006004152024482809
358,1.335820895522388,0.0059109898284077644,0.005996567640090134
359,1.3395522388059702,0.006068157963454723,0.005999088264638331
360,1.3432835820895523,0.006053858436644077,0.0060016241197179
361,1.3470149253731343,0.006299246568232775,0.006001761149069885
362,1.3507462686567164,0.0056784264743328094,0.00599517146261727
363,1.3544776119402986,0.005773344077169895,0.005988536266292014
364,1.3582089552238805,0.005929895211011171,0.005990766340912115
365,1.3619402985074627,0.005982731468975544,0.005991032188076798
366,1.3656716417910448,0.006072221323847771,0.005989120421340552
367,1.3694029850746268,0.006005767732858658,0.005986599740004394
368,1.373134328358209,0.006039376370608807,0.005988088550000656
369,1.376865671641791,0.005850661545991898,0.00597669604438834
370,1.3805970149253732,0.005988170392811298,0.0059781756888075575
371,1.3843283582089552,0.006258591543883085,0.005966967721356124
372,1.3880597014925373,0.005914680659770966,0.005963283466038908
373,1.3917910447761195,0.006032164208590984,0.005967426772524671
374,1.3955223880597014,0.0059522720985114574,0.00596682442261315
375,1.3992537313432836,0.00619495427235961,0.005962000841774591
376,1.4029850746268657,0.006015866994857788,0.005951456509803127
377,1.4067164179104477,0.006032228469848633,0.005958957427249449
378,1.4104477611940298,0.0056563676334917545,0.005946864726067316
379,1.414179104477612,0.0058785611763596535,0.005948296895750412
380,1.4179104477611941,0.00606952328234911,0.0059393677837783244
381,1.421641791044776,0.005843254271894693,0.005935272099677383
382,1.4253731343283582,0.005842107348144054,0.00592713146584063
383,1.4291044776119404,0.005862826481461525,0.005928540511465654
384,1.4328358208955223,0.006109029985964298,0.005937287867886991
385,1.4365671641791045,0.005842204671353102,0.00594147910341257
386,1.4402985074626866,0.006032789126038551,0.005934219602949735
387,1.4440298507462686,0.005982032977044582,0.005923804032003007
388,1.4477611940298507,0.005973452236503363,0.005916187017247445
389,1.4514925373134329,0.005849186796694994,0.005910557001920008
390,1.455223880597015,0.005959808826446533,0.005918446485316608
391,1.458955223880597,0.005735194310545921,0.005918209838521917
392,1.462686567164179,0.005740943364799023,0.0059180431204234685
393,1.4664179104477613,0.005997475236654282,0.005917983901936833
394,1.4701492537313432,0.005829034838825464,0.005916641105148123
395,1.4738805970149254,0.005910452920943499,0.005913169520748098
396,1.4776119402985075,0.0057687596417963505,0.005908044441262397
397,1.4813432835820894,0.006057854741811752,0.005904411715341777
398,1.4850746268656716,0.005826988257467747,0.005899683754073411
399,1.4888059701492538,0.005969708785414696,0.0059009764865949384
400,1.492537313432836,0.005702064372599125,0.005902372300624847
401,1.4962686567164178,0.005885935388505459,0.005901795130495618
402,1.5,0.0059654805809259415,0.005897167002464213
403,1.5037313432835822,0.005736197344958782,0.005901022132758687
404,1.507462686567164,0.006131985690444708,0.005903663250004373
405,1.5111940298507462,0.00610173586755991,0.005899480884758438
406,1.5149253731343284,0.005685091949999332,0.0058982608635432835
407,1.5186567164179106,0.00564518291503191,0.005898159565176905
408,1.5223880597014925,0.005693470127880573,0.005895976738141078
409,1.5261194029850746,0.005808545742183924,0.0058904267484095035
410,1.5298507462686568,0.006174130365252495,0.005885095119748901
411,1.5335820895522387,0.005978467874228954,0.0058878615680264266
412,1.537313432835821,0.006251756101846695,0.005892485982125125
413,1.541044776119403,0.005912252701818943,0.00590036811715946
414,1.544776119402985,0.005977109540253878,0.005901526455290434
415,1.5485074626865671,0.005809937138110399,0.005896090245919257
416,1.5522388059701493,0.005984826013445854,0.005891469273171047
417,1.5559701492537314,0.005866925232112408,0.005895376886899878
418,1.5597014925373134,0.0058383820578455925,0.005877562230680047
419,1.5634328358208955,0.005709369666874409,0.005874084331458662
420,1.5671641791044777,0.005935789551585913,0.005872298111548511
421,1.5708955223880596,0.006045859307050705,0.005875951803584651
422,1.5746268656716418,0.005653501022607088,0.00587476251601446
423,1.578358208955224,0.006000167690217495,0.0058749416820341495
424,1.5820895522388059,0.005971112288534641,0.005874068646623594
425,1.585820895522388,0.005937553010880947,0.005868102105834135
426,1.5895522388059702,0.005792183801531792,0.005857976630511807
427,1.5932835820895523,0.006028635893017054,0.005854405053868526
428,1.5970149253731343,0.005892537068575621,0.005859261639870521
429,1.6007462686567164,0.00574590265750885,0.005863274254540845
430,1.6044776119402986,0.00563059002161026,0.0058658325181501665
431,1.6082089552238805,0.00607323320582509,0.005857275162891644
432,1.6119402985074627,0.005924795288592577,0.005853011340993207
433,1.6156716417910448,0.006064110901206732,0.005838987849107603
434,1.6194029850746268,0.006044967100024223,0.005835532176694492
435,1.623134328358209,0.005606150254607201,0.005827032506647633
436,1.626865671641791,0.005720993038266897,0.005825979510185922
437,1.6305970149253732,0.00592897180467844,0.005818261662725269
438,1.6343283582089552,0.005327453836798668,0.00581810326974203
439,1.6380597014925373,0.0056843943893909454,0.005814478630427181
440,1.6417910447761195,0.00589647376909852,0.005821917365055259
441,1.6455223880597014,0.005851865746080875,0.005815477371670124
442,1.6492537313432836,0.0058371745981276035,0.005806206441597968
443,1.6529850746268657,0.005972826387733221,0.005810960354964908
444,1.6567164179104477,0.005700402893126011,0.005806173163852314
445,1.6604477611940298,0.005887357518076897,0.005800815492232398
446,1.664179104477612,0.005686591379344463,0.005797423535912502
447,1.6679104477611941,0.005538657307624817,0.00579802682850419
448,1.671641791044776,0.00584430294111371,0.005788622560297571
449,1.6753731343283582,0.005857987329363823,0.005787291393683451
450,1.6791044776119404,0.00591343455016613,0.005788376986435274
451,1.6828358208955223,0.005823278799653053,0.005784667233323179
452,1.6865671641791045,0.005803651176393032,0.005780276728839409
453,1.6902985074626866,0.005676792934536934,0.005773543800431781
454,1.6940298507462686,0.005770570132881403,0.005770145552005709
455,1.6977611940298507,0.005628623068332672,0.0057581720828283126
456,1.7014925373134329,0.005766764283180237,0.005759634281985644
457,1.705223880597015,0.0056683942675590515,0.005764255129800337
458,1.708955223880597,0.005860431119799614,0.005756231729032063
459,1.712686567164179,0.005689771845936775,0.005757871538218929
460,1.7164179104477613,0.006014357786625624,0.005760417796853112
461,1.7201492537313432,0.005671749822795391,0.005760561618045336
462,1.7238805970149254,0.005665751174092293,0.00575678601361266
463,1.7276119402985075,0.005848411470651627,0.005750605859225843
464,1.7313432835820894,0.005803892854601145,0.005751013676295194
465,1.7350746268656716,0.005751447752118111,0.005752526780181542
466,1.7388059701492538,0.0057984828017652035,0.005747084335492152
467,1.742537313432836,0.005816918797791004,0.005749300678783074
468,1.7462686567164178,0.005643060896545649,0.005760312273462371
469,1.75,0.005837959237396717,0.005755839585440188
470,1.7537313432835822,0.005790411960333586,0.005752911620841521
471,1.757462686567164,0.0054784901440143585,0.005751407114652599
472,1.7611940298507462,0.005893222521990538,0.005748109278700701
473,1.7649253731343284,0.005648745223879814,0.005746769764256187
474,1.7686567164179106,0.00592478271573782,0.005747040449755221
475,1.7723880597014925,0.005554054863750935,0.0057536484219315575
476,1.7761194029850746,0.005666100420057774,0.005757608519094746
477,1.7798507462686568,0.005910447798669338,0.00575605570906546
478,1.7835820895522387,0.005600012373179197,0.005758398803087269
479,1.787313432835821,0.005394686013460159,0.005757669702444862
480,1.791044776119403,0.0057887909933924675,0.005758046910802766
481,1.794776119402985,0.005902370437979698,0.005750982215764319
482,1.7985074626865671,0.005697065964341164,0.005755960952672289
483,1.8022388059701493,0.005583788268268108,0.00575483379113238
484,1.8059701492537314,0.00598954688757658,0.005749618952594153
485,1.8097014925373134,0.005762440152466297,0.005744309562099416
486,1.8134328358208955,0.005664217285811901,0.005737289615974921
487,1.8171641791044777,0.00577746145427227,0.005739758836060036
488,1.8208955223880596,0.005990132689476013,0.005739049531701134
489,1.8246268656716418,0.005660922732204199,0.00574246215883915
490,1.828358208955224,0.005737940780818462,0.005737440921820518
491,1.8320895522388059,0.005851749796420336,0.005738065328176428
492,1.835820895522388,0.005688067525625229,0.005744632833251139
493,1.8395522388059702,0.005748731084167957,0.005742246796172567
494,1.8432835820895523,0.005687891039997339,0.005742671411121037
495,1.8470149253731343,0.006041496992111206,0.005734007373997351
496,1.8507462686567164,0.005790987052023411,0.005734660708141036
497,1.8544776119402986,0.005703099071979523,0.00574004201491068
498,1.8582089552238805,0.005764461122453213,0.005736558016662191
499,1.8619402985074627,0.005830537993460894,0.0057428978247249995
500,1.8656716417910448,0.00570523738861084,0.005750060354064151
501,1.8694029850746268,0.0057247052900493145,0.005744204561157924
502,1.873134328358209,0.005875878036022186,0.005735663765269082
503,1.876865671641791,0.005619537550956011,0.005733454157030437
504,1.8805970149253732,0.005634603090584278,0.005740921296997041
505,1.8843283582089552,0.005586207844316959,0.0057349514511482015
506,1.8880597014925373,0.005463629961013794,0.005730562082423669
507,1.8917910447761195,0.005899720825254917,0.005728567087250512
508,1.8955223880597014,0.005787837319076061,0.005728854990859584
509,1.8992537313432836,0.005782978609204292,0.005726175144223905
510,1.9029850746268657,0.005632088519632816,0.005725336397384725
511,1.9067164179104477,0.005816012620925903,0.0057274514650244536
512,1.9104477611940298,0.005747757852077484,0.00572770765823562
513,1.914179104477612,0.005795395001769066,0.0057277050232741895
514,1.9179104477611941,0.005666154436767101,0.005719500673344222
515,1.921641791044776,0.0055695571936666965,0.005718306263499871
516,1.9253731343283582,0.005580841563642025,0.005708213713837833
517,1.9291044776119404,0.005886733997613192,0.005706627012752905
518,1.9328358208955223,0.005767603870481253,0.005703636240668413
519,1.9365671641791045,0.005859944503754377,0.00570463040480163
520,1.9402985074626866,0.005688349716365337,0.005692290573767046
521,1.9440298507462686,0.005548703484237194,0.005692419675519553
522,1.9477611940298507,0.005552197806537151,0.005694386129063077
523,1.9514925373134329,0.00560647202655673,0.005683481114030611
524,1.955223880597015,0.00588994100689888,0.005683125428310255
525,1.958955223880597,0.005744783207774162,0.005686614230820318
526,1.962686567164179,0.005582476034760475,0.005686334254810723
527,1.9664179104477613,0.005582422483712435,0.005687605987143953
528,1.9701492537313432,0.005789265502244234,0.00567952014233281
529,1.9738805970149254,0.0058802589774131775,0.005672137048549768
530,1.9776119402985075,0.00562653411179781,0.005666334590897328
531,1.9813432835820894,0.005824658554047346,0.005666702542817447
532,1.9850746268656716,0.0058622537180781364,0.005663645578684603
533,1.9888059701492538,0.0056879594922065735,0.005655320020528828
534,1.992537313432836,0.005412352737039328,0.005650672618663166
535,1.9962686567164178,0.005638920236378908,0.005644561200425393
536,2.0,0.005627702455967665,0.0056455110472331685
537,2.003731343283582,0.00572593230754137,0.005646259603431312
538,2.0074626865671643,0.00558047741651535,0.005644018114430875
539,2.0111940298507465,0.005805221851915121,0.005641976416837878
540,2.014925373134328,0.005324604921042919,0.005632616284235221
541,2.0186567164179103,0.005710530560463667,0.005627870241679796
542,2.0223880597014925,0.0058053298853337765,0.005634072702378035
543,2.0261194029850746,0.005428772419691086,0.005639083036107988
544,2.029850746268657,0.005604954436421394,0.005636414819646899
545,2.033582089552239,0.005777643993496895,0.005631922096831769
546,2.037313432835821,0.005574728827923536,0.005625100283906228
547,2.041044776119403,0.005515770986676216,0.005625332682961371
548,2.044776119402985,0.005568201187998056,0.005627359615684282
549,2.048507462686567,0.005485130473971367,0.005623636153958193
550,2.0522388059701493,0.005545077845454216,0.005614048165337342
551,2.0559701492537314,0.005647174548357725,0.005613085529880553
552,2.0597014925373136,0.0056906770914793015,0.005605835058703655
553,2.0634328358208953,0.005406409967690706,0.0056040583791710985
554,2.0671641791044775,0.005604851525276899,0.005602871113252349
555,2.0708955223880596,0.0054155862890183926,0.005603814418086919
556,2.074626865671642,0.00560850091278553,0.005598943521518533
557,2.078358208955224,0.0056115323677659035,0.005597018716266242
558,2.082089552238806,0.005794832948595285,0.005592478518714992
559,2.0858208955223883,0.005683894269168377,0.0055942849892123446
560,2.08955223880597,0.00547617906704545,0.005591695639872696
561,2.093283582089552,0.005493761971592903,0.0056026010410633025
562,2.0970149253731343,0.005803004372864962,0.0056020039156442734
563,2.1007462686567164,0.005757621489465237,0.005593597377854876
564,2.1044776119402986,0.005497075151652098,0.005591234237682529
565,2.1082089552238807,0.005705739371478558,0.005597259542654927
566,2.111940298507463,0.005465088877826929,0.005589710162361947
567,2.1156716417910446,0.005592004396021366,0.005591692527892386
568,2.1194029850746268,0.0056655267253518105,0.005589080486083176
569,2.123134328358209,0.005636603571474552,0.005590043030679226
570,2.126865671641791,0.0054871514439582825,0.005588726697080746
571,2.1305970149253732,0.0055870660580694675,0.005591651106753
572,2.1343283582089554,0.005527389235794544,0.00559015053029104
573,2.138059701492537,0.0057894098572432995,0.005584727245859984
574,2.1417910447761193,0.005639281589537859,0.005589863296779917
575,2.1455223880597014,0.005451028235256672,0.005584092174724835
576,2.1492537313432836,0.0054392134770751,0.0055859461313159005
577,2.1529850746268657,0.00554878544062376,0.005585494133212217
578,2.156716417910448,0.005539784207940102,0.005582490004599094
579,2.16044776119403,0.0056545427069067955,0.005571916688051893
580,2.1641791044776117,0.0056990585289895535,0.005562802083881163
581,2.167910447761194,0.005771726369857788,0.005565584659939859
582,2.171641791044776,0.0056860484182834625,0.005563314652024973
583,2.175373134328358,0.005460661835968494,0.005560547613152643
584,2.1791044776119404,0.005331883672624826,0.005557857680974937
585,2.1828358208955225,0.005851991940289736,0.005558578558720466
586,2.1865671641791047,0.005468119401484728,0.00555357820831421
587,2.1902985074626864,0.005656005814671516,0.0055547413166339805
588,2.1940298507462686,0.005408677272498608,0.005552024739544566
589,2.1977611940298507,0.0056076655164361,0.005549068948844584
590,2.201492537313433,0.005431160796433687,0.005546136929585439
591,2.205223880597015,0.005664978642016649,0.0055430350348171665
592,2.208955223880597,0.005585650913417339,0.00554210361002422
593,2.212686567164179,0.005468322429805994,0.005544945086556964
594,2.216417910447761,0.005616988055408001,0.0055376946153800665
595,2.220149253731343,0.005368235521018505,0.005534611029050699
596,2.2238805970149254,0.005491598509252071,0.005538649766183481
597,2.2276119402985075,0.005589968990534544,0.0055394443206307365
598,2.2313432835820897,0.005488363094627857,0.005539928199496211
599,2.235074626865672,0.0053613269701600075,0.005536255699287101
600,2.2388059701492535,0.0053101954981684685,0.0055323501299248965
601,2.2425373134328357,0.005590264685451984,0.00553390111138181
602,2.246268656716418,0.005400691647082567,0.005525420215435144
603,2.25,0.005689555779099464,0.005514345211317626
604,2.253731343283582,0.005647334270179272,0.005516017298782017
605,2.2574626865671643,0.005526631139218807,0.005524852676544248
606,2.2611940298507465,0.005500725004822016,0.005516127353852115
607,2.264925373134328,0.00551277631893754,0.0055143713678528624
608,2.2686567164179103,0.005480624735355377,0.005503265391580942
609,2.2723880597014925,0.005544339306652546,0.005506741121502184
610,2.2761194029850746,0.005516390781849623,0.005496589307923142
611,2.279850746268657,0.005359973758459091,0.005496013614280921
612,2.283582089552239,0.005548877641558647,0.0054902240247806395
613,2.287313432835821,0.005643889773637056,0.005489206850165274
614,2.291044776119403,0.005492140538990498,0.005489506497524861
615,2.294776119402985,0.005512854550033808,0.00548872316437887
616,2.298507462686567,0.005616616457700729,0.005490697556879462
617,2.3022388059701493,0.005471790209412575,0.0054895362771320635
618,2.3059701492537314,0.005568624474108219,0.005484149666366781
619,2.3097014925373136,0.0053892116993665695,0.005487249653059535
620,2.3134328358208953,0.005494414363056421,0.0054921400392564336
621,2.3171641791044775,0.005762648768723011,0.005501139977174561
622,2.3208955223880596,0.005424009636044502,0.005502455890542123
623,2.324626865671642,0.005231973249465227,0.005508130666141103
624,2.328358208955224,0.005529217422008514,0.005497311775731604
625,2.332089552238806,0.005694134160876274,0.005492799540572777
626,2.3358208955223883,0.0054942537099123,0.0054928473106063
627,2.33955223880597,0.005396123975515366,0.005490219833829054
628,2.343283582089552,0.005200660787522793,0.005488757362089506
629,2.3470149253731343,0.005551182199269533,0.005487879090828866
630,2.3507462686567164,0.005191441159695387,0.00548140678509343
631,2.3544776119402986,0.0054075573571026325,0.00548264813586706
632,2.3582089552238807,0.005427605472505093,0.005478461681887871
633,2.361940298507463,0.0055439467541873455,0.005477337995771228
634,2.3656716417910446,0.005480607971549034,0.005472389594992486
635,2.3694029850746268,0.005584871396422386,0.005475702014092992
636,2.373134328358209,0.005449185613542795,0.005468410189922263
637,2.376865671641791,0.005443986039608717,0.0054652582308868086
638,2.3805970149253732,0.005369117949157953,0.005464423356986627
639,2.3843283582089554,0.005615462549030781,0.005466220264391202
640,2.388059701492537,0.005561832804232836,0.005472982279592898
641,2.3917910447761193,0.005679192952811718,0.005474621713979215
642,2.3955223880597014,0.005644217133522034,0.005464653473165704
643,2.3992537313432836,0.00563335744664073,0.005463682955539808
644,2.4029850746268657,0.0052459812723100185,0.005469105036066073
645,2.406716417910448,0.005462332628667355,0.005466959882164147
646,2.41044776119403,0.005528589710593224,0.0054657117736230535
647,2.4141791044776117,0.005392998456954956,0.0054594508099665
648,2.417910447761194,0.005452814977616072,0.005454238515528963
649,2.421641791044776,0.005444615613669157,0.005466347276346713
650,2.425373134328358,0.005278974771499634,0.0054632460403187975
651,2.4291044776119404,0.005567286163568497,0.005469524846752969
652,2.4328358208955225,0.005188329145312309,0.005471172981055044
653,2.4365671641791047,0.005502806510776281,0.005475562417925131
654,2.4402985074626864,0.00544100534170866,0.005479714515187391
655,2.4440298507462686,0.005627949722111225,0.00547997564895124
656,2.4477611940298507,0.005213889759033918,0.0054732446967646845
657,2.451492537313433,0.005487386137247086,0.0054744201053569955
658,2.455223880597015,0.0054375603795051575,0.005473279644076417
659,2.458955223880597,0.005642297677695751,0.005474755415556635
660,2.462686567164179,0.0056664543226361275,0.005474724352541493
661,2.466417910447761,0.0055616311728954315,0.005467481933897588
662,2.470149253731343,0.005353950895369053,0.005463672495197232
663,2.4738805970149254,0.005384218413382769,0.005452229016710345
664,2.4776119402985075,0.00545427855104208,0.0054473389258108485
665,2.4813432835820897,0.0054412661120295525,0.00545281515933755
666,2.485074626865672,0.005642961710691452,0.005452848153143394
667,2.4888059701492535,0.00523755419999361,0.005448906580213367
668,2.4925373134328357,0.005182419903576374,0.005448812380342222
669,2.496268656716418,0.005697119981050491,0.005447948135708164
670,2.5,0.005424031522125006,0.005444009640685669
671,2.503731343283582,0.005448872223496437,0.005445822653156228
672,2.5074626865671643,0.0054751308634877205,0.005444582199632395
673,2.5111940298507465,0.0056075723841786385,0.005449911477271377
674,2.514925373134328,0.0057141827419400215,0.005448112820797577
675,2.5186567164179103,0.005491314455866814,0.005447781883271002
676,2.5223880597014925,0.005308902356773615,0.005441671021555255
677,2.5261194029850746,0.00549737736582756,0.005445742945572952
678,2.529850746268657,0.005397227127104998,0.005445236067582921
679,2.533582089552239,0.005429624579846859,0.005440834091930855
680,2.537313432835821,0.005614188965409994,0.0054379897987152015
681,2.541044776119403,0.005264893639832735,0.005430589407318976
682,2.544776119402985,0.0055230059660971165,0.005424277834230807
683,2.548507462686567,0.005175034515559673,0.0054286342205070864
684,2.5522388059701493,0.005432863719761372,0.00543041643118713
685,2.5559701492537314,0.005470506846904755,0.005427924189262274
686,2.5597014925373136,0.0054636853747069836,0.005426710289789409
687,2.5634328358208953,0.005366985220462084,0.005415647699520356
688,2.5671641791044775,0.005389136262238026,0.005422552161645599
689,2.5708955223880596,0.005417380947619677,0.005423737451343275
690,2.574626865671642,0.005283137317746878,0.0054104266029487294
691,2.578358208955224,0.005353308282792568,0.005411866200497237
692,2.582089552238806,0.00551642756909132,0.005414331479497799
693,2.5858208955223883,0.0054068295285105705,0.005410465343696315
694,2.58955223880597,0.005429061595350504,0.005405316629060884
695,2.593283582089552,0.005427436903119087,0.005398454530755195
696,2.5970149253731343,0.0053774043917655945,0.005390479377039322
697,2.6007462686567164,0.005380838643759489,0.005390028605555616
698,2.6044776119402986,0.0054666041396558285,0.005386335196018946
699,2.6082089552238807,0.005257079377770424,0.0053843782147074614
700,2.611940298507463,0.005525681655853987,0.005383651328795567
701,2.6156716417910446,0.005363038275390863,0.005371607896849149
702,2.6194029850746268,0.0053028566762804985,0.005376885179430246
703,2.623134328358209,0.005532562732696533,0.005377294972720669
704,2.626865671641791,0.0054572890512645245,0.005385747236176961
705,2.6305970149253732,0.0053520966321229935,0.0053872189529967016
706,2.6343283582089554,0.005391496233642101,0.005386757948322267
707,2.638059701492537,0.005189395509660244,0.0053885337987505805
708,2.6417910447761193,0.005520637147128582,0.005386462855357222
709,2.6455223880597014,0.005231016781181097,0.0053879573100768935
710,2.6492537313432836,0.005151375196874142,0.005388907690691512
711,2.6529850746268657,0.005483055021613836,0.00538828342062671
712,2.656716417910448,0.005549948662519455,0.005387496271329682
713,2.66044776119403,0.005316619295626879,0.005385454494233538
714,2.6641791044776117,0.005396475084125996,0.0053854086095603505
715,2.667910447761194,0.005432836711406708,0.005379989845451058
716,2.671641791044776,0.005164333153516054,0.005376846631761731
717,2.675373134328358,0.005290420725941658,0.005376199771445699
718,2.6791044776119404,0.005345947574824095,0.0053771244271135915
719,2.6828358208955225,0.00531699089333415,0.00536905796971263
720,2.6865671641791047,0.005399822257459164,0.0053730199635937444
721,2.6902985074626864,0.00512040825560689,0.005365603762428935
722,2.6940298507462686,0.0054812622256577015,0.005365730376868713
723,2.6977611940298507,0.005539807491004467,0.005367980770221571
724,2.701492537313433,0.005521577317267656,0.005362319737309363
725,2.705223880597015,0.0054932041093707085,0.005361054512876563
726,2.708955223880597,0.0054516056552529335,0.005356586174812258
727,2.712686567164179,0.005536495242267847,0.005355500525272474
728,2.716417910447761,0.005282076541334391,0.005354143020401641
729,2.720149253731343,0.005450408905744553,0.005350087655753624
730,2.7238805970149254,0.005456346552819014,0.0053477735349499594
731,2.7276119402985075,0.005257542245090008,0.005355271840150036
732,2.7313432835820897,0.005321035161614418,0.005355244070836683
733,2.735074626865672,0.005432714708149433,0.0053438664323127855
734,2.7388059701492535,0.005404948256909847,0.005349034647934321
735,2.7425373134328357,0.005206892266869545,0.005345808785045292
736,2.746268656716418,0.00529856514185667,0.005340332369797114
737,2.75,0.0053508831188082695,0.0053398820299019175
738,2.753731343283582,0.005418749526143074,0.005339871058467685
739,2.7574626865671643,0.005135879386216402,0.0053420375305704955
740,2.7611940298507465,0.005419521126896143,0.005344319486672558
741,2.764925373134328,0.00522161740809679,0.00534001603813433
742,2.7686567164179103,0.00536822946742177,0.005346129228156514
743,2.7723880597014925,0.005395122803747654,0.005350335126333847
744,2.7761194029850746,0.005300460383296013,0.005344370391401575
745,2.779850746268657,0.00540541484951973,0.005337314918728136
746,2.783582089552239,0.005168894771486521,0.005334527674698975
747,2.787313432835821,0.005346984602510929,0.005329862452770878
748,2.791044776119403,0.005133737809956074,0.005327763853640091
749,2.794776119402985,0.005354367196559906,0.005329725025903161
750,2.798507462686567,0.005136137828230858,0.005322874978002979
751,2.8022388059701493,0.005458805710077286,0.0053256665492748346
752,2.8059701492537314,0.005481916479766369,0.005322951902976123
753,2.8097014925373136,0.0050834654830396175,0.005318388717657909
754,2.8134328358208953,0.005528516136109829,0.005311378243765453
755,2.8171641791044775,0.00526421470567584,0.005312445255496153
756,2.8208955223880596,0.005208303686231375,0.005309523446712552
757,2.824626865671642,0.005145869217813015,0.005305184573843711
758,2.828358208955224,0.005289970897138119,0.005300647931218874
759,2.832089552238806,0.005434772931039333,0.005300506710915304
760,2.8358208955223883,0.005410551093518734,0.005302533734498955
761,2.83955223880597,0.005223380867391825,0.005299126899733049
762,2.843283582089552,0.0053710490465164185,0.005302413412165351
763,2.8470149253731343,0.005653704050928354,0.005295624377251398
764,2.8507462686567164,0.005295253358781338,0.005292258532036368
765,2.8544776119402986,0.005232302937656641,0.00529465901597244
766,2.8582089552238807,0.005378927104175091,0.005298159017068584
767,2.861940298507463,0.005260331556200981,0.005295433342547678
768,2.8656716417910446,0.0054504526779055595,0.0052924969846882474
769,2.8694029850746268,0.0053624846041202545,0.005288667783777162
770,2.873134328358209,0.005169556941837072,0.0052883029892677215
771,2.876865671641791,0.0055708009749650955,0.005290544410122604
772,2.8805970149253732,0.005146241746842861,0.005286205718975242
773,2.8843283582089554,0.005133944563567638,0.005280992572718277
774,2.888059701492537,0.005145285278558731,0.005284938802261178
775,2.8917910447761193,0.0054486957378685474,0.005284032659468855
776,2.8955223880597014,0.005087098106741905,0.005279950774842646
777,2.8992537313432836,0.005120671354234219,0.005282890653555713
778,2.9029850746268657,0.005164880771189928,0.00528485114436324
779,2.906716417910448,0.00541295949369669,0.005277639345788374
780,2.91044776119403,0.005218987353146076,0.005276092396276753
781,2.9141791044776117,0.005279840901494026,0.005272392501554838
782,2.917910447761194,0.005356364417821169,0.0052728059292748205
783,2.921641791044776,0.005089879035949707,0.005265275959107207
784,2.925373134328358,0.005257123149931431,0.005250671287862266
785,2.9291044776119404,0.00539888022467494,0.005249786985720076
786,2.9328358208955225,0.005548914894461632,0.005250604221279301
787,2.9365671641791047,0.005057142116129398,0.005253629872529972
788,2.9402985074626864,0.005226593930274248,0.005252500655265843
789,2.9440298507462686,0.004976740572601557,0.005240684556888371
790,2.9477611940298507,0.005339410621672869,0.005237704358722378
791,2.951492537313433,0.00522803608328104,0.005237985390988065
792,2.955223880597015,0.005280919373035431,0.0052294624378768405
793,2.958955223880597,0.005268177483230829,0.005234384636689977
794,2.962686567164179,0.0052452608942985535,0.00523709488760044
795,2.966417910447761,0.005491364281624556,0.005232516040162343
796,2.970149253731343,0.005096857436001301,0.005226133527552209
797,2.9738805970149254,0.005328838713467121,0.005223848175530027
798,2.9776119402985075,0.00522624934092164,0.005226323869442794
799,2.9813432835820897,0.0049942871555686,0.005230661890492207
800,2.985074626865672,0.00537134800106287,0.005222567504771599
801,2.9888059701492535,0.005258855409920216,0.005222714858175051
802,2.9925373134328357,0.005240331403911114,0.0052263122506257965
803,2.996268656716418,0.00506232026964426,0.005221234339221221
804,3.0,0.005054912529885769,0.00522056968155794
805,3.003731343283582,0.005258996970951557,0.005224482042760384
806,3.0074626865671643,0.005265809595584869,0.00521857620830216
807,3.0111940298507465,0.005502978805452585,0.00520797361188182
808,3.014925373134328,0.0052140336483716965,0.005209956488503915
809,3.0186567164179103,0.004965992644429207,0.0052017397587982616
810,3.0223880597014925,0.005240296479314566,0.005203795312653955
811,3.0261194029850746,0.005181079264730215,0.005206641241362909
812,3.029850746268657,0.005221359897404909,0.005208712502768854
813,3.033582089552239,0.0053480518981814384,0.005207432218168567
814,3.037313432835821,0.005245064850896597,0.005209706553326148
815,3.041044776119403,0.004957552533596754,0.005203879699565288
816,3.044776119402985,0.00518701272085309,0.0051960299790995874
817,3.048507462686567,0.0049933986738324165,0.0051975159837705336
818,3.0522388059701493,0.005222174804657698,0.005189512174849103
819,3.0559701492537314,0.005342739634215832,0.005184311737738005
820,3.0597014925373136,0.0050810896791517735,0.0051910909824073315
821,3.0634328358208953,0.005225028842687607,0.0051828906530650655
822,3.0671641791044775,0.005427333991974592,0.005170702082445708
823,3.0708955223880596,0.0051481700502336025,0.005169197905626966
824,3.074626865671642,0.005062628071755171,0.005164204244842616
825,3.078358208955224,0.005417529959231615,0.005166788051677186
826,3.082089552238806,0.005156741011887789,0.00516137486414575
827,3.0858208955223883,0.0051142084412276745,0.005164930983105811
828,3.08955223880597,0.005138440057635307,0.005159758224447326
829,3.093283582089552,0.004889708012342453,0.005153573322586897
830,3.0970149253731343,0.005061018280684948,0.005151535202635497
831,3.1007462686567164,0.0054560936987400055,0.005150179730773699
832,3.1044776119402986,0.005312957800924778,0.005148306454918007
833,3.1082089552238807,0.005228427704423666,0.00514556297169226
834,3.111940298507463,0.005361425224691629,0.005136719598184999
835,3.1156716417910446,0.00500635989010334,0.005123722866722723
836,3.1194029850746268,0.005169525742530823,0.005126472937352047
837,3.123134328358209,0.005157783627510071,0.005124514956572433
838,3.126865671641791,0.005000682547688484,0.005133451167039755
839,3.1305970149253732,0.005013031419366598,0.005137717124165558
840,3.1343283582089554,0.0052722361870110035,0.005124510038734936
841,3.138059701492537,0.005035134498029947,0.0051239856927678355
842,3.1417910447761193,0.004759124014526606,0.005122540495926287
843,3.1455223880597014,0.005178660154342651,0.005114744326508627
844,3.1492537313432836,0.004857580177485943,0.005110434165633306
845,3.1529850746268657,0.00516084861010313,0.00511564735732064
846,3.156716417910448,0.005037056282162666,0.005107525259074642
847,3.16044776119403,0.005411610472947359,0.005112450160994762
848,3.1641791044776117,0.005290895700454712,0.005111540349700102
849,3.167910447761194,0.004960452672094107,0.005111905155567135
850,3.171641791044776,0.004882429726421833,0.005113787483423948
851,3.175373134328358,0.0051847221329808235,0.005114559538480713
852,3.1791044776119404,0.005104274954646826,0.0051055025854488695
853,3.1828358208955225,0.005108877085149288,0.0050994225255236395
854,3.1865671641791047,0.004985473584383726,0.005091122113077379
855,3.1902985074626864,0.004712198860943317,0.0050830830161164445
856,3.1940298507462686,0.0050703054293990135,0.0050889148672179476
857,3.1977611940298507,0.00510673550888896,0.005088435962977932
858,3.201492537313433,0.005359783302992582,0.005085888250571925
859,3.205223880597015,0.005397079046815634,0.005080909967967649
860,3.208955223880597,0.004801249131560326,0.005080119025234769
861,3.212686567164179,0.005059591494500637,0.005070357299523383
862,3.216417910447761,0.0051657757721841335,0.0050706190352396265
863,3.220149253731343,0.005107691045850515,0.005083393589479894
864,3.2238805970149254,0.004971453454345465,0.0050789169035851955
865,3.2276119402985075,0.00527636893093586,0.005082530923551176
866,3.2313432835820897,0.005084523931145668,0.005077430365107409
867,3.235074626865672,0.005358661990612745,0.0050797041778157396
868,3.2388059701492535,0.005076906178146601,0.0050722205693401945
869,3.2425373134328357,0.005153397098183632,0.0050633353771778146
870,3.246268656716418,0.0049668834544718266,0.005066936835646629
871,3.25,0.005092672538012266,0.005074906742154825
872,3.253731343283582,0.005084758624434471,0.005071251153400759
873,3.2574626865671643,0.005063675343990326,0.0050661321842997535
874,3.2611940298507465,0.0048881107941269875,0.005060675065601017
875,3.264925373134328,0.005031822249293327,0.005068576747051827
876,3.2686567164179103,0.005245465785264969,0.0050739490472507184
877,3.2723880597014925,0.005149890668690205,0.005068685302919731
878,3.2761194029850746,0.005053327418863773,0.005066558571032635
879,3.279850746268657,0.004796572960913181,0.005059236751460448
880,3.283582089552239,0.004980602767318487,0.005049315133563629
881,3.287313432835821,0.004872005432844162,0.0050512928765539715
882,3.291044776119403,0.005045865662395954,0.005052125024631983
883,3.294776119402985,0.005282880738377571,0.005053281829487987
884,3.298507462686567,0.0049951160326600075,0.005053563111620705
885,3.3022388059701493,0.005005754996091127,0.0050611785022405585
886,3.3059701492537314,0.004951725713908672,0.005053787162845455
887,3.3097014925373136,0.00513028260320425,0.005050465680386235
888,3.3134328358208953,0.005104782525449991,0.0050417196641607985
889,3.3171641791044775,0.0049266028217971325,0.005042205303453091
890,3.3208955223880596,0.005108112469315529,0.005045595476630985
891,3.324626865671642,0.005209195893257856,0.005046659580818037
892,3.328358208955224,0.005034842994064093,0.005045174041808378
893,3.332089552238806,0.004894397221505642,0.0050353851600936275
894,3.3358208955223883,0.004885135218501091,0.005035154373816601
895,3.33955223880597,0.005309442523866892,0.005044539152394708
896,3.343283582089552,0.0049324631690979,0.00504070233053914
897,3.3470149253731343,0.004854491911828518,0.005034685066742141
898,3.3507462686567164,0.005019539501518011,0.005034485809141543
899,3.3544776119402986,0.005059588700532913,0.005028153133646744
900,3.3582089552238807,0.004990292713046074,0.005034545663653351
901,3.361940298507463,0.0048823365941643715,0.005038412696704632
902,3.3656716417910446,0.0050937095656991005,0.005045893545285231
903,3.3694029850746268,0.005213204771280289,0.0050396001784176366
904,3.373134328358209,0.005119223613291979,0.005035263293127461
905,3.376865671641791,0.005283684469759464,0.005037048752078923
906,3.3805970149253732,0.00497332401573658,0.005039605800425861
907,3.3843283582089554,0.004948343150317669,0.005039935534047644
908,3.388059701492537,0.005000075325369835,0.005035696710210021
909,3.3917910447761193,0.005096817389130592,0.005033569376370529
910,3.3955223880597014,0.005292394198477268,0.005037697974774168
911,3.3992537313432836,0.005010511726140976,0.005033399762086025
912,3.4029850746268657,0.005031765438616276,0.005029072667040476
913,3.406716417910448,0.004683414474129677,0.00503182623580825
914,3.41044776119403,0.005054213106632233,0.005033134153430782
915,3.4141791044776117,0.005272886715829372,0.00503438314786408
916,3.417910447761194,0.004874512553215027,0.005029505732037672
917,3.421641791044776,0.004998757969588041,0.005025661879832425
918,3.425373134328358,0.005141721107065678,0.005030728831160359
919,3.4291044776119404,0.0047936877235770226,0.005031870439557768
920,3.4328358208955225,0.005058666691184044,0.005029948893934488
921,3.4365671641791047,0.005139151122421026,0.0050319068747141016
922,3.4402985074626864,0.005178720224648714,0.005033973820234944
923,3.4440298507462686,0.004787837620824575,0.0050349358991697065
924,3.4477611940298507,0.005105068441480398,0.005025057565057423
925,3.451492537313433,0.005068319849669933,0.005019849961305537
926,3.455223880597015,0.005110593978315592,0.005011933265117611
927,3.458955223880597,0.004965244792401791,0.005013843248711854
928,3.462686567164179,0.004956490825861692,0.0050126070315699755
929,3.466417910447761,0.005017561838030815,0.005010537803173065
930,3.470149253731343,0.005095875356346369,0.005008506599995421
931,3.4738805970149254,0.004931885749101639,0.005002100191010934
932,3.4776119402985075,0.005031784996390343,0.004995797329196115
933,3.4813432835820897,0.005147739313542843,0.0049940713272407285
934,3.485074626865672,0.004948021844029427,0.00500060782608826
935,3.4888059701492535,0.004936343990266323,0.004996289487746431
936,3.4925373134328357,0.005109468474984169,0.004991327855372574
937,3.496268656716418,0.004774865228682756,0.0049933172966830615
938,3.5,0.005062236916273832,0.004992604085312384
939,3.503731343283582,0.0050663454458117485,0.004992273613447096
940,3.5074626865671643,0.004980805329978466,0.0049936481660640825
941,3.5111940298507465,0.005070569925010204,0.004992393254325158
942,3.514925373134328,0.004967081360518932,0.004983617378989371
943,3.5186567164179103,0.0051331548020243645,0.0049774297285915875
944,3.5223880597014925,0.004808193072676659,0.004971871038944256
945,3.5261194029850746,0.004905711859464645,0.004969156120063328
946,3.529850746268657,0.004959099926054478,0.004966250473133675
947,3.533582089552239,0.005051633343100548,0.004962282618734895
948,3.537313432835821,0.004897658247500658,0.004966644502085883
949,3.541044776119403,0.004915236961096525,0.004965580420614016
950,3.544776119402985,0.005013538058847189,0.004958366021150496
951,3.548507462686567,0.005029731430113316,0.004955737124674204
952,3.5522388059701493,0.004752094391733408,0.004954111978139092
953,3.5559701492537314,0.004960999358445406,0.004953272413553261
954,3.5597014925373136,0.004951410926878452,0.004940107680584599
955,3.5634328358208953,0.004877161234617233,0.0049391432165554385
956,3.5671641791044775,0.005069459788501263,0.004937798841061388
957,3.5708955223880596,0.004956079646945,0.004933456424623728
958,3.574626865671642,0.0049695163033902645,0.004934896419687969
959,3.578358208955224,0.005128171760588884,0.004932571747680989
960,3.582089552238806,0.004850044380873442,0.004931993305501415
961,3.5858208955223883,0.0050072153098881245,0.00492636252921529
962,3.58955223880597,0.004779340233653784,0.004925116033452313
963,3.593283582089552,0.004925026558339596,0.004924246587040947
964,3.5970149253731343,0.004559931345283985,0.004912832115844983
965,3.6007462686567164,0.004993756767362356,0.004909604810541723
966,3.6044776119402986,0.0049491883255541325,0.004911041875347131
967,3.6082089552238807,0.004947911947965622,0.004907517148772391
968,3.611940298507463,0.005144082009792328,0.004899917636066675
969,3.6156716417910446,0.004912863485515118,0.004894879317229114
970,3.6194029850746268,0.004721771460026503,0.0048895488811157095
971,3.623134328358209,0.004988090600818396,0.004883930359671756
972,3.626865671641791,0.004865254741162062,0.004873503203980807
973,3.6305970149253732,0.004997362848371267,0.004871886064548318
974,3.6343283582089554,0.004607985261827707,0.00486835866893937
975,3.638059701492537,0.004908478818833828,0.004867567692133711
976,3.6417910447761193,0.004881224595010281,0.004868556325119443
977,3.6455223880597014,0.004931429401040077,0.004865279103197702
978,3.6492537313432836,0.004833905026316643,0.004859215534496598
979,3.6529850746268657,0.004966925363987684,0.004853099959380016
980,3.656716417910448,0.005042629316449165,0.004848043502467435
981,3.66044776119403,0.0047499435022473335,0.004846708996721157
982,3.6641791044776117,0.00501946359872818,0.004841413939507996
983,3.667910447761194,0.00493143405765295,0.004839459082066286
984,3.671641791044776,0.004665161482989788,0.004836051009322812
985,3.675373134328358,0.004675873555243015,0.004842363445588001
986,3.6791044776119404,0.004964631516486406,0.0048404033977265766
987,3.6828358208955225,0.004814586136490107,0.0048354129170680915
988,3.6865671641791047,0.0047400533221662045,0.00482820051654083
989,3.6902985074626864,0.0046910871751606464,0.004824561407653297
990,3.6940298507462686,0.0046966890804469585,0.004819258911217131
991,3.6977611940298507,0.0047831786796450615,0.0048248090826701825
992,3.701492537313433,0.004602218046784401,0.004819543282614976
993,3.705223880597015,0.004685791675001383,0.00482217286054681
994,3.708955223880597,0.0048163761384785175,0.0048141217926835145
995,3.712686567164179,0.004918980877846479,0.00481439238732181
996,3.716417910447761,0.004917695187032223,0.00481117226001693
997,3.720149253731343,0.004935093689709902,0.0048079822984773935
998,3.7238805970149254,0.0047074733301997185,0.004808508143646688
999,3.7276119402985075,0.004718777723610401,0.004808480851352215
1000,3.7313432835820897,0.004920857027173042,0.00480590640317376
1001,3.735074626865672,0.00479532964527607,0.004800402002817974
1002,3.7388059701492535,0.004790117964148521,0.004800797939845701
1003,3.7425373134328357,0.004699191078543663,0.004796428969357072
1004,3.746268656716418,0.0047852955758571625,0.004798268376872307
1005,3.75,0.0048187412321567535,0.004802029398156375
1006,3.753731343283582,0.004913394805043936,0.004805665315560452
1007,3.7574626865671643,0.004744578618556261,0.004803469415935801
1008,3.7611940298507465,0.004652203526347876,0.00479621519675342
1009,3.764925373134328,0.0049948785454034805,0.004801350145986895
1010,3.7686567164179103,0.004695461131632328,0.004798896020142044
1011,3.7723880597014925,0.004949328489601612,0.004808267067390971
1012,3.7761194029850746,0.004772192798554897,0.004805860904658713
1013,3.779850746268657,0.004973067436367273,0.004805773280833553
1014,3.783582089552239,0.004667269065976143,0.004806767126954183
1015,3.787313432835821,0.004619079641997814,0.004808561410754919
1016,3.791044776119403,0.004776453599333763,0.004807512287232207
1017,3.794776119402985,0.004750436171889305,0.004805687553726319
1018,3.798507462686567,0.004952989052981138,0.004802868905954245
1019,3.8022388059701493,0.004832786042243242,0.00480675696190901
1020,3.8059701492537314,0.004861372988671064,0.004809567943306231
1021,3.8097014925373136,0.004816948901861906,0.004809249873931815
1022,3.8134328358208953,0.004766176920384169,0.004811817257687813
1023,3.8171641791044775,0.004840335808694363,0.004809841831646315
1024,3.8208955223880596,0.005006849765777588,0.004812801688364367
1025,3.824626865671642,0.004819363355636597,0.00481170091051154
1026,3.828358208955224,0.004824946168810129,0.004813714486705821
1027,3.832089552238806,0.004874599631875753,0.00481535551115507
1028,3.8358208955223883,0.004517163150012493,0.004813744357173763
1029,3.83955223880597,0.00495058624073863,0.004820190460943594
1030,3.843283582089552,0.004590468015521765,0.004812566472626314
1031,3.8470149253731343,0.0050809020176529884,0.004810061055894305
1032,3.8507462686567164,0.00468452600762248,0.004806849333207782
1033,3.8544776119402986,0.004598625469952822,0.0048051543488371665
1034,3.8582089552238807,0.0047265393659472466,0.004793268878285478
1035,3.861940298507463,0.0048899417743086815,0.004792626095345107
1036,3.8656716417910446,0.004875966813415289,0.004796845145614409
1037,3.8694029850746268,0.004842881113290787,0.00479907794605668
1038,3.873134328358209,0.004819529131054878,0.004796238638824079
1039,3.876865671641791,0.004866883624345064,0.004792040009505865
1040,3.8805970149253732,0.004834027960896492,0.0047900594157598364
1041,3.8843283582089554,0.004907816182821989,0.00478718366201331
1042,3.888059701492537,0.004900592379271984,0.004789161972883271
1043,3.8917910447761193,0.004709125496447086,0.004787120729593969
1044,3.8955223880597014,0.004820545203983784,0.004788271117410282
1045,3.8992537313432836,0.004740163683891296,0.004780896076160233
1046,3.9029850746268657,0.004901297856122255,0.004776167592442617
1047,3.906716417910448,0.004980676807463169,0.00477736569350449
1048,3.91044776119403,0.004678521305322647,0.0047775425312177435
1049,3.9141791044776117,0.004916493780910969,0.004781403351665997
1050,3.917910447761194,0.004682295024394989,0.004775363758842393
1051,3.921641791044776,0.004592739045619965,0.004779883762594403
1052,3.925373134328358,0.004817647859454155,0.004772036552156617
1053,3.9291044776119404,0.004702698439359665,0.004780652035572906
1054,3.9328358208955225,0.004485763143748045,0.004786437559055119
1055,3.9365671641791047,0.004640914965420961,0.004783575218625185
1056,3.9402985074626864,0.004792060703039169,0.004788517088788312
1057,3.9440298507462686,0.004867998417466879,0.004779155661420125
1058,3.9477611940298507,0.004634024575352669,0.004769503706839026
1059,3.951492537313433,0.004780845250934362,0.004772570620222789
1060,3.955223880597015,0.004751581698656082,0.004766441552286468
1061,3.958955223880597,0.0047434670850634575,0.004761993124081594
1062,3.962686567164179,0.004898059647530317,0.004753760630037726
1063,3.966417910447761,0.004682485945522785,0.004744396431417
1064,3.970149253731343,0.004887501709163189,0.004744221615355189
1065,3.9738805970149254,0.004704473074525595,0.004741821835589845
1066,3.9776119402985075,0.00462549552321434,0.00474299697159994
1067,3.9813432835820897,0.004874068312346935,0.004737801293320045
1068,3.985074626865672,0.004881849978119135,0.004734276237375126
1069,3.9888059701492535,0.004675456788390875,0.004733443316980833
1070,3.9925373134328357,0.004702962934970856,0.004726603956575074
1071,3.996268656716418,0.0047757881693542,0.004726963185864251
1072,4.0,0.004759166389703751,0.004728141967661497
1073,4.003731343283582,0.005037760827690363,0.004725311428490208
1074,4.007462686567164,0.004835831932723522,0.0047286116041061355
1075,4.0111940298507465,0.00460918340831995,0.0047372094832542466
1076,4.014925373134329,0.005092558450996876,0.004743516842675645
1077,4.018656716417911,0.004492148291319609,0.0047495123112528785
1078,4.022388059701493,0.0044471509754657745,0.004748224530641626
1079,4.026119402985074,0.004945272579789162,0.004746234680457813
1080,4.029850746268656,0.004615591838955879,0.004747634128917281
1081,4.0335820895522385,0.00465164240449667,0.004745739818800513
1082,4.037313432835821,0.004570283927023411,0.0047518132913221675
1083,4.041044776119403,0.004516660235822201,0.0047463110148361545
1084,4.044776119402985,0.004701958037912846,0.004748490695818895
1085,4.048507462686567,0.00472215423360467,0.00475177578855215
1086,4.052238805970149,0.004788344260305166,0.004751905708051309
1087,4.0559701492537314,0.004688275046646595,0.004752083204504921
1088,4.059701492537314,0.004836149513721466,0.00474682370791348
1089,4.063432835820896,0.004644371569156647,0.0047381075167256155
1090,4.067164179104478,0.004636080004274845,0.0047395416399145995
1091,4.07089552238806,0.0046970234252512455,0.00474300032208969
1092,4.074626865671642,0.00464106909930706,0.004744258595675957
1093,4.0783582089552235,0.00470159575343132,0.004743392477039157
1094,4.082089552238806,0.004838005639612675,0.0047369367761037695
1095,4.085820895522388,0.0048382761888206005,0.004734918622799763
1096,4.08955223880597,0.004899516701698303,0.004733079919455255
1097,4.093283582089552,0.005037874914705753,0.004723155643881821
1098,4.097014925373134,0.004815199412405491,0.004724315549360543
1099,4.100746268656716,0.004552440717816353,0.0047248951613721325
1100,4.104477611940299,0.00483822263777256,0.004719265191475066
1101,4.108208955223881,0.004673914983868599,0.004720915313355807
1102,4.111940298507463,0.004992479458451271,0.004721854449953974
1103,4.115671641791045,0.0046724663116037846,0.004723445614572705
1104,4.119402985074627,0.004771852865815163,0.004722404055206514
1105,4.123134328358209,0.005022190511226654,0.004725353201714958
1106,4.126865671641791,0.004709799773991108,0.004724510956737326
1107,4.130597014925373,0.0046327728778123856,0.004719879887089497
1108,4.134328358208955,0.004658428952097893,0.004719233640083452
1109,4.138059701492537,0.004524486139416695,0.0047119993761908716
1110,4.141791044776119,0.004734255839139223,0.004712766161324774
1111,4.145522388059701,0.004844768904149532,0.004714192107047249
1112,4.149253731343284,0.004827377386391163,0.004718170024272873
1113,4.152985074626866,0.00472365552559495,0.004718466741373626
1114,4.156716417910448,0.004773077089339495,0.004717728906742684
1115,4.16044776119403,0.004753087647259235,0.004720208201012234
1116,4.164179104477612,0.004533796571195126,0.004716836586140278
1117,4.167910447761194,0.004685663152486086,0.004710030003746108
1118,4.1716417910447765,0.004539704415947199,0.00470017542971707
1119,4.175373134328358,0.00447091506794095,0.004694470749577371
1120,4.17910447761194,0.004714443814009428,0.004706027417829851
1121,4.182835820895522,0.004683246836066246,0.004703414649134729
1122,4.186567164179104,0.004690147005021572,0.00470273884967333
1123,4.190298507462686,0.004635521676391363,0.004693297623861127
1124,4.1940298507462686,0.004473956301808357,0.004699937374580924
1125,4.197761194029851,0.004822873044759035,0.004695748819447145
1126,4.201492537313433,0.0046876221895217896,0.004687252590750776
1127,4.205223880597015,0.004598470404744148,0.004688916478033473
1128,4.208955223880597,0.004661778919398785,0.0046855649433848335
1129,4.212686567164179,0.004539544694125652,0.004682558543253236
1130,4.2164179104477615,0.004675809759646654,0.004683207743233297
1131,4.220149253731344,0.004694543778896332,0.004679661221438792
1132,4.223880597014926,0.00486011803150177,0.0046739392550435
1133,4.227611940298507,0.004653234500437975,0.004667389672249556
1134,4.231343283582089,0.00467134453356266,0.004666167095576118
1135,4.235074626865671,0.00493965670466423,0.004664778391399034
1136,4.2388059701492535,0.004700039979070425,0.004662708697340838
1137,4.242537313432836,0.00462044682353735,0.004668390321568018
1138,4.246268656716418,0.004633837379515171,0.004666501440380405
1139,4.25,0.004581307526677847,0.004669625482453805
1140,4.253731343283582,0.005026264116168022,0.004674923742508016
1141,4.257462686567164,0.004731099121272564,0.004673142383647401
1142,4.2611940298507465,0.004646207205951214,0.004674460727539732
1143,4.264925373134329,0.004605389200150967,0.004672284669628958
1144,4.268656716417911,0.004944696091115475,0.004676104125725787
1145,4.272388059701493,0.004600122105330229,0.004681353661708716
1146,4.276119402985074,0.004673845134675503,0.004678871334962002
1147,4.279850746268656,0.004778019152581692,0.0046796704665189835
1148,4.2835820895522385,0.00449535995721817,0.004677036345550199
1149,4.287313432835821,0.004535166546702385,0.004671724331451625
1150,4.291044776119403,0.004551103338599205,0.004672276696599111
1151,4.294776119402985,0.0045888484455645084,0.004675835904824298
1152,4.298507462686567,0.004610168281942606,0.004677347441362899
1153,4.302238805970149,0.004558844491839409,0.00467357033772803
1154,4.3059701492537314,0.0046735298819839954,0.004673271167387322
1155,4.309701492537314,0.00471614021807909,0.004668524874964866
1156,4.313432835820896,0.004668230190873146,0.004665933912847101
1157,4.317164179104478,0.004766743164509535,0.004666991316054653
1158,4.32089552238806,0.004608219023793936,0.004667521783764042
1159,4.324626865671642,0.00466779014095664,0.004664005439092473
1160,4.3283582089552235,0.004688143730163574,0.004662534494589015
1161,4.332089552238806,0.00464140810072422,0.004651613045120385
1162,4.335820895522388,0.004737298935651779,0.004645986811871209
1163,4.33955223880597,0.004600928630679846,0.004647968927534615
1164,4.343283582089552,0.00479211937636137,0.00464539500180541
1165,4.347014925373134,0.004689187277108431,0.004647952731607891
1166,4.350746268656716,0.004721097648143768,0.004653889788087548
1167,4.354477611940299,0.004720386583358049,0.0046544178820601325
1168,4.358208955223881,0.0044904714450240135,0.004654156259919812
1169,4.361940298507463,0.004443986341357231,0.004657544627240519
1170,4.365671641791045,0.004562191665172577,0.00466101810835847
1171,4.369402985074627,0.0048217372968792915,0.004661390660103501
1172,4.373134328358209,0.00475651677697897,0.004665606075943243
1173,4.376865671641791,0.004705256782472134,0.004668915871439911
1174,4.380597014925373,0.004640968516469002,0.004667647648602724
1175,4.384328358208955,0.004476746544241905,0.004668726767526894
1176,4.388059701492537,0.004833427257835865,0.004669636067729898
1177,4.391791044776119,0.004743393510580063,0.004669022314795633
1178,4.395522388059701,0.004642195999622345,0.004669809986541911
1179,4.399253731343284,0.004489667247980833,0.004672051873058081
1180,4.402985074626866,0.004520998802036047,0.0046718257320363344
1181,4.406716417910448,0.004578484687954187,0.004671000773314296
1182,4.41044776119403,0.0045004235580563545,0.004670329698611323
1183,4.414179104477612,0.004727473948150873,0.0046659637038118955
1184,4.417910447761194,0.004499858245253563,0.004663000519319278
1185,4.4216417910447765,0.005049563013017178,0.004659834431438911
1186,4.425373134328358,0.004843541420996189,0.004657645164648208
1187,4.42910447761194,0.004695496987551451,0.004659070303981624
1188,4.432835820895522,0.004767292644828558,0.0046547163027997425
1189,4.436567164179104,0.0046342830173671246,0.004655690636576676
1190,4.440298507462686,0.0046775792725384235,0.004663348084361088
1191,4.4440298507462686,0.0045663779601454735,0.004666941081423585
1192,4.447761194029851,0.004761680494993925,0.004657689675052718
1193,4.451492537313433,0.004745869897305965,0.004660396348321583
1194,4.455223880597015,0.004506847355514765,0.004665188320980567
1195,4.458955223880597,0.004717773757874966,0.004667761304029604
1196,4.462686567164179,0.004753421526402235,0.0046709109234010305
1197,4.4664179104477615,0.004643066320568323,0.004664402364230737
1198,4.470149253731344,0.004799037706106901,0.004664111382714132
1199,4.473880597014926,0.004700136370956898,0.004664010595439411
1200,4.477611940298507,0.004658518359065056,0.004664964701344327
1201,4.481343283582089,0.004654320422559977,0.0046621508805490125
1202,4.485074626865671,0.004613894037902355,0.004663814665613378
1203,4.4888059701492535,0.0045582931488752365,0.00466863410093072
1204,4.492537313432836,0.004479438066482544,0.004668119840505646
1205,4.496268656716418,0.0046623097732663155,0.004677172023348692
1206,4.5,0.004599427338689566,0.004671882974301897
1207,4.503731343283582,0.004779528360813856,0.004670692982560978
1208,4.507462686567164,0.004541872534900904,0.004671861826464898
1209,4.5111940298507465,0.0045304191298782825,0.004668626161973651
1210,4.514925373134329,0.004757941700518131,0.004664466080323952
1211,4.518656716417911,0.004709504544734955,0.00466457589688461
1212,4.522388059701493,0.004442429635673761,0.004662563104364203
1213,4.526119402985074,0.004867490381002426,0.0046552146853106775
1214,4.529850746268656,0.00490172766149044,0.004654610688548263
1215,4.5335820895522385,0.004746460821479559,0.004653005781242761
1216,4.537313432835821,0.004605880938470364,0.004644693897628203
1217,4.541044776119403,0.004566576331853867,0.004638943219239392
1218,4.544776119402985,0.004731463268399239,0.004638164395057574
1219,4.548507462686567,0.004638063721358776,0.004637285408268615
1220,4.552238805970149,0.004528785590082407,0.004635877861845784
1221,4.5559701492537314,0.004405632149428129,0.004638928670163561
1222,4.559701492537314,0.004646699875593185,0.004634232953099943
1223,4.563432835820896,0.004698020406067371,0.00463196372885893
1224,4.567164179104478,0.004706389270722866,0.00463005552840669
1225,4.57089552238806,0.004870997741818428,0.00463018607257343
1226,4.574626865671642,0.00483271200209856,0.00462447603165013
1227,4.5783582089552235,0.004794751759618521,0.004633509201883543
1228,4.582089552238806,0.004743419587612152,0.004629805933956693
1229,4.585820895522388,0.004634630400687456,0.004633476037713812
1230,4.58955223880597,0.004463719669729471,0.004635440185666084
1231,4.593283582089552,0.004682081751525402,0.004628883970038193
1232,4.597014925373134,0.004483853466808796,0.004623084442644585
1233,4.600746268656716,0.004460395313799381,0.004626080280215275
1234,4.604477611940299,0.00472110603004694,0.004621008172540403
1235,4.608208955223881,0.00444104615598917,0.004614279082998997
1236,4.611940298507463,0.004376986529678106,0.004611147590344999
1237,4.615671641791045,0.004517643712460995,0.004610178265266302
1238,4.619402985074627,0.0046111345291137695,0.004614179351980366
1239,4.623134328358209,0.004762999247759581,0.004606586892339514
1240,4.626865671641791,0.00464242696762085,0.004609663346100871
1241,4.630597014925373,0.004783601500093937,0.004605958794766083
1242,4.634328358208955,0.004461796022951603,0.004613064252203558
1243,4.638059701492537,0.0045208558440208435,0.004611015569691251
1244,4.641791044776119,0.004480056930333376,0.004610372389235147
1245,4.645522388059701,0.004484790377318859,0.004604901993510927
1246,4.649253731343284,0.004428198095411062,0.004593862470511983
1247,4.652985074626866,0.004969787318259478,0.004594193975918177
1248,4.656716417910448,0.004627694375813007,0.004591802873353406
1249,4.66044776119403,0.004692346788942814,0.00459043368152002
1250,4.664179104477612,0.004610949195921421,0.00458658350313582
1251,4.667910447761194,0.0044891368597745895,0.004591261627288853
1252,4.6716417910447765,0.004471723921597004,0.004580055692846455
1253,4.675373134328358,0.004565258976072073,0.004578504041291591
1254,4.67910447761194,0.004659533966332674,0.004581188851195138
1255,4.682835820895522,0.0046258349902927876,0.004576073709602763
1256,4.686567164179104,0.004618069622665644,0.004575870692639089
1257,4.690298507462686,0.004566138610243797,0.0045787289102629915
1258,4.6940298507462686,0.004730620887130499,0.004576457641655352
1259,4.697761194029851,0.004420172423124313,0.00457458637609351
1260,4.701492537313433,0.004764198325574398,0.004573264295553289
1261,4.705223880597015,0.0043768989853560925,0.004575440705549426
1262,4.708955223880597,0.004696955904364586,0.004574883115909449
1263,4.712686567164179,0.004562703892588615,0.004572839794180742
1264,4.7164179104477615,0.004671650007367134,0.00457113707528972
1265,4.720149253731344,0.004482103046029806,0.004574597869976991
1266,4.723880597014926,0.004418377298861742,0.00457686717372115
1267,4.727611940298507,0.004846303723752499,0.0045825690144627555
1268,4.731343283582089,0.00469671655446291,0.004571391439928514
1269,4.735074626865671,0.004687282722443342,0.0045657523498847715
1270,4.7388059701492535,0.004476773086935282,0.0045601705816097375
1271,4.742537313432836,0.004655522760003805,0.004565151487817851
1272,4.746268656716418,0.004222638439387083,0.004571316502534035
1273,4.75,0.004420235753059387,0.004572746843644758
1274,4.753731343283582,0.00457047251984477,0.004574718782905399
1275,4.757462686567164,0.004511385224759579,0.004570856940273832
1276,4.7611940298507465,0.004432722460478544,0.004564503718894429
1277,4.764925373134329,0.00449417345225811,0.004567634700456771
1278,4.768656716417911,0.004424521699547768,0.004568644322273208
1279,4.772388059701493,0.004534412641078234,0.00456609263470987
1280,4.776119402985074,0.004708793945610523,0.004572328986463751
1281,4.779850746268656,0.0047316597774624825,0.004570499732636097
1282,4.7835820895522385,0.004760740324854851,0.0045728178172395
1283,4.787313432835821,0.004378019832074642,0.004568239583111391
1284,4.791044776119403,0.0044510443694889545,0.00456653389988876
1285,4.794776119402985,0.004621949512511492,0.004563844172147716
1286,4.798507462686567,0.004577831830829382,0.004565459721517272
1287,4.802238805970149,0.004661973565816879,0.004572399062808694
1288,4.8059701492537314,0.004511506762355566,0.004559129113104285
1289,4.809701492537314,0.004396491684019566,0.00455843342649864
1290,4.813432835820896,0.004463494289666414,0.004556997917683386
1291,4.817164179104478,0.004815166350454092,0.004560417847753298
1292,4.82089552238806,0.0047419024631381035,0.00455370660098951
1293,4.824626865671642,0.004530367907136679,0.004560749012431721
1294,4.8283582089552235,0.004646108485758305,0.0045619878758926214
1295,4.832089552238806,0.004501198418438435,0.00456002061596004
1296,4.835820895522388,0.004365352913737297,0.004561458930100609
1297,4.83955223880597,0.00474643986672163,0.004564826183657094
1298,4.843283582089552,0.0046075331047177315,0.00456452248163703
1299,4.847014925373134,0.004626001697033644,0.004570377445439013
1300,4.850746268656716,0.004675862845033407,0.004573388047879789
1301,4.854477611940299,0.0046891989186406136,0.004571275717419822
1302,4.858208955223881,0.004471940454095602,0.004568921969976367
1303,4.861940298507463,0.0045092483051121235,0.004559866266279686
1304,4.865671641791045,0.004492770880460739,0.004562209746459636
1305,4.869402985074627,0.004561371169984341,0.004566252595040857
1306,4.873134328358209,0.004548340570181608,0.004562375646811433
1307,4.876865671641791,0.004702890291810036,0.004558753358518205
1308,4.880597014925373,0.004302235785871744,0.004553176746590108
1309,4.884328358208955,0.004668193403631449,0.004551536335450847
1310,4.888059701492537,0.004628426861017942,0.004553097811323114
1311,4.891791044776119,0.004616990219801664,0.004558956500415395
1312,4.895522388059701,0.004380361642688513,0.004549491412301616
1313,4.899253731343284,0.0045113773085176945,0.004546157481921155
1314,4.902985074626866,0.004471029154956341,0.00454856936887997
1315,4.906716417910448,0.00448981486260891,0.004547430418159176
1316,4.91044776119403,0.0045703561045229435,0.004548992723135687
1317,4.914179104477612,0.0045707798562943935,0.004556554449131576
1318,4.917910447761194,0.004481721669435501,0.004549307169438135
1319,4.9216417910447765,0.004664575215429068,0.00455228871915762
1320,4.925373134328358,0.004657847341150045,0.004555040005049328
1321,4.92910447761194,0.004622188396751881,0.004548194307107024
1322,4.932835820895522,0.004635156132280827,0.004543930950869874
1323,4.936567164179104,0.00438945647329092,0.004546880506251644
1324,4.940298507462686,0.004474102519452572,0.004542325146314575
1325,4.9440298507462686,0.004616801161319017,0.004540375377074248
1326,4.947761194029851,0.004462994635105133,0.004535670948737278
1327,4.951492537313433,0.004429318010807037,0.004535526514235066
1328,4.955223880597015,0.004433332476764917,0.00453338298446885
1329,4.958955223880597,0.004444249905645847,0.004539123702249149
1330,4.962686567164179,0.0044605121947824955,0.004535914773530349
1331,4.9664179104477615,0.004703700542449951,0.004532431740677211
1332,4.970149253731344,0.004427097737789154,0.004527597256549974
1333,4.973880597014926,0.004605211317539215,0.004529948982341987
1334,4.977611940298507,0.004629255272448063,0.004530351200118297
1335,4.981343283582089,0.004599411506205797,0.0045348938736246855
1336,4.985074626865671,0.004565252922475338,0.0045356198168564135
1337,4.9888059701492535,0.0046753836795687675,0.00453477124569983
1338,4.992537313432836,0.004449301399290562,0.004533858856231701
1339,4.996268656716418,0.00472977664321661,0.004530921896419874
1340,5.0,0.004738804418593645,0.004523175132529038
1341,5.003731343283582,0.004395189229398966,0.004519307747392393
1342,5.007462686567164,0.004514401312917471,0.004518930027942832
1343,5.0111940298507465,0.004592872224748135,0.004520351794071314
1344,5.014925373134329,0.004322478547692299,0.00452486660740361
1345,5.018656716417911,0.004412830341607332,0.004524824005074617
1346,5.022388059701493,0.004368489608168602,0.004521341460597951
1347,5.026119402985074,0.004542418755590916,0.0045197443559584095
1348,5.029850746268656,0.004615005571395159,0.00451847056790096
1349,5.0335820895522385,0.004537605214864016,0.004522979327636521
1350,5.037313432835821,0.004536627326160669,0.00452480161926005
1351,5.041044776119403,0.004485622514039278,0.00452292964952748
1352,5.044776119402985,0.004418776370584965,0.004517601439502181
1353,5.048507462686567,0.004476782400161028,0.004525566269166586
1354,5.052238805970149,0.004527868237346411,0.0045202729042346885
1355,5.0559701492537314,0.004657278768718243,0.00451332764563764
1356,5.059701492537314,0.004519578535109758,0.0045109422445842404
1357,5.063432835820896,0.004535564687103033,0.004505849500164026
1358,5.067164179104478,0.004533371888101101,0.004504744610862761
1359,5.07089552238806,0.004361306317150593,0.004504437308485915
1360,5.074626865671642,0.0043469578959047794,0.004500405249617449
1361,5.0783582089552235,0.0044992845505476,0.004492829235770353
1362,5.082089552238806,0.004606701899319887,0.004490157691534699
1363,5.085820895522388,0.004693448543548584,0.004493785147532457
1364,5.08955223880597,0.004574563819915056,0.004490009554457374
1365,5.093283582089552,0.0044723558239638805,0.004493402964549094
1366,5.097014925373134,0.004474016837775707,0.004497294825297303
1367,5.100746268656716,0.004397513344883919,0.004499747008993858
1368,5.104477611940299,0.0043770927004516125,0.004497247600428215
1369,5.108208955223881,0.004618191625922918,0.004500015729629412
1370,5.111940298507463,0.004518963862210512,0.00449653368488681
1371,5.115671641791045,0.004383761435747147,0.004493737388856527
1372,5.119402985074627,0.004485243931412697,0.004493092959065263
1373,5.123134328358209,0.004753655754029751,0.004490861339812599
1374,5.126865671641791,0.004388183355331421,0.004488149839566975
1375,5.130597014925373,0.004344499669969082,0.004481602392000396
1376,5.134328358208955,0.004501610063016415,0.004473617186815273
1377,5.138059701492537,0.004356450401246548,0.004469416899288573
1378,5.141791044776119,0.004630083218216896,0.004465659046772777
1379,5.145522388059701,0.004436702001839876,0.004467271279725359
1380,5.149253731343284,0.0045644622296094894,0.0044654220024623525
1381,5.152985074626866,0.0044281878508627415,0.004469005107061892
1382,5.156716417910448,0.004285655915737152,0.004466836590592454
1383,5.16044776119403,0.0046631270088255405,0.004464578190136973
1384,5.164179104477612,0.00443807290866971,0.004462664367676508
1385,5.167910447761194,0.004461608361452818,0.004465042795168191
1386,5.1716417910447765,0.004572396632283926,0.0044649885172342385
1387,5.175373134328358,0.004469029139727354,0.0044644524275166235
1388,5.17910447761194,0.004439943004399538,0.004466945998279787
1389,5.182835820895522,0.0047284988686442375,0.004474303071818701
1390,5.186567164179104,0.004394841380417347,0.0044702161103487015
1391,5.190298507462686,0.004421979188919067,0.00446585957642372
1392,5.1940298507462686,0.004459200892597437,0.004467731194070927
1393,5.197761194029851,0.004327279981225729,0.004463705120653641
1394,5.201492537313433,0.0043656108900904655,0.004454207152309941
1395,5.205223880597015,0.004259422887116671,0.00445471479125866
1396,5.208955223880597,0.004329885356128216,0.004455748672892407
1397,5.212686567164179,0.004347366746515036,0.004454735825519736
1398,5.2164179104477615,0.004381492733955383,0.004457109880338355
1399,5.220149253731344,0.004599473439157009,0.0044520735945098285
1400,5.223880597014926,0.004285485949367285,0.00444995532402905
1401,5.227611940298507,0.004493865184485912,0.004447862778494998
1402,5.231343283582089,0.004410375375300646,0.004447189897934838
1403,5.235074626865671,0.00451410748064518,0.0044508195913782935
1404,5.2388059701492535,0.004614981822669506,0.004449128843389633
1405,5.242537313432836,0.004672079347074032,0.0044566517377771986
1406,5.246268656716418,0.004470130428671837,0.004462502317548525
1407,5.25,0.004452037159353495,0.004460341955830411
1408,5.253731343283582,0.00449974974617362,0.004461154057757884
1409,5.257462686567164,0.004678732715547085,0.0044609695991001475
1410,5.2611940298507465,0.004450626205652952,0.004455614573799256
1411,5.264925373134329,0.004340345971286297,0.004460987907539054
1412,5.268656716417911,0.004460497759282589,0.004464805273838886
1413,5.272388059701493,0.0043201749213039875,0.004463609819096036
1414,5.276119402985074,0.004364239051938057,0.0044706186234224135
1415,5.279850746268656,0.004408996552228928,0.00447521569979627
1416,5.2835820895522385,0.004386888816952705,0.004481728052402415
1417,5.287313432835821,0.004460083320736885,0.004481816232749601
1418,5.291044776119403,0.00445378664880991,0.004488117402283157
1419,5.294776119402985,0.0044235954992473125,0.0044839889742434025
1420,5.298507462686567,0.004349852912127972,0.004488553249890484
1421,5.302238805970149,0.004478667862713337,0.004496059834775402
1422,5.3059701492537314,0.0044005997478961945,0.004500510545856342
1423,5.309701492537314,0.004434473346918821,0.004502885259415318
1424,5.313432835820896,0.004593806341290474,0.004501180836885441
1425,5.317164179104478,0.0047465115785598755,0.004501356005032615
1426,5.32089552238806,0.004701482132077217,0.004494240473410706
1427,5.324626865671642,0.004483821801841259,0.00449664269505841
1428,5.3283582089552235,0.004502325318753719,0.004497145393454447
1429,5.332089552238806,0.004432380199432373,0.004499158606205772
1430,5.335820895522388,0.00450894283130765,0.004495163584446035
1431,5.33955223880597,0.004615148063749075,0.004495317082306961
1432,5.343283582089552,0.00457849120721221,0.004496526166160659
1433,5.347014925373134,0.0044101872481405735,0.00450043243969359
1434,5.350746268656716,0.004614640958607197,0.004503110253320235
1435,5.354477611940299,0.0045540910214185715,0.0045080646622653415
1436,5.358208955223881,0.00452642934396863,0.004507523052757833
1437,5.361940298507463,0.004333500750362873,0.004505082669599754
1438,5.365671641791045,0.004605714697390795,0.004506416255381049
1439,5.369402985074627,0.004212227184325457,0.004511241006051622
1440,5.373134328358209,0.00478660874068737,0.004510515221826187
1441,5.376865671641791,0.004593255929648876,0.004512106477305657
1442,5.380597014925373,0.004676344338804483,0.004512636490711351
1443,5.384328358208955,0.004507738631218672,0.004515549213421054
1444,5.388059701492537,0.004444226156920195,0.004517735129722008
1445,5.391791044776119,0.004622163716703653,0.004518049099005577
1446,5.395522388059701,0.004380342550575733,0.0045128008123578095
1447,5.399253731343284,0.004568621516227722,0.0045059683119378436
1448,5.402985074626866,0.0044726477935910225,0.004498607819763626
1449,5.406716417910448,0.004582291468977928,0.004496342638825498
1450,5.41044776119403,0.004514936823397875,0.004499803842386094
1451,5.414179104477612,0.004456919617950916,0.0044984443158638185
1452,5.417910447761194,0.0043899184092879295,0.004497370671299173
1453,5.4216417910447765,0.004620654974132776,0.004497506860189322
1454,5.425373134328358,0.004429965279996395,0.004496770104529654
1455,5.42910447761194,0.004567369818687439,0.0044903200937480466
1456,5.432835820895522,0.0043867905624210835,0.0044867922097626255
1457,5.436567164179104,0.004286833107471466,0.004489261861436251
1458,5.440298507462686,0.004514760337769985,0.004491018392599937
1459,5.4440298507462686,0.004651601426303387,0.00448621539171876
1460,5.447761194029851,0.004393838346004486,0.004493916407227516
1461,5.451492537313433,0.0044150943867862225,0.004497004377587539
1462,5.455223880597015,0.00450039841234684,0.004495098141998779
1463,5.458955223880597,0.004520021378993988,0.004495834568288268
1464,5.462686567164179,0.004524095915257931,0.004492292157942202
1465,5.4664179104477615,0.004606679081916809,0.004492576393048938
1466,5.470149253731344,0.004531331826001406,0.004492116933007066
1467,5.473880597014926,0.004421349614858627,0.00449267866816826
1468,5.477611940298507,0.004182041622698307,0.004490413328223839
1469,5.481343283582089,0.004409452900290489,0.00449267105858137
1470,5.485074626865671,0.004574289545416832,0.004490473943694335
1471,5.4888059701492535,0.004453202243894339,0.004491715771486846
1472,5.492537313432836,0.004571128636598587,0.004492526169775463
1473,5.496268656716418,0.004584074951708317,0.004493212213785183
1474,5.5,0.004379980266094208,0.004488523879156607
1475,5.503731343283582,0.00435019051656127,0.004494969142464603
1476,5.507462686567164,0.004409447778016329,0.004491038518253623
1477,5.5111940298507465,0.004627685062587261,0.004490864803878273
1478,5.514925373134329,0.004405518528074026,0.004495649291883882
1479,5.518656716417911,0.004408791661262512,0.004500231103653588
1480,5.522388059701493,0.004527968820184469,0.004495897250840577
1481,5.526119402985074,0.004913215525448322,0.004497712284962579
1482,5.529850746268656,0.00451510027050972,0.004493339248455879
1483,5.5335820895522385,0.004706537816673517,0.004488908424519184
1484,5.537313432835821,0.0043624998070299625,0.004479509676102458
1485,5.541044776119403,0.004455879796296358,0.004476023701632895
1486,5.544776119402985,0.004603325854986906,0.004471218974397677
1487,5.548507462686567,0.004403373692184687,0.004468970012101458
1488,5.552238805970149,0.00447574257850647,0.004468116114234052
1489,5.5559701492537314,0.004565214738249779,0.00447514951910551
1490,5.559701492537314,0.004492209758609533,0.004477940829152741
1491,5.563432835820896,0.004565851762890816,0.004471338660706107
1492,5.567164179104478,0.004490145947784185,0.004468598834625105
1493,5.57089552238806,0.004418046213686466,0.004461468345054039
1494,5.574626865671642,0.004428433254361153,0.004454409487818073
1495,5.5783582089552235,0.0046942210756242275,0.004454320058135725
1496,5.582089552238806,0.004406214226037264,0.004462161305837515
1497,5.585820895522388,0.004379668273031712,0.004461255390197039
1498,5.58955223880597,0.004482997115701437,0.004459735676191929
1499,5.593283582089552,0.0047026146203279495,0.004452973876784488
1500,5.597014925373134,0.004473913460969925,0.0044538474119291075
1501,5.600746268656716,0.004468254745006561,0.004452781808539861
1502,5.604477611940299,0.004235799890011549,0.004437717745398603
1503,5.608208955223881,0.004318734630942345,0.004436093666477174
1504,5.611940298507463,0.004134672693908215,0.004425113895771707
1505,5.615671641791045,0.004381170962005854,0.0044260899104723115
1506,5.619402985074627,0.004409685265272856,0.0044202709502381525
1507,5.623134328358209,0.004439124371856451,0.004415263012960189
1508,5.626865671641791,0.0043863398022949696,0.004408634165529071
1509,5.630597014925373,0.004470411222428083,0.004403078133558355
1510,5.634328358208955,0.004523896612226963,0.004394027404487133
1511,5.638059701492537,0.004303600639104843,0.004391623445127796
1512,5.641791044776119,0.004340869374573231,0.0043859694425652665
1513,5.645522388059701,0.004278778564184904,0.004383670586365752
1514,5.649253731343284,0.004294661805033684,0.004378697494181191
1515,5.652985074626866,0.004376313649117947,0.004378678731438591
1516,5.656716417910448,0.004671681672334671,0.004376668130933512
1517,5.66044776119403,0.004372305236756802,0.004374290612049219
1518,5.664179104477612,0.004565376788377762,0.004379124778163869
1519,5.667910447761194,0.004128284752368927,0.0043750813844182146
1520,5.6716417910447765,0.004444606602191925,0.00436768593357467
1521,5.675373134328358,0.004484279081225395,0.004367925646919303
1522,5.67910447761194,0.0042955889366567135,0.0043661326010961355
1523,5.682835820895522,0.00444851303473115,0.004372097120234152
1524,5.686567164179104,0.004256367217749357,0.004373252176020931
1525,5.690298507462686,0.004402516409754753,0.004382165478224434
1526,5.6940298507462686,0.004217302426695824,0.004377667655850329
1527,5.697761194029851,0.004398000426590443,0.0043785794206508775
1528,5.701492537313433,0.004131590947508812,0.004376670493312725
1529,5.705223880597015,0.0042479452677071095,0.00437366213967524
1530,5.708955223880597,0.004194134846329689,0.004364157038763529
1531,5.712686567164179,0.00439364742487669,0.004362077531745521
1532,5.7164179104477615,0.004334037657827139,0.0043635683293204485
1533,5.720149253731344,0.004395892843604088,0.004367512480423945
1534,5.723880597014926,0.004214149434119463,0.004366602430619844
1535,5.727611940298507,0.00442766398191452,0.0043673067149229165
1536,5.731343283582089,0.004611786454916,0.004365620748480645
1537,5.735074626865671,0.004308735951781273,0.004360581191665516
1538,5.7388059701492535,0.0045778690837323666,0.0043602216557213445
1539,5.742537313432836,0.004317217972129583,0.004356103233720471
1540,5.746268656716418,0.004399401135742664,0.004363568374750818
1541,5.75,0.004483741708099842,0.004362304047567815
1542,5.753731343283582,0.004394739866256714,0.004358230556202371
1543,5.757462686567164,0.004480345174670219,0.004360439437555104
1544,5.7611940298507465,0.0043660919182002544,0.004359696367074077
1545,5.764925373134329,0.004500118084251881,0.0043603543351154505
1546,5.768656716417911,0.00419676024466753,0.004354671257116445
1547,5.772388059701493,0.0044470676220953465,0.004359693380027283
1548,5.776119402985074,0.004360858350992203,0.004356399700954193
1549,5.779850746268656,0.004262997303158045,0.004359435380958929
1550,5.7835820895522385,0.00408070208504796,0.004365174156590932
1551,5.787313432835821,0.00443863682448864,0.004369954203777924
1552,5.791044776119403,0.004364723339676857,0.004366688612030774
1553,5.794776119402985,0.004502579569816589,0.00436718508646619
1554,5.798507462686567,0.004241466522216797,0.004365627551678478
1555,5.802238805970149,0.004323537461459637,0.004363516050322753
1556,5.8059701492537314,0.004307189024984837,0.004356999938353532
1557,5.809701492537314,0.004465059842914343,0.0043465269888501345
1558,5.813432835820896,0.004357564263045788,0.004352122613387864
1559,5.817164179104478,0.004396521486341953,0.004348003055627753
1560,5.82089552238806,0.0044343555346131325,0.00434848694585082
1561,5.824626865671642,0.0043927691876888275,0.004345455945174142
1562,5.8283582089552235,0.004317265935242176,0.004342966554004971
1563,5.832089552238806,0.004386153072118759,0.0043417574020057186
1564,5.835820895522388,0.004418047145009041,0.004335813133454904
1565,5.83955223880597,0.004283343907445669,0.004338938549796983
1566,5.843283582089552,0.0041695102117955685,0.004332885861669372
1567,5.847014925373134,0.004423209466040134,0.004339035816218068
1568,5.850746268656716,0.004262959584593773,0.004334926071417768
1569,5.854477611940299,0.004256053827702999,0.004337008906210341
1570,5.858208955223881,0.004483235068619251,0.004339640767018243
1571,5.861940298507463,0.004390116780996323,0.004349120915299509
1572,5.865671641791045,0.004259758163243532,0.004346482864603764
1573,5.869402985074627,0.004354393109679222,0.004348675947545505
1574,5.873134328358209,0.004332033917307854,0.004346385495964347
1575,5.876865671641791,0.004127577878534794,0.004343203689176135
1576,5.880597014925373,0.004160503391176462,0.00434073025542425
1577,5.884328358208955,0.004182395525276661,0.004343501882763897
1578,5.888059701492537,0.004538156557828188,0.004346361576874808
1579,5.891791044776119,0.004408967215567827,0.004348269288950577
1580,5.895522388059701,0.00433705747127533,0.004348292594730127
1581,5.899253731343284,0.004275130107998848,0.0043487473868015335
1582,5.902985074626866,0.00438167667016387,0.00434728450618866
1583,5.906716417910448,0.004345164634287357,0.004349643023820912
1584,5.91044776119403,0.004236630164086819,0.004350074703191839
1585,5.914179104477612,0.00449423398822546,0.004352581482834932
1586,5.917910447761194,0.00425195787101984,0.004354625486019181
1587,5.9216417910447765,0.004448908381164074,0.0043585376427849615
1588,5.925373134328358,0.004278568085283041,0.0043605629286569796
1589,5.92910447761194,0.004446254577487707,0.004361673224172215
1590,5.932835820895522,0.004370903596282005,0.004363540276067286
1591,5.936567164179104,0.004469388164579868,0.004359589628420952
1592,5.940298507462686,0.004330476745963097,0.004354372291212402
1593,5.9440298507462686,0.004454639740288258,0.004356254369202183
1594,5.947761194029851,0.0044086710549890995,0.004357537254691124
1595,5.951492537313433,0.004111012443900108,0.004361755430425812
1596,5.955223880597015,0.004222126677632332,0.0043745349820067244
1597,5.958955223880597,0.004420825745910406,0.0043765215725615255
1598,5.962686567164179,0.004582307301461697,0.004380887158487628
1599,5.9664179104477615,0.004435780458152294,0.004379118111257146
1600,5.970149253731344,0.004397477023303509,0.004371392256693869
1601,5.973880597014926,0.004453002009540796,0.004368742939266489
1602,5.977611940298507,0.004332791082561016,0.004365844981426873
1603,5.981343283582089,0.004413965158164501,0.0043624897896334894
1604,5.985074626865671,0.004403851926326752,0.004358149883223743
1605,5.9888059701492535,0.004520825110375881,0.004360137007585386
1606,5.992537313432836,0.004367148037999868,0.004355271562661339
1607,5.996268656716418,0.004329908639192581,0.0043592702302082285
1608,6.0,0.0045062461867928505,0.004361418314368986
1609,6.003731343283582,0.004308481700718403,0.004363489076040867
1610,6.007462686567164,0.004332602955400944,0.0043625027940767565
1611,6.0111940298507465,0.004321258515119553,0.004358108848242498
1612,6.014925373134329,0.0041762059554457664,0.004352557575102986
1613,6.018656716417911,0.004336923360824585,0.004350319107222121
1614,6.022388059701493,0.0044069914147257805,0.0043491495023595126
1615,6.026119402985074,0.004504979122430086,0.004349859283737293
1616,6.029850746268656,0.004651539493352175,0.004361493865073454
1617,6.0335820895522385,0.004241953603923321,0.0043613527924185845
1618,6.037313432835821,0.0043613845482468605,0.004357840309328422
1619,6.041044776119403,0.004465625621378422,0.004352897700921792
1620,6.044776119402985,0.004092207178473473,0.0043432848051008655
1621,6.048507462686567,0.004228435456752777,0.004337018571521451
1622,6.052238805970149,0.0041563138365745544,0.004328859651960977
1623,6.0559701492537314,0.004244113806635141,0.004323277463455026
1624,6.059701492537314,0.0041672284714877605,0.004322346833693545
1625,6.063432835820896,0.004318102262914181,0.004320958799614412
1626,6.067164179104478,0.0042947507463395596,0.004317003483997613
1627,6.07089552238806,0.004415903240442276,0.004313879941658276
1628,6.074626865671642,0.004536979831755161,0.004316949478645877
1629,6.0783582089552235,0.004363469313830137,0.004311953932501194
1630,6.082089552238806,0.00440581701695919,0.004314310553415519
1631,6.085820895522388,0.004190751817077398,0.004313132498504185
1632,6.08955223880597,0.00424178596585989,0.004309154002041351
1633,6.093283582089552,0.004238699562847614,0.004309745914325482
1634,6.097014925373134,0.004406685940921307,0.0043099585284547106
1635,6.100746268656716,0.004437772091478109,0.004307260373380126
1636,6.104477611940299,0.004588030278682709,0.004300570183592599
1637,6.108208955223881,0.004216342698782682,0.00429756368124267
1638,6.111940298507463,0.004276813939213753,0.004299875201157681
1639,6.115671641791045,0.004379660356789827,0.004297115783229834
1640,6.119402985074627,0.004041651729494333,0.004292627739742762
1641,6.123134328358209,0.004140561446547508,0.004298642232287221
1642,6.126865671641791,0.0041184863075613976,0.004298799921099733
1643,6.130597014925373,0.004103921353816986,0.004302454817040664
1644,6.134328358208955,0.004375809337943792,0.004301740776565744
1645,6.138059701492537,0.004346942529082298,0.004306096912974991
1646,6.141791044776119,0.004358657170087099,0.0043035906784963315
1647,6.145522388059701,0.0042390828020870686,0.004298062620275631
1648,6.149253731343284,0.004455759655684233,0.004293244320717527
1649,6.152985074626866,0.00430142879486084,0.004289168830415825
1650,6.156716417910448,0.004405103158205748,0.004290131568090945
1651,6.16044776119403,0.004284302704036236,0.004288699443838219
1652,6.164179104477612,0.004158140160143375,0.00429358127776806
1653,6.167910447761194,0.004200474359095097,0.004291489470477511
1654,6.1716417910447765,0.004345640540122986,0.004296062252961281
1655,6.175373134328358,0.004296367056667805,0.004295365271590105
1656,6.17910447761194,0.004230681341141462,0.004291839284322611
1657,6.182835820895522,0.004528272897005081,0.0042882233222083345
1658,6.186567164179104,0.0043367259204387665,0.0042916646726974626
1659,6.190298507462686,0.004248248413205147,0.0042861604086327845
1660,6.1940298507462686,0.00428161583840847,0.004285259104174812
1661,6.197761194029851,0.004338801372796297,0.004291530051155061
1662,6.201492537313433,0.004234900698065758,0.004299246047328158
1663,6.205223880597015,0.0043061645701527596,0.0043023512585134045
1664,6.208955223880597,0.004214838147163391,0.004303534412983714
1665,6.212686567164179,0.00434583006426692,0.0043039143925941575
1666,6.2164179104477615,0.004215346649289131,0.004298744189393956
1667,6.220149253731344,0.004068100359290838,0.004290618740658208
1668,6.223880597014926,0.00421835295855999,0.0042969677824436165
1669,6.227611940298507,0.004369884729385376,0.004293548533829247
1670,6.231343283582089,0.004402941558510065,0.0042927424287105475
1671,6.235074626865671,0.004347099922597408,0.004291254652255192
1672,6.2388059701492535,0.004390907008200884,0.004300184502470784
1673,6.242537313432836,0.0041560218669474125,0.00430360789660637
1674,6.246268656716418,0.004426183644682169,0.00430764026212983
1675,6.25,0.004378109704703093,0.004307581691025961
1676,6.253731343283582,0.004293206613510847,0.004306449895588363
1677,6.257462686567164,0.0044397758319973946,0.004306364475136123
1678,6.2611940298507465,0.004357438068836927,0.004300829079910749
1679,6.264925373134329,0.004051139112561941,0.004297676836935486
1680,6.268656716417911,0.004342706874012947,0.004294243663912866
1681,6.272388059701493,0.0042987605556845665,0.0042993798170511315
1682,6.276119402985074,0.00445691728964448,0.0042988800489139264
1683,6.279850746268656,0.004245799966156483,0.004301657139255506
1684,6.2835820895522385,0.004152430687099695,0.004300694231216501
1685,6.287313432835821,0.00439138850197196,0.004300281746176685
1686,6.291044776119403,0.004134964197874069,0.00429612264127993
1687,6.294776119402985,0.004025513771921396,0.004293428427289899
1688,6.298507462686567,0.00449939351528883,0.004299136264840278
1689,6.302238805970149,0.004315570462495089,0.004304368480494837
1690,6.3059701492537314,0.004268378484994173,0.004302136724951063
1691,6.309701492537314,0.004344104323536158,0.004298776592604998
1692,6.313432835820896,0.004650426562875509,0.004302492194877165
1693,6.317164179104478,0.004298499319702387,0.004304818831747625
1694,6.32089552238806,0.004365801345556974,0.004303295108512408
1695,6.324626865671642,0.00434323912486434,0.004299850827764447
1696,6.3283582089552235,0.004249963443726301,0.004296467253347722
1697,6.332089552238806,0.004227179102599621,0.004299629650010568
1698,6.335820895522388,0.004301321692764759,0.004297545804392274
1699,6.33955223880597,0.00420748395845294,0.004296794295220114
1700,6.343283582089552,0.004107488319277763,0.004302234888621946
1701,6.347014925373134,0.004492198117077351,0.004308055813719586
1702,6.350746268656716,0.004318310879170895,0.0043035013737475
1703,6.354477611940299,0.004348761402070522,0.004300896464506301
1704,6.358208955223881,0.004266685340553522,0.004302193387979414
1705,6.361940298507463,0.004197926260530949,0.004304619676365358
1706,6.365671641791045,0.004175306763499975,0.004302115656617211
1707,6.369402985074627,0.004104883875697851,0.004311736468680021
1708,6.373134328358209,0.004302121698856354,0.004315145609037179
1709,6.376865671641791,0.004432873800396919,0.004308698108283485
1710,6.380597014925373,0.0042783827520906925,0.004310120499079547
1711,6.384328358208955,0.004265176132321358,0.0043094776820664
1712,6.388059701492537,0.004499439615756273,0.004313853205885829
1713,6.391791044776119,0.004486299119889736,0.004303853288747188
1714,6.395522388059701,0.0040935492143034935,0.004304347321300245
1715,6.399253731343284,0.004284968134015799,0.004305430017866012
1716,6.402985074626866,0.004239383153617382,0.004306464240227531
1717,6.406716417910448,0.004422864876687527,0.004303384719916233
1718,6.41044776119403,0.00435433816164732,0.004307057413204414
1719,6.414179104477612,0.004326626192778349,0.004306895942313642
1720,6.417910447761194,0.0042742034420371056,0.0043106307843472896
1721,6.4216417910447765,0.004581364803016186,0.004317540232455585
1722,6.425373134328358,0.004112028516829014,0.00430803649445496
1723,6.42910447761194,0.0043501160107553005,0.004308077165993248
1724,6.432835820895522,0.0042989738285541534,0.0043052610850370515
1725,6.436567164179104,0.004251908510923386,0.004310065233035058
1726,6.440298507462686,0.0042887236922979355,0.004307377822242859
1727,6.4440298507462686,0.004529417492449284,0.004310815708666313
1728,6.447761194029851,0.0041652885265648365,0.004313725830487362
1729,6.451492537313433,0.004235045984387398,0.004310620630659708
1730,6.455223880597015,0.004373888485133648,0.004307281680223419
1731,6.458955223880597,0.00424202298745513,0.004303284829891309
1732,6.462686567164179,0.0045235008001327515,0.004307174305545121
1733,6.4664179104477615,0.00424042996019125,0.004305317577701516
1734,6.470149253731344,0.004318754654377699,0.004302547438206469
1735,6.473880597014926,0.004410191904753447,0.00430922429418055
1736,6.477611940298507,0.0043856422416865826,0.004309399450970132
1737,6.481343283582089,0.004123703110963106,0.004312710143716597
1738,6.485074626865671,0.004377759527415037,0.004309155785183354
1739,6.4888059701492535,0.004294701386243105,0.004312208001842586
1740,6.492537313432836,0.004360612481832504,0.004305926151573658
1741,6.496268656716418,0.004390775691717863,0.004301399673993994
1742,6.5,0.004102544859051704,0.0042979373687469374
1743,6.503731343283582,0.004319978412240744,0.00430155360344343
1744,6.507462686567164,0.00423330208286643,0.00429844501905325
1745,6.5111940298507465,0.004463655408471823,0.004298791130323235
1746,6.514925373134329,0.004087742418050766,0.004298910544049449
1747,6.518656716417911,0.004316260106861591,0.004294482650371586
1748,6.522388059701493,0.004224198870360851,0.004291396122425795
1749,6.526119402985074,0.004174808505922556,0.0042960891136672435
1750,6.529850746268656,0.004295976832509041,0.0043018938769109364
1751,6.5335820895522385,0.004114511888474226,0.004301533716299185
1752,6.537313432835821,0.004424644634127617,0.004305598939337381
1753,6.541044776119403,0.004423313774168491,0.004302119927071944
1754,6.544776119402985,0.004372723400592804,0.0043014062954703485
1755,6.548507462686567,0.004367300309240818,0.004302005351680081
1756,6.552238805970149,0.0042921495623886585,0.004302430557223355
1757,6.5559701492537314,0.004375121556222439,0.004300030618451718
1758,6.559701492537314,0.00427713617682457,0.004304412025503996
1759,6.563432835820896,0.004479479044675827,0.0043016184780110675
1760,6.567164179104478,0.0040690703317523,0.004301523369532533
1761,6.57089552238806,0.0040886178612709045,0.004300425465150577
1762,6.574626865671642,0.004439410287886858,0.00429630539629881
1763,6.5783582089552235,0.004260294139385223,0.00429800868306945
1764,6.582089552238806,0.004222664050757885,0.004299686040456702
1765,6.585820895522388,0.0043131643906235695,0.004298664686247343
1766,6.58955223880597,0.004256804473698139,0.0042961869593255405
1767,6.593283582089552,0.004107180051505566,0.004300506183559575
1768,6.597014925373134,0.00440286984667182,0.004300116231983028
1769,6.600746268656716,0.004357701167464256,0.004300898542945705
1770,6.604477611940299,0.0044730412773787975,0.004299962995346726
1771,6.608208955223881,0.004359121900051832,0.004300886299461126
1772,6.611940298507463,0.004408697132021189,0.004300499096421934
1773,6.615671641791045,0.004380861297249794,0.004296258671163786
1774,6.619402985074627,0.004211171064525843,0.004286658450415949
1775,6.623134328358209,0.004343315958976746,0.0042862603440880775
1776,6.626865671641791,0.004427625332027674,0.004281589420648609
1777,6.630597014925373,0.004287244752049446,0.0042845336606771485
1778,6.634328358208955,0.004303340800106525,0.004278406250949313
1779,6.638059701492537,0.004263224080204964,0.0042782014394860445
1780,6.641791044776119,0.00429080193862319,0.004272372518643373
1781,6.645522388059701,0.004315598402172327,0.004276726837837841
1782,6.649253731343284,0.004221852868795395,0.004280712648590163
1783,6.652985074626866,0.004172379616647959,0.004269937030607607
1784,6.656716417910448,0.004388750065118074,0.004269799490163966
1785,6.66044776119403,0.004191426560282707,0.0042673050562237825
1786,6.664179104477612,0.004362068604677916,0.0042665341596414405
1787,6.667910447761194,0.004264830611646175,0.004268799692664932
1788,6.6716417910447765,0.004300272092223167,0.004272763605979158
1789,6.675373134328358,0.004256273619830608,0.004266503925730542
1790,6.67910447761194,0.004136451054364443,0.004267557410568726
1791,6.682835820895522,0.004333832301199436,0.004265919645748488
1792,6.686567164179104,0.0040986365638673306,0.004259226832357122
1793,6.690298507462686,0.004250787198543549,0.004255439086658199
1794,6.6940298507462686,0.004029704723507166,0.004255555876780574
1795,6.697761194029851,0.004356401041150093,0.0042509879780615245
1796,6.701492537313433,0.004175792448222637,0.0042486129464899625
1797,6.705223880597015,0.004412863403558731,0.004243763799710971
1798,6.708955223880597,0.004123897757381201,0.004245986128453075
1799,6.712686567164179,0.004268738906830549,0.0042426897008426305
1800,6.7164179104477615,0.004240493290126324,0.004242675163124393
1801,6.720149253731344,0.004247597418725491,0.004244304546041459
1802,6.723880597014926,0.004252036102116108,0.004251461135359799
1803,6.727611940298507,0.003997609950602055,0.004248127591137479
1804,6.731343283582089,0.004254654981195927,0.0042488671975528325
1805,6.735074626865671,0.004120392259210348,0.004240528987039153
1806,6.7388059701492535,0.004281557630747557,0.0042427547912045225
1807,6.742537313432836,0.004349691327661276,0.004236666065436311
1808,6.746268656716418,0.00426970049738884,0.0042326467725016725
1809,6.75,0.004146222956478596,0.004235635511577129
1810,6.753731343283582,0.004400894045829773,0.004234383041720565
1811,6.757462686567164,0.0044058929197490215,0.004237270641435937
1812,6.7611940298507465,0.00408471655100584,0.004234568715640684
1813,6.764925373134329,0.004253399558365345,0.004246082508981955
1814,6.768656716417911,0.0043856496922671795,0.0042487938615788775
1815,6.772388059701493,0.00402388721704483,0.004251281787618631
1816,6.776119402985074,0.004245939664542675,0.004246868477089376
1817,6.779850746268656,0.00422881031408906,0.004247365780629036
1818,6.7835820895522385,0.004378360230475664,0.004245303559866621
1819,6.787313432835821,0.004168187268078327,0.0042470378187916625
1820,6.791044776119403,0.00426262803375721,0.004245019370190254
1821,6.794776119402985,0.004357606638222933,0.004240967662686982
1822,6.798507462686567,0.004609018564224243,0.004235123091082021
1823,6.802238805970149,0.004085177555680275,0.00423590560648136
1824,6.8059701492537314,0.004202703479677439,0.00424022547809816
1825,6.809701492537314,0.004046883434057236,0.004237175726036473
1826,6.813432835820896,0.004282684531062841,0.00423646435459576
1827,6.817164179104478,0.004112430848181248,0.004230264665150061
1828,6.82089552238806,0.004100039601325989,0.004231184936787297
1829,6.824626865671642,0.004422810394316912,0.004225558510459051
1830,6.8283582089552235,0.00420492235571146,0.004226581148076348
1831,6.832089552238806,0.004254842642694712,0.004223413277053978
1832,6.835820895522388,0.004223053343594074,0.004216668218737695
1833,6.83955223880597,0.004570702090859413,0.004218730643936773
1834,6.843283582089552,0.004361952655017376,0.004212814121984127
1835,6.847014925373134,0.004131709691137075,0.004217930172183891
1836,6.850746268656716,0.004175455309450626,0.004220864905907613
1837,6.854477611940299,0.004196181893348694,0.004219631278296796
1838,6.858208955223881,0.00432831235229969,0.004218982214607843
1839,6.861940298507463,0.004195002373307943,0.004214246745970918
1840,6.865671641791045,0.0041859825141727924,0.00421637340971246
1841,6.869402985074627,0.004074373282492161,0.004213020830165322
1842,6.873134328358209,0.004007969982922077,0.004207768557002631
1843,6.876865671641791,0.0042841192334890366,0.004199426450834769
1844,6.880597014925373,0.0041747246868908405,0.004203200930865799
1845,6.884328358208955,0.004129615146666765,0.004198556027670459
1846,6.888059701492537,0.004091226030141115,0.004203850255779377
1847,6.891791044776119,0.004027370363473892,0.0042021845512819
1848,6.895522388059701,0.00438742246478796,0.00420369617868124
1849,6.899253731343284,0.004039017017930746,0.0042070046794123765
1850,6.902985074626866,0.004188151098787785,0.004203412125295982
1851,6.906716417910448,0.004271011333912611,0.004202548153244141
1852,6.91044776119403,0.004129345528781414,0.0042017682614486395
1853,6.914179104477612,0.004169275984168053,0.0042028423376017955
1854,6.917910447761194,0.004010822158306837,0.004191770536325327
1855,6.9216417910447765,0.004595407750457525,0.004185603454527332
1856,6.925373134328358,0.004144211299717426,0.00418720083174909
1857,6.92910447761194,0.00419536093249917,0.004186657723039389
1858,6.932835820895522,0.004202198702841997,0.004188862084070357
1859,6.936567164179104,0.004184206016361713,0.0041835359411268695
1860,6.940298507462686,0.004255380481481552,0.004182342337671577
1861,6.9440298507462686,0.004125172272324562,0.004181005946564965
1862,6.947761194029851,0.004142263438552618,0.004183540143436048
1863,6.951492537313433,0.004266992211341858,0.0041884504054196
1864,6.955223880597015,0.004239931236952543,0.004191221885110547
1865,6.958955223880597,0.00401226244866848,0.004190298842220772
1866,6.962686567164179,0.004263946786522865,0.004191800577157154
1867,6.9664179104477615,0.004214390646666288,0.004194695048215912
1868,6.970149253731344,0.004174407571554184,0.004198795139062695
1869,6.973880597014926,0.004235688131302595,0.0041930078210808885
1870,6.977611940298507,0.004275515675544739,0.004196980127655878
1871,6.981343283582089,0.00416949950158596,0.004198884864042445
1872,6.985074626865671,0.004222867079079151,0.004200024882376921
1873,6.9888059701492535,0.00426709046587348,0.004203872925533754
1874,6.992537313432836,0.0041167582385241985,0.004201870218555375
1875,6.996268656716418,0.004109102301299572,0.004206100433337979
1876,7.0,0.004197202157229185,0.004197849767146314
1877,7.003731343283582,0.004153187852352858,0.0042020796752739245
1878,7.007462686567164,0.004286560695618391,0.004199850918134538
1879,7.0111940298507465,0.004109940491616726,0.00420173677820258
1880,7.014925373134329,0.004146064631640911,0.004202133385328258
1881,7.018656716417911,0.004131190478801727,0.004197487073791463
1882,7.022388059701493,0.004178275354206562,0.00419760013862354
1883,7.026119402985074,0.004209290724247694,0.004200831532660054
1884,7.029850746268656,0.004397749900817871,0.004195805559525403
1885,7.0335820895522385,0.004136879928410053,0.004197358006111733
1886,7.037313432835821,0.004191186279058456,0.004202089533664104
1887,7.041044776119403,0.004209899343550205,0.0042002529655469625
1888,7.044776119402985,0.004195474088191986,0.004199053989950477
1889,7.048507462686567,0.004150142427533865,0.004202560260437611
1890,7.052238805970149,0.004201881587505341,0.004207221200553383
1891,7.0559701492537314,0.004266245290637016,0.004207172203899883
1892,7.059701492537314,0.004317752085626125,0.004214283533212616
1893,7.063432835820896,0.0042871152982115746,0.004214073440468893
1894,7.067164179104478,0.004087164998054504,0.004210053897667222
1895,7.07089552238806,0.004184260964393616,0.004212219313513942
1896,7.074626865671642,0.004257130436599255,0.004211657612425525
1897,7.0783582089552235,0.004317637532949448,0.004207679388544909
1898,7.082089552238806,0.004103981889784336,0.004213602793198533
1899,7.085820895522388,0.004279518965631723,0.0042119525009539065
1900,7.08955223880597,0.0042004669085145,0.004209463405082139
1901,7.093283582089552,0.004064881708472967,0.004212771042636255
1902,7.097014925373134,0.004129807930439711,0.0042116329437348905
1903,7.100746268656716,0.004274750594049692,0.004216504998777698
1904,7.104477611940299,0.00406092731282115,0.004209813321145569
1905,7.108208955223881,0.0043035815469920635,0.004208616605709966
1906,7.111940298507463,0.004206255078315735,0.0042106869812237055
1907,7.115671641791045,0.004188647493720055,0.004211306571960449
1908,7.119402985074627,0.00416523264721036,0.0042103832224156795
1909,7.123134328358209,0.00431816466152668,0.004208920830179278
1910,7.126865671641791,0.0044267866760492325,0.004207254228432004
1911,7.130597014925373,0.004273506812751293,0.004207377605957956
1912,7.134328358208955,0.004461064003407955,0.004206501469924682
1913,7.138059701492537,0.004214253276586533,0.004198005127652389
1914,7.141791044776119,0.0041022892110049725,0.004196098539978266
1915,7.145522388059701,0.0042055402882397175,0.004197002184100267
1916,7.149253731343284,0.0040860725566744804,0.0041968787952167234
1917,7.152985074626866,0.004034094978123903,0.004196798156310872
1918,7.156716417910448,0.004396047443151474,0.004201613684616438
1919,7.16044776119403,0.004218898713588715,0.004198746165124382
1920,7.164179104477612,0.004007887560874224,0.004192366276118086
1921,7.167910447761194,0.004281677771359682,0.004188414606288439
1922,7.1716417910447765,0.004084528423845768,0.004188177993566525
1923,7.175373134328358,0.004378029610961676,0.004181937308891154
1924,7.17910447761194,0.003934931941330433,0.004174940271030475
1925,7.182835820895522,0.0043486845679581165,0.004177305864442776
1926,7.186567164179104,0.004221765324473381,0.0041722111324438965
1927,7.190298507462686,0.0042165894992649555,0.004168623518880184
1928,7.1940298507462686,0.004172042012214661,0.004169784026311301
1929,7.197761194029851,0.004135516006499529,0.00417108393683121
1930,7.201492537313433,0.004081811755895615,0.004164739017851833
1931,7.205223880597015,0.0042069400660693645,0.004153741835957256
1932,7.208955223880597,0.00423032371327281,0.004157902031182879
1933,7.212686567164179,0.003969402052462101,0.004151374118675183
1934,7.2164179104477615,0.004208945203572512,0.004145145092568383
1935,7.220149253731344,0.00412421440705657,0.004148880366190541
1936,7.223880597014926,0.0041792020201683044,0.0041502344637836626
1937,7.227611940298507,0.00425382424145937,0.004151899566328744
1938,7.231343283582089,0.004515074193477631,0.004156235497581159
1939,7.235074626865671,0.003986413590610027,0.0041477078083539155
1940,7.2388059701492535,0.004017943516373634,0.004147533934972272
1941,7.242537313432836,0.004038448445498943,0.0041486808587229106
1942,7.246268656716418,0.004055180586874485,0.004152475350831703
1943,7.25,0.003873939858749509,0.00415436616281002
1944,7.253731343283582,0.003987872041761875,0.004146825357499283
1945,7.257462686567164,0.004157916642725468,0.004151429680017073
1946,7.2611940298507465,0.004094697535037994,0.004146772044960682
1947,7.264925373134329,0.004059162922203541,0.00414358980658396
1948,7.268656716417911,0.004236228298395872,0.00413831882746663
1949,7.272388059701493,0.004218528978526592,0.004139290832937128
1950,7.276119402985074,0.0040580229833722115,0.004137987094908589
1951,7.279850746268656,0.00397590221837163,0.004142486757212659
1952,7.2835820895522385,0.00444407481700182,0.004145704931011651
1953,7.287313432835821,0.004193419590592384,0.004145760072122623
1954,7.291044776119403,0.003958863206207752,0.004156928038133717
1955,7.294776119402985,0.0042554354295134544,0.004155556211338901
1956,7.298507462686567,0.004261058289557695,0.00415317180975363
1957,7.302238805970149,0.004154341761022806,0.004150233566533865
1958,7.3059701492537314,0.004211868159472942,0.0041471366804638286
1959,7.309701492537314,0.00404641218483448,0.004142733966568258
1960,7.313432835820896,0.00421176990494132,0.0041480254802125985
1961,7.317164179104478,0.004054911434650421,0.004150839902960309
1962,7.32089552238806,0.004437251947820187,0.0041545237380466084
1963,7.324626865671642,0.00416205171495676,0.004160194856500844
1964,7.3283582089552235,0.004068856593221426,0.004169207838613812
1965,7.332089552238806,0.004123709164559841,0.004172741889771892
1966,7.335820895522388,0.004157721530646086,0.004169932214497793
1967,7.33955223880597,0.004091293551027775,0.004173277581973773
1968,7.343283582089552,0.004000479355454445,0.004175591941286878
1969,7.347014925373134,0.004211894236505032,0.004175171574077955
1970,7.350746268656716,0.0040820627473294735,0.004172294695929783
1971,7.354477611940299,0.004266297910362482,0.004173663853690392
1972,7.358208955223881,0.0043388851918280125,0.0041784935449136465
1973,7.361940298507463,0.004232584498822689,0.004166820290975455
1974,7.365671641791045,0.00442728865891695,0.004166878260126928
1975,7.369402985074627,0.004152700304985046,0.004171768771257342
1976,7.373134328358209,0.004026453942060471,0.00417405548619061
1977,7.376865671641791,0.00405873404815793,0.0041727746109955196
1978,7.380597014925373,0.004126851912587881,0.004177178642371806
1979,7.384328358208955,0.004334562923759222,0.004181819263754822
1980,7.388059701492537,0.00420336565002799,0.004187986436413556
1981,7.391791044776119,0.0041333348490297794,0.004188027187454991
1982,7.395522388059701,0.0041894856840372086,0.004197971770403589
1983,7.399253731343284,0.004287696443498135,0.004191161144706534
1984,7.402985074626866,0.004243472125381231,0.004197319651522287
1985,7.406716417910448,0.004132768139243126,0.004198819660104629
1986,7.41044776119403,0.004042719956487417,0.004202154964753767
1987,7.414179104477612,0.004231857601553202,0.00420381792071389
1988,7.417910447761194,0.0041540516540408134,0.004202179054207191
1989,7.4216417910447765,0.004218993242830038,0.004204351102887857
1990,7.425373134328358,0.004100576974451542,0.0042046013787933965
1991,7.42910447761194,0.004114158451557159,0.004210505191600177
1992,7.432835820895522,0.0041739195585250854,0.0042064466581838884
1993,7.436567164179104,0.003965471405535936,0.004198952157777257
1994,7.440298507462686,0.004195796325802803,0.004195887992930848
1995,7.4440298507462686,0.004159374162554741,0.004196388760536182
1996,7.447761194029851,0.00434919074177742,0.004199744009117528
1997,7.451492537313433,0.0042085424065589905,0.004205738977960697
1998,7.455223880597015,0.0043349070474505424,0.0042098576384710104
1999,7.458955223880597,0.004402133636176586,0.004208827834212925
2000,7.462686567164179,0.004299266263842583,0.004205668356451319
2001,7.4664179104477615,0.004213440697640181,0.0042038324584321276
2002,7.470149253731344,0.004462639335542917,0.004204825009787228
2003,7.473880597014926,0.0041580162942409515,0.004205391344773333
2004,7.477611940298507,0.004414550494402647,0.004205124214200712
2005,7.481343283582089,0.0041303569450974464,0.004200344053437797
2006,7.485074626865671,0.004260456655174494,0.004193599568679929
2007,7.4888059701492535,0.00422590272501111,0.00420394695999964
2008,7.492537313432836,0.00402410002425313,0.004204447114294986
2009,7.496268656716418,0.0040895333513617516,0.0042030715962826475
2010,7.5,0.004222155548632145,0.004199605236375113
2011,7.503731343283582,0.004324119072407484,0.0041937746573239565
2012,7.507462686567164,0.004099898040294647,0.004198102456540233
2013,7.5111940298507465,0.0040316106751561165,0.004199034415140021
2014,7.514925373134329,0.004106953740119934,0.004206191992568897
2015,7.518656716417911,0.004447820130735636,0.0042028223766332
2016,7.522388059701493,0.004290265496820211,0.004202271260820874
2017,7.526119402985074,0.004272247664630413,0.004199873309627902
2018,7.529850746268656,0.004227599129080772,0.004203261574730277
2019,7.5335820895522385,0.004084629938006401,0.004198121117064502
2020,7.537313432835821,0.0042050243355333805,0.004196466293140519
2021,7.541044776119403,0.004128093831241131,0.004189133252267067
2022,7.544776119402985,0.00417402945458889,0.0041921979168475405
2023,7.548507462686567,0.004212705418467522,0.0041896255243933055
2024,7.552238805970149,0.004276744090020657,0.004189335519629644
2025,7.5559701492537314,0.004047485534101725,0.004189407004316042
2026,7.559701492537314,0.0038562442641705275,0.004195180227525714
2027,7.563432835820896,0.00446696300059557,0.004190107268031414
2028,7.567164179104478,0.004252363927662373,0.004187128557710022
2029,7.57089552238806,0.004097655415534973,0.004188118042515182
2030,7.574626865671642,0.0040768724866211414,0.004187586552622478
2031,7.5783582089552235,0.0038615232333540916,0.004187883758099704
2032,7.582089552238806,0.004291598219424486,0.004182525847970349
2033,7.585820895522388,0.004212129861116409,0.004187375505840997
2034,7.58955223880597,0.004258932080119848,0.0041923118562142295
2035,7.593283582089552,0.004057642072439194,0.004194619855275605
2036,7.597014925373134,0.00413677841424942,0.004190041178201393
2037,7.600746268656716,0.0042508747428655624,0.0041879168995542495
2038,7.604477611940299,0.004347461275756359,0.0041817170624598495
2039,7.608208955223881,0.004124148283153772,0.00418162068193097
2040,7.611940298507463,0.004334285855293274,0.004181221189976829
2041,7.615671641791045,0.0039986115880310535,0.004176273516084
2042,7.619402985074627,0.004339091945439577,0.004180162071772828
2043,7.623134328358209,0.0043571712449193,0.004181106387433119
2044,7.626865671641791,0.004146126098930836,0.004173928763853704
2045,7.630597014925373,0.004417481366544962,0.004175726250495489
2046,7.634328358208955,0.004367059096693993,0.004176425685106617
2047,7.638059701492537,0.004052465315908194,0.0041769867785638425
2048,7.641791044776119,0.004103775601834059,0.004172747261913084
2049,7.645522388059701,0.0040646689012646675,0.004172032619485768
2050,7.649253731343284,0.004067742265760899,0.004176285799320151
2051,7.652985074626866,0.004234340973198414,0.004177827717418351
2052,7.656716417910448,0.00410444475710392,0.0041843851255934416
2053,7.66044776119403,0.00429873401299119,0.0041789729716029105
2054,7.664179104477612,0.004234001040458679,0.004179048476877009
2055,7.667910447761194,0.004201581701636314,0.004172817304185251
2056,7.6716417910447765,0.004260094370692968,0.004175625661978635
2057,7.675373134328358,0.004203170072287321,0.004181604207743232
2058,7.67910447761194,0.004018054343760014,0.004181594258492313
2059,7.682835820895522,0.004223647527396679,0.004182184103694631
2060,7.686567164179104,0.004068250767886639,0.004182012127030913
2061,7.690298507462686,0.004002169705927372,0.004178079890041817
2062,7.6940298507462686,0.004287524614483118,0.004183125704890344
2063,7.697761194029851,0.004212746396660805,0.004183665758407697
2064,7.701492537313433,0.003918422851711512,0.0041780344483147306
2065,7.705223880597015,0.004350441042333841,0.004177834838628769
2066,7.708955223880597,0.004076162353157997,0.004172468183153286
2067,7.712686567164179,0.003879249095916748,0.004166928653764289
2068,7.7164179104477615,0.004293142817914486,0.00417078042221142
2069,7.720149253731344,0.004223063588142395,0.004175158206191732
2070,7.723880597014926,0.004272035788744688,0.004179347272417168
2071,7.727611940298507,0.004140091128647327,0.004186306966514122
2072,7.731343283582089,0.004130376968532801,0.004183497064088176
2073,7.735074626865671,0.00406969990581274,0.0041830368544452075
2074,7.7388059701492535,0.004215225577354431,0.004175217027162633
2075,7.742537313432836,0.004003453999757767,0.004180322310364828
2076,7.746268656716418,0.0041727847419679165,0.004181021404248185
2077,7.75,0.004381898790597916,0.004175048980225877
2078,7.753731343283582,0.004250466823577881,0.00417439649790162
2079,7.757462686567164,0.004371644929051399,0.004175969274578298
2080,7.7611940298507465,0.0041170972399413586,0.004173526381392304
2081,7.764925373134329,0.004173064138740301,0.004177421990145997
2082,7.768656716417911,0.004205489996820688,0.00418462803042153
2083,7.772388059701493,0.00436123413965106,0.004187844318860188
2084,7.776119402985074,0.004126287531107664,0.004187160625872089
2085,7.779850746268656,0.004137942101806402,0.004195061796231241
2086,7.7835820895522385,0.004197448492050171,0.004191711408699431
2087,7.787313432835821,0.0041399383917450905,0.004193299529483405
2088,7.791044776119403,0.004210387822240591,0.0041978007364200385
2089,7.794776119402985,0.004283264745026827,0.004196715370820063
2090,7.798507462686567,0.00423642061650753,0.0041963395140156515
2091,7.802238805970149,0.004353089723736048,0.004194798981543721
2092,7.8059701492537314,0.004119134973734617,0.004196038889903121
2093,7.809701492537314,0.00408557616174221,0.004197667886662047
2094,7.813432835820896,0.003978121094405651,0.004205036806169807
2095,7.817164179104478,0.004443317651748657,0.004202010269026931
2096,7.82089552238806,0.004230244550853968,0.004204458420778193
2097,7.824626865671642,0.004015224985778332,0.004203234174538676
2098,7.8283582089552235,0.004176418296992779,0.004203189050824177
2099,7.832089552238806,0.004082538187503815,0.004201684510562478
2100,7.835820895522388,0.004123488906770945,0.00420160245195758
2101,7.83955223880597,0.004227970726788044,0.004204575426694824
2102,7.843283582089552,0.004297617357224226,0.004207203039763178
2103,7.847014925373134,0.004419392440468073,0.004203066581905615
2104,7.850746268656716,0.004184714984148741,0.0041974270034854004
2105,7.854477611940299,0.0042423708364367485,0.0042037417566994344
2106,7.858208955223881,0.004213075153529644,0.0042088480620849425
2107,7.861940298507463,0.004141275305300951,0.004206762058524097
2108,7.865671641791045,0.004063798580318689,0.004206944597748722
2109,7.869402985074627,0.0042486428283154964,0.0042069728213657695
2110,7.873134328358209,0.00420765345916152,0.0042128318739010065
2111,7.876865671641791,0.004208873957395554,0.004214093884135165
2112,7.880597014925373,0.004190927371382713,0.0042071386422144206
2113,7.884328358208955,0.004197165835648775,0.004206659147379602
2114,7.888059701492537,0.004371825605630875,0.0042114065755612965
2115,7.891791044776119,0.004091137554496527,0.004223804705117534
2116,7.895522388059701,0.0041038282215595245,0.004216165951930168
2117,7.899253731343284,0.004122590646147728,0.004215289327520423
2118,7.902985074626866,0.004380048718303442,0.004229046109064323
2119,7.906716417910448,0.004188780672848225,0.00423020914923854
2120,7.91044776119403,0.004368280526250601,0.004235149883642429
2121,7.914179104477612,0.00423898920416832,0.004234400362048934
2122,7.917910447761194,0.0042807962745428085,0.004230911298314246
2123,7.9216417910447765,0.004035895224660635,0.004225505663581737
2124,7.925373134328358,0.004130011424422264,0.004219120936241091
2125,7.92910447761194,0.004385192412883043,0.00421573799784954
2126,7.932835820895522,0.004347300622612238,0.0042183882352419015
2127,7.936567164179104,0.004111922346055508,0.0042132388505085215
2128,7.940298507462686,0.0041474224999547005,0.004209616119269191
2129,7.9440298507462686,0.004211544990539551,0.004210094262550517
2130,7.947761194029851,0.004523485898971558,0.004210515152208689
2131,7.951492537313433,0.004288163036108017,0.004210429618180525
2132,7.955223880597015,0.004067924804985523,0.004206904914320969
2133,7.958955223880597,0.004099475685507059,0.00420384710972629
2134,7.962686567164179,0.004280220717191696,0.004204227714004313
2135,7.9664179104477615,0.004486444406211376,0.004197240102945305
2136,7.970149253731344,0.004130128771066666,0.004197081414664664
2137,7.973880597014926,0.004194302950054407,0.004196307928551261
2138,7.977611940298507,0.004579253029078245,0.004197226791847043
2139,7.981343283582089,0.004224102944135666,0.004190971257119644
2140,7.985074626865671,0.004285108298063278,0.0041859761652786555
2141,7.9888059701492535,0.004092758521437645,0.004180855072307877
2142,7.992537313432836,0.004084919113665819,0.004180027864782549
2143,7.996268656716418,0.004075986333191395,0.00417740295482118
2144,8.0,0.004157618619501591,0.004182465158675502
2145,8.003731343283581,0.0040460145100951195,0.00418717441398923
2146,8.007462686567164,0.004351030569523573,0.004184703058676749
2147,8.011194029850746,0.00400195037946105,0.004185624977164879
2148,8.014925373134329,0.003992743324488401,0.00418761634926607
2149,8.01865671641791,0.004083402454853058,0.0041887072914439
2150,8.022388059701493,0.004265899304300547,0.004188206262613942
2151,8.026119402985074,0.004204146564006805,0.004180672215070666
2152,8.029850746268657,0.004064361099153757,0.004177831045192916
2153,8.033582089552239,0.004065557383000851,0.004177720990122818
2154,8.037313432835822,0.004212770611047745,0.004178009666048172
2155,8.041044776119403,0.004085333552211523,0.004172383694023621
2156,8.044776119402986,0.004084631334990263,0.004165267367370245
2157,8.048507462686567,0.004072115290910006,0.004163163282522341
2158,8.052238805970148,0.004160264041274786,0.004160952731603529
2159,8.055970149253731,0.004123571794480085,0.004154304701198892
2160,8.059701492537313,0.003983981907367706,0.0041554840849485335
2161,8.063432835820896,0.00415831571444869,0.004147801707248862
2162,8.067164179104477,0.004205073695629835,0.0041474303934814
2163,8.07089552238806,0.00417317496612668,0.004152381361076017
2164,8.074626865671641,0.004243445582687855,0.004152889295322139
2165,8.078358208955224,0.0043230908922851086,0.004147982429258707
2166,8.082089552238806,0.004283866845071316,0.004149444866925478
2167,8.085820895522389,0.004385099280625582,0.0041448997969671
2168,8.08955223880597,0.004193568602204323,0.004144838136598104
2169,8.093283582089553,0.004192151129245758,0.004147499050127297
2170,8.097014925373134,0.004191002808511257,0.004146482011803039
2171,8.100746268656716,0.004214589949697256,0.004142799857640412
2172,8.104477611940299,0.004171675071120262,0.004143712508333165
2173,8.10820895522388,0.004063412547111511,0.0041383980750674156
2174,8.111940298507463,0.00411131139844656,0.004135841503739357
2175,8.115671641791044,0.004049555864185095,0.004135458741518782
2176,8.119402985074627,0.004194675013422966,0.004138867473002614
2177,8.123134328358208,0.0040438612923026085,0.004137593571369241
2178,8.126865671641792,0.004103670362383127,0.004136571149546199
2179,8.130597014925373,0.004306683782488108,0.004130807012410425
2180,8.134328358208956,0.004272457677870989,0.004133376156593241
2181,8.138059701492537,0.003970130812376738,0.004136512533011959
2182,8.14179104477612,0.004077534656971693,0.004142488205305687
2183,8.145522388059701,0.004287908785045147,0.004144779292912018
2184,8.149253731343284,0.0040968116372823715,0.0041429729587057745
2185,8.152985074626866,0.003956437110900879,0.004144898081970651
2186,8.156716417910447,0.004105974454432726,0.004139697883368992
2187,8.16044776119403,0.004164682701230049,0.004135083429878805
2188,8.164179104477611,0.003999422304332256,0.004131015378800108
2189,8.167910447761194,0.004101840779185295,0.0041301013084083064
2190,8.171641791044776,0.004041703883558512,0.004131382422112837
2191,8.175373134328359,0.004114930983632803,0.004129191099597913
2192,8.17910447761194,0.004241565242409706,0.004130464569642776
2193,8.182835820895523,0.003846469335258007,0.004130911059314158
2194,8.186567164179104,0.003960737958550453,0.00413267225844831
2195,8.190298507462687,0.004197077360004187,0.004139707173879553
2196,8.194029850746269,0.00422509154304862,0.004144002229157017
2197,8.197761194029852,0.004032401368021965,0.004144208880550251
2198,8.201492537313433,0.004030195996165276,0.0041441158164383434
2199,8.205223880597014,0.003923934418708086,0.004146613419146799
2200,8.208955223880597,0.0042289067059755325,0.004140039894548132
2201,8.212686567164178,0.004112573340535164,0.004139257424579161
2202,8.216417910447761,0.004403318278491497,0.004145076146303881
2203,8.220149253731343,0.004299008287489414,0.004147170713489376
2204,8.223880597014926,0.004099115263670683,0.004137495748426129
2205,8.227611940298507,0.004322375636547804,0.0041397827813719834
2206,8.23134328358209,0.0041098827496171,0.0041409862772902335
2207,8.235074626865671,0.004094674251973629,0.004142242835880053
2208,8.238805970149254,0.004218309186398983,0.004139849609445508
2209,8.242537313432836,0.004156091716140509,0.0041440044893179
2210,8.246268656716419,0.004244676791131496,0.004143820791618853
2211,8.25,0.004101158585399389,0.00415066143543255
2212,8.253731343283581,0.004266802221536636,0.004150733624289676
2213,8.257462686567164,0.004189981147646904,0.004152527499217086
2214,8.261194029850746,0.004135621711611748,0.004159763091947974
2215,8.264925373134329,0.004399742931127548,0.004166468114751141
2216,8.26865671641791,0.004225653130561113,0.004158593259933518
2217,8.272388059701493,0.00420314772054553,0.004154475190018009
2218,8.276119402985074,0.004040045663714409,0.004158246751147799
2219,8.279850746268657,0.004206072073429823,0.004159457720361832
2220,8.283582089552239,0.004037169273942709,0.004164176311616491
2221,8.287313432835822,0.0042403764091432095,0.004162767958804601
2222,8.291044776119403,0.004208698403090239,0.00415927419302667
2223,8.294776119402986,0.004163411911576986,0.004156226655695497
2224,8.298507462686567,0.0038912352174520493,0.004153452506970342
2225,8.302238805970148,0.004190579988062382,0.0041489550707543765
2226,8.305970149253731,0.004005780443549156,0.0041397716622890495
2227,8.309701492537313,0.004157493356615305,0.0041426895299880966
2228,8.313432835820896,0.0040665604174137115,0.0041450348728131955
2229,8.317164179104477,0.004169772379100323,0.004148256442532307
2230,8.32089552238806,0.00409430917352438,0.0041474929397426
2231,8.324626865671641,0.004322170279920101,0.00414553272151729
2232,8.328358208955224,0.004117890726774931,0.004149852422770203
2233,8.332089552238806,0.004315114114433527,0.004149131840322076
2234,8.335820895522389,0.004143128637224436,0.004148444387970901
2235,8.33955223880597,0.004235643893480301,0.004147830112587388
2236,8.343283582089553,0.0038742083124816418,0.004146635168936194
2237,8.347014925373134,0.004056250676512718,0.004143728454392858
2238,8.350746268656716,0.004187035374343395,0.0041421710899690305
2239,8.354477611940299,0.004079845733940601,0.0041439883956095065
2240,8.35820895522388,0.0041173966601490974,0.004146389833583337
2241,8.361940298507463,0.0041711642406880856,0.004147177459899246
2242,8.365671641791044,0.003969328943639994,0.004144006726763598
2243,8.369402985074627,0.004278369247913361,0.00414392935884435
2244,8.373134328358208,0.004185268189758062,0.004143899613309924
2245,8.376865671641792,0.003914720378816128,0.004148647495795314
2246,8.380597014925373,0.003945855889469385,0.0041487045790545825
2247,8.384328358208956,0.004229515325278044,0.004151383539798056
2248,8.388059701492537,0.004190833307802677,0.004153083180781544
2249,8.39179104477612,0.004350393544882536,0.0041519032972978384
2250,8.395522388059701,0.004124788101762533,0.004153356830612189
2251,8.399253731343284,0.004164307843893766,0.004151881502078074
2252,8.402985074626866,0.004278266336768866,0.004146161614122187
2253,8.406716417910447,0.004237258341163397,0.004148801118589756
2254,8.41044776119403,0.004161795601248741,0.004139443768597231
2255,8.414179104477611,0.004110436420887709,0.004139294972779547
2256,8.417910447761194,0.004350750241428614,0.0041373169572069875
2257,8.421641791044776,0.004106477834284306,0.004147056263031029
2258,8.425373134328359,0.004139295779168606,0.004149787854857561
2259,8.42910447761194,0.004114555194973946,0.004149645442006792
2260,8.432835820895523,0.004304531030356884,0.0041535482969044185
2261,8.436567164179104,0.004069461952894926,0.004157999712156087
2262,8.440298507462687,0.004110376350581646,0.004154964543243007
2263,8.444029850746269,0.004205526318401098,0.004159067484845475
2264,8.447761194029852,0.004162192344665527,0.004156189607229174
2265,8.451492537313433,0.004085898399353027,0.004148366242056576
2266,8.455223880597014,0.0041929204016923904,0.004153675110102064
2267,8.458955223880597,0.004115617834031582,0.0041509320243920496
2268,8.462686567164178,0.0042271786369383335,0.004147964773881362
2269,8.466417910447761,0.004018185194581747,0.00414782043023989
2270,8.470149253731343,0.00422936724498868,0.004137922583783909
2271,8.473880597014926,0.004033820703625679,0.004138300064724029
2272,8.477611940298507,0.004087654873728752,0.004137297541402825
2273,8.48134328358209,0.0042261104099452496,0.0041328824023011985
2274,8.485074626865671,0.00393146276473999,0.004130143848270542
2275,8.488805970149254,0.004137028008699417,0.004126991469004169
2276,8.492537313432836,0.00415454525500536,0.0041279947192112846
2277,8.496268656716419,0.004273519851267338,0.00412012808729054
2278,8.5,0.004168245941400528,0.004120127280901481
2279,8.503731343283581,0.0041811964474618435,0.00411742498030568
2280,8.507462686567164,0.004239862784743309,0.004116314639360076
2281,8.511194029850746,0.004299904685467482,0.00411405630705015
2282,8.514925373134329,0.004046722315251827,0.004116244631160687
2283,8.51865671641791,0.004137549549341202,0.004116292957716235
2284,8.522388059701493,0.004160376265645027,0.004115380045798857
2285,8.526119402985074,0.003864510217681527,0.004119828644367616
2286,8.529850746268657,0.004132383968681097,0.004121001701938306
2287,8.533582089552239,0.00383338937535882,0.004116957172433414
2288,8.537313432835822,0.004107858054339886,0.004115817960487996
2289,8.541044776119403,0.004184915218502283,0.004111760948989086
2290,8.544776119402986,0.003944581840187311,0.004112686081675858
2291,8.548507462686567,0.004140264820307493,0.004110168500962417
2292,8.552238805970148,0.0041232043877244,0.004112581092091959
2293,8.555970149253731,0.004097245633602142,0.004109897985827268
2294,8.559701492537313,0.0041249776259064674,0.004103936726318263
2295,8.563432835820896,0.004032548051327467,0.004104707532039866
2296,8.567164179104477,0.004151569679379463,0.004103329276847766
2297,8.57089552238806,0.00402821833267808,0.004105176259877115
2298,8.574626865671641,0.004106444772332907,0.004100826608653112
2299,8.578358208955224,0.004028501454740763,0.00409636837884602
2300,8.582089552238806,0.004069031216204166,0.004093236465961105
2301,8.585820895522389,0.0042119394056499004,0.004092199358771123
2302,8.58955223880597,0.004159183241426945,0.0040851004887372255
2303,8.593283582089553,0.00411235773935914,0.00408415476473548
2304,8.597014925373134,0.0041680969297885895,0.004082351622012694
2305,8.600746268656716,0.004344584885984659,0.004080708337402562
2306,8.604477611940299,0.00413399375975132,0.004084940613588182
2307,8.60820895522388,0.004027094691991806,0.004085466311108775
2308,8.611940298507463,0.004068910144269466,0.004091989532930822
2309,8.615671641791044,0.004060841165482998,0.004086230080801903
2310,8.619402985074627,0.004056115634739399,0.0040836257848706915
2311,8.623134328358208,0.00412614643573761,0.004087056266143918
2312,8.626865671641792,0.004132736939936876,0.004088843894395523
2313,8.630597014925373,0.003977647516876459,0.004088605225949389
2314,8.634328358208956,0.0039816987700760365,0.004087109431033817
2315,8.638059701492537,0.003963065799325705,0.00408514625983449
2316,8.64179104477612,0.004080519545823336,0.004091340440847888
2317,8.645522388059701,0.0042302715592086315,0.004090672568985965
2318,8.649253731343284,0.004095184151083231,0.0040926197259800465
2319,8.652985074626866,0.003985458519309759,0.0040925088758784825
2320,8.656716417910447,0.004052788019180298,0.004095582706036001
2321,8.66044776119403,0.00419734138995409,0.004099989202009832
2322,8.664179104477611,0.004008851014077663,0.004095627954684016
2323,8.667910447761194,0.004007947631180286,0.0040945602728553665
2324,8.671641791044776,0.004063620697706938,0.004092488579860911
2325,8.675373134328359,0.00409300159662962,0.004091948832998552
2326,8.67910447761194,0.004038033541291952,0.004082454226502195
2327,8.682835820895523,0.004153937567025423,0.004081354425402313
2328,8.686567164179104,0.004100841470062733,0.004084944753430602
2329,8.690298507462687,0.0038717205170542,0.004081871922741212
2330,8.694029850746269,0.0040781390853226185,0.004080558871486928
2331,8.697761194029852,0.004085231572389603,0.004074832543776166
2332,8.701492537313433,0.004213557578623295,0.004076118677536525
2333,8.705223880597014,0.004113418981432915,0.004071007522459074
2334,8.708955223880597,0.004035918042063713,0.004072817434306915
2335,8.712686567164178,0.004044487606734037,0.004077463813989264
2336,8.716417910447761,0.004286509472876787,0.004083830584976368
2337,8.720149253731343,0.004124186933040619,0.004084712536096937
2338,8.723880597014926,0.004108051769435406,0.004078906330439012
2339,8.727611940298507,0.004101899918168783,0.00408218220080726
2340,8.73134328358209,0.004154528491199017,0.004085887638034254
2341,8.735074626865671,0.0042496975511312485,0.004090438511722335
2342,8.738805970149254,0.004033128265291452,0.004091457969213768
2343,8.742537313432836,0.004115408286452293,0.004090606354222428
2344,8.746268656716419,0.004027418326586485,0.004095127754958301
2345,8.75,0.004145967308431864,0.004096596439300877
2346,8.753731343283581,0.003955306019634008,0.0040962451035384
2347,8.757462686567164,0.004088901914656162,0.004093291118695605
2348,8.761194029850746,0.004174298141151667,0.004088465141405056
2349,8.764925373134329,0.003942924086004496,0.004087001761058118
2350,8.76865671641791,0.00400700606405735,0.004093691343214453
2351,8.772388059701493,0.0038213361985981464,0.004093864217127968
2352,8.776119402985074,0.004178877919912338,0.004091652541807512
2353,8.779850746268657,0.00392317958176136,0.004083059722466803
2354,8.783582089552239,0.0040518539026379585,0.004078093024606749
2355,8.787313432835822,0.004172200337052345,0.0040796519109479535
2356,8.791044776119403,0.004224103409796953,0.0040861423206856335
2357,8.794776119402986,0.0041166795417666435,0.004078730287757225
2358,8.798507462686567,0.003992217127233744,0.004072954804386671
2359,8.802238805970148,0.004229494836181402,0.004074562130859349
2360,8.805970149253731,0.004137381445616484,0.0040737009527752315
2361,8.809701492537313,0.004239373840391636,0.004073468928520636
2362,8.813432835820896,0.004239139147102833,0.0040723925694914126
2363,8.817164179104477,0.0039739347994327545,0.004072238038089581
2364,8.82089552238806,0.004193325061351061,0.004066226430373584
2365,8.824626865671641,0.0041238367557525635,0.004071288815949385
2366,8.828358208955224,0.004078596830368042,0.004067587047224728
2367,8.832089552238806,0.0039169201627373695,0.004072192982520636
2368,8.835820895522389,0.003956072498112917,0.004069854261171891
2369,8.83955223880597,0.00404084287583828,0.004069148648030511
2370,8.843283582089553,0.004145993385463953,0.004070962784902715
2371,8.847014925373134,0.00408522691577673,0.004073257222998797
2372,8.850746268656716,0.003994552884250879,0.0040731505638488185
2373,8.854477611940299,0.003861251985654235,0.0040711608045257445
2374,8.85820895522388,0.003909784369170666,0.00407378354518697
2375,8.861940298507463,0.004099832382053137,0.0040748720909128105
2376,8.865671641791044,0.004310594405978918,0.0040740607158712494
2377,8.869402985074627,0.003982616122812033,0.004069663828420566
2378,8.873134328358208,0.0038873921148478985,0.004064500144478388
2379,8.876865671641792,0.004173952154815197,0.004067218459279436
2380,8.880597014925373,0.004066591616719961,0.004060435046373707
2381,8.884328358208956,0.004145015496760607,0.0040651443698329895
2382,8.888059701492537,0.004205566830933094,0.004058516942100917
2383,8.89179104477612,0.004026792477816343,0.00405728288290159
2384,8.895522388059701,0.003868932370096445,0.004057143695607055
2385,8.899253731343284,0.004234976135194302,0.004056600882194754
2386,8.902985074626866,0.00399419479072094,0.004054315098584062
2387,8.906716417910447,0.004144149366766214,0.004051699376914923
2388,8.91044776119403,0.0039930143393576145,0.004054933269621759
2389,8.914179104477611,0.004145368002355099,0.004051628641829621
2390,8.917910447761194,0.0040173036977648735,0.00405106294286869
2391,8.921641791044776,0.004101078025996685,0.004050807680980098
2392,8.925373134328359,0.0038169631734490395,0.004047825824605619
2393,8.92910447761194,0.004097297787666321,0.004048102177543248
2394,8.932835820895523,0.0040307119488716125,0.004055501336640701
2395,8.936567164179104,0.004096484277397394,0.004063120918212141
2396,8.940298507462687,0.004138933960348368,0.004059767373269651
2397,8.944029850746269,0.0040438310243189335,0.004052419544810929
2398,8.947761194029852,0.003904968500137329,0.004050967840068951
2399,8.951492537313433,0.004103668034076691,0.004052941267174192
2400,8.955223880597014,0.0039513749070465565,0.0040482499000684515
2401,8.958955223880597,0.004330463707447052,0.004048625313926761
2402,8.962686567164178,0.003967649303376675,0.004046389946668613
2403,8.966417910447761,0.00418854271993041,0.004042811157954175
2404,8.970149253731343,0.003968228120356798,0.0040471332443014875
2405,8.973880597014926,0.004171069711446762,0.0040508972299171655
2406,8.977611940298507,0.004030119627714157,0.00404596833012453
2407,8.98134328358209,0.003971352241933346,0.0040451862463136996
2408,8.985074626865671,0.004049509763717651,0.004039440065531469
2409,8.988805970149254,0.0038205827586352825,0.004041894827401493
2410,8.992537313432836,0.004017649218440056,0.0040397333867121035
2411,8.996268656716419,0.004135527648031712,0.004047772086157304
2412,9.0,0.003962970804423094,0.0040464423278846395
2413,9.003731343283581,0.004005883354693651,0.004052340530040787
2414,9.007462686567164,0.004164617508649826,0.004052529747529727
2415,9.011194029850746,0.004222187213599682,0.004054385782560197
2416,9.014925373134329,0.003962337039411068,0.004052013965187277
2417,9.01865671641791,0.004009333439171314,0.004053759252334513
2418,9.022388059701493,0.003923096228390932,0.004052281572778777
2419,9.026119402985074,0.003968302626162767,0.0040560758718085
2420,9.029850746268657,0.003981606103479862,0.004055780006527174
2421,9.033582089552239,0.004081983584910631,0.00406326151384813
2422,9.037313432835822,0.0040533654391765594,0.00405740723150169
2423,9.041044776119403,0.004058836493641138,0.004061203268243045
2424,9.044776119402986,0.004203998018056154,0.004064102816145595
2425,9.048507462686567,0.004023255780339241,0.004067355017291337
2426,9.052238805970148,0.004032891243696213,0.0040613410812689035
2427,9.055970149253731,0.003962129354476929,0.004061537204174007
2428,9.059701492537313,0.003908555954694748,0.00406670852041826
2429,9.063432835820896,0.0040936595760285854,0.004066961681152262
2430,9.067164179104477,0.0040567489340901375,0.0040734126686868145
2431,9.07089552238806,0.00434689037501812,0.0040761373096668135
2432,9.074626865671641,0.004046557936817408,0.004078353800606437
2433,9.078358208955224,0.00405878946185112,0.004082744157441505
2434,9.082089552238806,0.004105055704712868,0.004086893279014564
2435,9.085820895522389,0.004106809385120869,0.004084170171309535
2436,9.08955223880597,0.003999239765107632,0.0040806057045190795
2437,9.093283582089553,0.004210490733385086,0.004084355708938546
2438,9.097014925373134,0.00398324616253376,0.004088131347443999
2439,9.100746268656716,0.004060534760355949,0.0040946813504688625
2440,9.104477611940299,0.004091537557542324,0.004097410489055441
2441,9.10820895522388,0.004258116707205772,0.004096254944892191
2442,9.111940298507463,0.0040904381312429905,0.004102000194351848
2443,9.115671641791044,0.004123286809772253,0.004104169380919236
2444,9.119402985074627,0.004307424183934927,0.00410212888723103
2445,9.123134328358208,0.00410156836733222,0.004093139284721962
2446,9.126865671641792,0.003924498334527016,0.004094175176649559
2447,9.130597014925373,0.004038160666823387,0.004095410451111271
2448,9.134328358208956,0.004183376207947731,0.004096110181019801
2449,9.138059701492537,0.004059889353811741,0.004098312986060613
2450,9.14179104477612,0.004085073247551918,0.004102174079091084
2451,9.145522388059701,0.004129359498620033,0.004101498892939672
2452,9.149253731343284,0.004226403776556253,0.004090716432007711
2453,9.152985074626866,0.0041429754346609116,0.004088182678082731
2454,9.156716417910447,0.004175997339189053,0.004090127836140554
2455,9.16044776119403,0.004052970092743635,0.004093069032334336
2456,9.164179104477611,0.004076044075191021,0.00409825068398765
2457,9.167910447761194,0.004116087220609188,0.004098997332110274
2458,9.171641791044776,0.004164134617894888,0.0040980479736789695
2459,9.175373134328359,0.0041916463524103165,0.004100971679180497
2460,9.17910447761194,0.004080197308212519,0.004101691830040115
2461,9.182835820895523,0.003934228792786598,0.004101227622524631
2462,9.186567164179104,0.004317538812756538,0.004089098497543756
2463,9.190298507462687,0.004142302088439465,0.004086506740394525
2464,9.194029850746269,0.003975176252424717,0.004086938635559707
2465,9.197761194029852,0.0038354243151843548,0.004083696417737662
2466,9.201492537313433,0.004065727349370718,0.0040855468648326836
2467,9.205223880597014,0.004083537496626377,0.004088517897421631
2468,9.208955223880597,0.003990818280726671,0.004087981285254766
2469,9.212686567164178,0.003998870961368084,0.004081914672718906
2470,9.216417910447761,0.0042519643902778625,0.00408307703143758
2471,9.220149253731343,0.004029066301882267,0.004083473377338633
2472,9.223880597014926,0.0039048094768077135,0.004079329321251773
2473,9.227611940298507,0.003942674025893211,0.004080390472464808
2474,9.23134328358209,0.00413854094222188,0.004081886653538521
2475,9.235074626865671,0.004225644748657942,0.004075252956415459
2476,9.238805970149254,0.004319257102906704,0.004079406609667874
2477,9.242537313432836,0.0040298523381352425,0.0040799739554797
2478,9.246268656716419,0.004171567037701607,0.004080785693964217
2479,9.25,0.00410311808809638,0.004078746972060422
2480,9.253731343283581,0.004090060945600271,0.004073165942028892
2481,9.257462686567164,0.004072505049407482,0.0040699197036191456
2482,9.261194029850746,0.003760822582989931,0.004073554564767131
2483,9.264925373134329,0.003984176088124514,0.004062982582737033
2484,9.26865671641791,0.0041409945115447044,0.004062288849637276
2485,9.272388059701493,0.004174493253231049,0.004065879166307972
2486,9.276119402985074,0.004177436698228121,0.004067430511207842
2487,9.279850746268657,0.004046310670673847,0.004066976196155316
2488,9.283582089552239,0.004016159567981958,0.004064361712463745
2489,9.287313432835822,0.003934645093977451,0.004068052827766756
2490,9.291044776119403,0.0041075460612773895,0.0040711043402552605
2491,9.294776119402986,0.004101323429495096,0.004066855601239495
2492,9.298507462686567,0.003959453199058771,0.004068328749115874
2493,9.302238805970148,0.004269910976290703,0.00406857678189692
2494,9.305970149253731,0.004204318858683109,0.004075282883671362
2495,9.309701492537313,0.0039040157571434975,0.004071232482291213
2496,9.313432835820896,0.004223269876092672,0.004065940514343177
2497,9.317164179104477,0.0040993052534759045,0.004056071175444053
2498,9.32089552238806,0.0041493684984743595,0.0040582507428508705
2499,9.324626865671641,0.004080547019839287,0.004054181703661636
2500,9.328358208955224,0.003962824121117592,0.004054709706773482
2501,9.332089552238806,0.003947101533412933,0.0040531142603424265
2502,9.335820895522389,0.0040832580998539925,0.004051786478290834
2503,9.33955223880597,0.003884087549522519,0.004052809774648489
2504,9.343283582089553,0.0041138590313494205,0.004056230760974492
2505,9.347014925373134,0.00412237923592329,0.004047253089616212
2506,9.350746268656716,0.003899029456079006,0.0040480977651186105
2507,9.354477611940299,0.004047100432217121,0.004038645357756716
2508,9.35820895522388,0.0039763436652719975,0.004037764031303729
2509,9.361940298507463,0.004142154008150101,0.00403710532501885
2510,9.365671641791044,0.004123982973396778,0.004040661205469471
2511,9.369402985074627,0.004077766090631485,0.004040136359768306
2512,9.373134328358208,0.004089465364813805,0.004047200907158052
2513,9.376865671641792,0.003914978820830584,0.004050638725435952
2514,9.380597014925373,0.004217624198645353,0.004049408334738961
2515,9.384328358208956,0.0039724744856357574,0.00404553929139383
2516,9.388059701492537,0.0040086740627884865,0.00404861901614179
2517,9.39179104477612,0.003914614208042622,0.004049288171411651
2518,9.395522388059701,0.004119214601814747,0.004046320353021346
2519,9.399253731343284,0.004004736430943012,0.004040943543858281
2520,9.402985074626866,0.00412476621568203,0.004035421755028571
2521,9.406716417910447,0.004024647641927004,0.004034557658043213
2522,9.41044776119403,0.004018065985292196,0.004041035279131881
2523,9.414179104477611,0.003802777733653784,0.0040440631451130644
2524,9.417910447761194,0.004124436527490616,0.0040450462185573285
2525,9.421641791044776,0.0037729099858552217,0.004040230213232883
2526,9.425373134328359,0.0042091249488294125,0.00403853705743464
2527,9.42910447761194,0.003789887996390462,0.004040748289808995
2528,9.432835820895523,0.004010176286101341,0.0040414042929868875
2529,9.436567164179104,0.0039891526103019714,0.0040424952578799024
2530,9.440298507462687,0.0040804361924529076,0.004037115086869496
2531,9.444029850746269,0.004086027387529612,0.004036623552986761
2532,9.447761194029852,0.00439096987247467,0.004032664375788555
2533,9.451492537313433,0.004100403748452663,0.004030863572729797
2534,9.455223880597014,0.004219464957714081,0.00403920003417425
2535,9.458955223880597,0.004045688081532717,0.004037979263358
2536,9.462686567164178,0.004030284471809864,0.0040389709288208946
2537,9.466417910447761,0.004250705242156982,0.004040218242330522
2538,9.470149253731343,0.003977624699473381,0.004040154651170824
2539,9.473880597014926,0.003928919322788715,0.004040712740544866
2540,9.477611940298507,0.0038541536778211594,0.0040397948199292506
2541,9.48134328358209,0.003927396144717932,0.004036227479667925
2542,9.485074626865671,0.0042126839980483055,0.004040706471153875
2543,9.488805970149254,0.004207400605082512,0.0040482112842543825
2544,9.492537313432836,0.0039243935607373714,0.004050601432781394
2545,9.496268656716419,0.003916402813047171,0.004046862751881524
2546,9.5,0.004052959848195314,0.004054749208479756
2547,9.503731343283581,0.003989689983427525,0.004051151520731609
2548,9.507462686567164,0.004073996562510729,0.0040542700146211355
2549,9.511194029850746,0.00402107322588563,0.0040497697617222625
2550,9.514925373134329,0.0039215669967234135,0.004048557849828063
2551,9.51865671641791,0.004103830084204674,0.0040513624709735555
2552,9.522388059701493,0.003915439825505018,0.004045775154514647
2553,9.526119402985074,0.004015632439404726,0.004038868193719082
2554,9.529850746268657,0.004256773740053177,0.0040391142332426655
2555,9.533582089552239,0.004167572595179081,0.004031944469117173
2556,9.537313432835822,0.004013132769614458,0.0040301649842593
2557,9.541044776119403,0.004059813916683197,0.004023018673562058
2558,9.544776119402986,0.003912006970494986,0.004016074232711661
2559,9.548507462686567,0.0041420962661504745,0.004013054612342541
2560,9.552238805970148,0.003967101685702801,0.004013944491062586
2561,9.555970149253731,0.00397850526496768,0.004015874270940336
2562,9.559701492537313,0.004208286292850971,0.004021072754545546
2563,9.563432835820896,0.004325763322412968,0.0040148840251764874
2564,9.567164179104477,0.003900773823261261,0.004014273122997909
2565,9.57089552238806,0.0039711506105959415,0.004015716071036167
2566,9.574626865671641,0.0040962547063827515,0.004013176076114178
2567,9.578358208955224,0.0040616197511553764,0.004009644239686611
2568,9.582089552238806,0.0039177462458610535,0.004007714141796275
2569,9.585820895522389,0.003825665917247534,0.004002864131840264
2570,9.58955223880597,0.003939464222639799,0.004002134463318237
2571,9.593283582089553,0.004195425659418106,0.004001184094061212
2572,9.597014925373134,0.003856947412714362,0.00400322861969471
2573,9.600746268656716,0.004107784479856491,0.0040069408260467575
2574,9.604477611940299,0.004110491368919611,0.004007100388862011
2575,9.60820895522388,0.003925504628568888,0.003998741575675767
2576,9.611940298507463,0.003972729202359915,0.003994249988619874
2577,9.615671641791044,0.0037372857332229614,0.003994641439398614
2578,9.619402985074627,0.0039659831672906876,0.00399236431027331
2579,9.623134328358208,0.003853820264339447,0.003993047798824746
2580,9.626865671641792,0.003965404350310564,0.003984908346177601
2581,9.630597014925373,0.003933274652808905,0.0039851684009701745
2582,9.634328358208956,0.004140533972531557,0.003988689561260909
2583,9.638059701492537,0.003958946093916893,0.003980335052602175
2584,9.64179104477612,0.004182353615760803,0.003970750607550144
2585,9.645522388059701,0.003983554430305958,0.003971442364428829
2586,9.649253731343284,0.003812263021245599,0.003970051388733271
2587,9.652985074626866,0.003908154554665089,0.003969157432637564
2588,9.656716417910447,0.003910555969923735,0.003965827431984064
2589,9.66044776119403,0.0038751461543142796,0.003970245274192676
2590,9.664179104477611,0.003991156816482544,0.003980928248294243
2591,9.667910447761194,0.0038826018571853638,0.0039807679245203
2592,9.671641791044776,0.004187655635178089,0.003977855190453006
2593,9.675373134328359,0.004067640285938978,0.003980332287028432
2594,9.67910447761194,0.0040221745148301125,0.003975499483824867
2595,9.682835820895523,0.003914062399417162,0.003971612824853964
2596,9.686567164179104,0.003983417525887489,0.00397180929984443
2597,9.690298507462687,0.004029182251542807,0.003971967908621925
2598,9.694029850746269,0.003966451622545719,0.003981399809850789
2599,9.697761194029852,0.003940030001103878,0.003978174980502666
2600,9.701492537313433,0.0038083787076175213,0.003980171804248196
2601,9.705223880597014,0.003977763932198286,0.003981784639153175
2602,9.708955223880597,0.0041228728368878365,0.003981139493833591
2603,9.712686567164178,0.003865751437842846,0.003975911832573574
2604,9.716417910447761,0.003932801075279713,0.003977940855093482
2605,9.720149253731343,0.0039291358552873135,0.003977569030234363
2606,9.723880597014926,0.003914120607078075,0.003978532460722618
2607,9.727611940298507,0.004059602506458759,0.003980709103549399
2608,9.73134328358209,0.0039250897243618965,0.003980372629196542
2609,9.735074626865671,0.004098877776414156,0.003982965715184081
2610,9.738805970149254,0.004263667855411768,0.003984140192453817
2611,9.742537313432836,0.003932890947908163,0.003983853617683053
2612,9.746268656716419,0.004076003562659025,0.003989898457714334
2613,9.75,0.003958508372306824,0.003983876866674642
2614,9.753731343283581,0.003909639548510313,0.003981793486717634
2615,9.757462686567164,0.003951138351112604,0.003977571182498117
2616,9.761194029850746,0.003933560103178024,0.0039766241069428806
2617,9.764925373134329,0.003979232162237167,0.003975133491089431
2618,9.76865671641791,0.004123993683606386,0.0039710061136269716
2619,9.772388059701493,0.0038337651640176773,0.003967058617712521
2620,9.776119402985074,0.00393569003790617,0.003967983750399293
2621,9.779850746268657,0.0040315305814146996,0.003971291092656008
2622,9.783582089552239,0.003906823694705963,0.003969009891833838
2623,9.787313432835822,0.003926199860870838,0.00396000407068286
2624,9.791044776119403,0.004042136017233133,0.003960736391202706
2625,9.794776119402986,0.0041671087965369225,0.003958735563905864
2626,9.798507462686567,0.004023055080324411,0.003955500183354427
2627,9.802238805970148,0.0039015053771436214,0.003950373547878571
2628,9.805970149253731,0.0038943591061979532,0.003948164314440474
2629,9.809701492537313,0.0040168724954128265,0.003951587015762925
2630,9.813432835820896,0.0039232997223734856,0.003949613645445646
2631,9.817164179104477,0.003979407250881195,0.003942462609989978
2632,9.82089552238806,0.0041304402984678745,0.003944082350311119
2633,9.824626865671641,0.003940770402550697,0.003938342575210987
2634,9.828358208955224,0.003982221707701683,0.003934702989304575
2635,9.832089552238806,0.0038490600418299437,0.003939134347048111
2636,9.835820895522389,0.0038752323016524315,0.003941245076087553
2637,9.83955223880597,0.003922302275896072,0.003938483301459289
2638,9.843283582089553,0.003859959775581956,0.003933856178574809
2639,9.847014925373134,0.0038046042900532484,0.003936507801593441
2640,9.850746268656716,0.00397796044126153,0.003938283879173602
2641,9.854477611940299,0.003943979740142822,0.003938119852824546
2642,9.85820895522388,0.0038842346984893084,0.0039364065940878015
2643,9.861940298507463,0.0037536341696977615,0.003939635716605841
2644,9.865671641791044,0.003895776579156518,0.003936970867670891
2645,9.869402985074627,0.003850767156109214,0.003930453040705222
2646,9.873134328358208,0.0037964852526783943,0.0039211492928699025
2647,9.876865671641792,0.003703928552567959,0.003920199650498789
2648,9.880597014925373,0.003969023935496807,0.00392347094375731
2649,9.884328358208956,0.004065420478582382,0.003921824683457977
2650,9.888059701492537,0.004017969593405724,0.003918462148981124
2651,9.89179104477612,0.003970475401729345,0.003920232581837875
2652,9.895522388059701,0.003999300301074982,0.003917750976298277
2653,9.899253731343284,0.0038406727835536003,0.003913451900433113
2654,9.902985074626866,0.0038092853501439095,0.003912522224709392
2655,9.906716417910447,0.004091325215995312,0.003912315766395229
2656,9.91044776119403,0.004037678241729736,0.003914488502210233
2657,9.914179104477611,0.0038203273434191942,0.003924883243332549
2658,9.917910447761194,0.003789520123973489,0.003925751247329683
2659,9.921641791044776,0.004232710227370262,0.003931141941149424
2660,9.925373134328359,0.003906584344804287,0.003937840245936702
2661,9.92910447761194,0.0039289649575948715,0.003936488488007609
2662,9.932835820895523,0.003961286973208189,0.003937647700673196
2663,9.936567164179104,0.004039217717945576,0.003941827959085747
2664,9.940298507462687,0.0038169410545378923,0.003945250149316541
2665,9.944029850746269,0.0037749051116406918,0.003945944137962126
2666,9.947761194029852,0.0037856551352888346,0.003952101775922063
2667,9.951492537313433,0.003984119743108749,0.003955146905443654
2668,9.955223880597014,0.004035628400743008,0.003957695083510949
2669,9.958955223880597,0.003826862433925271,0.003955725319229248
2670,9.962686567164178,0.0038790085818618536,0.003948228916425894
2671,9.966417910447761,0.003995887469500303,0.003951536429046494
2672,9.970149253731343,0.0038776614237576723,0.003948932769140456
2673,9.973880597014926,0.003954178187996149,0.0039518376664690125
2674,9.977611940298507,0.0039026536978781223,0.0039571326214638426
2675,9.98134328358209,0.003973756916821003,0.003958907353169307
2676,9.985074626865671,0.0039381422102451324,0.003954860711152234
2677,9.988805970149254,0.00430141668766737,0.003952531178095718
2678,9.992537313432836,0.003957890439778566,0.003959451455668342
2679,9.996268656716419,0.004080978222191334,0.00396283128775838
2680,10.0,0.004079234786331654,0.003953987482662608
2681,10.003731343283581,0.003922538366168737,0.003955292186086498
2682,10.007462686567164,0.003991507459431887,0.003953519600965991
2683,10.011194029850746,0.004055625293403864,0.003948318550544904
2684,10.014925373134329,0.0038939439691603184,0.0039431592903849556
2685,10.01865671641791,0.003924230113625526,0.003940807547556554
2686,10.022388059701493,0.004103230312466621,0.003942755692661172
2687,10.026119402985074,0.0039213355630636215,0.003945431774254979
2688,10.029850746268657,0.003808403853327036,0.00394490901835081
2689,10.033582089552239,0.003888263599947095,0.003942573408982376
2690,10.037313432835822,0.003758067963644862,0.003944537131024934
2691,10.041044776119403,0.004153577610850334,0.00394858984367513
2692,10.044776119402986,0.00386372534558177,0.0039482236294666444
2693,10.048507462686567,0.00411840109154582,0.003950213530759622
2694,10.052238805970148,0.004057765938341618,0.003949283650599238
2695,10.055970149253731,0.003882049350067973,0.003949162090288066
2696,10.059701492537313,0.003925412893295288,0.003951228956305762
2697,10.063432835820896,0.0039421673864126205,0.003950238863869411
2698,10.067164179104477,0.004104058723896742,0.0039409182556882135
2699,10.07089552238806,0.003928093239665031,0.0039385031374943695
2700,10.074626865671641,0.003870114218443632,0.003932578244996144
2701,10.078358208955224,0.0039600771851837635,0.003925539167007295
2702,10.082089552238806,0.003856288967654109,0.003927395054389064
2703,10.085820895522389,0.003748043905943632,0.003928090036823982
2704,10.08955223880597,0.0038276880513876677,0.003923863297464644
2705,10.093283582089553,0.0037205195985734463,0.003922545725888595
2706,10.097014925373134,0.0038547790609300137,0.003925095857461778
2707,10.100746268656716,0.0038953744806349277,0.00391875753724357
2708,10.104477611940299,0.003962686751037836,0.003925440458171978
2709,10.10820895522388,0.003939868416637182,0.003931246198168615
2710,10.111940298507463,0.0039073750376701355,0.003936100552403708
2711,10.115671641791044,0.004045169800519943,0.003940261230327007
2712,10.119402985074627,0.0039808726869523525,0.003935468667073221
2713,10.123134328358208,0.003959247376769781,0.00394016859780361
2714,10.126865671641792,0.0039160531014204025,0.003934401973355107
2715,10.130597014925373,0.0038976697251200676,0.003927650134556177
2716,10.134328358208956,0.004058498423546553,0.003932731288553375
2717,10.138059701492537,0.003897548420354724,0.003935858431249493
2718,10.14179104477612,0.003919271752238274,0.003934024747960814
2719,10.145522388059701,0.003858870593830943,0.003928618147832955
2720,10.149253731343284,0.00383805762976408,0.003930622626595744
2721,10.152985074626866,0.003790632588788867,0.003931176394405888
2722,10.156716417910447,0.0039986297488212585,0.003926572435331054
2723,10.16044776119403,0.0040200017392635345,0.00392206134161026
2724,10.164179104477611,0.0038823289796710014,0.003933266060790274
2725,10.167910447761194,0.003839923534542322,0.003934157853264634
2726,10.171641791044776,0.00402878550812602,0.003942894442688401
2727,10.175373134328359,0.0038433591835200787,0.003946305684200148
2728,10.17910447761194,0.004195335321128368,0.003945297101603412
2729,10.182835820895523,0.004046439193189144,0.00394156750677744
2730,10.186567164179104,0.004087292123585939,0.003940046827376979
2731,10.190298507462687,0.003928655758500099,0.0039390914437429205
2732,10.194029850746269,0.003957082517445087,0.003937575477743294
2733,10.197761194029852,0.004056422505527735,0.003937573899037954
2734,10.201492537313433,0.0038819694891572,0.003938698175749401
2735,10.205223880597014,0.0037809405475854874,0.003939792945435862
2736,10.208955223880597,0.004090376663953066,0.003935503432663475
2737,10.212686567164178,0.0040536257438361645,0.003936297896249992
2738,10.216417910447761,0.003866986371576786,0.003940225436874643
2739,10.220149253731343,0.0038823881186544895,0.003944464283427451
2740,10.223880597014926,0.0040102768689394,0.003949340444239901
2741,10.227611940298507,0.0038928186986595392,0.003950864587706037
2742,10.23134328358209,0.003771314863115549,0.0039507722220860604
2743,10.235074626865671,0.0036713341251015663,0.003950617009228686
2744,10.238805970149254,0.004207437392324209,0.003948434352556743
2745,10.242537313432836,0.0038642515428364277,0.003947264395608771
2746,10.246268656716419,0.004078719764947891,0.003948254709518174
2747,10.25,0.003994639962911606,0.0039470669892957295
2748,10.253731343283581,0.0038540225941687822,0.003945501447405394
2749,10.257462686567164,0.003809773363173008,0.003933506887178959
2750,10.261194029850746,0.0038775205612182617,0.003928160868448819
2751,10.264925373134329,0.0038682043086737394,0.003919839569390184
2752,10.26865671641791,0.003983015194535255,0.003921974615034897
2753,10.272388059701493,0.003980807960033417,0.003923336401718055
2754,10.276119402985074,0.004005342721939087,0.003916397196717742
2755,10.279850746268657,0.003960938658565283,0.00391344365482105
2756,10.283582089552239,0.0037217997014522552,0.00391546445444408
2757,10.287313432835822,0.004091071430593729,0.003910074243322015
2758,10.291044776119403,0.004058577585965395,0.003908840138692318
2759,10.294776119402986,0.004093064460903406,0.003908801977181944
2760,10.298507462686567,0.0040587931871414185,0.0039081858334744845
2761,10.302238805970148,0.0039005475118756294,0.0039080575153958505
2762,10.305970149253731,0.003786845598369837,0.00391015581355044
2763,10.309701492537313,0.003992266021668911,0.0039180586534756714
2764,10.313432835820896,0.0039305128157138824,0.0039244027887811745
2765,10.317164179104477,0.003834360744804144,0.003912572783031841
2766,10.32089552238806,0.003880526404827833,0.003914532853608451
2767,10.324626865671641,0.003980088979005814,0.003910255300380834
2768,10.328358208955224,0.0037791719660162926,0.003908683046153406
2769,10.332089552238806,0.003703558351844549,0.0039054254842240638
2770,10.335820895522389,0.0038272524252533913,0.00390830467932108
2771,10.33955223880597,0.003746118862181902,0.003908028701184
2772,10.343283582089553,0.004016192629933357,0.003911271640213161
2773,10.347014925373134,0.004012915771454573,0.003910788510948783
2774,10.350746268656716,0.0037719151005148888,0.003910423125844539
2775,10.354477611940299,0.0037608742713928223,0.003906486550255156
2776,10.35820895522388,0.003863793332129717,0.003907701449196149
2777,10.361940298507463,0.0038693780079483986,0.003909841037877813
2778,10.365671641791044,0.004003027454018593,0.0039070043656066426
2779,10.369402985074627,0.003865421749651432,0.00390482639962035
2780,10.373134328358208,0.0038571262266486883,0.003903209862140257
2781,10.376865671641792,0.004005015827715397,0.0038993560493264983
2782,10.380597014925373,0.003978848922997713,0.003899173186410491
2783,10.384328358208956,0.00409533130005002,0.003902723785580658
2784,10.388059701492537,0.003931443672627211,0.0039043373928019185
2785,10.39179104477612,0.003722407156601548,0.0039029567752306054
2786,10.395522388059701,0.003944614436477423,0.0039045447029355095
2787,10.399253731343284,0.003903340082615614,0.003908518758579725
2788,10.402985074626866,0.003930177539587021,0.003908337900278772
2789,10.406716417910447,0.003720462555065751,0.003910662220200387
2790,10.41044776119403,0.003927820362150669,0.003912675342090973
2791,10.414179104477611,0.003866205457597971,0.003915328895900308
2792,10.417910447761194,0.004001164808869362,0.003917655652025487
2793,10.421641791044776,0.003963206894695759,0.003916317046188363
2794,10.425373134328359,0.0039658271707594395,0.003912685103941618
2795,10.42910447761194,0.0038439431227743626,0.0039183746216954985
2796,10.432835820895523,0.004010749515146017,0.003923805561143814
2797,10.436567164179104,0.0038095228374004364,0.0039215093853361
2798,10.440298507462687,0.003974767867475748,0.003925305490223009
2799,10.444029850746269,0.003969280980527401,0.003927900223061442
2800,10.447761194029852,0.004026786424219608,0.0039250091308864156
2801,10.451492537313433,0.0039007868617773056,0.0039234982190153945
2802,10.455223880597014,0.003893050132319331,0.003919133365654
2803,10.458955223880597,0.003932420164346695,0.003921993445923052
2804,10.462686567164178,0.004058423917740583,0.003917288211197025
2805,10.466417910447761,0.003873907495290041,0.003915442698975888
2806,10.470149253731343,0.0038994657807052135,0.003917051706372238
2807,10.473880597014926,0.004043462686240673,0.003916545827850336
2808,10.477611940298507,0.003972673788666725,0.003909774635714002
2809,10.48134328358209,0.003874469082802534,0.003908904894005235
2810,10.485074626865671,0.0037860963493585587,0.003912030548856753
2811,10.488805970149254,0.0039360481314361095,0.003913122558648266
2812,10.492537313432836,0.003841515863314271,0.0039157076488907745
2813,10.496268656716419,0.003961309790611267,0.00390869282504044
2814,10.5,0.0038640061393380165,0.003907631503463518
2815,10.503731343283581,0.004005185328423977,0.00390423527668889
2816,10.507462686567164,0.003983542788773775,0.003904802832616175
2817,10.511194029850746,0.003769650124013424,0.0038990262816319377
2818,10.514925373134329,0.004025018308311701,0.0039024521176498836
2819,10.51865671641791,0.004109411500394344,0.0039012703828786204
2820,10.522388059701493,0.003746886970475316,0.0038987474129875987
2821,10.526119402985074,0.0037951788399368525,0.0038955300455776657
2822,10.529850746268657,0.0038260568398982286,0.003897233673076077
2823,10.533582089552239,0.004096112214028835,0.0038959533146514396
2824,10.537313432835822,0.0039024166762828827,0.003889217501415349
2825,10.541044776119403,0.003855777671560645,0.003885659678816432
2826,10.544776119402986,0.003788376459851861,0.0038829665494764724
2827,10.548507462686567,0.003923873417079449,0.0038828989263714813
2828,10.552238805970148,0.0036257212050259113,0.003878985679276833
2829,10.555970149253731,0.003894518129527569,0.0038726927439977485
2830,10.559701492537313,0.00384861440397799,0.003871391425136386
2831,10.563432835820896,0.003972592763602734,0.003871628435374033
2832,10.567164179104477,0.003972194157540798,0.0038641838061555128
2833,10.57089552238806,0.003713557031005621,0.003862442755390231
2834,10.574626865671641,0.003919692710042,0.0038585551934907348
2835,10.578358208955224,0.003826581872999668,0.0038612467498041507
2836,10.582089552238806,0.0038672129157930613,0.0038603246495945423
2837,10.585820895522389,0.0037739109247922897,0.0038553996795288674
2838,10.58955223880597,0.003949982114136219,0.0038541152380497717
2839,10.593283582089553,0.003926316741853952,0.0038516141939908266
2840,10.597014925373134,0.0038658392149955034,0.0038417150357329265
2841,10.600746268656716,0.0038948743604123592,0.003843352408716228
2842,10.604477611940299,0.003970635589212179,0.0038395466158030237
2843,10.60820895522388,0.0038405554369091988,0.003841900948162486
2844,10.611940298507463,0.003656251821666956,0.003830969435867013
2845,10.615671641791044,0.0039125531911849976,0.0038264195275742835
2846,10.619402985074627,0.003763489192351699,0.003826469642950631
2847,10.623134328358208,0.0038966932334005833,0.00382618507279492
2848,10.626865671641792,0.003883019555360079,0.0038219335284538384
2849,10.630597014925373,0.003714663442224264,0.003821791569906764
2850,10.634328358208956,0.0038211150094866753,0.003816581972897416
2851,10.638059701492537,0.0037958137691020966,0.003815719130926016
2852,10.64179104477612,0.003630818333476782,0.0038108803536288623
2853,10.645522388059701,0.0037701327819377184,0.003806987987467792
2854,10.649253731343284,0.0038019197527319193,0.003804367484252264
2855,10.652985074626866,0.0039743599481880665,0.0038019585956978364
2856,10.656716417910447,0.003967379219830036,0.0037963636355792603
2857,10.66044776119403,0.0037816190160810947,0.003795849403548168
2858,10.664179104477611,0.0037169880233705044,0.003795701720774537
2859,10.667910447761194,0.003922475501894951,0.00379172938012677
2860,10.671641791044776,0.0037035460118204355,0.003780223775609601
2861,10.675373134328359,0.00381401926279068,0.0037772236164750122
2862,10.67910447761194,0.0036391413304954767,0.003775421813948125
2863,10.682835820895523,0.003922584466636181,0.0037788562363059055
2864,10.686567164179104,0.003647920209914446,0.003777836239328835
2865,10.690298507462687,0.003715870436280966,0.0037811888188759727
2866,10.694029850746269,0.0038578324019908905,0.0037792197814801843
2867,10.697761194029852,0.003776709083467722,0.0037804514839790944
2868,10.701492537313433,0.003749560099095106,0.0037733991573587426
2869,10.705223880597014,0.003619900904595852,0.0037695406992897026
2870,10.708955223880597,0.003680924652144313,0.003772700426918341
2871,10.712686567164178,0.0038132378831505775,0.003777510855664931
2872,10.716417910447761,0.0037742028944194317,0.003782788070100473
2873,10.720149253731343,0.003812607144936919,0.0037881660263803674
2874,10.723880597014926,0.003606116399168968,0.00378946107585074
2875,10.727611940298507,0.003820928279310465,0.0037934147616530338
2876,10.73134328358209,0.0035971885081380606,0.0037931877574542672
2877,10.735074626865671,0.0038461294025182724,0.003790286931822576
2878,10.738805970149254,0.003767855931073427,0.00379207926779622
2879,10.742537313432836,0.0037871161475777626,0.0037938393482075234
2880,10.746268656716419,0.0034545869566500187,0.003789232941571532
2881,10.75,0.003742832690477371,0.00379371409667883
2882,10.753731343283581,0.0038210004568099976,0.003791321812924452
2883,10.757462686567164,0.0041114469058811665,0.0037958682514727116
2884,10.761194029850746,0.003798735560849309,0.003793162589029568
2885,10.764925373134329,0.0037937075830996037,0.0038000350908898727
2886,10.76865671641791,0.003831822657957673,0.003802415931869934
2887,10.772388059701493,0.003813988994807005,0.0038017276504145165
2888,10.776119402985074,0.003607547841966152,0.00380124754226971
2889,10.779850746268657,0.003724822774529457,0.0038008815438554783
2890,10.783582089552239,0.0038442122749984264,0.0038096961712964423
2891,10.787313432835822,0.004018342588096857,0.003812627946367351
2892,10.791044776119403,0.004012179560959339,0.00381743463846605
2893,10.794776119402986,0.003851314540952444,0.003818186255535338
2894,10.798507462686567,0.0038232298102229834,0.003818575264431718
2895,10.802238805970148,0.003964020870625973,0.003829436359654476
2896,10.805970149253731,0.003965052776038647,0.00382567333943415
2897,10.809701492537313,0.0038484453689306974,0.0038319053469089473
2898,10.813432835820896,0.0038551047910004854,0.0038321783096052523
2899,10.817164179104477,0.003789151320233941,0.003829772288842899
2900,10.82089552238806,0.0037336128298193216,0.003830596850049205
2901,10.824626865671641,0.003887273371219635,0.0038367894353208746
2902,10.828358208955224,0.003715935628861189,0.003839758843774112
2903,10.832089552238806,0.003825545310974121,0.003838638246922595
2904,10.835820895522389,0.0038116523064672947,0.0038302836644395094
2905,10.83955223880597,0.0039296927861869335,0.003830114334094815
2906,10.843283582089553,0.0038134849164634943,0.003832581208837105
2907,10.847014925373134,0.003829612862318754,0.0038349251149267685
2908,10.850746268656716,0.003757024649530649,0.003829484180797164
2909,10.854477611940299,0.0037345541641116142,0.0038340582353312796
2910,10.85820895522388,0.003981300629675388,0.0038422007204555885
2911,10.861940298507463,0.003801127430051565,0.003837354918487552
2912,10.865671641791044,0.004010312259197235,0.0038288483827761035
2913,10.869402985074627,0.0038050191942602396,0.0038266081090380507
2914,10.873134328358208,0.0038285565096884966,0.003824632347947577
2915,10.876865671641792,0.00405142130330205,0.0038256484208764826
2916,10.880597014925373,0.00366664445027709,0.0038195426019317492
2917,10.884328358208956,0.003852700814604759,0.0038164310418523665
2918,10.888059701492537,0.003857320873066783,0.003816138351018109
2919,10.89179104477612,0.0036692090798169374,0.003811122525892243
2920,10.895522388059701,0.0038209231570363045,0.003813700284808874
2921,10.899253731343284,0.003708482952788472,0.0038153239605357736
2922,10.902985074626866,0.0038645784370601177,0.003811096426144969
2923,10.906716417910447,0.0037750559858977795,0.003813730706120046
2924,10.91044776119403,0.0037689090240746737,0.0038128460973228624
2925,10.914179104477611,0.003791793016716838,0.0038125734753543285
2926,10.917910447761194,0.0038948494475334883,0.0038071744791345627
2927,10.921641791044776,0.003927922807633877,0.0038093051861789896
2928,10.925373134328359,0.0035909106954932213,0.0038095774333469752
2929,10.92910447761194,0.0037950840778648853,0.0038096307458855756
2930,10.932835820895523,0.0040586646646261215,0.003815367511223729
2931,10.936567164179104,0.0036455343943089247,0.00381207694413095
2932,10.940298507462687,0.003669574623927474,0.0038137867217656316
2933,10.944029850746269,0.003920328337699175,0.0038019017452692113
2934,10.947761194029852,0.0037703083362430334,0.0038035305546278634
2935,10.951492537313433,0.0038648888003081083,0.003809400925003901
2936,10.955223880597014,0.0037136822938919067,0.003807171361475456
2937,10.958955223880597,0.0038374788127839565,0.003811739288588486
2938,10.962686567164178,0.0038364450447261333,0.0038080088078703096
2939,10.966417910447761,0.003649455960839987,0.0038074140618668826
2940,10.970149253731343,0.003894839435815811,0.0038145448751293306
2941,10.973880597014926,0.0038001835346221924,0.0038132726544196287
2942,10.977611940298507,0.003713944461196661,0.003812964148137991
2943,10.98134328358209,0.003823941107839346,0.003808544233168771
2944,10.985074626865671,0.003789276350289583,0.003813704271323797
2945,10.988805970149254,0.0038004748057574034,0.0038179537429042705
2946,10.992537313432836,0.0037083339411765337,0.0038182214072837333
2947,10.996268656716419,0.003900843905285001,0.0038204979742082154
2948,11.0,0.0038407749962061644,0.0038223821079222168
2949,11.003731343283581,0.0037592104636132717,0.0038273015638767946
2950,11.007462686567164,0.0039697615429759026,0.003827468611345422
2951,11.011194029850746,0.003846387378871441,0.003824770944647309
2952,11.014925373134329,0.003871228313073516,0.003829431407744201
2953,11.01865671641791,0.0035230282228440046,0.003838583679370037
2954,11.022388059701493,0.0038718003779649734,0.0038412442521714584
2955,11.026119402985074,0.0040692416951060295,0.003841227028382624
2956,11.029850746268657,0.003960009198635817,0.0038422826654845622
2957,11.033582089552239,0.0038539294619113207,0.0038525266459257137
2958,11.037313432835822,0.003699751105159521,0.0038510833458020918
2959,11.041044776119403,0.0038329362869262695,0.0038521073633668627
2960,11.044776119402986,0.003961572423577309,0.0038531657546849512
2961,11.048507462686567,0.003768762107938528,0.0038516593006689376
2962,11.052238805970148,0.003695834195241332,0.003854714674738849
2963,11.055970149253731,0.0036833619233220816,0.0038556083128219697
2964,11.059701492537313,0.003986617550253868,0.003854093738127409
2965,11.063432835820896,0.0039431373588740826,0.003857728201759661
2966,11.067164179104477,0.0038027672562748194,0.0038512057352175074
2967,11.07089552238806,0.003988188691437244,0.0038532575524253087
2968,11.074626865671641,0.004005172289907932,0.003852382063774801
2969,11.078358208955224,0.0037926083896309137,0.003848472178527495
2970,11.082089552238806,0.0038019330240786076,0.003849360228675168
2971,11.085820895522389,0.0039480603300035,0.0038403031166370323
2972,11.08955223880597,0.003836613381281495,0.003837970289878729
2973,11.093283582089553,0.004044817760586739,0.003835843506882467
2974,11.097014925373134,0.004029411822557449,0.003842268888725013
2975,11.100746268656716,0.0037696021609008312,0.003839761666135817
2976,11.104477611940299,0.00390816992148757,0.003829162641678278
2977,11.10820895522388,0.004133685491979122,0.0038269633007031387
2978,11.111940298507463,0.0037783035077154636,0.003825803752988577
2979,11.115671641791044,0.00387842976488173,0.003828035854938917
2980,11.119402985074627,0.0036928500048816204,0.003825046826244854
2981,11.123134328358208,0.0038330748211592436,0.0038185091234925316
2982,11.126865671641792,0.003925453871488571,0.0038188671034465474
2983,11.130597014925373,0.0037505836226046085,0.0038209673210342484
2984,11.134328358208956,0.0037618435453623533,0.003825365383995742
2985,11.138059701492537,0.003938289359211922,0.003819084527516147
2986,11.14179104477612,0.0035330536775290966,0.003813428537374953
2987,11.145522388059701,0.0037924584466964006,0.0038128847415309125
2988,11.149253731343284,0.003864948870614171,0.0038060959110536225
2989,11.152985074626866,0.003680469701066613,0.003800316736465547
2990,11.156716417910447,0.003795620519667864,0.0038054282379495663
2991,11.16044776119403,0.003598419949412346,0.0038080198133773192
2992,11.164179104477611,0.003750741481781006,0.0038038290321554353
2993,11.167910447761194,0.003784030210226774,0.0037997638147960347
2994,11.171641791044776,0.003786468878388405,0.0037929539557364656
2995,11.175373134328359,0.003769004251807928,0.003785425814141224
2996,11.17910447761194,0.0036346816923469305,0.0037881377346177655
2997,11.182835820895523,0.0038698362186551094,0.0037836387367328494
2998,11.186567164179104,0.0038063880056142807,0.0037750487056810683
2999,11.190298507462687,0.0037912672851234674,0.0037708133686243034
3000,11.194029850746269,0.003710386110469699,0.0037667366687390135
3001,11.197761194029852,0.0036935266107320786,0.0037675864381215922
3002,11.201492537313433,0.0037834392860531807,0.003769200698404414
3003,11.205223880597014,0.003781943116337061,0.0037698569400917465
3004,11.208955223880597,0.0038636825047433376,0.0037711066386957722
3005,11.212686567164178,0.003729102434590459,0.003774260971468033
3006,11.216417910447761,0.003711241763085127,0.003768768013886562
3007,11.220149253731343,0.0037804716266691685,0.0037776824234553225
3008,11.223880597014926,0.003709846641868353,0.0037714694172325657
3009,11.227611940298507,0.003768226131796837,0.003774005596003518
3010,11.23134328358209,0.004002179950475693,0.0037815475654674737
3011,11.235074626865671,0.0039081876166164875,0.003778911860114554
3012,11.238805970149254,0.003776238299906254,0.0037810659524416777
3013,11.242537313432836,0.0036699394695460796,0.0037808693070873253
3014,11.246268656716419,0.0037656135391443968,0.0037839747908547886
3015,11.25,0.003720758017152548,0.0037893087251066435
3016,11.253731343283581,0.003880790900439024,0.003794762357024521
3017,11.257462686567164,0.00372371100820601,0.0038002119853910877
3018,11.261194029850746,0.0037814942188560963,0.0037990479003183726
3019,11.264925373134329,0.003604654688388109,0.003798693543436324
3020,11.26865671641791,0.0037112850695848465,0.003798303052374139
3021,11.272388059701493,0.003727690549567342,0.003789591029422676
3022,11.276119402985074,0.0038992594927549362,0.003790295058179919
3023,11.279850746268657,0.003952359780669212,0.003786397643569039
3024,11.283582089552239,0.0038018212653696537,0.003783107411525235
3025,11.287313432835822,0.0038911711890250444,0.003784717384316936
3026,11.291044776119403,0.003713078098371625,0.0037883030330171674
3027,11.294776119402986,0.003898544469848275,0.0037915310254547654
3028,11.298507462686567,0.003537725191563368,0.0037904802777963442
3029,11.302238805970148,0.0039689322002232075,0.003793736942475889
3030,11.305970149253731,0.003989690449088812,0.0037934267609493763
3031,11.309701492537313,0.0036875566001981497,0.003786456129490966
3032,11.313432835820896,0.003686737734824419,0.0037798562666355837
3033,11.317164179104477,0.0037426790222525597,0.003777787838948936
3034,11.32089552238806,0.003911355044692755,0.0037826328969946723
3035,11.324626865671641,0.004005160182714462,0.0037840050929112403
3036,11.328358208955224,0.003992603160440922,0.0037851184322612317
3037,11.332089552238806,0.0038581164553761482,0.003782175339349523
3038,11.335820895522389,0.00382210873067379,0.003782718981866066
3039,11.33955223880597,0.0037918593734502792,0.003778160419087948
3040,11.343283582089553,0.0037752571515738964,0.0037846379833886535
3041,11.347014925373134,0.0033531931694597006,0.0037856241972072094
3042,11.350746268656716,0.003722391789779067,0.0037823907304100875
3043,11.354477611940299,0.0036236452870070934,0.003780336028373823
3044,11.35820895522388,0.003647043602541089,0.003777720613359678
3045,11.361940298507463,0.003929691389203072,0.0037780455427198875
3046,11.365671641791044,0.0038761140312999487,0.0037713907602265843
3047,11.369402985074627,0.0038435894530266523,0.003772121479325905
3048,11.373134328358208,0.003737390972673893,0.0037687484901852723
3049,11.376865671641792,0.0038433698937296867,0.0037739895534042904
3050,11.380597014925373,0.003755508689209819,0.003772126317660256
3051,11.384328358208956,0.0037163840606808662,0.0037688808856395687
3052,11.388059701492537,0.003637593239545822,0.0037714140887213188
3053,11.39179104477612,0.0036914327647536993,0.0037725726880769176
3054,11.395522388059701,0.0038685868494212627,0.0037746006429831428
3055,11.399253731343284,0.0038218735717236996,0.0037705483846366405
3056,11.402985074626866,0.0037664049305021763,0.0037661392423437865
3057,11.406716417910447,0.0037601240910589695,0.0037619522432001625
3058,11.41044776119403,0.003746000351384282,0.0037561024414239134
3059,11.414179104477611,0.003594593144953251,0.0037570083457067974
3060,11.417910447761194,0.003870234824717045,0.0037551719536323374
3061,11.421641791044776,0.0037517198361456394,0.0037508948263144347
3062,11.425373134328359,0.003595118410885334,0.003761315190165145
3063,11.42910447761194,0.003815016709268093,0.0037585745179435103
3064,11.432835820895523,0.0038451277650892735,0.0037626526659218277
3065,11.436567164179104,0.003815143369138241,0.003766197552223031
3066,11.440298507462687,0.0036183251067996025,0.003759373127051243
3067,11.444029850746269,0.0037430375814437866,0.0037534973163884586
3068,11.447761194029852,0.0037602519150823355,0.0037501968625115187
3069,11.451492537313433,0.00375260878354311,0.003752221881480115
3070,11.455223880597014,0.0038925395347177982,0.003751184541459491
3071,11.458955223880597,0.0038566277362406254,0.0037481004383596705
3072,11.462686567164178,0.0037914179265499115,0.003746352573038965
3073,11.466417910447761,0.003734240308403969,0.0037483980016010565
3074,11.470149253731343,0.003825825173407793,0.0037536244419198936
3075,11.473880597014926,0.0037452124524861574,0.0037518607100426424
3076,11.477611940298507,0.0038243853487074375,0.0037542106526926525
3077,11.48134328358209,0.003820936195552349,0.0037537647592948706
3078,11.485074626865671,0.0036182745825499296,0.003752458937148132
3079,11.488805970149254,0.00385925080627203,0.0037504433563387975
3080,11.492537313432836,0.003716567298397422,0.00376003077708003
3081,11.496268656716419,0.003599894931539893,0.0037564731986693494
3082,11.5,0.003780428087338805,0.0037557256646545195
3083,11.503731343283581,0.0036100242286920547,0.003763180708785246
3084,11.507462686567164,0.0037908493541181087,0.0037700888962007876
3085,11.511194029850746,0.0037923839408904314,0.0037684879413374312
3086,11.514925373134329,0.0036498899571597576,0.0037695247986603802
3087,11.51865671641791,0.0036352057941257954,0.003776019069979467
3088,11.522388059701493,0.0037082708440721035,0.0037827915568813316
3089,11.526119402985074,0.0038204167503863573,0.0037849785919051343
3090,11.529850746268657,0.003800838952884078,0.003788192171558011
3091,11.533582089552239,0.003629060462117195,0.0037899881817127874
3092,11.537313432835822,0.003644721582531929,0.003788454952172753
3093,11.541044776119403,0.0037214558105915785,0.0037830123655134586
3094,11.544776119402986,0.0039057168178260326,0.003784567537921958
3095,11.548507462686567,0.0037962738424539566,0.0037834846596347125
3096,11.552238805970148,0.003918221220374107,0.0037867320394824916
3097,11.555970149253731,0.003748123301193118,0.003784980857744813
3098,11.559701492537313,0.003706585383042693,0.0037843521866129668
3099,11.563432835820896,0.0036633615382015705,0.0037925140080382913
3100,11.567164179104477,0.0039876773953437805,0.003794541201985827
3101,11.57089552238806,0.003724374109879136,0.003797144742637146
3102,11.574626865671641,0.0037210709415376186,0.003801328595727682
3103,11.578358208955224,0.003900775220245123,0.0038030836447255642
3104,11.582089552238806,0.004098252393305302,0.0038072691049154212
3105,11.585820895522389,0.003779488615691662,0.003810394998276379
3106,11.58955223880597,0.003857654519379139,0.0038121848071857195
3107,11.593283582089553,0.003884590230882168,0.00382208896846306
3108,11.597014925373134,0.004020709544420242,0.0038315875274015634
3109,11.600746268656716,0.0038499203510582447,0.0038335307603474798
3110,11.604477611940299,0.003884365549311042,0.0038324105099025296
3111,11.60820895522388,0.003966175951063633,0.0038302792633724647
3112,11.611940298507463,0.00379376532509923,0.0038321857601858493
3113,11.615671641791044,0.0035682718735188246,0.0038328867280719484
3114,11.619402985074627,0.003798002377152443,0.003830858551692672
3115,11.623134328358208,0.003781427163630724,0.0038234458316299246
3116,11.626865671641792,0.003878355026245117,0.003823660825174756
3117,11.630597014925373,0.0037525868974626064,0.0038203805310242788
3118,11.634328358208956,0.0037951606791466475,0.0038156850808640807
3119,11.638059701492537,0.0039529092609882355,0.0038190403919121842
3120,11.64179104477612,0.003942365758121014,0.003826907262342369
3121,11.645522388059701,0.0038233124651014805,0.0038290239086874373
3122,11.649253731343284,0.0037714329082518816,0.0038299470310803594
3123,11.652985074626866,0.0038523850962519646,0.0038349311628447075
3124,11.656716417910447,0.0037816280964761972,0.0038372766646760995
3125,11.66044776119403,0.003919010981917381,0.003832968434591482
3126,11.664179104477611,0.003865766106173396,0.0038337255600930714
3127,11.667910447761194,0.0040559605695307255,0.00383336291216859
3128,11.671641791044776,0.004024646710604429,0.0038345192513633067
3129,11.675373134328359,0.003787943394854665,0.003833089466774609
3130,11.67910447761194,0.003774486482143402,0.003834312923661456
3131,11.682835820895523,0.0037134578451514244,0.00383663793071741
3132,11.686567164179104,0.0037072268314659595,0.0038309528197093706
3133,11.690298507462687,0.003673461265861988,0.0038289052218471358
3134,11.694029850746269,0.0036383005790412426,0.0038365136729780493
3135,11.697761194029852,0.003601795295253396,0.003831724278492535
3136,11.701492537313433,0.0038050885777920485,0.003832222984694853
3137,11.705223880597014,0.0037837291602045298,0.0038339823893294104
3138,11.708955223880597,0.003555609844624996,0.003834757493899726
3139,11.712686567164178,0.0038441531360149384,0.0038364778965620733
3140,11.716417910447761,0.003985903225839138,0.003830564963608617
3141,11.720149253731343,0.0040744598954916,0.0038267287948146097
3142,11.723880597014926,0.0037622221279889345,0.003827730233485742
3143,11.727611940298507,0.003925420343875885,0.003831087736549174
3144,11.73134328358209,0.003996940795332193,0.003829471062777973
3145,11.735074626865671,0.003921614959836006,0.003829793976165536
3146,11.738805970149254,0.003810530761256814,0.003828661044968701
3147,11.742537313432836,0.003842785954475403,0.0038265640018280687
3148,11.746268656716419,0.003932000137865543,0.0038191535759989808
3149,11.75,0.003962088376283646,0.003808835941571288
3150,11.753731343283581,0.0039000820834189653,0.0038074218588540465
3151,11.757462686567164,0.0039796908386051655,0.0038104664659263884
3152,11.761194029850746,0.0037330863997340202,0.0038114173917054403
3153,11.764925373134329,0.0037098138127475977,0.003811987298654347
3154,11.76865671641791,0.003880218369886279,0.003812884048717778
3155,11.772388059701493,0.003601637203246355,0.003817536334348161
3156,11.776119402985074,0.003801874117925763,0.00382385422225769
3157,11.779850746268657,0.003950490616261959,0.003818634653282238
3158,11.783582089552239,0.0037843661848455667,0.0038205476523172563
3159,11.787313432835822,0.0038656971883028746,0.003826379548849129
3160,11.791044776119403,0.003710479009896517,0.003826863069950444
3161,11.794776119402986,0.0037850828375667334,0.0038220460538002776
3162,11.798507462686567,0.0038643714506179094,0.0038115779142372493
3163,11.802238805970148,0.003909090533852577,0.0038119239800768656
3164,11.805970149253731,0.003786101471632719,0.0038112663357268745
3165,11.809701492537313,0.0037948675453662872,0.0038102401999711264
3166,11.813432835820896,0.003872560802847147,0.0038019814471736916
3167,11.817164179104477,0.0037797873374074697,0.0038008119842809873
3168,11.82089552238806,0.003752133110538125,0.003793737220736902
3169,11.824626865671641,0.003601623699069023,0.0037829020662551245
3170,11.828358208955224,0.003729966003447771,0.0037775959694621767
3171,11.832089552238806,0.003899315372109413,0.0037720128837064274
3172,11.835820895522389,0.003752445802092552,0.0037657465308722927
3173,11.83955223880597,0.003730593016371131,0.0037659825529994034
3174,11.843283582089553,0.003710228018462658,0.003765092759461301
3175,11.847014925373134,0.0038290442898869514,0.003760967324147137
3176,11.850746268656716,0.003860828699544072,0.003763063742620189
3177,11.854477611940299,0.0035910862497985363,0.0037636557571226505
3178,11.85820895522388,0.003862162120640278,0.003757011452008311
3179,11.861940298507463,0.003794717602431774,0.0037544497868000734
3180,11.865671641791044,0.003863977501168847,0.0037492839846669174
3181,11.869402985074627,0.0037884055636823177,0.0037481515645617393
3182,11.873134328358208,0.0036452661734074354,0.0037497294635125775
3183,11.876865671641792,0.0037764108274132013,0.0037459789480014543
3184,11.880597014925373,0.0038984569255262613,0.003746700132401978
3185,11.884328358208956,0.003954869229346514,0.0037435676232434626
3186,11.888059701492537,0.0035830060951411724,0.003743345201833219
3187,11.89179104477612,0.0037625827826559544,0.0037387249105405515
3188,11.895522388059701,0.0035527206491678953,0.003738630284759693
3189,11.899253731343284,0.003487758804112673,0.0037383868461247625
3190,11.902985074626866,0.0037445384077727795,0.003748469446535881
3191,11.906716417910447,0.003671175567433238,0.0037516340863232205
3192,11.91044776119403,0.0037227703724056482,0.0037500939400094313
3193,11.914179104477611,0.0037427633069455624,0.0037506802757157056
3194,11.917910447761194,0.003673332277685404,0.0037536181441349225
3195,11.921641791044776,0.003711075522005558,0.003752180068503793
3196,11.925373134328359,0.0036875903606414795,0.00374852904550186
3197,11.92910447761194,0.003826146712526679,0.0037516469601541758
3198,11.932835820895523,0.0036780741065740585,0.0037540639069203923
3199,11.936567164179104,0.0036793379113078117,0.003753152079653086
3200,11.940298507462687,0.0036538993008434772,0.003756221730216611
3201,11.944029850746269,0.0036640497855842113,0.0037565385445770694
3202,11.947761194029852,0.0038497766945511103,0.0037598210818520408
3203,11.951492537313433,0.0037106003146618605,0.0037593578794834818
3204,11.955223880597014,0.003938659094274044,0.0037584021324064674
3205,11.958955223880597,0.0036576685961335897,0.0037558457711938677
3206,11.962686567164178,0.003785748267546296,0.003754061010734337
3207,11.966417910447761,0.003683128859847784,0.0037636980073662792
3208,11.970149253731343,0.0037759076803922653,0.0037654079156132733
3209,11.973880597014926,0.003742152126505971,0.003769101682914103
3210,11.977611940298507,0.004015010315924883,0.0037758584963384924
3211,11.98134328358209,0.003859716234728694,0.0037730238002883954
3212,11.985074626865671,0.003836169373244047,0.003777368925511837
3213,11.988805970149254,0.0037764855660498142,0.0037756266424477827
3214,11.992537313432836,0.003851045621559024,0.0037752366113680894
3215,11.996268656716419,0.0036512669175863266,0.003775670301032866
3216,12.0,0.0036793523468077183,0.0037720667414094617
3217,12.003731343283581,0.003988663200289011,0.0037776496568013257
3218,12.007462686567164,0.003690181067213416,0.0037764765140486925
3219,12.011194029850746,0.003824777202680707,0.003779301624290827
3220,12.014925373134329,0.003920573275536299,0.003780346488716399
3221,12.01865671641791,0.003876966889947653,0.0037808248421131838
3222,12.022388059701493,0.003922989591956139,0.0037859555890374795
3223,12.026119402985074,0.0036262748762965202,0.003783198192761075
3224,12.029850746268657,0.0037372251972556114,0.0037842143508719237
3225,12.033582089552239,0.003793646115809679,0.003780261988229141
3226,12.037313432835822,0.0038816940505057573,0.0037788542771212213
3227,12.041044776119403,0.0039781229570508,0.00377566957982575
3228,12.044776119402986,0.003832689020782709,0.0037775005940802213
3229,12.048507462686567,0.003704165108501911,0.0037777570371584196
3230,12.052238805970148,0.003764788154512644,0.0037800838046411914
3231,12.055970149253731,0.00362831586971879,0.003771270267529095
3232,12.059701492537313,0.0038493257015943527,0.0037676061946535257
3233,12.063432835820896,0.0036513367667794228,0.0037658717369706165
3234,12.067164179104477,0.0037267720326781273,0.003767279828557881
3235,12.07089552238806,0.00369111355394125,0.0037675503777658066
3236,12.074626865671641,0.003563329577445984,0.0037673090289278726
3237,12.078358208955224,0.003916489891707897,0.0037644829419327943
3238,12.082089552238806,0.0037780478596687317,0.0037639743375887233
3239,12.085820895522389,0.00379390362650156,0.0037684597745083455
3240,12.08955223880597,0.003722177352756262,0.003763952491259793
3241,12.093283582089553,0.003673511790111661,0.003755973328313813
3242,12.097014925373134,0.0038744104094803333,0.003753255609786365
3243,12.100746268656716,0.0037367234472185373,0.0037509819958359003
3244,12.104477611940299,0.0037522627972066402,0.0037608392843295163
3245,12.10820895522388,0.003776612225919962,0.003764589300106575
3246,12.111940298507463,0.0035999524407088757,0.0037628505946841182
3247,12.115671641791044,0.0036551756784319878,0.003761030614330638
3248,12.119402985074627,0.0037582004442811012,0.0037571124550772874
3249,12.123134328358208,0.0037864218465983868,0.003756428478149379
3250,12.126865671641792,0.0038375495932996273,0.003760479657524606
3251,12.130597014925373,0.003653655294328928,0.003760775999824812
3252,12.134328358208956,0.003709489246830344,0.003767381711840266
3253,12.138059701492537,0.0037650566082447767,0.0037631656599753515
3254,12.14179104477612,0.003834217321127653,0.0037664130909322966
3255,12.145522388059701,0.0038621381390839815,0.003768636498645675
3256,12.149253731343284,0.003641371615231037,0.0037776192865993192
3257,12.152985074626866,0.003563482780009508,0.003781012991988441
3258,12.156716417910447,0.003967810422182083,0.0037751748431019668
3259,12.16044776119403,0.0038740839809179306,0.0037777844430288165
3260,12.164179104477611,0.003639978589490056,0.0037811611688173398
3261,12.167910447761194,0.0035934275947511196,0.003782744587558072
3262,12.171641791044776,0.0037655404303222895,0.0037850489805838685
3263,12.175373134328359,0.0038297714199870825,0.003784944365800517
3264,12.17910447761194,0.004030423704534769,0.0037872584184586275
3265,12.182835820895523,0.003890975844115019,0.003789549858150322
3266,12.186567164179104,0.0037223591934889555,0.0037849931580173535
3267,12.190298507462687,0.0038070748560130596,0.0037860102872023494
3268,12.194029850746269,0.0038174784276634455,0.003794237238741139
3269,12.197761194029852,0.0038046459667384624,0.003798542129693598
3270,12.201492537313433,0.0038702634628862143,0.0038008085258941096
3271,12.205223880597014,0.0037769381888210773,0.0037946214206607603
3272,12.208955223880597,0.003899150062352419,0.0037935316937453135
3273,12.212686567164178,0.003676467575132847,0.0037970978357806436
3274,12.216417910447761,0.0037844814360141754,0.003798035547000969
3275,12.220149253731343,0.0038179317489266396,0.0037999166368802148
3276,12.223880597014926,0.004059407860040665,0.003799830137456699
3277,12.227611940298507,0.003702471498399973,0.0038022881873497148
3278,12.23134328358209,0.0036771257873624563,0.0038054862866041864
3279,12.235074626865671,0.003885041456669569,0.003801824167234505
3280,12.238805970149254,0.003932349383831024,0.0038039474009831506
3281,12.242537313432836,0.0037870975211262703,0.0038088038677304256
3282,12.246268656716419,0.003767991904169321,0.0038144882461737567
3283,12.25,0.0038701212033629417,0.0038156798222988117
3284,12.253731343283581,0.0038315996062010527,0.003814087016507983
3285,12.257462686567164,0.003846211824566126,0.0038058349079020865
3286,12.261194029850746,0.003589787520468235,0.003806866915533092
3287,12.264925373134329,0.0036416547372937202,0.003807320935288217
3288,12.26865671641791,0.00399248069152236,0.0038074259930176704
3289,12.272388059701493,0.003934700973331928,0.003812988754361868
3290,12.276119402985074,0.003879344090819359,0.003813659028354578
3291,12.279850746268657,0.0035838782787323,0.00380809442140162
3292,12.283582089552239,0.0036089764907956123,0.0038068296967028845
3293,12.287313432835822,0.003855701070278883,0.0038011949055078553
3294,12.291044776119403,0.003803502768278122,0.0038000695498251334
3295,12.294776119402986,0.00391134200617671,0.0037960780602766244
3296,12.298507462686567,0.0038585916627198458,0.0037938988335975785
3297,12.302238805970148,0.0037421516608446836,0.00378865580551508
3298,12.305970149253731,0.0036946048494428396,0.0037865614030146745
3299,12.309701492537313,0.0038176635280251503,0.003786804779182847
3300,12.313432835820896,0.003961136564612389,0.003782146315022213
3301,12.317164179104477,0.0038390937261283398,0.0037800146823340074
3302,12.32089552238806,0.003826487110927701,0.0037754183782764323
3303,12.324626865671641,0.0038143950514495373,0.0037771366570690055
3304,12.328358208955224,0.003764466382563114,0.0037793020502005408
3305,12.332089552238806,0.0036920872516930103,0.0037764614765963904
3306,12.335820895522389,0.003933288156986237,0.0037786284484332654
3307,12.33955223880597,0.0037409740034490824,0.003786668442643997
3308,12.343283582089553,0.003811382222920656,0.0037899410704196226
3309,12.347014925373134,0.004045551642775536,0.003782600124661879
3310,12.350746268656716,0.0038321272004395723,0.0037794293460958616
3311,12.354477611940299,0.0036421145778149366,0.0037723156600827125
3312,12.35820895522388,0.003725084476172924,0.0037736588487083593
3313,12.361940298507463,0.003668123623356223,0.0037788066206636225
3314,12.365671641791044,0.003630327992141247,0.0037736587351324354
3315,12.369402985074627,0.003620830364525318,0.0037732212293166215
3316,12.373134328358208,0.0037285834550857544,0.003773294042841327
3317,12.376865671641792,0.0038444437086582184,0.0037717290461154246
3318,12.380597014925373,0.0036166009958833456,0.0037746188435249213
3319,12.384328358208956,0.00368710421025753,0.0037802762476863657
3320,12.388059701492537,0.0036940444260835648,0.003782608188552464
3321,12.39179104477612,0.003844952443614602,0.0037809226480199068
3322,12.395522388059701,0.0035986490547657013,0.0037811709193103925
3323,12.399253731343284,0.0038384413346648216,0.003778188006679823
3324,12.402985074626866,0.003958902321755886,0.0037744462819451967
3325,12.406716417910447,0.0037151360884308815,0.00377030056764985
3326,12.41044776119403,0.003935057669878006,0.0037729934414439813
3327,12.414179104477611,0.003919427283108234,0.003768161592278175
3328,12.417910447761194,0.003775832476094365,0.003768505142411081
3329,12.421641791044776,0.0036915019154548645,0.0037669492431166695
3330,12.425373134328359,0.0038046990521252155,0.0037611612550369124
3331,12.42910447761194,0.0035876829642802477,0.0037623154249314854
3332,12.432835820895523,0.0036389490123838186,0.0037647890460836453
3333,12.436567164179104,0.0038200351409614086,0.0037704071700118665
3334,12.440298507462687,0.0036446377635002136,0.0037727869888086146
3335,12.444029850746269,0.0037855650298297405,0.0037788050135643017
3336,12.447761194029852,0.00391432736068964,0.003782045045049816
3337,12.451492537313433,0.0037944267969578505,0.0037827620612139383
3338,12.455223880597014,0.0038606333546340466,0.0037757411951244604
3339,12.458955223880597,0.003926558420062065,0.003784307233262353
3340,12.462686567164178,0.003913273103535175,0.0037840824210789146
3341,12.466417910447761,0.0038920294027775526,0.003789154244813977
3342,12.470149253731343,0.0038492728490382433,0.003784022049796654
3343,12.473880597014926,0.0037041876930743456,0.0037875820700896947
3344,12.477611940298507,0.0036609843373298645,0.0037859142757952213
3345,12.48134328358209,0.003594492096453905,0.0037818970726575794
3346,12.485074626865671,0.003802495077252388,0.003785025669125522
3347,12.488805970149254,0.0037351823411881924,0.003775726606297057
3348,12.492537313432836,0.0037550595588982105,0.003773028019633962
3349,12.496268656716419,0.0037475903518497944,0.0037729088955263538
3350,12.5,0.0038082441315054893,0.0037760433468331652
3351,12.503731343283581,0.003879448166117072,0.0037757519961948076
3352,12.507462686567164,0.003743533045053482,0.003780913209860645
3353,12.511194029850746,0.003955427557229996,0.0037853419156063622
3354,12.514925373134329,0.003765696194022894,0.0037865419758529198
3355,12.51865671641791,0.003877067007124424,0.003789644699725436
3356,12.522388059701493,0.00375367165543139,0.003792077200714408
3357,12.526119402985074,0.0037579811178147793,0.003787577084106643
3358,12.529850746268657,0.0035565881989896297,0.003786013535473768
3359,12.533582089552239,0.003967808559536934,0.0037843407097658734
3360,12.537313432835822,0.003677886910736561,0.003779492323945572
3361,12.541044776119403,0.003901989199221134,0.0037767004687339067
3362,12.544776119402986,0.0036345324479043484,0.0037758388760976676
3363,12.548507462686567,0.003744609886780381,0.0037804845800032704
3364,12.552238805970148,0.003770061768591404,0.0037771223976117807
3365,12.555970149253731,0.003794196993112564,0.003782771703809863
3366,12.559701492537313,0.0038434085436165333,0.0037889501318426394
3367,12.563432835820896,0.0035537960939109325,0.0037861160604601225
3368,12.567164179104477,0.003808785229921341,0.0037868786489636433
3369,12.57089552238806,0.003770948387682438,0.003785788876617827
3370,12.574626865671641,0.0038200144190341234,0.003784603956041903
3371,12.578358208955224,0.0037927536759525537,0.003787982317323728
3372,12.582089552238806,0.0037992927245795727,0.003785287558169263
3373,12.585820895522389,0.003820525947958231,0.0037814053968049403
3374,12.58955223880597,0.0038692376110702753,0.0037815098639395906
3375,12.593283582089553,0.0037718494422733784,0.003778908804922206
3376,12.597014925373134,0.0038852975703775883,0.0037726155743457194
3377,12.600746268656716,0.0037298225797712803,0.003775389393700696
3378,12.604477611940299,0.003730321303009987,0.0037761731641139927
3379,12.60820895522388,0.0037920475006103516,0.0037856068825576363
3380,12.611940298507463,0.003727774601429701,0.003784300941156178
3381,12.615671641791044,0.0037988070398569107,0.0037898565472171803
3382,12.619402985074627,0.003856704104691744,0.0037867763340927478
3383,12.623134328358208,0.004039746709167957,0.003790173798844945
3384,12.626865671641792,0.003566338215023279,0.0037926990629696265
3385,12.630597014925373,0.0038926058914512396,0.0037916998219926184
3386,12.634328358208956,0.0038478076457977295,0.0037914899109703737
3387,12.638059701492537,0.0036862981505692005,0.003793069172832297
3388,12.64179104477612,0.0037664484698325396,0.0038019557846937237
3389,12.645522388059701,0.0037103788927197456,0.003802518621541378
3390,12.649253731343284,0.003699008608236909,0.0038069545677522332
3391,12.652985074626866,0.003946756944060326,0.00380751681968388
3392,12.656716417910447,0.0037689630407840014,0.003803069226262046
3393,12.66044776119403,0.003584364429116249,0.0038014618770741836
3394,12.664179104477611,0.003959710709750652,0.0038023161383845456
3395,12.667910447761194,0.003659052774310112,0.003797603532581068
3396,12.671641791044776,0.003619044553488493,0.0037957959320032743
3397,12.675373134328359,0.0038673982489854097,0.0037895298233573756
3398,12.67910447761194,0.0037901157047599554,0.0037935754659063205
3399,12.682835820895523,0.003943370655179024,0.0037921483389942385
3400,12.686567164179104,0.003914264962077141,0.0037888806006621295
3401,12.690298507462687,0.003905666759237647,0.0037856835974153223
3402,12.694029850746269,0.0037757004611194134,0.003783350702511465
3403,12.697761194029852,0.0037738285027444363,0.0037817887269051336
3404,12.701492537313433,0.003848145715892315,0.0037714031513598634
3405,12.705223880597014,0.003729092888534069,0.0037731946411928754
3406,12.708955223880597,0.0037855906412005424,0.00376444154918739
3407,12.712686567164178,0.003908158279955387,0.003762043507133679
3408,12.716417910447761,0.003918147180229425,0.0037613955337735937
3409,12.720149253731343,0.0038318615406751633,0.0037618895492902617
3410,12.723880597014926,0.003952822182327509,0.0037651737447737194
3411,12.727611940298507,0.0038430667482316494,0.0037646651574660367
3412,12.73134328358209,0.0036104023456573486,0.0037592002020285626
3413,12.735074626865671,0.003733391407877207,0.0037571306840130467
3414,12.738805970149254,0.0038555506616830826,0.0037633649573275228
3415,12.742537313432836,0.003676020773127675,0.003760154461260976
3416,12.746268656716419,0.003697737818583846,0.0037631907545757
3417,12.75,0.003628387115895748,0.003765179503073053
3418,12.753731343283581,0.003895693924278021,0.003756728653637011
3419,12.757462686567164,0.00367180909961462,0.0037545553953727572
3420,12.761194029850746,0.0036580702289938927,0.003750923129434629
3421,12.764925373134329,0.0035966974683105946,0.0037431241546916527
3422,12.76865671641791,0.003703158348798752,0.0037441486379177105
3423,12.772388059701493,0.0037926631048321724,0.0037424277468788916
3424,12.776119402985074,0.0036139381118118763,0.003740936483642677
3425,12.779850746268657,0.0036397892981767654,0.0037379246432243324
3426,12.783582089552239,0.0035337291192263365,0.0037357309696877876
3427,12.787313432835822,0.0037494879215955734,0.0037338875415848525
3428,12.791044776119403,0.0036597312428057194,0.003727708193587094
3429,12.794776119402986,0.0037867031060159206,0.003723412263775017
3430,12.798507462686567,0.0038450309075415134,0.0037219183428621873
3431,12.802238805970148,0.003678156528621912,0.0037179863557401226
3432,12.805970149253731,0.003722693771123886,0.0037143359801209553
3433,12.809701492537313,0.0036841128021478653,0.0037187001009176416
3434,12.813432835820896,0.0038399696350097656,0.003717733172290936
3435,12.817164179104477,0.0038280803710222244,0.003714440674407453
3436,12.82089552238806,0.0037835408002138138,0.003722372141144261
3437,12.824626865671641,0.00370058324187994,0.0037254410818582627
3438,12.828358208955224,0.0035209134221076965,0.0037274546864465245
3439,12.832089552238806,0.0037010121159255505,0.0037247257636542
3440,12.835820895522389,0.0037944477517157793,0.0037259746899419442
3441,12.83955223880597,0.003594506997615099,0.00372715193846422
3442,12.843283582089553,0.003947670571506023,0.0037312953698834996
3443,12.847014925373134,0.003705143928527832,0.0037337732671691875
3444,12.850746268656716,0.003712686710059643,0.003730985597230312
3445,12.854477611940299,0.0037246602587401867,0.003729759232799818
3446,12.85820895522388,0.0036391522735357285,0.0037342657210169042
3447,12.861940298507463,0.003710010088980198,0.0037446849434295804
3448,12.865671641791044,0.003654805012047291,0.0037441562418258044
3449,12.869402985074627,0.003742014057934284,0.00374503834627387
3450,12.873134328358208,0.00377061078324914,0.00374514628315299
3451,12.876865671641792,0.003791610710322857,0.0037405036514761244
3452,12.880597014925373,0.0036934013478457928,0.0037396260446346387
3453,12.884328358208956,0.0037893312983214855,0.0037420394989412004
3454,12.888059701492537,0.0036937473341822624,0.0037393204799694257
3455,12.89179104477612,0.003720558248460293,0.003734400353916898
3456,12.895522388059701,0.004001210909336805,0.003733949111093108
3457,12.899253731343284,0.003823564387857914,0.003729718442006809
3458,12.902985074626866,0.003710944904014468,0.003729757523482166
3459,12.906716417910447,0.0037838080897927284,0.003734896777243149
3460,12.91044776119403,0.0037230150774121284,0.00373644822436135
3461,12.914179104477611,0.0037063374184072018,0.0037332705630943545
3462,12.917910447761194,0.0037665781565010548,0.0037397820582022756
3463,12.921641791044776,0.0038047521375119686,0.003735422792776329
3464,12.925373134328359,0.0036783686373382807,0.0037298335057751437
3465,12.92910447761194,0.003563657170161605,0.003733449059016094
3466,12.932835820895523,0.003824555315077305,0.0037353700367597545
3467,12.936567164179104,0.003960917238146067,0.0037395222135251614
3468,12.940298507462687,0.0037278111558407545,0.003737710864941885
3469,12.944029850746269,0.003695897525176406,0.003741469160403784
3470,12.947761194029852,0.0037911285180598497,0.0037432212621064448
3471,12.951492537313433,0.003654683008790016,0.003745797964766985
3472,12.955223880597014,0.0036421746481209993,0.003748692719765553
3473,12.958955223880597,0.0038216453976929188,0.003755320704019651
3474,12.962686567164178,0.003572633024305105,0.0037554942934614854
3475,12.966417910447761,0.003638244466856122,0.0037579931682202874
3476,12.970149253731343,0.0038095794152468443,0.0037557835940544198
3477,12.973880597014926,0.003610083367675543,0.0037534057344423563
3478,12.977611940298507,0.003702185582369566,0.003754306891251628
3479,12.98134328358209,0.003731622826308012,0.0037576352166602523
3480,12.985074626865671,0.0037646214477717876,0.003755349802171312
3481,12.988805970149254,0.003664163639768958,0.0037642512924787475
3482,12.992537313432836,0.0038614782970398664,0.0037640703206018706
3483,12.996268656716419,0.0037689406890422106,0.00376263023467689
3484,13.0,0.0034759831614792347,0.0037615099671955516
3485,13.003731343283581,0.003860924392938614,0.003764363193157606
3486,13.007462686567164,0.0038034203462302685,0.0037678375999193364
3487,13.011194029850746,0.0038093915209174156,0.00376368671791946
3488,13.014925373134329,0.003635744797065854,0.003762976130152621
3489,13.01865671641791,0.0038088951259851456,0.0037599600987826905
3490,13.022388059701493,0.0038138502277433872,0.0037564715404608626
3491,13.026119402985074,0.0038762555923312902,0.0037590042438085487
3492,13.029850746268657,0.00391029566526413,0.003763972418155612
3493,13.033582089552239,0.003965148702263832,0.003767865988221474
3494,13.037313432835822,0.003796448465436697,0.003763779515127947
3495,13.041044776119403,0.0037962011992931366,0.0037703718649359738
3496,13.044776119402986,0.0036299657076597214,0.0037788659413685887
3497,13.048507462686567,0.003903718665242195,0.0037801705085013697
3498,13.052238805970148,0.0038605118170380592,0.0037866909022829156
3499,13.055970149253731,0.0038474062457680702,0.003791603997985764
3500,13.059701492537313,0.0036901060957461596,0.003796598499231949
3501,13.063432835820896,0.0040879761800169945,0.0037946413248413947
3502,13.067164179104477,0.0036989175714552402,0.0038010788593077806
3503,13.07089552238806,0.00370753463357687,0.0037967881767033804
3504,13.074626865671641,0.0037588211707770824,0.0037964715156704187
3505,13.078358208955224,0.0037953509017825127,0.0038012721257784017
3506,13.082089552238806,0.003706107847392559,0.0037977529189935546
3507,13.085820895522389,0.0036543691530823708,0.0037955569341869616
3508,13.08955223880597,0.003931783139705658,0.0037905450217516684
3509,13.093283582089553,0.0036041538696736097,0.0037946079903077787
3510,13.097014925373134,0.0035528666339814663,0.0037922856920376054
3511,13.100746268656716,0.00389496935531497,0.003790866753949625
3512,13.104477611940299,0.003858378157019615,0.0037883373840553003
3513,13.10820895522388,0.003801811020821333,0.003784492072399433
3514,13.111940298507463,0.003654100000858307,0.003780108893562744
3515,13.115671641791044,0.0038429193664342165,0.0037854448721812268
3516,13.119402985074627,0.0039865016005933285,0.0037896812541364897
3517,13.123134328358208,0.003863066667690873,0.0037973997035495393
3518,13.126865671641792,0.003877419512718916,0.00379836172569634
3519,13.130597014925373,0.003903622506186366,0.0038029376996635664
3520,13.134328358208956,0.00393639737740159,0.003804541573428163
3521,13.138059701492537,0.003684377297759056,0.0038081131784654244
3522,13.14179104477612,0.003928102552890778,0.003802344430147148
3523,13.145522388059701,0.0036855603102594614,0.003806827822700143
3524,13.149253731343284,0.0037559575866907835,0.0038083202841623525
3525,13.152985074626866,0.003672808175906539,0.003809824040750178
3526,13.156716417910447,0.0037166369147598743,0.0038100975031805473
3527,13.16044776119403,0.0037133849691599607,0.0038106714931839124
3528,13.164179104477611,0.0036039031110703945,0.0038106859173262266
3529,13.167910447761194,0.0038023265078663826,0.0038067516075765214
3530,13.171641791044776,0.003713680896908045,0.0038117265964790086
3531,13.175373134328359,0.0037556737661361694,0.0038206135717833915
3532,13.17910447761194,0.003772551426663995,0.003815875774840029
3533,13.182835820895523,0.0037526378873735666,0.0038148460955154603
3534,13.186567164179104,0.003785438369959593,0.0038168102207525472
3535,13.190298507462687,0.00401522358879447,0.003821266338047458
3536,13.194029850746269,0.003969892859458923,0.0038203169512221725
3537,13.197761194029852,0.003946422133594751,0.003814977616435144
3538,13.201492537313433,0.003943161573261023,0.003813716736281427
3539,13.205223880597014,0.004048126749694347,0.003811157285803702
3540,13.208955223880597,0.00391316507011652,0.003804340316891307
3541,13.212686567164178,0.0038365419022738934,0.0038043984336914812
3542,13.216417910447761,0.0038514574989676476,0.003805326485279493
3543,13.220149253731343,0.0038827366661280394,0.0038043009287609558
3544,13.223880597014926,0.0037687255535274744,0.003803430880397195
3545,13.227611940298507,0.0038204751908779144,0.0038022242384258566
3546,13.23134328358209,0.0038065628614276648,0.003800585229949253
3547,13.235074626865671,0.0037296414375305176,0.003800726348034492
3548,13.238805970149254,0.0036549605429172516,0.003801941582024461
3549,13.242537313432836,0.0037704764399677515,0.003799941316928442
3550,13.246268656716419,0.0038081284146755934,0.003794242406445669
3551,13.25,0.003917232621461153,0.0037966109017228207
3552,13.253731343283581,0.003700719680637121,0.0037976898559619015
3553,13.257462686567164,0.0038161613047122955,0.003796878208338124
3554,13.261194029850746,0.003882340155541897,0.00379805265721388
3555,13.264925373134329,0.0038368008099496365,0.003797783959293511
3556,13.26865671641791,0.003803994506597519,0.003788601595726682
3557,13.272388059701493,0.003767588874325156,0.0037839338240190975
3558,13.276119402985074,0.0038113705813884735,0.0037825674431898244
3559,13.279850746268657,0.003772482043132186,0.0037790324493515784
3560,13.283582089552239,0.0036241267807781696,0.0037728846073150635
3561,13.287313432835822,0.003938780166208744,0.003771783369479746
3562,13.291044776119403,0.003722427412867546,0.003773392183797025
3563,13.294776119402986,0.0038860547356307507,0.003771330519556636
3564,13.298507462686567,0.003649888327345252,0.003766637573745556
3565,13.302238805970148,0.003706485265865922,0.0037676962319670654
3566,13.305970149253731,0.0036056088283658028,0.0037660299141596
3567,13.309701492537313,0.003722422756254673,0.0037689941605871043
3568,13.313432835820896,0.0037632095627486706,0.003768877302319175
3569,13.317164179104477,0.0035218922421336174,0.0037748826747169583
3570,13.32089552238806,0.003568671178072691,0.0037746041922307595
3571,13.324626865671641,0.00381078920327127,0.00377734546640479
3572,13.328358208955224,0.0037999108899384737,0.0037771438237097932
3573,13.332089552238806,0.003739273874089122,0.0037803854736522206
3574,13.335820895522389,0.0038007902912795544,0.0037799857204734552
3575,13.33955223880597,0.0037744217552244663,0.003781168840870988
3576,13.343283582089553,0.0036387466825544834,0.0037817328475506567
3577,13.347014925373134,0.0037785142194479704,0.0037856806898716746
3578,13.350746268656716,0.00389040051959455,0.0037849594259680044
3579,13.354477611940299,0.0037982268258929253,0.003783470082164901
3580,13.35820895522388,0.0037960652261972427,0.0037840148888346626
3581,13.361940298507463,0.003868014318868518,0.003784469624118107
3582,13.365671641791044,0.003902503289282322,0.003785819632977974
3583,13.369402985074627,0.003766929265111685,0.0037919427608934845
3584,13.373134328358208,0.003690325887873769,0.003789538563024707
3585,13.376865671641792,0.0038121305406093597,0.0037911135090015285
3586,13.380597014925373,0.0037521561607718468,0.0037940289064242344
3587,13.384328358208956,0.00392809696495533,0.0038000572893041665
3588,13.388059701492537,0.0037248502485454082,0.003801645762173504
3589,13.39179104477612,0.003901180811226368,0.0037970951781040284
3590,13.395522388059701,0.0037590586580336094,0.0038028043444927146
3591,13.399253731343284,0.003920520655810833,0.0038069619729024606
3592,13.402985074626866,0.003908965270966291,0.0038086303521129416
3593,13.406716417910447,0.003833627328276634,0.00380508576110914
3594,13.41044776119403,0.003799771424382925,0.0038054303731769323
3595,13.414179104477611,0.003930848091840744,0.0038075873957628885
3596,13.417910447761194,0.0038599250838160515,0.0038072158434859864
3597,13.421641791044776,0.0039658560417592525,0.0038118061620923804
3598,13.425373134328359,0.0037380170542746782,0.003812733691231143
3599,13.42910447761194,0.003750307485461235,0.0038119203853988794
3600,13.432835820895523,0.0037948191165924072,0.0038126413767203323
3601,13.436567164179104,0.003642770927399397,0.003812115735987701
3602,13.440298507462687,0.003994130529463291,0.003810832782353206
3603,13.444029850746269,0.003973475657403469,0.003808173305559449
3604,13.447761194029852,0.003787482623010874,0.003807374719166901
3605,13.451492537313433,0.003714461112394929,0.003805325661854046
3606,13.455223880597014,0.0038260165601968765,0.0038008941791769935
3607,13.458955223880597,0.0038527725264430046,0.0037992234603024836
3608,13.462686567164178,0.0037875501438975334,0.003795880818648673
3609,13.466417910447761,0.003576635615900159,0.0037990557768086833
3610,13.470149253731343,0.003755968064069748,0.0037939894160755523
3611,13.473880597014926,0.003739133942872286,0.0037935546474395
3612,13.477611940298507,0.003879192750900984,0.0037916940352993042
3613,13.48134328358209,0.0036545826587826014,0.00379071505626709
3614,13.485074626865671,0.0037534029688686132,0.0037896342507404523
3615,13.488805970149254,0.003889228217303753,0.0037923543486835026
3616,13.492537313432836,0.003759188111871481,0.003787554209915603
3617,13.496268656716419,0.0038269497454166412,0.003779741992219919
3618,13.5,0.0038165429141372442,0.0037762319850848944
3619,13.503731343283581,0.0038570549804717302,0.003778647727946319
3620,13.507462686567164,0.003827787470072508,0.0037776738371154885
3621,13.511194029850746,0.0037745139561593533,0.003778417952495014
3622,13.514925373134329,0.0038154132198542356,0.003784814281616269
3623,13.51865671641791,0.0037934647407382727,0.0037820340281852134
3624,13.522388059701493,0.0037341872230172157,0.003781390745510779
3625,13.526119402985074,0.0036063145380467176,0.003783159400904324
3626,13.529850746268657,0.0036304397508502007,0.003785642641937224
3627,13.533582089552239,0.0036836566869169474,0.0037832148429914943
3628,13.537313432835822,0.0037910486571490765,0.0037785768508911133
3629,13.541044776119403,0.0038550235331058502,0.003781442649707925
3630,13.544776119402986,0.0036934600211679935,0.003789712107036172
3631,13.548507462686567,0.003741233143955469,0.0037903249740782307
3632,13.552238805970148,0.003844235558062792,0.0037954126302970617
3633,13.555970149253731,0.0038688271306455135,0.0037938756925031177
3634,13.559701492537313,0.003789314301684499,0.0037968991574172566
3635,13.563432835820896,0.003911295440047979,0.003798593840811674
3636,13.567164179104477,0.003734042402356863,0.0037959474650007194
3637,13.57089552238806,0.003539624158293009,0.003799076845142536
3638,13.574626865671641,0.0038219457492232323,0.003798370306357378
3639,13.578358208955224,0.0038370625115931034,0.003801708876314323
3640,13.582089552238806,0.003710377961397171,0.003799727731725065
3641,13.585820895522389,0.0038253278471529484,0.0037980847083395573
3642,13.58955223880597,0.003905020421370864,0.003798721528543932
3643,13.593283582089553,0.0038801401387900114,0.0037989595155345232
3644,13.597014925373134,0.003947101067751646,0.0037988116794333954
3645,13.600746268656716,0.003859997494146228,0.0038067565651655924
3646,13.604477611940299,0.003816273994743824,0.0038107923322879688
3647,13.60820895522388,0.003726476803421974,0.003812574406676903
3648,13.611940298507463,0.0036626148503273726,0.0038156408827933596
3649,13.615671641791044,0.003905047895386815,0.003818400777740086
3650,13.619402985074627,0.00391568336635828,0.0038170417395942823
3651,13.623134328358208,0.003781095612794161,0.003824089159734729
3652,13.626865671641792,0.003947727847844362,0.003826507009429539
3653,13.630597014925373,0.0038161783013492823,0.003823738846155565
3654,13.634328358208956,0.003778544720262289,0.0038239392338366043
3655,13.638059701492537,0.003822884988039732,0.0038264303059294454
3656,13.64179104477612,0.003780726809054613,0.0038256739641017302
3657,13.645522388059701,0.003887492697685957,0.003828521125109457
3658,13.649253731343284,0.0037979816552251577,0.0038355380444355853
3659,13.652985074626866,0.003953424282371998,0.003841295219367234
3660,13.656716417910447,0.0037758280523121357,0.003836379267229903
3661,13.66044776119403,0.0037604235112667084,0.00384228363655871
3662,13.664179104477611,0.003800623584538698,0.0038443790214908557
3663,13.667910447761194,0.003825170686468482,0.0038413850749592954
3664,13.671641791044776,0.0037874034605920315,0.0038412607377167883
3665,13.675373134328359,0.0040599275380373,0.0038345349248407818
3666,13.67910447761194,0.003771780990064144,0.0038404655586019524
3667,13.682835820895523,0.003703504800796509,0.003839993014613666
3668,13.686567164179104,0.0038093822076916695,0.003844217039508427
3669,13.690298507462687,0.003904204349964857,0.003844782272808072
3670,13.694029850746269,0.0037993029691278934,0.003845427753176631
3671,13.697761194029852,0.003982404246926308,0.0038481200363759587
3672,13.701492537313433,0.00384036498144269,0.0038480685353733416
3673,13.705223880597014,0.003730740863829851,0.0038449324088216555
3674,13.708955223880597,0.0038770430255681276,0.0038425219358830917
3675,13.712686567164178,0.0038914482574909925,0.0038455381603320926
3676,13.716417910447761,0.0038802854251116514,0.0038428557298441487
3677,13.720149253731343,0.0038507760036736727,0.003841687306171147
3678,13.723880597014926,0.003827317850664258,0.0038353072184069852
3679,13.727611940298507,0.004057989921420813,0.0038297580634584515
3680,13.73134328358209,0.0036355084739625454,0.0038216086785967758
3681,13.735074626865671,0.00395245710387826,0.0038223410615833794
3682,13.738805970149254,0.003911238629370928,0.0038167071335653705
3683,13.742537313432836,0.003782268613576889,0.003820903945668805
3684,13.746268656716419,0.00387504231184721,0.003819489136065652
3685,13.75,0.0036713427398353815,0.0038190030708636453
3686,13.753731343283581,0.004103153478354216,0.0038126225799049547
3687,13.757462686567164,0.003796899691224098,0.0038125408904218093
3688,13.761194029850746,0.00389966182410717,0.0038149879404866115
3689,13.764925373134329,0.003685789415612817,0.003808962328859219
3690,13.76865671641791,0.003931512590497732,0.0038050453224014943
3691,13.772388059701493,0.004026066977530718,0.0038043047789847705
3692,13.776119402985074,0.003778984071686864,0.003798118525570849
3693,13.779850746268657,0.0038191466592252254,0.0037961872635272945
3694,13.783582089552239,0.003717348910868168,0.0037946922750007814
3695,13.787313432835822,0.003902209922671318,0.0037929723323209255
3696,13.791044776119403,0.0037129053380340338,0.003787172163223348
3697,13.794776119402986,0.003732821438461542,0.003784044344750483
3698,13.798507462686567,0.00362590909935534,0.003777543957367903
3699,13.802238805970148,0.0035704663023352623,0.0037754265671005338
3700,13.805970149253731,0.003619299503043294,0.003773539253260668
3701,13.809701492537313,0.003805855754762888,0.0037743173278413896
3702,13.813432835820896,0.003529432462528348,0.003768180445881515
3703,13.817164179104477,0.003972692880779505,0.0037673121920173487
3704,13.82089552238806,0.0037671634927392006,0.0037670450103355615
3705,13.824626865671641,0.003767474787309766,0.0037663721524905866
3706,13.828358208955224,0.0037983274087309837,0.003766316852373321
3707,13.832089552238806,0.0037684317212551832,0.00375855728847588
3708,13.835820895522389,0.0038038338534533978,0.0037580853634763783
3709,13.83955223880597,0.0035623321309685707,0.003752657303177729
3710,13.843283582089553,0.003743607085198164,0.0037525077123285793
3711,13.847014925373134,0.0037689406890422106,0.003746560036500053
3712,13.850746268656716,0.0037287678569555283,0.0037441669690718013
3713,13.854477611940299,0.003761183237656951,0.0037461160171050126
3714,13.85820895522388,0.0036694463342428207,0.003738715796072672
3715,13.861940298507463,0.0038065253756940365,0.003736457810169313
3716,13.865671641791044,0.0036536413244903088,0.003732362517905308
3717,13.869402985074627,0.0037520448677241802,0.0037343283865328243
3718,13.873134328358208,0.003584260120987892,0.0037339347891691254
3719,13.876865671641792,0.00374050484970212,0.00373582436884867
3720,13.880597014925373,0.003980610053986311,0.003736915152020207
3721,13.884328358208956,0.0036674095317721367,0.003742201100444285
3722,13.888059701492537,0.003700844943523407,0.0037392071198399475
3723,13.89179104477612,0.003875640220940113,0.0037368520038066114
3724,13.895522388059701,0.003771314164623618,0.003734899735895962
3725,13.899253731343284,0.0038474551402032375,0.0037373419816991906
3726,13.902985074626866,0.00366907543502748,0.003736808788167631
3727,13.906716417910447,0.0037850113585591316,0.0037349622594419775
3728,13.91044776119403,0.0037775507662445307,0.003733764300350009
3729,13.914179104477611,0.0036771113518625498,0.003733123204012106
3730,13.917910447761194,0.0036796561907976866,0.003735752645652832
3731,13.921641791044776,0.003687657881528139,0.0037362726814136275
3732,13.925373134328359,0.003927951212972403,0.003732185078239659
3733,13.92910447761194,0.0038588950410485268,0.003731293382304834
3734,13.932835820895523,0.003515737596899271,0.0037302609260489302
3735,13.936567164179104,0.003624771488830447,0.0037252357876973183
3736,13.940298507462687,0.0037343029398471117,0.003721502160926054
3737,13.944029850746269,0.0037935059517621994,0.0037232770800317934
3738,13.947761194029852,0.0037166839465498924,0.003723073375933781
3739,13.951492537313433,0.0037033818662166595,0.0037280477572050764
3740,13.955223880597014,0.0036151884123682976,0.0037253725387882894
3741,13.958955223880597,0.003836023388430476,0.0037194329382079405
3742,13.962686567164178,0.003683102549985051,0.0037209098113746178
3743,13.966417910447761,0.0034328727051615715,0.0037218613107120845
3744,13.970149253731343,0.00389264989644289,0.003719076985584163
3745,13.973880597014926,0.0038672955706715584,0.0037195146220122895
3746,13.977611940298507,0.0037456138525158167,0.0037131687603527454
3747,13.98134328358209,0.003722619730979204,0.0037120458976615494
3748,13.985074626865671,0.0037193153984844685,0.003713797624563662
3749,13.988805970149254,0.0037775489035993814,0.003711590571783301
3750,13.992537313432836,0.0036701392382383347,0.003712784283135722
3751,13.996268656716419,0.003764928551390767,0.0037114455126135088
3752,14.0,0.0036013489589095116,0.003711677411934588
3753,14.003731343283581,0.0036922083236277103,0.0037055035326175574
3754,14.007462686567164,0.0037188525311648846,0.0037028716490944713
3755,14.011194029850746,0.0034634156618267298,0.0037072684740783964
3756,14.014925373134329,0.003653446678072214,0.003710157391274484
3757,14.01865671641791,0.003726413007825613,0.0037098016998753317
3758,14.022388059701493,0.0037436929997056723,0.003705904177367324
3759,14.026119402985074,0.003788209753111005,0.0037037844076843523
3760,14.029850746268657,0.003630820894613862,0.0037057454947654793
3761,14.033582089552239,0.0037370864301919937,0.0037098604413430864
3762,14.037313432835822,0.0037279613316059113,0.0037091991795999246
3763,14.041044776119403,0.003739856416359544,0.0037108999449850582
3764,14.044776119402986,0.0037614828906953335,0.0037151406541830155
3765,14.048507462686567,0.0037892572581768036,0.0037070411461882476
3766,14.052238805970148,0.0035872748121619225,0.0037014637619438694
3767,14.055970149253731,0.003623038064688444,0.003708714863467144
3768,14.059701492537313,0.0038568321615457535,0.003707868734192921
3769,14.063432835820896,0.0036870616022497416,0.0037082517349229355
3770,14.067164179104477,0.0037260535173118114,0.00370514612054316
3771,14.07089552238806,0.0036247665993869305,0.0037068290545082673
3772,14.074626865671641,0.0036971657536923885,0.0037057989379163923
3773,14.078358208955224,0.003674822160974145,0.0037104113470399526
3774,14.082089552238806,0.0037509878166019917,0.003713820123954154
3775,14.085820895522389,0.0036960074212402105,0.0037126540285875886
3776,14.08955223880597,0.0037432170938700438,0.0037163995751520484
3777,14.093283582089553,0.0037197195924818516,0.003717599118628153
3778,14.097014925373134,0.0036337075289338827,0.003715705898840253
3779,14.100746268656716,0.0036297733895480633,0.0037145685268248
3780,14.104477611940299,0.0037837864365428686,0.0037099138049908526
3781,14.10820895522388,0.00378390122205019,0.003709530951909539
3782,14.111940298507463,0.003808911656960845,0.0037059869742157255
3783,14.115671641791044,0.003752833930775523,0.0037095447968146424
3784,14.119402985074627,0.0036067417822778225,0.0037087080659481083
3785,14.123134328358208,0.0035605700686573982,0.0037068969615530675
3786,14.126865671641792,0.0036386228166520596,0.0037051515437935183
3787,14.130597014925373,0.004042909014970064,0.0037080479172489993
3788,14.134328358208956,0.003687928430736065,0.0037107791910629445
3789,14.138059701492537,0.00373501842841506,0.003704899354133664
3790,14.14179104477612,0.003650218714028597,0.003707757333248127
3791,14.145522388059701,0.0037391395308077335,0.0037056966684758663
3792,14.149253731343284,0.003722693771123886,0.0037028583096022287
3793,14.152985074626866,0.003790457732975483,0.0037031427264304423
3794,14.156716417910447,0.0038319681771099567,0.0036994655241780893
3795,14.16044776119403,0.0036710426211357117,0.0037036307281019484
3796,14.164179104477611,0.0036169830709695816,0.0037028844945314453
3797,14.167910447761194,0.0037026279605925083,0.0037041448863086904
3798,14.171641791044776,0.0036487909965217113,0.0037044597982724267
3799,14.175373134328359,0.0036970607470721006,0.0037073372159062363
3800,14.17910447761194,0.0035973661579191685,0.003705617358408323
3801,14.182835820895523,0.0036151239182800055,0.0037025646931241924
3802,14.186567164179104,0.003591783344745636,0.003695713674149862
3803,14.190298507462687,0.003873832058161497,0.003696414573890407
3804,14.194029850746269,0.0037055504508316517,0.0036990151218161352
3805,14.197761194029852,0.0036872276104986668,0.0036995537556344417
3806,14.201492537313433,0.003717695130035281,0.0037008761655448414
3807,14.205223880597014,0.0037060261238366365,0.0037019946158114003
3808,14.208955223880597,0.0037350202910602093,0.0036890676881118517
3809,14.212686567164178,0.0036157588474452496,0.003688849429259213
3810,14.216417910447761,0.003804238745942712,0.003686822206917696
3811,14.220149253731343,0.0036415662616491318,0.003692425049205379
3812,14.223880597014926,0.0035083938855677843,0.0036882831510610696
3813,14.227611940298507,0.003708826843649149,0.0036874479591483024
3814,14.23134328358209,0.0035240568686276674,0.0036867627328852326
3815,14.235074626865671,0.003921761177480221,0.0036866930597348182
3816,14.238805970149254,0.0036654118448495865,0.0036843524870985166
3817,14.242537313432836,0.003794893156737089,0.0036795840019405615
3818,14.246268656716419,0.0037326309829950333,0.003679587426254662
3819,14.25,0.00375168165192008,0.003687846633355792
3820,14.253731343283581,0.003559259232133627,0.003693820380537612
3821,14.257462686567164,0.0036586271598935127,0.003694504891272362
3822,14.261194029850746,0.003503009444102645,0.0036958023315159286
3823,14.264925373134329,0.00383764854632318,0.0036975432914204713
3824,14.26865671641791,0.0038594563957303762,0.003691310437805042
3825,14.272388059701493,0.003628825768828392,0.0036929325972933596
3826,14.276119402985074,0.0036147888749837875,0.00369394486542882
3827,14.279850746268657,0.0036844792775809765,0.003693222278365638
3828,14.283582089552239,0.003512904979288578,0.0036991169199165775
3829,14.287313432835822,0.003678979817777872,0.0036953797155037157
3830,14.291044776119403,0.003651902312412858,0.0036956035395766178
3831,14.294776119402986,0.003879935247823596,0.0036903322651618865
3832,14.298507462686567,0.00356932170689106,0.0036912152838961382
3833,14.302238805970148,0.003688450902700424,0.003698660725182513
3834,14.305970149253731,0.0037623634561896324,0.003698529806215225
3835,14.309701492537313,0.0038291115779429674,0.003699862432279965
3836,14.313432835820896,0.0035750791430473328,0.003695537659862056
3837,14.317164179104477,0.0034214751794934273,0.003694893434507454
3838,14.32089552238806,0.0037027683574706316,0.0036880427335457106
3839,14.324626865671641,0.003987418487668037,0.0036846510782020123
3840,14.328358208955224,0.003941984381526709,0.0036845392854202813
3841,14.332089552238806,0.0036254310980439186,0.003685793407806536
3842,14.335820895522389,0.0036683189682662487,0.0036823653627368735
3843,14.33955223880597,0.00366316270083189,0.0036839355101309173
3844,14.343283582089553,0.003618285059928894,0.0036851087380654927
3845,14.347014925373134,0.003772058989852667,0.0036789222120693545
3846,14.350746268656716,0.0037287306040525436,0.00367831137803633
3847,14.354477611940299,0.003688069060444832,0.0036837470763158506
3848,14.35820895522388,0.003947706427425146,0.003686805761123939
3849,14.361940298507463,0.003581794910132885,0.0036912195486720743
3850,14.365671641791044,0.003624935634434223,0.0036894287970825664
3851,14.369402985074627,0.003588116494938731,0.0036874955077087733
3852,14.373134328358208,0.0036777700297534466,0.0036881376943755442
3853,14.376865671641792,0.0038136569783091545,0.0036925478191001384
3854,14.380597014925373,0.0037034591659903526,0.0036921568226250933
3855,14.384328358208956,0.00357869453728199,0.003694226459895329
3856,14.388059701492537,0.0037444455083459616,0.0036941807399072297
3857,14.39179104477612,0.003638998605310917,0.0036959189172016413
3858,14.395522388059701,0.0035140144173055887,0.0037094740560505448
3859,14.399253731343284,0.0035935731139034033,0.0037054703400538464
3860,14.402985074626866,0.00374709814786911,0.0037000386793984144
3861,14.406716417910447,0.0036106782499700785,0.003692743743247375
3862,14.41044776119403,0.0035180773120373487,0.0036938972430439984
3863,14.414179104477611,0.0035673854872584343,0.003689739944004431
3864,14.417910447761194,0.0038857508916407824,0.003690445165308874
3865,14.421641791044776,0.0036058088298887014,0.003692281387019448
3866,14.425373134328359,0.003603781573474407,0.0036920230699385085
3867,14.42910447761194,0.0038376525044441223,0.003688212188823921
3868,14.432835820895523,0.0038098853547126055,0.003685998457779245
3869,14.436567164179104,0.0036938702687621117,0.0036789198724053256
3870,14.440298507462687,0.003605559002608061,0.003680966419690266
3871,14.444029850746269,0.0035726374480873346,0.003683788821146619
3872,14.447761194029852,0.003906264901161194,0.003680842457248307
3873,14.451492537313433,0.0037501368205994368,0.0036852691867729514
3874,14.455223880597014,0.003672420047223568,0.003684523555154844
3875,14.458955223880597,0.003847218584269285,0.0036833116319030523
3876,14.462686567164178,0.00382723705843091,0.003692871714919442
3877,14.466417910447761,0.0036463444121181965,0.0036928149894243333
3878,14.470149253731343,0.003977235872298479,0.0036927168314322464
3879,14.473880597014926,0.0035386160016059875,0.0036997871144061408
3880,14.477611940298507,0.0037647204007953405,0.0037085484236297084
3881,14.48134328358209,0.003642891999334097,0.0037056995987346988
3882,14.485074626865671,0.0036727245897054672,0.0037082905551736674
3883,14.488805970149254,0.0034978697076439857,0.0037113546348381335
3884,14.492537313432836,0.003692076774314046,0.0037131891245158707
3885,14.496268656716419,0.003693570150062442,0.003709435014326761
3886,14.5,0.0037614679895341396,0.00370969310993465
3887,14.503731343283581,0.003572484478354454,0.003710836507152857
3888,14.507462686567164,0.0035973060876131058,0.003703876137279156
3889,14.511194029850746,0.0036574844270944595,0.003702047178748904
3890,14.514925373134329,0.003665703348815441,0.0037039317894817852
3891,14.51865671641791,0.003740654094144702,0.0037077674187901543
3892,14.522388059701493,0.003467315575107932,0.003715132459680118
3893,14.526119402985074,0.0038592659402638674,0.003714237651764983
3894,14.529850746268657,0.0037830860819667578,0.003714059025230931
3895,14.533582089552239,0.003653770312666893,0.003711454644117777
3896,14.537313432835822,0.00397065794095397,0.0037114939300297964
3897,14.541044776119403,0.003742119763046503,0.0037073935382068157
3898,14.544776119402986,0.0036349741276353598,0.003708176184218468
3899,14.548507462686567,0.0038038960192352533,0.003706357958613009
3900,14.552238805970148,0.0039527867920696735,0.0037133811018997577
3901,14.555970149253731,0.00363029632717371,0.003714574830288567
3902,14.559701492537313,0.0037169074639678,0.0037133184023110605
3903,14.563432835820896,0.003643704578280449,0.0037152822947175037
3904,14.567164179104477,0.0036425995640456676,0.0037174033080568402
3905,14.57089552238806,0.0037318323738873005,0.003717236851183016
3906,14.574626865671641,0.003616390749812126,0.00372102735109809
3907,14.578358208955224,0.0036506608594208956,0.0037181106702674454
3908,14.582089552238806,0.0035522773396223783,0.0037200174680570275
3909,14.585820895522389,0.003734898054972291,0.003718596553747974
3910,14.58955223880597,0.003771139308810234,0.00372045558718283
3911,14.593283582089553,0.003762819804251194,0.003722419536377235
3912,14.597014925373134,0.0038746041245758533,0.0037156485146047865
3913,14.600746268656716,0.0038695777766406536,0.003720262689833961
3914,14.604477611940299,0.0037428131327033043,0.0037158645019389506
3915,14.60820895522388,0.0035656404215842485,0.0037152538212334237
3916,14.611940298507463,0.0038488293066620827,0.0037213979834100097
3917,14.615671641791044,0.0036591209936887026,0.003717589839475184
3918,14.619402985074627,0.003678432898595929,0.003716043872395303
3919,14.623134328358208,0.0039026886224746704,0.0037188035231537934
3920,14.626865671641792,0.0038265648763626814,0.00372173906894537
3921,14.630597014925373,0.003813663264736533,0.0037145543582283143
3922,14.634328358208956,0.003591378452256322,0.003715352819687346
3923,14.638059701492537,0.0037532441783696413,0.003715011291205883
3924,14.64179104477612,0.003584831254556775,0.003712426717733828
3925,14.645522388059701,0.0036852520424872637,0.0037140229591963495
3926,14.649253731343284,0.0038489806465804577,0.0037130343034954333
3927,14.652985074626866,0.0036418840754777193,0.0037178940241929235
3928,14.656716417910447,0.003650663187727332,0.0037152737992384084
3929,14.66044776119403,0.0035390486009418964,0.0037200232149987686
3930,14.664179104477611,0.003733704797923565,0.0037171270119071734
3931,14.667910447761194,0.0037462252657860518,0.003715836709910413
3932,14.671641791044776,0.003463042201474309,0.003714590106250309
3933,14.675373134328359,0.00365649675950408,0.003711716527482722
3934,14.67910447761194,0.003678940236568451,0.0037051620041360944
3935,14.682835820895523,0.0037580481730401516,0.0037047436699362063
3936,14.686567164179104,0.00390568096190691,0.0037071996924989835
3937,14.690298507462687,0.0038145240396261215,0.0037076886652446374
3938,14.694029850746269,0.003678735112771392,0.0037131026421287436
3939,14.697761194029852,0.0037481198087334633,0.0037132133389028107
3940,14.701492537313433,0.003924253396689892,0.0037103979053293786
3941,14.705223880597014,0.0036582136526703835,0.003704334365022255
3942,14.708955223880597,0.0036630332469940186,0.003699975088238716
3943,14.712686567164178,0.0037029047962278128,0.003704539449067741
3944,14.716417910447761,0.003537737065926194,0.003699111127544467
3945,14.720149253731343,0.0037080454640090466,0.0037032353362386546
3946,14.723880597014926,0.0036912974901497364,0.0037039748006841033
3947,14.727611940298507,0.0038156392984092236,0.003700915241341402
3948,14.73134328358209,0.003543231636285782,0.003700912930071354
3949,14.735074626865671,0.003747003385797143,0.00370002059243256
3950,14.738805970149254,0.0036161537282168865,0.0037046840198610613
3951,14.742537313432836,0.0037182369269430637,0.0037043537467536403
3952,14.746268656716419,0.00371170905418694,0.0037125747525928224
3953,14.75,0.003756787395104766,0.003717154378025997
3954,14.753731343283581,0.0036008423194289207,0.003713763250810344
3955,14.757462686567164,0.0037256614305078983,0.0037154221861827666
3956,14.761194029850746,0.0036663373466581106,0.0037127219015596117
3957,14.764925373134329,0.003868877189233899,0.0037057594021373407
3958,14.76865671641791,0.0038810940459370613,0.003703380667990664
3959,14.772388059701493,0.003682971466332674,0.0037060741607735795
3960,14.776119402985074,0.003787255845963955,0.0037053878725756234
3961,14.779850746268657,0.0035779597237706184,0.003703316361302646
3962,14.783582089552239,0.003634932916611433,0.003702331692116653
3963,14.787313432835822,0.003778517246246338,0.00370073704639586
3964,14.791044776119403,0.003530682995915413,0.0037001665715673347
3965,14.794776119402986,0.003753923811018467,0.0037052679534365493
3966,14.798507462686567,0.0037155700847506523,0.003702727424707718
3967,14.802238805970148,0.003723538713529706,0.0036983188616520747
3968,14.805970149253731,0.003641789313405752,0.00369754823765195
3969,14.809701492537313,0.0036140773445367813,0.00370492976976604
3970,14.813432835820896,0.003730249125510454,0.00369879279126663
3971,14.817164179104477,0.0037201636005192995,0.0037043003376755045
3972,14.82089552238806,0.004083286505192518,0.003702665946060201
3973,14.824626865671641,0.0036508068442344666,0.0036997868531815164
3974,14.828358208955224,0.0035174605436623096,0.0037033483726767505
3975,14.832089552238806,0.0037469565868377686,0.003705341471131982
3976,14.835820895522389,0.0036473365034908056,0.003705687076989107
3977,14.83955223880597,0.0036202184855937958,0.003706712985593008
3978,14.843283582089553,0.0037169959396123886,0.0037003929283833357
3979,14.847014925373134,0.003789168316870928,0.0036931488856037217
3980,14.850746268656716,0.0037199819926172495,0.0036901741447608644
3981,14.854477611940299,0.0038393214344978333,0.0036859419651147796
3982,14.85820895522388,0.0036178422160446644,0.003688944060718868
3983,14.861940298507463,0.0035976527724415064,0.003688496673797689
3984,14.865671641791044,0.003679515328258276,0.003683729034780366
3985,14.869402985074627,0.003746893722563982,0.003687639629877195
3986,14.873134328358208,0.0036038837861269712,0.0036899556246836013
3987,14.876865671641792,0.0035105464048683643,0.0036873488016880866
3988,14.880597014925373,0.003784043714404106,0.0036929618658089057
3989,14.884328358208956,0.0038458744529634714,0.003696727566421032
3990,14.888059701492537,0.003495387267321348,0.00369702928086243
3991,14.89179104477612,0.00384196313098073,0.0036900708872098023
3992,14.895522388059701,0.003651226870715618,0.003690071097325261
3993,14.899253731343284,0.003593666246160865,0.003679294110752824
3994,14.902985074626866,0.0039028096944093704,0.003680515574382209
3995,14.906716417910447,0.0036825593560934067,0.003687954189755568
3996,14.91044776119403,0.003739831270650029,0.003690196763406076
3997,14.914179104477611,0.003708399599418044,0.003692436861101447
3998,14.917910447761194,0.0036097548436373472,0.0036942719243375994
3999,14.921641791044776,0.0035840882919728756,0.003693127362966174
4000,14.925373134328359,0.0035610070917755365,
4001,14.92910447761194,0.003613736480474472,
4002,14.932835820895523,0.0037010456435382366,
4003,14.936567164179104,0.003616590052843094,
4004,14.940298507462687,0.003583044046536088,
4005,14.944029850746269,0.003691017394885421,
4006,14.947761194029852,0.003848879598081112,
4007,14.951492537313433,0.0036086903419345617,
4008,14.955223880597014,0.003953674342483282,
4009,14.958955223880597,0.0037961830385029316,
4010,14.962686567164178,0.0036264476366341114,
4011,14.966417910447761,0.0034449549857527018,
4012,14.970149253731343,0.0037201722152531147,
4013,14.973880597014926,0.0036414300557225943,
4014,14.977611940298507,0.0037008868530392647,
4015,14.98134328358209,0.003822443773970008,
4016,14.985074626865671,0.0038389021065086126,
4017,14.988805970149254,0.0037391805090010166,
4018,14.992537313432836,0.003695456078276038,
4019,14.996268656716419,0.003670068923383951,
