iteration,epoch,loss,smoothed_loss_41
0,0.0,0.009775674901902676,
1,0.0037313432835820895,0.010932082310318947,
2,0.007462686567164179,0.009146953001618385,
3,0.011194029850746268,0.009171856567263603,
4,0.014925373134328358,0.008650216273963451,
5,0.018656716417910446,0.007054242771118879,
6,0.022388059701492536,0.007115068845450878,
7,0.026119402985074626,0.006494385190308094,
8,0.029850746268656716,0.006078215315937996,
9,0.033582089552238806,0.00592822814360261,
10,0.03731343283582089,0.005192058626562357,
11,0.041044776119402986,0.00528138829395175,
12,0.04477611940298507,0.005434693768620491,
13,0.048507462686567165,0.0048849694430828094,
14,0.05223880597014925,0.004586593247950077,
15,0.055970149253731345,0.0043138377368450165,
16,0.05970149253731343,0.004503083415329456,
17,0.06343283582089553,0.004069808404892683,
18,0.06716417910447761,0.003864752361550927,
19,0.0708955223880597,0.0035841718781739473,
20,0.07462686567164178,0.0038545806892216206,0.004596213123011516
21,0.07835820895522388,0.0037862001918256283,0.004413472335195032
22,0.08208955223880597,0.0036124971229583025,0.004205729602268193
23,0.08582089552238806,0.0034058920573443174,0.00403768735051882
24,0.08955223880597014,0.0032142200507223606,0.003867977048929145
25,0.09328358208955224,0.0033690494019538164,0.0037066523814801035
26,0.09701492537313433,0.003176199272274971,0.003588029711575406
27,0.10074626865671642,0.0032660760916769505,0.003465467399531385
28,0.1044776119402985,0.003004041500389576,0.0033584450451066583
29,0.10820895522388059,0.002826826646924019,0.0032641524619354705
30,0.11194029850746269,0.0030438867397606373,0.0031684164537071455
31,0.11567164179104478,0.0028172144666314125,0.0030888825393758897
32,0.11940298507462686,0.0028660770040005445,0.003008045165277109
33,0.12313432835820895,0.0026731041725724936,0.0029249954514387177
34,0.12686567164179105,0.002736304420977831,0.002854157699181176
35,0.13059701492537312,0.0026040226221084595,0.002791937872222284
36,0.13432835820895522,0.002519277622923255,0.002732702758072353
37,0.13805970149253732,0.0025851440150290728,0.0026714256510320233
38,0.1417910447761194,0.002459511626511812,0.0026188096934475187
39,0.1455223880597015,0.00229585450142622,0.0025736984325481988
40,0.14925373134328357,0.0022664773277938366,0.002535205780210473
41,0.15298507462686567,0.00228330260142684,0.002489048274938108
42,0.15671641791044777,0.0024146302603185177,0.002446173704456447
43,0.16044776119402984,0.0022572206798940897,0.0024037812155012677
44,0.16417910447761194,0.0022137342020869255,0.002370833720239561
45,0.16791044776119404,0.002035904908552766,0.002339299998200703
46,0.17164179104477612,0.002190713305026293,0.0023026023167980517
47,0.17537313432835822,0.002090014051645994,0.002271912424120961
48,0.1791044776119403,0.0021064686588943005,0.002240715991342213
49,0.1828358208955224,0.0022122194059193134,0.002213946827573747
50,0.1865671641791045,0.002003051806241274,0.002191513697276028
51,0.19029850746268656,0.0019311681389808655,0.0021621461293273945
52,0.19402985074626866,0.001967055955901742,0.002142467572944375
53,0.19776119402985073,0.0020296555012464523,0.002117428323821869
54,0.20149253731343283,0.001980621600523591,0.0021007814950014395
55,0.20522388059701493,0.0020355803426355124,0.002077461387848527
56,0.208955223880597,0.0018851980566978455,0.002061113411356218
57,0.2126865671641791,0.0019907220266759396,0.0020451112338001043
58,0.21641791044776118,0.0019125541439279914,0.0020245815451234214
59,0.22014925373134328,0.002015190664678812,0.0020066785239955275
60,0.22388059701492538,0.002005973132327199,0.0019923539025845324
61,0.22761194029850745,0.0019621229730546474,0.001980147193890156
62,0.23134328358208955,0.002028342802077532,0.0019669400232775907
63,0.23507462686567165,0.0018744050757959485,0.0019471354657647814
64,0.23880597014925373,0.002055044751614332,0.0019346344875308071
65,0.24253731343283583,0.00192133744712919,0.0019193725410576274
66,0.2462686567164179,0.0018644444644451141,0.0019093748386494998
67,0.25,0.0019179136725142598,0.0018944544036213944
68,0.2537313432835821,0.0019870223477482796,0.001883097151975806
69,0.2574626865671642,0.001906505785882473,0.0018726877851139119
70,0.26119402985074625,0.0019070683047175407,0.0018586290165463963
71,0.26492537313432835,0.0018398164538666606,0.0018481852617341934
72,0.26865671641791045,0.0020103936549276114,0.0018382720910467025
73,0.27238805970149255,0.001839467789977789,0.0018285512384708699
74,0.27611940298507465,0.0019905841909348965,0.0018163877056639006
75,0.2798507462686567,0.0017801800277084112,0.0018071058723030658
76,0.2835820895522388,0.001933755585923791,0.0017941052792593837
77,0.2873134328358209,0.0018631883431226015,0.0017849388390370623
78,0.291044776119403,0.0017434267792850733,0.001775672139668065
79,0.2947761194029851,0.0017254877602681518,0.0017656332858633705
80,0.29850746268656714,0.0017085450235754251,0.001755167945946862
81,0.30223880597014924,0.0017660022713243961,0.0017412990536086444
82,0.30597014925373134,0.0017418086063116789,0.0017295552093944534
83,0.30970149253731344,0.0016026434022933245,0.0017170676444770723
84,0.31343283582089554,0.0017446805723011494,0.0017072351609651998
85,0.31716417910447764,0.001587994396686554,0.0016963994783553771
86,0.3208955223880597,0.0016259991098195314,0.0016885141404799934
87,0.3246268656716418,0.0015789754688739777,0.0016805838975237637
88,0.3283582089552239,0.0016243667341768742,0.00167229829253856
89,0.332089552238806,0.0016796846175566316,0.0016614430748698552
90,0.3358208955223881,0.0016358098946511745,0.0016518551401975678
91,0.33955223880597013,0.001574857858940959,0.0016406120550705166
92,0.34328358208955223,0.0015247281407937407,0.0016348501411834505
93,0.34701492537313433,0.0015685010002925992,0.0016208885112641062
94,0.35074626865671643,0.0015309506561607122,0.0016131935379944925
95,0.35447761194029853,0.0016000664327293634,0.0015992634481091688
96,0.3582089552238806,0.0015025560278445482,0.0015894201663663474
97,0.3619402985074627,0.0015093740075826645,0.001578263768063086
98,0.3656716417910448,0.0016107873525470495,0.0015671092863535371
99,0.3694029850746269,0.0015009611379355192,0.0015590806724503636
100,0.373134328358209,0.0015861117281019688,0.0015518250648023152
101,0.376865671641791,0.0014373485464602709,0.0015422878502981692
102,0.3805970149253731,0.0014806253602728248,0.0015333349384912631
103,0.3843283582089552,0.001516352640464902,0.001524483058147314
104,0.3880597014925373,0.0014712732518091798,0.0015181402630377106
105,0.3917910447761194,0.0016107817646116018,0.0015087126549787637
106,0.39552238805970147,0.00159803859423846,0.0015032451526012
107,0.39925373134328357,0.0015393045032396913,0.0014976353878609653
108,0.40298507462686567,0.0015782038681209087,0.001494381744300992
109,0.40671641791044777,0.0015419584233313799,0.001486713836174004
110,0.41044776119402987,0.0015134004643186927,0.0014796757548138863
111,0.4141791044776119,0.0014461018145084381,0.0014753036098781882
112,0.417910447761194,0.001603577984496951,0.0014703252222161831
113,0.4216417910447761,0.0014379668282344937,0.001467394438095209
114,0.4253731343283582,0.001523973885923624,0.001460618140721103
115,0.4291044776119403,0.0014194505056366324,0.0014552582657282672
116,0.43283582089552236,0.0013766054762527347,0.0014489989460832098
117,0.43656716417910446,0.0014763432554900646,0.0014462478759857576
118,0.44029850746268656,0.0014058545930311084,0.0014420419039840743
119,0.44402985074626866,0.0014142536092549562,0.0014352699139768758
120,0.44776119402985076,0.001428007846698165,0.0014317501393124098
121,0.45149253731343286,0.0013175192289054394,0.0014287118754554085
122,0.4552238805970149,0.0013989328872412443,0.0014262656431372573
123,0.458955223880597,0.001378881512209773,0.0014251454409620746
124,0.4626865671641791,0.0013425888027995825,0.0014183204677864546
125,0.4664179104477612,0.001358148641884327,0.001414566442779288
126,0.4701492537313433,0.0013638267992064357,0.0014082377396024217
127,0.47388059701492535,0.0013959987554699183,0.0014021572168553022
128,0.47761194029850745,0.0014455760829150677,0.0013961410632629583
129,0.48134328358208955,0.0013099825009703636,0.0013917992942080628
130,0.48507462686567165,0.0013911232817918062,0.0013871700020234396
131,0.48880597014925375,0.0014565519522875547,0.0013843582113977613
132,0.4925373134328358,0.0013707439647987485,0.0013829165013370718
133,0.4962686567164179,0.001404565991833806,0.0013744921690398237
134,0.5,0.0012906728079542518,0.0013741491839471386
135,0.503731343283582,0.001311195781454444,0.0013703701438427698
136,0.5074626865671642,0.0013434343272820115,0.0013685524605623468
137,0.5111940298507462,0.0013897621538490057,0.0013682419808990344
138,0.5149253731343284,0.0013369291555136442,0.0013629914312509866
139,0.5186567164179104,0.0013331357622519135,0.0013613391911792682
140,0.5223880597014925,0.0013566503766924143,0.0013595724041096683
141,0.5261194029850746,0.001461542909964919,0.001356222698033401
142,0.5298507462686567,0.001337053021416068,0.0013551553058233567
143,0.5335820895522388,0.0014346970710903406,0.0013554843125592282
144,0.5373134328358209,0.0012365287402644753,0.001352107970089447
145,0.5410447761194029,0.0013173582265153527,0.001355067278803667
146,0.5447761194029851,0.001351304934360087,0.001355224493436697
147,0.5485074626865671,0.0013487371616065502,0.0013595909340216256
148,0.5522388059701493,0.001292642205953598,0.0013640697523042923
149,0.5559701492537313,0.0014001913368701935,0.0013620777384991327
150,0.5597014925373134,0.0013521574437618256,0.0013651230241876187
151,0.5634328358208955,0.0013981170486658812,0.0013639435495772377
152,0.5671641791044776,0.0013869917020201683,0.0013645208418005851
153,0.5708955223880597,0.0012581803603097796,0.0013655575656718233
154,0.5746268656716418,0.0014239044394344091,0.0013650931480408805
155,0.5783582089552238,0.0013690332416445017,0.0013657841922306434
156,0.582089552238806,0.0013449254911392927,0.0013668973044287868
157,0.585820895522388,0.0013638758100569248,0.0013665104477961615
158,0.5895522388059702,0.0012610707199200988,0.0013633491073894064
159,0.5932835820895522,0.0013381127500906587,0.0013624499977861599
160,0.5970149253731343,0.0013418153394013643,0.0013607792931086406
161,0.6007462686567164,0.001290669897571206,0.0013571502385297564
162,0.6044776119402985,0.0012737561482936144,0.0013527259224934913
163,0.6082089552238806,0.001412422163411975,0.0013495375936078589
164,0.6119402985074627,0.0012404514709487557,0.0013432761926839992
165,0.6156716417910447,0.0014639204600825906,0.0013439516145054523
166,0.6194029850746269,0.0013645944418385625,0.0013400881619351666
167,0.6231343283582089,0.0015428508631885052,0.0013364015612751245
168,0.6268656716417911,0.0015796303050592542,0.0013342824957628802
169,0.6305970149253731,0.0013639035169035196,0.0013304459663653157
170,0.6343283582089553,0.0014348392141982913,0.0013252323714834525
171,0.6380597014925373,0.0013427648227661848,0.001322600936585265
172,0.6417910447761194,0.001480220933444798,0.0013170317553619787
173,0.6455223880597015,0.0014132496435195208,0.00131106850543491
174,0.6492537313432836,0.001385524868965149,0.0013087857514619827
175,0.6529850746268657,0.0013190056197345257,0.0013021904855921138
176,0.6567164179104478,0.0013568333815783262,0.0013016480072287888
177,0.6604477611940298,0.001327573205344379,0.0012987615489514499
178,0.664179104477612,0.0012601471971720457,0.0012983149400253484
179,0.667910447761194,0.0013000656617805362,0.001299177878536284
180,0.6716417910447762,0.0012646368704736233,0.001300719839225455
181,0.6753731343283582,0.0012078591389581561,0.0013019380233500425
182,0.6791044776119403,0.0012801459524780512,0.0013043944349103585
183,0.6828358208955224,0.001206331537105143,0.0013053906320526106
184,0.6865671641791045,0.0011779796332120895,0.0013050352245932671
185,0.6902985074626866,0.0012642210349440575,0.0013083791212610354
186,0.6940298507462687,0.0011589566711336374,0.0013048229256372263
187,0.6977611940298507,0.0012001543072983623,0.001307543378505038
188,0.7014925373134329,0.0012618554756045341,0.001300003084285957
189,0.7052238805970149,0.0011353445006534457,0.0012967059553441842
190,0.7089552238805971,0.0011864339467138052,0.0012973495077614377
191,0.7126865671641791,0.001244268612936139,0.0012952268844833824
192,0.7164179104477612,0.0011697806185111403,0.0012957087133034337
193,0.7201492537313433,0.0011424984550103545,0.0012908952435614859
194,0.7238805970149254,0.0011645874474197626,0.0012874005322639898
195,0.7276119402985075,0.0011534985387697816,0.0012840361067480066
196,0.7313432835820896,0.0013467916287481785,0.001281015804923344
197,0.7350746268656716,0.0012265807017683983,0.0012782188955830728
198,0.7388059701492538,0.0013455648440867662,0.001276150093095877
199,0.7425373134328358,0.0012964511988684535,0.0012730701525536616
200,0.746268656716418,0.001401333138346672,0.0012728060061884363
201,0.75,0.0013917608885094523,0.001268565967088429
202,0.753731343283582,0.0013913827715441585,0.001267126860755791
203,0.7574626865671642,0.0013146002311259508,0.00126373074187829
204,0.7611940298507462,0.0013978504575788975,0.0012601467655835356
205,0.7649253731343284,0.0013775512343272567,0.0012593348879685125
206,0.7686567164179104,0.0013181164395064116,0.0012557905695469278
207,0.7723880597014925,0.0014761330094188452,0.0012539098573076289
208,0.7761194029850746,0.0012336988002061844,0.0012521776399098154
209,0.7798507462686567,0.0014444480184465647,0.0012508993031366206
210,0.7835820895522388,0.0013902891660109162,0.0012502163739466087
211,0.7873134328358209,0.001347811659798026,0.0012525038611961574
212,0.7910447761194029,0.0013625198043882847,0.0012506576959134602
213,0.7947761194029851,0.0012828686740249395,0.0012532299776311692
214,0.7985074626865671,0.0012699664803221822,0.0012574083932743567
215,0.8022388059701493,0.0012475834228098392,0.0012593714736129453
216,0.8059701492537313,0.0011951732449233532,0.0012624239571755978
217,0.8097014925373134,0.0012421600986272097,0.0012581444334057047
218,0.8134328358208955,0.0012427523033693433,0.0012590184342116117
219,0.8171641791044776,0.0011338696349412203,0.0012537134930536878
220,0.8208955223880597,0.0012892356608062983,0.0012530244960699502
221,0.8246268656716418,0.0010907952673733234,0.001249756161464242
222,0.8283582089552238,0.0011488557793200016,0.0012447777709628388
223,0.832089552238806,0.0011409050785005093,0.001243317068168303
224,0.835820895522388,0.0010593885090202093,0.0012393360048895928
225,0.8395522388059702,0.0011446926509961486,0.001232344949640697
226,0.8432835820895522,0.0011189039796590805,0.0012269502380726541
227,0.8470149253731343,0.0010818474693223834,0.0012222023101568949
228,0.8507462686567164,0.0011291333939880133,0.0012148315166463938
229,0.8544776119402985,0.0012094436679035425,0.0012122219678287098
230,0.8582089552238806,0.0011073444038629532,0.0012042110320180655
231,0.8619402985074627,0.0012802209239453077,0.0011983797402779868
232,0.8656716417910447,0.0011685758363455534,0.0011959792393055268
233,0.8694029850746269,0.0012752441689372063,0.0011899093756588494
234,0.8731343283582089,0.0013138134963810444,0.001188074675865653
235,0.8768656716417911,0.0012450737413018942,0.001188115861334997
236,0.8805970149253731,0.0012786503648385406,0.0011844752646028632
237,0.8843283582089553,0.0011713311541825533,0.001182903302833438
238,0.8880597014925373,0.0012624147348105907,0.0011794933589266204
239,0.8917910447761194,0.0011280622566118836,0.001176965445643518
240,0.8955223880597015,0.0012682023225352168,0.0011776922293370816
241,0.8992537313432836,0.0012673314195126295,0.001174364170831878
242,0.9029850746268657,0.00118764687795192,0.001174241877955998
243,0.9067164179104478,0.0013314939569681883,0.001173056051612082
244,0.9104477611940298,0.001151376636698842,0.0011707848454712004
245,0.914179104477612,0.0011112171923741698,0.0011731496268156461
246,0.917910447761194,0.0011563680600374937,0.00117351861511607
247,0.9216417910447762,0.0011234513949602842,0.001175714605601459
248,0.9253731343283582,0.001173930475488305,0.0011750318382571384
249,0.9291044776119403,0.00112670729868114,0.0011763251358188872
250,0.9328358208955224,0.0011159996502101421,0.0011729918187484145
251,0.9365671641791045,0.0011512062046676874,0.0011727892333732509
252,0.9402985074626866,0.001249391119927168,0.0011671331694077065
253,0.9440298507462687,0.0011136553948745131,0.001163595551965622
254,0.9477611940298507,0.001207645982503891,0.0011578834524787053
255,0.9514925373134329,0.0012716550845652819,0.0011515706470917638
256,0.9552238805970149,0.0010983189567923546,0.001147776279916487
257,0.9589552238805971,0.0011307228123769164,0.0011417197642802465
258,0.9626865671641791,0.0011023523984476924,0.001138085990621731
259,0.9664179104477612,0.001139107858762145,0.0011321779641481797
260,0.9701492537313433,0.0011636677663773298,0.0011291340640859633
261,0.9738805970149254,0.001152785262092948,0.001122643921251704
262,0.9776119402985075,0.0010857812594622374,0.0011171549217911755
263,0.9813432835820896,0.0011002368992194533,0.0011125514766473958
264,0.9850746268656716,0.0010477856267243624,0.0011057466717164328
265,0.9888059701492538,0.0011563445441424847,0.0011020344426492003
266,0.9925373134328358,0.0011598211713135242,0.0010981192093955853
267,0.996268656716418,0.0012089395895600319,0.0010944910179937213
268,1.0,0.001053854008205235,0.001094196756972318
269,1.0037313432835822,0.001182158594019711,0.001090375060590393
270,1.007462686567164,0.0010727776680141687,0.0010916118740058709
271,1.0111940298507462,0.001099038403481245,0.0010892823011977824
272,1.0149253731343284,0.0010483223013579845,0.001089263544133978
273,1.0186567164179106,0.001023533521220088,0.001083263992502286
274,1.0223880597014925,0.0010410480899736285,0.0010833167258036754
275,1.0261194029850746,0.0010549884755164385,0.0010790504733804705
276,1.0298507462686568,0.00108950468711555,0.0010729448475148074
277,1.0335820895522387,0.0010303332237526774,0.0010719084757289327
278,1.037313432835821,0.0010223464341834188,0.0010702896638909673
279,1.041044776119403,0.001020185649394989,0.0010719008263904693
280,1.044776119402985,0.0010032623540610075,0.0010683876788811532
281,1.0485074626865671,0.0010021064663305879,0.001062504358010412
282,1.0522388059701493,0.0010422824416309595,0.0010604091661573366
283,1.0559701492537314,0.0009989056270569563,0.0010583035650708508
284,1.0597014925373134,0.0010524969547986984,0.001055425596593811
285,1.0634328358208955,0.0009991752449423075,0.0010538628401530043
286,1.0671641791044777,0.0009506926289759576,0.0010499243280941211
287,1.0708955223880596,0.001007612212561071,0.0010436284568774083
288,1.0746268656716418,0.0011113866930827498,0.001039519101074647
289,1.078358208955224,0.0010172409238293767,0.0010382863281226558
290,1.0820895522388059,0.0011774166487157345,0.0010338349071921918
291,1.085820895522388,0.0010204871650785208,0.0010313318514196975
292,1.0895522388059702,0.0011504371650516987,0.0010301928410715445
293,1.0932835820895523,0.0010034095030277967,0.0010291025917068487
294,1.0970149253731343,0.001115817460231483,0.0010279112356351462
295,1.1007462686567164,0.001032729633152485,0.0010273073581274507
296,1.1044776119402986,0.0010213244240731,0.0010279692899685625
297,1.1082089552238805,0.0010558277135714889,0.0010239708382159289
298,1.1119402985074627,0.0010643515270203352,0.0010244423713784937
299,1.1156716417910448,0.0011684100609272718,0.0010245089836577635
300,1.1194029850746268,0.0009950688108801842,0.001025520008136859
301,1.123134328358209,0.0009224516106769443,0.001028288676823694
302,1.126865671641791,0.0010668823961168528,0.0010272795306064371
303,1.1305970149253732,0.0009994516149163246,0.0010285010027540167
304,1.1343283582089552,0.0009822401916608214,0.0010293656562614004
305,1.1380597014925373,0.0009837126126512885,0.0010308686859633138
306,1.1417910447761195,0.0009948655497282743,0.0010317610463172924
307,1.1455223880597014,0.0009016904514282942,0.0010365427644900614
308,1.1492537313432836,0.0010404560016468167,0.0010362723970036136
309,1.1529850746268657,0.0010033103171736002,0.001035395162123278
310,1.1567164179104477,0.0009996503358706832,0.0010356915867660286
311,1.1604477611940298,0.0009701523813419044,0.001032268746313071
312,1.164179104477612,0.0010523389792069793,0.001034169842591282
313,1.1679104477611941,0.0010036220774054527,0.0010309441301903529
314,1.171641791044776,0.0009746879222802818,0.0010339528103586195
315,1.1753731343283582,0.0010162891121581197,0.0010294987345909382
316,1.1791044776119404,0.0010821276810020208,0.0010314775281585753
317,1.1828358208955223,0.0009255681652575731,0.00103251541902243
318,1.1865671641791045,0.0010496660834178329,0.0010310252631514718
319,1.1902985074626866,0.0010250775376334786,0.0010311839287169278
320,1.1940298507462686,0.0010616376530379057,0.0010266194855453584
321,1.1977611940298507,0.0011167777702212334,0.0010305853296502878
322,1.2014925373134329,0.0009607314714230597,0.0010326292448131957
323,1.205223880597015,0.0010923627996817231,0.0010336011168319823
324,1.208955223880597,0.0010343564208596945,0.0010349644367901108
325,1.212686567164179,0.0011141211725771427,0.001037372700676958
326,1.2164179104477613,0.001035762019455433,0.0010393600294752636
327,1.2201492537313432,0.0011467430740594864,0.001042177053111628
328,1.2238805970149254,0.0009965271456167102,0.0010479075604163837
329,1.2276119402985075,0.0010754200629889965,0.0010495536304760452
330,1.2313432835820894,0.0010293943341821432,0.0010517663563737963
331,1.2350746268656716,0.0010370801901444793,0.0010512129832399872
332,1.2388059701492538,0.0010984321124851704,0.001054054750811036
333,1.242537313432836,0.0010181829566136003,0.001050222077316082
334,1.2462686567164178,0.0011267653899267316,0.0010498022098412237
335,1.25,0.000933200353756547,0.0010493122844775094
336,1.2537313432835822,0.0011138601694256067,0.0010472677290303315
337,1.257462686567164,0.0010638779494911432,0.0010441653827977617
338,1.2611940298507462,0.0009947313228622079,0.0010454067051774117
339,1.2649253731343284,0.0010708568152040243,0.001042439517133483
340,1.2686567164179106,0.0009812678908929229,0.0010443266123396958
341,1.2723880597014925,0.0011576684191823006,0.0010404047916825043
342,1.2761194029850746,0.0010062521323561668,0.001036138229764907
343,1.2798507462686568,0.0011067291488870978,0.0010339026381943103
344,1.2835820895522387,0.0010553477331995964,0.0010284580412411653
345,1.287313432835821,0.0010809790110215545,0.00102486910735734
346,1.291044776119403,0.0010651930933818221,0.0010198193173514816
347,1.294776119402985,0.001110363518819213,0.0010176221612931751
348,1.2985074626865671,0.001136641250923276,0.0010125553008259796
349,1.3022388059701493,0.0011079448740929365,0.0010107198457528904
350,1.3059701492537314,0.0010940320789813995,0.0010064386666139087
351,1.3097014925373134,0.00097696203738451,0.001004043949495365
352,1.3134328358208955,0.0010866648517549038,0.0010019279874452368
353,1.3171641791044777,0.000895199365913868,0.000997591016973119
354,1.3208955223880596,0.0009864075109362602,0.0009979387012696483
355,1.3246268656716418,0.0009546009823679924,0.0009943026560926584
356,1.328358208955224,0.0009324623388238251,0.0009977482827153148
357,1.3320895522388059,0.0009549314854666591,0.0009986125159917808
358,1.335820895522388,0.0009764623828232288,0.0009929900690799625
359,1.3395522388059702,0.000928011373616755,0.0009955096458902628
360,1.3432835820895523,0.0011024484410881996,0.0009931628791070202
361,1.3470149253731343,0.000900843006093055,0.0009930895715270463
362,1.3507462686567164,0.0009418487315997481,0.0009873536466507287
363,1.3544776119402986,0.0008690722170285881,0.0009863891130563144
364,1.3582089552238805,0.0008691343246027827,0.000981179158282807
365,1.3619402985074627,0.0008872101316228509,0.0009796667528883896
366,1.3656716417910448,0.0009070797823369503,0.0009775590052169452
367,1.3694029850746268,0.0009456786210648715,0.0009744574454976473
368,1.373134328358209,0.0009390017949044704,0.0009729793655867802
369,1.376865671641791,0.0009212734876200557,0.0009714432938092547
370,1.3805970149253732,0.0008998917182907462,0.0009680165775778998
371,1.3843283582089552,0.0009312109323218465,0.0009641806118008567
372,1.3880597014925373,0.00095032574608922,0.0009640691838817807
373,1.3917910447761195,0.0009206163231283426,0.0009605512789609592
374,1.3955223880597014,0.0010324380127713084,0.0009620527100817459
375,1.3992537313432836,0.0009776875376701355,0.0009599835015606227
376,1.4029850746268657,0.0010744710452854633,0.000959462447875611
377,1.4067164179104477,0.0011492937337607145,0.0009617536192441859
378,1.4104477611940298,0.00083335762610659,0.000962927591101062
379,1.414179104477612,0.0010980339720845222,0.0009634099196551777
380,1.4179104477611941,0.00097463937709108,0.0009654040374543245
381,1.421641791044776,0.000978262280113995,0.0009608620794762562
382,1.4253731343283582,0.000922495499253273,0.0009638792224705401
383,1.4291044776119404,0.0009667062549851835,0.0009650937778443643
384,1.4328358208955223,0.0008931210031732917,0.0009670919673403771
385,1.4365671641791045,0.0009933391120284796,0.0009696794213817977
386,1.4402985074626866,0.0009945613564923406,0.000972440775779144
387,1.4440298507462686,0.0009380291448906064,0.0009733603460850512
388,1.4477611940298507,0.001049762242473662,0.0009738848979085139
389,1.4514925373134329,0.0010736623080447316,0.0009730721684740629
390,1.455223880597015,0.0009674495086073875,0.0009761469242753597
391,1.458955223880597,0.0009367574821226299,0.0009783474719946886
392,1.462686567164179,0.0009723934927023947,0.000977808892124946
393,1.4664179104477613,0.0009424307500012219,0.000980235558150836
394,1.4701492537313432,0.0009567580418661237,0.0009805800623215008
395,1.4738805970149254,0.0009015699615702033,0.0009807103708181985
396,1.4776119402985075,0.0009332377812825143,0.0009797174105897729
397,1.4813432835820894,0.001026400364935398,0.0009797718049390468
398,1.4850746268656716,0.0010030643315985799,0.0009755487127865596
399,1.4888059701492538,0.0009962378535419703,0.0009780972912089853
400,1.492537313432836,0.0010097702033817768,0.0009735203859191843
401,1.4962686567164178,0.0009162281639873981,0.0009727909828808795
402,1.5,0.001024545868858695,0.0009718004077468522
403,1.5037313432835822,0.0009916455019265413,0.0009725024801588095
404,1.507462686567164,0.0009509979863651097,0.0009713342651815676
405,1.5111940298507462,0.0009752199403010309,0.000971011766346126
406,1.5149253731343284,0.0010004256619140506,0.0009690704854863991
407,1.5186567164179106,0.0009447821648791432,0.0009683950608255478
408,1.5223880597014925,0.0009671852458268404,0.0009679228504665378
409,1.5261194029850746,0.0009056798880919814,0.0009660413573927632
410,1.5298507462686568,0.0010473384754732251,0.0009628944098949432
411,1.5335820895522387,0.0009901141747832298,0.0009621227182811354
412,1.537313432835821,0.0009091291576623917,0.0009636760266247864
413,1.541044776119403,0.0010498190531507134,0.0009634939743569348
414,1.544776119402985,0.0009347409941256046,0.0009630574381955695
415,1.5485074626865671,0.001037780661135912,0.0009621034430271787
416,1.5522388059701493,0.0009369761683046818,0.00096151893021448
417,1.5559701492537314,0.001076701213605702,0.0009614688957609781
418,1.5597014925373134,0.0009761469555087388,0.0009562984001027738
419,1.5634328358208955,0.0009378493414260447,0.0009537630390784726
420,1.5671641791044777,0.0009103808552026749,0.0009514717356778863
421,1.5708955223880596,0.0009447338525205851,0.0009475205286701278
422,1.5746268656716418,0.000937648699618876,0.0009460386382870194
423,1.578358208955224,0.0009512804681435227,0.000941180919365185
424,1.5820895522388059,0.0009188094409182668,0.0009386646305778768
425,1.585820895522388,0.0008798985509201884,0.0009381442782241942
426,1.5895522388059702,0.0009137465967796743,0.0009341979649190496
427,1.5932835820895523,0.0009668689453974366,0.0009299485046961685
428,1.5970149253731343,0.0009186685201711953,0.0009291999584359185
429,1.6007462686567164,0.0009726210264489055,0.0009272043556315688
430,1.6044776119402986,0.0009446374606341124,0.0009279089394911397
431,1.6082089552238805,0.0009358101524412632,0.0009241526174109156
432,1.6119402985074627,0.0010004431242123246,0.0009214633326159744
433,1.6156716417910448,0.0009649293497204781,0.0009214383941825206
434,1.6194029850746268,0.0009245327673852444,0.0009166049819280644
435,1.623134328358209,0.000917644239962101,0.0009165293006112845
436,1.626865671641791,0.0008776049362495542,0.0009147633057337527
437,1.6305970149253732,0.000931186368688941,0.0009146344510088788
438,1.6343283582089552,0.0008144100429490209,0.0009106653302385495
439,1.6380597014925373,0.0008991145296022296,0.000910365922808102
440,1.6417910447761195,0.0009022944141179323,0.0009109994762849699
441,1.6455223880597014,0.0008477707160636783,0.0009099042821084945
442,1.6492537313432836,0.0008554706582799554,0.0009087527642117404
443,1.6529850746268657,0.0008253793930634856,0.0009074100554443714
444,1.6567164179104477,0.0008884776616469026,0.0009065556606822988
445,1.6604477611940298,0.0009296635398641229,0.0009059177416308624
446,1.664179104477612,0.000813421094790101,0.0009070322167400907
447,1.6679104477611941,0.000826197792775929,0.0009076530241589175
448,1.671641791044776,0.0009140917682088912,0.0009058386771712544
449,1.6753731343283582,0.0008853655308485031,0.0009041602379733287
450,1.6791044776119404,0.0009345678263343871,0.0009025883557070501
451,1.6828358208955223,0.0008933292701840401,0.0009022449986532149
452,1.6865671641791045,0.0008798534981906414,0.0009027844800318523
453,1.6902985074626866,0.0009081066818907857,0.0009021825347345595
454,1.6940298507462686,0.0008516491507180035,0.000904509620229918
455,1.6977611940298507,0.0009316380601376295,0.0009020258709447594
456,1.7014925373134329,0.0009653748711571097,0.000908419499798428
457,1.705223880597015,0.0009316931245848536,0.0009120493806421575
458,1.708955223880597,0.0009139672620221972,0.0009150642194648887
459,1.712686567164179,0.000963871250860393,0.0009202436989786603
460,1.7164179104477613,0.0009638250339776278,0.0009207054788087745
461,1.7201492537313432,0.0008654778939671814,0.0009226581925049242
462,1.7238805970149254,0.0008975216187536716,0.0009253419319553892
463,1.7276119402985075,0.0008825976401567459,0.0009274510964864819
464,1.7313432835820894,0.0009162502828985453,0.0009317232065879535
465,1.7350746268656716,0.0008926547598093748,0.000933860256847721
466,1.7388059701492538,0.0009255920303985476,0.0009348962453148532
467,1.742537313432836,0.0009391997009515762,0.000936774977073982
468,1.7462686567164178,0.0008924807189032435,0.0009396810314572621
469,1.75,0.0008498525130562484,0.000937931453979506
470,1.7537313432835822,0.0009081738535314798,0.0009375038548236395
471,1.757462686567164,0.0009305598214268684,0.0009355065185667538
472,1.7611940298507462,0.0009579288889653981,0.0009353424865389015
473,1.7649253731343284,0.000975763367023319,0.000934583032730876
474,1.7686567164179106,0.001060339855030179,0.0009331006170591203
475,1.7723880597014925,0.0008226990466937423,0.0009337431515521574
476,1.7761194029850746,0.0011797830229625106,0.0009325279289197813
477,1.7798507462686568,0.001026430050842464,0.0009292944791590477
478,1.7835820895522387,0.0010547947604209185,0.0009289188196928036
479,1.787313432835821,0.0010267687030136585,0.0009260378812053581
480,1.791044776119403,0.0009180475026369095,0.0009245871915481985
481,1.794776119402985,0.0009823556756600738,0.0009188790601201174
482,1.7985074626865671,0.0009578040335327387,0.0009204035656095096
483,1.8022388059701493,0.0009419464040547609,0.0009187833908604594
484,1.8059701492537314,0.0010005359072238207,0.0009190566971239339
485,1.8097014925373134,0.0009760967222973704,0.0009158381371668018
486,1.8134328358208955,0.000972139067016542,0.0009149918687620722
487,1.8171641791044777,0.0008904490969143808,0.0009107319453572173
488,1.8208955223880596,0.000945346022490412,0.0009071512017171921
489,1.8246268656716418,0.0008423590916208923,0.0009038065838423081
490,1.828358208955224,0.0008678339654579759,0.0009013584377698419
491,1.8320895522388059,0.0008526770398020744,0.0008986443962629248
492,1.835820895522388,0.000886603957042098,0.0008947682175103848
493,1.8395522388059702,0.0008487158920615911,0.000889635792501816
494,1.8432835820895523,0.000847327639348805,0.0008851305905320659
495,1.8470149253731343,0.0008779930649325252,0.0008789575971072404
496,1.8507462686567164,0.000881813932210207,0.0008796838242787776
497,1.8544776119402986,0.0008328034309670329,0.0008726652524229594
498,1.8582089552238805,0.0009162910864688456,0.0008663373925473268
499,1.8619402985074627,0.0007958487840369344,0.0008621327067929797
500,1.8656716417910448,0.0009043929749168456,0.0008573885538569856
501,1.8694029850746268,0.0007297916454263031,0.0008556419463896351
502,1.873134328358209,0.0009279826190322638,0.0008550080692213847
503,1.876865671641791,0.0008310944540426135,0.0008512499526415657
504,1.8805970149253732,0.0008938031969591975,0.0008509655230360605
505,1.8843283582089552,0.0007842893246561289,0.0008469346084450258
506,1.8880597014925373,0.000857957755215466,0.0008444461131059542
507,1.8917910447761195,0.0007509351707994938,0.0008439330636841677
508,1.8955223880597014,0.0007923892117105424,0.0008448444153522937
509,1.8992537313432836,0.0007553513860329986,0.0008438489422565553
510,1.9029850746268657,0.0007494785240851343,0.0008462701580578052
511,1.9067164179104477,0.0007968981517478824,0.0008476636253251899
512,1.9104477611940298,0.0007716364925727248,0.0008498321020430545
513,1.914179104477612,0.0007474994636140764,0.0008502197139555724
514,1.9179104477611941,0.0007910500862635672,0.0008488418903519831
515,1.921641791044776,0.0008072471246123314,0.0008497039060585382
516,1.9253731343283582,0.0008524743607267737,0.0008485392460077093
517,1.9291044776119404,0.0008920215768739581,0.0008483474645422908
518,1.9328358208955223,0.0007669877959415317,0.000848254265558974
519,1.9365671641791045,0.0008824026444926858,0.0008462188359372681
520,1.9402985074626866,0.0008322584326379001,0.0008486490710865615
521,1.9440298507462686,0.0008464365964755416,0.0008461808575680707
522,1.9477611940298507,0.0009563667117618024,0.0008495393175086597
523,1.9514925373134329,0.000803721253760159,0.0008466234459064719
524,1.955223880597015,0.0009302847902290523,0.000848851134012476
525,1.958955223880597,0.0008352684089913964,0.0008475116479619429
526,1.962686567164179,0.0008740684133954346,0.0008502120376428272
527,1.9664179104477613,0.000951104040723294,0.0008474706612504655
528,1.9701492537313432,0.0009278145153075457,0.0008515651698405968
529,1.9738805970149254,0.0009045316255651414,0.0008549312876378436
530,1.9776119402985075,0.0009416289394721389,0.0008565128068212511
531,1.9813432835820894,0.0009249661234207451,0.0008584308102954088
532,1.9850746268656716,0.0009415845852345228,0.0008596831509593601
533,1.9888059701492538,0.0009024960454553366,0.0008609853216401506
534,1.992537313432836,0.0007922251243144274,0.0008639406779122244
535,1.9962686567164178,0.0008826702833175659,0.0008638725053837023
536,2.0,0.0008302420028485358,0.0008635618837504852
537,2.003731343283582,0.0008739508921280503,0.0008628079241777702
538,2.0074626865671643,0.0008289822726510465,0.0008604138998723612
539,2.0111940298507465,0.0008328384719789028,0.0008618225792150308
540,2.014925373134328,0.0008954884251579642,0.0008591973625986678
541,2.0186567164179103,0.0008031962206587195,0.0008591846932043753
542,2.0223880597014925,0.0008674885029904544,0.0008581526727960786
543,2.0261194029850746,0.0008084318833425641,0.0008539149307691288
544,2.029850746268657,0.0009224296663887799,0.0008512440197192496
545,2.033582089552239,0.000838884268887341,0.0008488253565368856
546,2.037313432835821,0.0008950053015723825,0.0008483025069325799
547,2.041044776119403,0.0007455613231286407,0.0008449359845211048
548,2.044776119402985,0.0009188100229948759,0.0008407366496124645
549,2.048507462686567,0.000930400041397661,0.0008367135916359541
550,2.0522388059701493,0.0008201936725527048,0.0008342451353489262
551,2.0559701492537314,0.0008281166665256023,0.0008299063760560097
552,2.0597014925373136,0.0008482441189698875,0.0008259770877818327
553,2.0634328358208953,0.0008250254904851317,0.0008246966612116411
554,2.0671641791044775,0.0008686690707691014,0.0008232541987104569
555,2.0708955223880596,0.0007882550125941634,0.0008240788223835208
556,2.074626865671642,0.0007945116376504302,0.0008244001939779193
557,2.078358208955224,0.0008215620182454586,0.000823739098339546
558,2.082089552238806,0.0007938665803521872,0.0008246819176370414
559,2.0858208955223883,0.0008247436489909887,0.0008245674160695294
560,2.08955223880597,0.0007747687632218003,0.0008253287779530738
561,2.093283582089552,0.0008317389874719083,0.0008231243374189589
562,2.0970149253731343,0.0008041237597353756,0.000826063764667729
563,2.1007462686567164,0.0007826192886568606,0.0008268973963312441
564,2.1044776119402986,0.0006942139007151127,0.0008263477016376649
565,2.1082089552238807,0.0008311195997521281,0.0008250148413225827
566,2.111940298507463,0.0008138315752148628,0.0008240193483510577
567,2.1156716417910446,0.0007360409945249557,0.0008224510124929976
568,2.1194029850746268,0.0007789313094690442,0.000824032012066554
569,2.123134328358209,0.0007628691382706165,0.0008208677669555494
570,2.126865671641791,0.0008033249177969992,0.000817958752499757
571,2.1305970149253732,0.0007637398084625602,0.0008177025323143093
572,2.1343283582089554,0.0007638653041794896,0.0008174305577285406
573,2.138059701492537,0.0008890870958566666,0.0008151382051703589
574,2.1417910447761193,0.0008433550829067826,0.0008134008768559774
575,2.1455223880597014,0.0008260346949100494,0.0008124068092622953
576,2.1492537313432836,0.0008958465186879039,0.0008142830920405686
577,2.1529850746268657,0.0008031370816752315,0.0008149053944024916
578,2.156716417910448,0.0009126064833253622,0.0008163072435730477
579,2.16044776119403,0.0008242877083830535,0.0008172592653597637
580,2.1641791044776117,0.0008640543092042208,0.0008186268245392456
581,2.167910447761194,0.0008051063632592559,0.0008196937028182353
582,2.171641791044776,0.0009237127378582954,0.0008186923081577733
583,2.175373134328358,0.0009016674011945724,0.0008191505089265908
584,2.1791044776119404,0.0007858944009058177,0.0008216031824193168
585,2.1828358208955225,0.0008677823934704065,0.0008241415077752275
586,2.1865671641791047,0.0007980690570548177,0.0008227085061484902
587,2.1902985074626864,0.0008307035313919187,0.0008205807038083127
588,2.1940298507462686,0.0008103823056444526,0.0008208753183347787
589,2.1977611940298507,0.000789075973443687,0.0008221974797978452
590,2.201492537313433,0.0008111304487101734,0.0008225114008116467
591,2.205223880597015,0.0008096886449493468,0.0008207045697107366
592,2.208955223880597,0.0008169657085090876,0.0008230114173961849
593,2.212686567164179,0.0007542576640844345,0.0008220996625335296
594,2.216417910447761,0.0007537950295954943,0.0008195056281870277
595,2.220149253731343,0.0008279122994281352,0.0008167566109743969
596,2.2238805970149254,0.0008651826065033674,0.0008163720414769359
597,2.2276119402985075,0.000820026034489274,0.0008142465901583797
598,2.2313432835820897,0.000879037834238261,0.0008135986522907709
599,2.235074626865672,0.0008328994736075401,0.0008100880062911751
600,2.2388059701492535,0.0008808135753497481,0.0008106166099357168
601,2.2425373134328357,0.0008185107726603746,0.0008090326502896482
602,2.246268656716418,0.0007906818063929677,0.0008127449560206292
603,2.25,0.0008229099912568927,0.0008091338947074624
604,2.253731343283582,0.0008831789018586278,0.0008086162199061819
605,2.2574626865671643,0.0007982852403074503,0.0008088368453971315
606,2.2611940298507465,0.0007723665330559015,0.0008085553091382835
607,2.264925373134328,0.0007265916792675853,0.000808731425644421
608,2.2686567164179103,0.0007481201901100576,0.0008066187743324695
609,2.2723880597014925,0.0008331399294547737,0.0008057749151570223
610,2.2761194029850746,0.0007757398998364806,0.0008054338651141379
611,2.279850746268657,0.000729244842659682,0.0008050734390186645
612,2.283582089552239,0.0008583205635659397,0.0008078714599832892
613,2.287313432835821,0.0007264833548106253,0.0008069242935673129
614,2.291044776119403,0.0007827316876500845,0.0008106787998524563
615,2.294776119402985,0.000730645377188921,0.000812836360504351
616,2.298507462686567,0.0008102673455141485,0.0008147656406480364
617,2.3022388059701493,0.000808703014627099,0.000815126346424222
618,2.3059701492537314,0.0007765716291032732,0.0008182398969216681
619,2.3097014925373136,0.0007686699973419309,0.0008191782626232541
620,2.3134328358208953,0.0008459604578092694,0.000818466888343143
621,2.3171641791044775,0.0007991119637154043,0.0008186995102910371
622,2.3208955223880596,0.0009573108982294798,0.0008201375916009633
623,2.324626865671642,0.0007756592240184546,0.0008187455582296158
624,2.328358208955224,0.0008804427343420684,0.000819619621502281
625,2.332089552238806,0.0007949400460347533,0.0008163185500562554
626,2.3358208955223883,0.0008562394068576396,0.0008156744496351699
627,2.33955223880597,0.0008052898338064551,0.0008153242538910268
628,2.343283582089552,0.0007440848276019096,0.0008164851957500526
629,2.3470149253731343,0.0007757840794511139,0.0008165239663113182
630,2.3507462686567164,0.0007750929216854274,0.000815154119996672
631,2.3544776119402986,0.0007963529787957668,0.0008144882101588315
632,2.3582089552238807,0.0009244075044989586,0.0008151701625958994
633,2.361940298507463,0.0007781318854540586,0.0008120907246271466
634,2.3656716417910446,0.0009081924217753112,0.0008123259673394808
635,2.3694029850746268,0.000842255016323179,0.0008112076292291465
636,2.373134328358209,0.0009070127853192389,0.0008113026936970106
637,2.376865671641791,0.0008799715433269739,0.0008107615086795171
638,2.3805970149253732,0.0009476816048845649,0.0008102814189907982
639,2.3843283582089554,0.0009175108280032873,0.0008090892480118428
640,2.388059701492537,0.0008037331281229854,0.0008095293206435333
641,2.3917910447761193,0.0008903510752134025,0.0008092943363164257
642,2.3955223880597014,0.0008774721063673496,0.0008084331610717061
643,2.3992537313432836,0.000733608438167721,0.0008058341634573369
644,2.4029850746268657,0.0008587465854361653,0.0008067691048448224
645,2.406716417910448,0.0007478349725715816,0.0008077950347442089
646,2.41044776119403,0.0007718771230429411,0.0008090994300934054
647,2.4141791044776117,0.0007580085075460374,0.0008100733848106934
648,2.417910447761194,0.0007741902954876423,0.0008097407975938263
649,2.421641791044776,0.0007497097831219435,0.000813647144951108
650,2.425373134328358,0.0007769762305542827,0.0008165034133282195
651,2.4291044776119404,0.0007484375964850187,0.0008181196796457941
652,2.4328358208955225,0.0007572048925794661,0.0008194171000135745
653,2.4365671641791047,0.0007320636068470776,0.0008177312471472272
654,2.4402985074626864,0.000736128306016326,0.0008202684892727653
655,2.4440298507462686,0.0007368798251263797,0.0008193338119493025
656,2.4477611940298507,0.0007345430203713477,0.0008192847059789772
657,2.451492537313433,0.0007880787597969174,0.0008188869190833918
658,2.455223880597015,0.0007890193373896182,0.0008180116873984112
659,2.458955223880597,0.0007276926189661026,0.0008144752724414192
660,2.462686567164179,0.0007867129752412438,0.0008111804959409666
661,2.466417910447761,0.000836326100397855,0.0008098511067900534
662,2.470149253731343,0.0007638037786819041,0.000806632539734426
663,2.4738805970149254,0.0008507519960403442,0.0008039622576112245
664,2.4776119402985075,0.0008139918209053576,0.0008057518862187862
665,2.4813432835820897,0.0009225058602169156,0.0008035921179348739
666,2.485074626865672,0.0008484202553518116,0.0008049102517117451
667,2.4888059701492535,0.0008961715502664447,0.0008063994237312638
668,2.4925373134328357,0.0007916537579149008,0.000804841802341909
669,2.496268656716418,0.0009042450692504644,0.0008025406944997064
670,2.5,0.0008928910829126835,0.0008031057858294467
671,2.503731343283582,0.0008413598407059908,0.0008020220202302969
672,2.5074626865671643,0.0008495472138747573,0.0008040159094578973
673,2.5111940298507465,0.0008552875369787216,0.0008064034840705373
674,2.514925373134328,0.0008821588126011193,0.0008082501178539199
675,2.5186567164179103,0.0008698706515133381,0.0008099835661308067
676,2.5223880597014925,0.0008402416715398431,0.0008100498007701301
677,2.5261194029850746,0.0008907035226002336,0.0008114609873013162
678,2.529850746268657,0.0008440870442427695,0.0008111201686693765
679,2.533582089552239,0.0008026885916478932,0.0008096783890434336
680,2.537313432835821,0.0007824249914847314,0.0008104626506726007
681,2.541044776119403,0.0007492281729355454,0.0008106030816235012
682,2.544776119402985,0.0007583898259326816,0.0008090910780039139
683,2.548507462686567,0.000767990539316088,0.0008087713802346914
684,2.5522388059701493,0.0008069832110777497,0.0008072334940817844
685,2.5559701492537314,0.0007701960857957602,0.0008063273612273539
686,2.5597014925373136,0.0008018784574232996,0.0008025721010820168
687,2.5634328358208953,0.000832933175843209,0.0007998363665736667
688,2.5671641791044775,0.0006941460305824876,0.000796391192835006
689,2.5708955223880596,0.000679844873957336,0.0007950974920787281
690,2.574626865671642,0.0007728785276412964,0.0007914408413897745
691,2.578358208955224,0.0007325418409891427,0.0007877115872915743
692,2.582089552238806,0.0008301870548166335,0.0007868812493298476
693,2.5858208955223883,0.0008550954516977072,0.0007854879510066495
694,2.58955223880597,0.0008077755919657648,0.0007836027865911402
695,2.593283582089552,0.0008071996853686869,0.0007818320399808992
696,2.5970149253731343,0.0007395954453386366,0.0007807139957482676
697,2.6007462686567164,0.0007924016681499779,0.0007788743483038937
698,2.6044776119402986,0.0007741051958873868,0.0007764544230090772
699,2.6082089552238807,0.0007299063727259636,0.0007752461114716603
700,2.611940298507463,0.0007598473457619548,0.0007765214938511391
701,2.6156716417910446,0.0007924706442281604,0.0007775780026482918
702,2.6194029850746268,0.0007743339519947767,0.0007800586143985572
703,2.623134328358209,0.0007506961701437831,0.0007824378596368904
704,2.626865671641791,0.0007876986637711525,0.0007861405497462284
705,2.6305970149253732,0.0007768403738737106,0.0007890460575453755
706,2.6343283582089554,0.0007685401942580938,0.000789372085752647
707,2.638059701492537,0.0007362551405094564,0.000791281332523085
708,2.6417910447761193,0.0007549194269813597,0.0007917420986880799
709,2.6455223880597014,0.0007386120269075036,0.0007933272182282697
710,2.6492537313432836,0.0007543223910033703,0.000796033238435573
711,2.6529850746268657,0.0007399916648864746,0.0007952376163746343
712,2.656716417910448,0.000807315984275192,0.000797531212589181
713,2.66044776119403,0.0007924219826236367,0.0007953882180495052
714,2.6641791044776117,0.000777995795942843,0.0007935494011290735
715,2.667910447761194,0.0008095582015812397,0.0007927708339127825
716,2.671641791044776,0.0008240308379754424,0.0007933086641814287
717,2.675373134328358,0.0007648161263205111,0.0007949924130537888
718,2.6791044776119404,0.0007914865855127573,0.0007944213348531686
719,2.6828358208955225,0.0007945462712086737,0.0007932721566204436
720,2.6865671641791047,0.0008549792692065239,0.0007939434158842919
721,2.6902985074626864,0.0008257418521679938,0.0007937993618614245
722,2.6940298507462686,0.0008509332546964288,0.0007918317484237799
723,2.6977611940298507,0.0008559388807043433,0.0007924860366052244
724,2.701492537313433,0.000919800833798945,0.0007913080597773376
725,2.705223880597015,0.0009261090308427811,0.0007928782653790422
726,2.708955223880597,0.0007835632422938943,0.0007944798775630571
727,2.712686567164179,0.0008801575750112534,0.0007951845948743384
728,2.716417910447761,0.0008518245886079967,0.0007982656669166939
729,2.720149253731343,0.0007591359317302704,0.0007993803918929543
730,2.7238805970149254,0.0007907917024567723,0.0008022128107457808
731,2.7276119402985075,0.0007402580231428146,0.0008025850246024387
732,2.7313432835820897,0.0008265792857855558,0.0008075289874019601
733,2.735074626865672,0.0007423242786899209,0.0008075007368106304
734,2.7388059701492535,0.0007797039579600096,0.0008081531779636152
735,2.7425373134328357,0.0007758543360978365,0.000808635327635651
736,2.746268656716418,0.0008292507263831794,0.0008073395796733476
737,2.75,0.0008086291491053998,0.0008074281859302484
738,2.753731343283582,0.0007689874619245529,0.0008064663185306439
739,2.7574626865671643,0.0007269888883456588,0.0008068587574199205
740,2.7611940298507465,0.0007574280025437474,0.0008063065512787278
741,2.764925373134328,0.0007539411308243871,0.0008039373064004793
742,2.7686567164179103,0.0007117984932847321,0.0008020448788046473
743,2.7723880597014925,0.000801159767434001,0.0008002158407712491
744,2.7761194029850746,0.0007023991202004254,0.0007966528902193759
745,2.779850746268657,0.0008520770934410393,0.0007915184180047818
746,2.783582089552239,0.0008425064734183252,0.0007854778171948543
747,2.787313432835821,0.0007974336040206254,0.0007844963920211829
748,2.791044776119403,0.0008625790942460299,0.0007799963449786712
749,2.794776119402985,0.0008006231510080397,0.0007777389454110185
750,2.798507462686567,0.0008547411998733878,0.0007778129812966032
751,2.8022388059701493,0.0007695831591263413,0.0007781824693310914
752,2.8059701492537314,0.0009426941396668553,0.0007781418645186577
753,2.8097014925373136,0.0008061577100306749,0.0007763562167472229
754,2.8134328358208953,0.0008191720698960125,0.0007740229243276323
755,2.8171641791044775,0.0007977639324963093,0.0007721783207138864
756,2.8208955223880596,0.0007564325351268053,0.0007698620618434577
757,2.824626865671642,0.0008276636945083737,0.0007681250018521962
758,2.828358208955224,0.0007253795629367232,0.0007664823120959648
759,2.832089552238806,0.0008075765799731016,0.000765142437047893
760,2.8358208955223883,0.0007719058194197714,0.0007646900172935935
761,2.83955223880597,0.0007578402291983366,0.0007645676449145667
762,2.843283582089552,0.0007481523207388818,0.000764828809911794
763,2.8470149253731343,0.0007759426953271031,0.0007661505341075542
764,2.8507462686567164,0.000709857908077538,0.0007652204608680998
765,2.8544776119402986,0.000709287473000586,0.0007697333746430714
766,2.8582089552238807,0.0006784443976357579,0.0007675796556967969
767,2.861940298507463,0.0007433248101733625,0.0007669467652193839
768,2.8656716417910446,0.0006956556462682784,0.0007651202883230658
769,2.8694029850746268,0.0007592712063342333,0.0007648135169136633
770,2.873134328358209,0.0007621714030392468,0.0007634560816080832
771,2.876865671641791,0.0008059407118707895,0.0007631343352131364
772,2.8805970149253732,0.0007385932258330286,0.0007631233084106409
773,2.8843283582089554,0.0007533677271567285,0.0007601281750106775
774,2.888059701492537,0.0006466592894867063,0.0007598333432702575
775,2.8917910447761193,0.0007040752097964287,0.0007618003661130987
776,2.8955223880597014,0.0006808877224102616,0.000762503596999478
777,2.8992537313432836,0.0007580312667414546,0.0007647786774990581
778,2.9029850746268657,0.000741278869099915,0.0007656358974622335
779,2.906716417910448,0.0007140525849536061,0.0007680127505076731
780,2.91044776119403,0.0007084396784193814,0.0007691797658392205
781,2.9141791044776117,0.0007524107350036502,0.0007693961038390492
782,2.917910447761194,0.0007646488957107067,0.0007719472008075838
783,2.921641791044776,0.0007659891853109002,0.0007724526349636839
784,2.925373134328358,0.0007630267646163702,0.0007727981982298377
785,2.9291044776119404,0.0008874285849742591,0.0007744910700882716
786,2.9328358208955225,0.0007637746166437864,0.0007758171499207071
787,2.9365671641791047,0.0008165579638443887,0.0007779211183532891
788,2.9402985074626864,0.0007225480512715876,0.0007798864631118571
789,2.9440298507462686,0.000850001466460526,0.0007817758099607578
790,2.9477611940298507,0.0007449683034792542,0.0007819798164546671
791,2.951492537313433,0.0008415495976805687,0.0007832811821660981
792,2.955223880597015,0.0007691310602240264,0.0007845209655919816
793,2.958955223880597,0.0008198936702683568,0.0007877440416117812
794,2.962686567164179,0.0007940696086734533,0.0007892874802076598
795,2.966417910447761,0.0008998200064525008,0.0007927433556377343
796,2.970149253731343,0.0008265963988378644,0.0007947363561337314
797,2.9738805970149254,0.000849710835609585,0.0007998505578853372
798,2.9776119402985075,0.000862809712998569,0.0008003832999526001
799,2.9813432835820897,0.0008228305377997458,0.0008019871368050212
800,2.985074626865672,0.0008554242085665464,0.0008055582307506261
801,2.9888059701492535,0.0007807756774127483,0.0008072091845750082
802,2.9925373134328357,0.0008624352049082518,0.0008074936468335913
803,2.996268656716418,0.0007688751211389899,0.0008086207657825293
804,3.0,0.0007901107892394066,0.0008073841468658207
805,3.003731343283582,0.0007792656542733312,0.0008082563943434052
806,3.0074626865671643,0.0007636567461304367,0.0008056923653362546
807,3.0111940298507465,0.0007647071033716202,0.0008059735267945542
808,3.014925373134328,0.000823903945274651,0.0008066259466520533
809,3.0186567164179103,0.0007731188670732081,0.0008061343346858715
810,3.0223880597014925,0.0007676354725845158,0.0008030753886531584
811,3.0261194029850746,0.0008155273972079158,0.0008039029113516757
812,3.029850746268657,0.000856771832332015,0.0008004294557883064
813,3.033582089552239,0.0008707393426448107,0.000800878110500734
814,3.037313432835821,0.0008166487095877528,0.0007992833668207069
815,3.041044776119403,0.0007883501821197569,0.0007966613899575682
816,3.044776119402985,0.0007857882301323116,0.0007949868591911182
817,3.048507462686567,0.0008905699942260981,0.0007935124591401801
818,3.0522388059701493,0.0007798736914992332,0.0007920622536003953
819,3.0559701492537314,0.000807036180049181,0.0007892859313159999
820,3.0597014925373136,0.0008604674367234111,0.0007906301676795432
821,3.0634328358208953,0.0007761287852190435,0.0007889411077130495
822,3.0671641791044775,0.0007640736876055598,0.0007877792430496434
823,3.0708955223880596,0.0008108607726171613,0.0007847460759122198
824,3.074626865671642,0.0007152878097258508,0.0007832104272050102
825,3.078358208955224,0.0007987889111973345,0.0007821617508874979
826,3.082089552238806,0.0007823033956810832,0.0007817624065820583
827,3.0858208955223883,0.0007753022364340723,0.0007812041298077419
828,3.08955223880597,0.0008433071780018508,0.0007805602451809114
829,3.093283582089552,0.000702391960658133,0.0007778660624242592
830,3.0970149253731343,0.0007245846791192889,0.0007761089449248663
831,3.1007462686567164,0.0007788967341184616,0.000775296111852385
832,3.1044776119402986,0.0006991379195824265,0.0007727225708616216
833,3.1082089552238807,0.0007875259034335613,0.0007708935470252139
834,3.111940298507463,0.0007545091793872416,0.0007662824766778546
835,3.1156716417910446,0.0006865685572847724,0.0007652180658358081
836,3.1194029850746268,0.0008311642450280488,0.0007658303323451703
837,3.123134328358209,0.0007661459967494011,0.0007656860057400857
838,3.126865671641791,0.000790252408478409,0.0007615347858518362
839,3.1305970149253732,0.0007489804993383586,0.0007647053528826957
840,3.1343283582089554,0.0008779442287050188,0.0007632199217701648
841,3.138059701492537,0.000786172749940306,0.0007622890762144291
842,3.1417910447761193,0.0007331392262130976,0.0007625166965625817
843,3.1455223880597014,0.0007380753522738814,0.0007628905189382593
844,3.1492537313432836,0.0007059135241433978,0.0007622284550651363
845,3.1529850746268657,0.0007471150602214038,0.000765790262759277
846,3.156716417910448,0.0007628925377503037,0.0007661257248667137
847,3.16044776119403,0.0007407673983834684,0.0007672679991029748
848,3.1641791044776117,0.0007383078336715698,0.0007687371306507508
849,3.167910447761194,0.0007134424522519112,0.0007672880622899024
850,3.171641791044776,0.0007010770495980978,0.000771624420871731
851,3.175373134328358,0.0007343093166127801,0.0007743188165832402
852,3.1791044776119404,0.0007100122165866196,0.0007753682268851596
853,3.1828358208955225,0.0007817818550392985,0.0007773711368805025
854,3.1865671641791047,0.0006816854584030807,0.0007804320023463266
855,3.1902985074626864,0.0007730078650638461,0.0007813137561287276
856,3.1940298507462686,0.0008134531090036035,0.0007863004234755729
857,3.1977611940298507,0.0007798708393238485,0.0007866031813957706
858,3.201492537313433,0.0007203699788078666,0.0007894886600807673
859,3.205223880597015,0.0009098669397644699,0.0007884740281463941
860,3.208955223880597,0.00074613350443542,0.0007909770498461113
861,3.212686567164179,0.0008223027689382434,0.0007878813691005656
862,3.216417910447761,0.0007854612194932997,0.0007931367812178484
863,3.220149253731343,0.0007794004050083458,0.0007954419948296939
864,3.2238805970149254,0.000783716153819114,0.0008002794319309476
865,3.2276119402985075,0.0008613219251856208,0.0008049411798554767
866,3.2313432835820897,0.0008125428576022387,0.0008061906924789272
867,3.235074626865672,0.000829136639367789,0.0008081835211913396
868,3.2388059701492535,0.0008355366298928857,0.0008102701167666876
869,3.2425373134328357,0.0007838953752070665,0.0008098274744797225
870,3.246268656716418,0.0008801826625131071,0.0008126981087914873
871,3.25,0.0008350549032911658,0.0008149905550498061
872,3.253731343283582,0.0008219225564971566,0.000815643457604981
873,3.2574626865671643,0.0007812572293914855,0.0008161983058060996
874,3.2611940298507465,0.0009130213875323534,0.0008148590923377835
875,3.264925373134328,0.0007906610844656825,0.0008170297525527819
876,3.2686567164179103,0.0008910219185054302,0.0008164880536042336
877,3.2723880597014925,0.0008435773197561502,0.0008158735198354939
878,3.2761194029850746,0.0008844506228342652,0.0008130338023098685
879,3.279850746268657,0.0007486524991691113,0.0008140888488170033
880,3.283582089552239,0.0008516043890267611,0.0008092085410636373
881,3.287313432835821,0.0007510213181376457,0.0008086588818625342
882,3.291044776119403,0.0010016446467489004,0.0008080255186253386
883,3.294776119402985,0.0008276529842987657,0.0008071294684735377
884,3.298507462686567,0.000936410273425281,0.0008069796405346473
885,3.3022388059701493,0.0008970451890490949,0.0008067125653302888
886,3.3059701492537314,0.0007983450777828693,0.0008040384798333412
887,3.3097014925373136,0.0008445985149592161,0.0008033808965304094
888,3.3134328358208953,0.0008263178169727325,0.0008010403508683894
889,3.3171641791044775,0.0007201594999060035,0.0007992301792156224
890,3.3208955223880596,0.0008311384590342641,0.0007980709040832774
891,3.324626865671642,0.0007950673461891711,0.0007954157843458943
892,3.328358208955224,0.0007610783213749528,0.0007928084445799269
893,3.332089552238806,0.0007327609928324819,0.0007903518754330169
894,3.3358208955223883,0.0007268741028383374,0.0007883631297750626
895,3.33955223880597,0.000770682527218014,0.0007831097549259118
896,3.343283582089552,0.0007507982081733644,0.0007805686228249859
897,3.3470149253731343,0.0007882572244852781,0.0007767136628943972
898,3.3507462686567164,0.0006634424207732081,0.0007737613234827976
899,3.3544776119402986,0.000763626885600388,0.0007692951703353263
900,3.3582089552238807,0.0007097743218764663,0.0007681017769954917
901,3.361940298507463,0.0007235974771901965,0.0007639742376873406
902,3.3656716417910446,0.0007963348762132227,0.00076286954998334
903,3.3694029850746268,0.0007487231632694602,0.0007543040115795121
904,3.373134328358209,0.0007732574595138431,0.0007507185587977491
905,3.376865671641791,0.0007727660704404116,0.0007446471278033242
906,3.3805970149253732,0.0007516844198107719,0.0007398410944449828
907,3.3843283582089554,0.0007855819421820343,0.0007364846518967392
908,3.388059701492537,0.0007331742672249675,0.000732290460557745
909,3.3917910447761193,0.0007613195921294391,0.000727765913768785
910,3.3955223880597014,0.0007363650947809219,0.0007283781802781471
911,3.3992537313432836,0.0007713227532804012,0.0007237734006172637
912,3.4029850746268657,0.0007281539728865027,0.0007223679198565461
913,3.406716417910448,0.0007212032214738429,0.0007210014481665339
914,3.41044776119403,0.0006997186574153602,0.0007197944115188609
915,3.4141791044776117,0.0006976330187171698,0.0007191335359338398
916,3.417910447761194,0.000686474668327719,0.0007199296974804161
917,3.421641791044776,0.0007329685613512993,0.0007176573428030057
918,3.425373134328358,0.0007225314038805664,0.0007160722914083702
919,3.4291044776119404,0.0007013383437879384,0.0007158915040923692
920,3.4328358208955225,0.0006997233722358942,0.000715030157064065
921,3.4365671641791047,0.0006823752773925662,0.0007149718102726449
922,3.4402985074626864,0.0007057291222736239,0.0007159335910706077
923,3.4440298507462686,0.0006504575721919537,0.0007133651184054409
924,3.4477611940298507,0.0006806494202464819,0.0007142992903160431
925,3.451492537313433,0.000687481602653861,0.0007130743058330221
926,3.455223880597015,0.0006999978213571012,0.0007113357253440815
927,3.458955223880597,0.0006607309333048761,0.00071084214709472
928,3.462686567164179,0.0006726366700604558,0.0007074680576873262
929,3.466417910447761,0.0006408113986253738,0.0007066534102394632
930,3.470149253731343,0.00074526242678985,0.000705027120846619
931,3.4738805970149254,0.0006423424929380417,0.0007033285872283868
932,3.4776119402985075,0.000737442634999752,0.0007011483994130863
933,3.4813432835820897,0.0007050529820844531,0.0007010368423013971
934,3.485074626865672,0.0006832724902778864,0.0007003420600440445
935,3.4888059701492535,0.0006997782038524747,0.0007012339987474062
936,3.4925373134328357,0.0008033251506276429,0.0006998556810885486
937,3.496268656716418,0.0006576316663995385,0.0007021338962836237
938,3.5,0.0007232701173052192,0.0007005588651248594
939,3.503731343283582,0.0006560301408171654,0.0007035528727034788
940,3.5074626865671643,0.0007283116574399173,0.0007034731892550864
941,3.5111940298507465,0.0007073821034282446,0.0007056719879051898
942,3.514925373134328,0.0007630304899066687,0.0007067924825383759
943,3.5186567164179103,0.0006910274969413877,0.000708977918981052
944,3.5223880597014925,0.0007870242116041481,0.0007086921108477726
945,3.5261194029850746,0.0007230330957099795,0.0007092449558535363
946,3.529850746268657,0.0007014842703938484,0.0007103135576471686
947,3.533582089552239,0.0007314477115869522,0.000710386274632339
948,3.537313432835821,0.0006472442764788866,0.0007130324985354957
949,3.541044776119403,0.0006997737218625844,0.0007137598458495809
950,3.544776119402985,0.0006946417270228267,0.0007172555253818268
951,3.548507462686567,0.0006667252164334059,0.0007158250692754802
952,3.5522388059701493,0.0006819350528530777,0.0007202040088908156
953,3.5559701492537314,0.0007235801313072443,0.0007210674840479907
954,3.5597014925373136,0.0006927171489223838,0.0007223094822043871
955,3.5634328358208953,0.0007362881442531943,0.0007238345683506895
956,3.5671641791044775,0.0006411219947040081,0.0007249098725435211
957,3.5708955223880596,0.0007798814913257957,0.0007253095831313148
958,3.574626865671642,0.0006683922838419676,0.000726760349452223
959,3.578358208955224,0.0008452857146039605,0.0007298809317190473
960,3.582089552238806,0.0006980713224038482,0.000732403257066702
961,3.5858208955223883,0.0007898741168901324,0.0007364162664133601
962,3.58955223880597,0.0007283155573531985,0.0007380825586662423
963,3.593283582089552,0.0007953320164233446,0.0007390864647743179
964,3.5970149253731343,0.0006387394387274981,0.0007396974890470141
965,3.6007462686567164,0.0007033160654827952,0.0007410445477722622
966,3.6044776119402986,0.0007312942761927843,0.0007427415921261943
967,3.6082089552238807,0.000702979217749089,0.000745604378341629
968,3.611940298507463,0.0007692261133342981,0.0007476563715921124
969,3.6156716417910446,0.000702457909937948,0.0007515989070780939
970,3.6194029850746268,0.0007841342594474554,0.0007523656496210251
971,3.623134328358209,0.0006866137264296412,0.000754147100762078
972,3.626865671641791,0.0008218790171667933,0.0007568550616979781
973,3.6305970149253732,0.0007728451164439321,0.0007597834280714756
974,3.6343283582089554,0.0007559749064967036,0.000761173480962653
975,3.638059701492537,0.0007458010222762823,0.0007621587237070609
976,3.6417910447761193,0.0007438656757585704,0.0007648740202279352
977,3.6455223880597014,0.000819713284727186,0.000770177856860001
978,3.6492537313432836,0.0007171130855567753,0.0007706191121009974
979,3.6529850746268657,0.0008512139902450144,0.0007719657988650952
980,3.656716417910448,0.0007594454800710082,0.0007710938793379905
981,3.66044776119403,0.0008928450406529009,0.000771340418595639
982,3.6641791044776117,0.0007757000857964158,0.000770791005002471
983,3.667910447761194,0.0008041906403377652,0.0007688910075713222
984,3.671641791044776,0.0007160794921219349,0.0007667545507457562
985,3.675373134328358,0.0008422536193393171,0.0007683457011674963
986,3.6791044776119404,0.0007926119142211974,0.0007701325727195093
987,3.6828358208955225,0.0008188585052266717,0.0007716235122643411
988,3.6865671641791047,0.0008155794348567724,0.0007725126399635905
989,3.6902985074626864,0.0008088882314041257,0.0007732812309546805
990,3.6940298507462686,0.0007312101661227643,0.0007730666107906983
991,3.6977611940298507,0.0007676812238059938,0.0007738563212248065
992,3.701492537313433,0.000777751614805311,0.0007748464903249065
993,3.705223880597015,0.0008019980741664767,0.0007735910021881686
994,3.708955223880597,0.0007805722998455167,0.0007727747078894115
995,3.712686567164179,0.0007331121014431119,0.0007723813575533469
996,3.716417910447761,0.0008476153016090393,0.0007743466895346235
997,3.720149253731343,0.0008585792966187,0.0007733626464359099
998,3.7238805970149254,0.0007979729562066495,0.0007707008200402303
999,3.7276119402985075,0.0007236064411699772,0.0007706949183512934
1000,3.7313432835820897,0.0008095370139926672,0.0007667970693125049
1001,3.735074626865672,0.0007081794319674373,0.0007649974616403441
1002,3.7388059701492535,0.0007673481595702469,0.0007607556408180333
1003,3.7425373134328357,0.000650415662676096,0.0007593836351411371
1004,3.746268656716418,0.0007077372865751386,0.0007579278927750704
1005,3.75,0.0007039766060188413,0.0007579784141853452
1006,3.753731343283582,0.00077657779911533,0.0007556890202799766
1007,3.7574626865671643,0.0007924227975308895,0.0007533811177581367
1008,3.7611940298507465,0.0007394334534183145,0.0007509283860577498
1009,3.764925373134328,0.0008007383439689875,0.0007476372596035461
1010,3.7686567164179103,0.0006936584832146764,0.000746539582373438
1011,3.7723880597014925,0.0008165123872458935,0.0007463394985079947
1012,3.7761194029850746,0.0007272106595337391,0.0007471674158828469
1013,3.779850746268657,0.0007704040035605431,0.0007457432916342485
1014,3.783582089552239,0.0007393770501948893,0.0007453426951542497
1015,3.787313432835821,0.0007398475427180529,0.0007466467071847036
1016,3.791044776119403,0.0008263796335086226,0.0007499644331202456
1017,3.794776119402985,0.0007035199087113142,0.0007481730000751956
1018,3.798507462686567,0.0007105784025043249,0.0007465766791095276
1019,3.8022388059701493,0.000716871116310358,0.0007455640773447912
1020,3.8059701492537314,0.0006914021796546876,0.0007467136985236188
1021,3.8097014925373136,0.0006856615655124187,0.0007434020261848118
1022,3.8134328358208953,0.0007189303869381547,0.000743572046503243
1023,3.8171641791044775,0.0007194478530436754,0.0007428167254391421
1024,3.8208955223880596,0.0007445052033290267,0.0007422374442174304
1025,3.824626865671642,0.0007181508699432015,0.0007427709855752565
1026,3.828358208955224,0.0007483884692192078,0.0007422679663272347
1027,3.832089552238806,0.0006979879108257592,0.0007401099684080336
1028,3.8358208955223883,0.000718296505510807,0.000737437585130243
1029,3.83955223880597,0.0006806432502344251,0.0007371496801014717
1030,3.843283582089552,0.0007638834649696946,0.0007332803925681041
1031,3.8470149253731343,0.0007230067276395857,0.0007330849142063682
1032,3.8507462686567164,0.0008016258361749351,0.0007281112654997808
1033,3.8544776119402986,0.0007193625206127763,0.0007259312892196382
1034,3.8582089552238807,0.0007855736184865236,0.0007231829506231518
1035,3.861940298507463,0.0008340367930941284,0.0007222453487196528
1036,3.8656716417910446,0.000869138864800334,0.0007194323414118915
1037,3.8694029850746268,0.0007741665467619896,0.0007179067697285152
1038,3.873134328358209,0.00079313013702631,0.0007177879806698822
1039,3.876865671641791,0.000756456283852458,0.00071731117190566
1040,3.8805970149253732,0.0007707409095019102,0.0007174789576177917
1041,3.8843283582089554,0.0006737584481015801,0.0007165303019375154
1042,3.888059701492537,0.0007151502650231123,0.000717326594096404
1043,3.8917910447761193,0.0007363799959421158,0.0007180556493084423
1044,3.8955223880597014,0.0006266651325859129,0.0007190642035111967
1045,3.8992537313432836,0.0007296124822460115,0.0007180236720071151
1046,3.9029850746268657,0.000683352816849947,0.0007181619592124551
1047,3.906716417910448,0.0006880998844280839,0.0007175591635154333
1048,3.91044776119403,0.0006828550831414759,0.0007199517510854071
1049,3.9141791044776117,0.0007276293472386897,0.0007189268476284314
1050,3.917910447761194,0.0006420975551009178,0.0007204730730935386
1051,3.921641791044776,0.000685643870383501,0.0007189374641379024
1052,3.925373134328358,0.0006125927902758121,0.0007185183959536073
1053,3.9291044776119404,0.0006378316320478916,0.0007169865392625514
1054,3.9328358208955225,0.000657722121104598,0.0007155651805876959
1055,3.9365671641791047,0.0007009353721514344,0.000714558983085359
1056,3.9402985074626864,0.0006245142430998385,0.000710729988030635
1057,3.9440298507462686,0.0007638311944901943,0.0007063931538496258
1058,3.9477611940298507,0.0006986495573073626,0.0007042581295003979
1059,3.951492537313433,0.0006910292431712151,0.0007025030677252245
1060,3.955223880597015,0.0007237503305077553,0.0007007934249619521
1061,3.958955223880597,0.0006525072967633605,0.0006999739505373305
1062,3.962686567164179,0.0007183095440268517,0.0007008994381488641
1063,3.966417910447761,0.0007488216506317258,0.0007005403650265823
1064,3.970149253731343,0.0007607985753566027,0.0007006009109318256
1065,3.9738805970149254,0.0007018434116616845,0.0007017610705366767
1066,3.9776119402985075,0.0007238206453621387,0.0007009387567139617
1067,3.9813432835820897,0.000723673845641315,0.0007022140510720996
1068,3.985074626865672,0.0007960840011946857,0.0007023265650609462
1069,3.9888059701492535,0.0006762754637748003,0.0007025655813333465
1070,3.9925373134328357,0.0007440384943038225,0.0007015496574728409
1071,3.996268656716418,0.0007009234977886081,0.000703329837983247
1072,4.0,0.0007058249320834875,0.0007043378924519369
1073,4.003731343283582,0.0007388197118416429,0.0007062888088090936
1074,4.007462686567164,0.000661086814943701,0.0007101149090974615
1075,4.0111940298507465,0.0007443195208907127,0.0007110715619424676
1076,4.014925373134329,0.0006770479958504438,0.0007122116640391873
1077,4.018656716417911,0.0006913286633789539,0.0007150483121754738
1078,4.022388059701493,0.0006866305484436452,0.0007131237241371376
1079,4.026119402985074,0.0007211726042442024,0.0007136658986848666
1080,4.029850746268656,0.0006863609305582941,0.0007140369086367328
1081,4.0335820895522385,0.0007371424580924213,0.0007135214059749936
1082,4.037313432835821,0.0007117034401744604,0.0007153377320231279
1083,4.041044776119403,0.0007004282670095563,0.0007155124856181806
1084,4.044776119402985,0.0007388623780570924,0.0007164576900100745
1085,4.048507462686567,0.0006742316763848066,0.0007157899828332408
1086,4.052238805970149,0.0006958976155146956,0.0007173462796433852
1087,4.0559701492537314,0.000735639885533601,0.0007166982622726298
1088,4.059701492537314,0.000692712957970798,0.0007175451340494541
1089,4.063432835820896,0.0006926547503098845,0.0007163474361821101
1090,4.067164179104478,0.0006859764689579606,0.0007176696132618661
1091,4.07089552238806,0.0007150849560275674,0.0007149563199363467
1092,4.074626865671642,0.0007269741035997868,0.0007160198931559557
1093,4.0783582089552235,0.0006925803609192371,0.0007161974407187322
1094,4.082089552238806,0.0007947017438709736,0.0007142726553422286
1095,4.085820895522388,0.0006969448877498507,0.0007182216802725523
1096,4.08955223880597,0.0007476795581169426,0.0007173528698863598
1097,4.093283582089552,0.0007408168166875839,0.0007188467837006944
1098,4.097014925373134,0.0006849230849184096,0.0007208018399002712
1099,4.100746268656716,0.0007208787137642503,0.0007210195550081752
1100,4.104477611940299,0.0007062406511977315,0.0007206078891347094
1101,4.108208955223881,0.0007026147213764489,0.0007226805872760895
1102,4.111940298507463,0.000726976664736867,0.0007221605387380029
1103,4.115671641791045,0.0007254744414240122,0.0007221032851148488
1104,4.119402985074627,0.0007875750306993723,0.0007208980940759364
1105,4.123134328358209,0.0007334225811064243,0.0007202729949068915
1106,4.126865671641791,0.0007656515808776021,0.0007212314592878811
1107,4.130597014925373,0.0006972519331611693,0.0007212559391585429
1108,4.134328358208955,0.000758395588491112,0.000720733966928248
1109,4.138059701492537,0.000746978388633579,0.0007190953389309892
1110,4.141791044776119,0.0007304847240447998,0.0007188035084343538
1111,4.145522388059701,0.0006327934679575264,0.0007178005620428338
1112,4.149253731343284,0.0007445299997925758,0.0007161849260716359
1113,4.152985074626866,0.0007131043821573257,0.0007142394641982164
1114,4.156716417910448,0.0006599035114049911,0.0007128351248755324
1115,4.16044776119403,0.0008229968370869756,0.0007101687738989912
1116,4.164179104477612,0.0007086982950568199,0.0007092432493752823
1117,4.167910447761194,0.0007382984622381628,0.0007077002736012928
1118,4.1716417910447765,0.0007714859675616026,0.0007051897161390359
1119,4.175373134328358,0.0006955568678677082,0.0007043056141744118
1120,4.17910447761194,0.000704294303432107,0.0007028766544308605
1121,4.182835820895522,0.0007713415543548763,0.0007030966793891134
1122,4.186567164179104,0.00071582046803087,0.0007035723012849325
1123,4.190298507462686,0.0007093560416251421,0.0007015256631392531
1124,4.1940298507462686,0.0006510154344141483,0.0007022195112346331
1125,4.197761194029851,0.0007132333121262491,0.0007001912951037833
1126,4.201492537313433,0.0007135287160053849,0.0006997300732153944
1127,4.205223880597015,0.0006969012902118266,0.0006982380546992872
1128,4.208955223880597,0.000714239024091512,0.0006974504383212728
1129,4.212686567164179,0.0006255292100831866,0.000696112026982918
1130,4.2164179104477615,0.000680689699947834,0.000694717026440563
1131,4.220149253731344,0.0006448556669056416,0.0006927249487489462
1132,4.223880597014926,0.0006488438812084496,0.0006934976483490773
1133,4.227611940298507,0.0006472101667895913,0.000690773468771268
1134,4.231343283582089,0.0006350024486891925,0.0006883449727533067
1135,4.235074626865671,0.0006853813538327813,0.0006877171222075093
1136,4.2388059701492535,0.0006589983822777867,0.0006837174807470747
1137,4.242537313432836,0.0006844175513833761,0.0006823241824238766
1138,4.246268656716418,0.0006378839607350528,0.0006797282087684768
1139,4.25,0.0006486749043688178,0.0006770872448502881
1140,4.253731343283582,0.0006622913642786443,0.0006759210529441877
1141,4.257462686567164,0.0007152616744861007,0.0006755429075849129
1142,4.2611940298507465,0.0007221152191050351,0.0006736504885072751
1143,4.264925373134329,0.0006430645007640123,0.000672714885540034
1144,4.268656716417911,0.0007539222133345902,0.0006717220914163967
1145,4.272388059701493,0.0007044181693345308,0.0006711049170074303
1146,4.276119402985074,0.0007145124836824834,0.0006706135151567074
1147,4.279850746268656,0.0007044788217172027,0.0006704695491551808
1148,4.2835820895522385,0.0006649596616625786,0.0006691176492561836
1149,4.287313432835821,0.000703520723618567,0.0006681248906250225
1150,4.291044776119403,0.0006897833663970232,0.000668173211501775
1151,4.294776119402985,0.0006488095386885107,0.0006680846535146418
1152,4.298507462686567,0.0006644741515628994,0.0006666408437190623
1153,4.302238805970149,0.0006328386371023953,0.0006672762967532546
1154,4.3059701492537314,0.0006135360454209149,0.0006672145270674331
1155,4.309701492537314,0.0006341616390272975,0.0006672091960975128
1156,4.313432835820896,0.0006590115372091532,0.000665979353404354
1157,4.317164179104478,0.0006515730638056993,0.0006657864191433097
1158,4.32089552238806,0.0006318635423667729,0.000666477026065766
1159,4.324626865671642,0.0006632064469158649,0.0006667866013807858
1160,4.3283582089552235,0.0006477429997175932,0.0006663931261112051
1161,4.332089552238806,0.0006887903437018394,0.0006652490559556499
1162,4.335820895522388,0.0006937523721717298,0.0006641898184969294
1163,4.33955223880597,0.0006774607463739812,0.0006623950363818283
1164,4.343283582089552,0.0006686514825560153,0.0006633608746796665
1165,4.347014925373134,0.000625711283646524,0.0006626663337711518
1166,4.350746268656716,0.0006930858362466097,0.0006612685066079948
1167,4.354477611940299,0.0007076261099427938,0.0006617822971126837
1168,4.358208955223881,0.0006414733943529427,0.0006625725697476144
1169,4.361940298507463,0.000673535920213908,0.000662793071724747
1170,4.365671641791045,0.0006275103660300374,0.000662827082035109
1171,4.369402985074627,0.0006770588224753737,0.0006638828099977862
1172,4.373134328358209,0.0005856594652868807,0.0006665070981309726
1173,4.376865671641791,0.0006748974556103349,0.0006677028609485161
1174,4.380597014925373,0.0006446776096709073,0.0006699496653021835
1175,4.384328358208955,0.0006347838789224625,0.0006724138553935761
1176,4.388059701492537,0.0006349578034132719,0.0006752820435638834
1177,4.391791044776119,0.0006510880775749683,0.0006779032481107406
1178,4.395522388059701,0.0007127324352040887,0.0006814184981943449
1179,4.399253731343284,0.0006505765486508608,0.000683675633697975
1180,4.402985074626866,0.0006325424183160067,0.0006849881852181946
1181,4.406716417910448,0.000615384487900883,0.0006855906416071443
1182,4.41044776119403,0.0006718329386785626,0.0006868779892101884
1183,4.414179104477612,0.0006485291523858905,0.0006864075747704724
1184,4.417910447761194,0.0006826638709753752,0.0006880448327581511
1185,4.4216417910447765,0.0007254460360854864,0.0006888052902934028
1186,4.425373134328358,0.0006471072556450963,0.0006920416845099591
1187,4.42910447761194,0.0007355778943747282,0.0006950473180040717
1188,4.432835820895522,0.0007368799997493625,0.0006955854776428967
1189,4.436567164179104,0.0006740002427250147,0.0006996702740718497
1190,4.440298507462686,0.00070491514634341,0.000702888200843207
1191,4.4440298507462686,0.0007330682128667831,0.0007063992358403416
1192,4.447761194029851,0.0007564053521491587,0.0007106547553387539
1193,4.451492537313433,0.000713500427082181,0.0007166429451189754
1194,4.455223880597015,0.0007249576156027615,0.0007193566189238393
1195,4.458955223880597,0.0007145678391680121,0.0007231048430407011
1196,4.462686567164179,0.0007517573540098965,0.0007265628749936274
1197,4.4664179104477615,0.0007664809236302972,0.0007289107179087474
1198,4.470149253731344,0.0007956983172334731,0.0007340322680226187
1199,4.473880597014926,0.0007244060980156064,0.0007344984716349622
1200,4.477611940298507,0.0007170210592448711,0.0007379651992445494
1201,4.481343283582089,0.0006724437116645277,0.0007391058195314211
1202,4.485074626865671,0.0007415715954266489,0.0007433462263334816
1203,4.4888059701492535,0.0006744653801433742,0.0007452317059221791
1204,4.492537313432836,0.0007445883238688111,0.0007471000156706063
1205,4.496268656716418,0.0006998302415013313,0.0007485892600947764
1206,4.5,0.0007584034465253353,0.0007481889461348878
1207,4.503731343283582,0.0008163168095052242,0.0007505456664281465
1208,4.507462686567164,0.0007296906551346183,0.0007489581419177717
1209,4.5111940298507465,0.0008089500479400158,0.0007466314851715252
1210,4.514925373134329,0.0008054709178395569,0.0007462289465432306
1211,4.518656716417911,0.000771462800912559,0.0007455310991556361
1212,4.522388059701493,0.000851535121910274,0.0007457644494091411
1213,4.526119402985074,0.0008311752462759614,0.0007437717413711475
1214,4.529850746268656,0.0007861580816097558,0.0007430269331784873
1215,4.5335820895522385,0.0007983547984622419,0.0007415663496386715
1216,4.537313432835821,0.0007765631889924407,0.0007397559153415808
1217,4.541044776119403,0.0007312193629331887,0.0007383418198470481
1218,4.544776119402985,0.0008610716322436929,0.0007388407248072326
1219,4.548507462686567,0.0007318467833101749,0.0007357800353840902
1220,4.552238805970149,0.000792712380643934,0.0007349961570736657
1221,4.5559701492537314,0.0006793078500777483,0.000732165799623855
1222,4.559701492537314,0.0007892411667853594,0.0007324451580643654
1223,4.563432835820896,0.0007491376018151641,0.0007320911064176116
1224,4.567164179104478,0.0007251298520714045,0.0007311744862463234
1225,4.57089552238806,0.0007437228923663497,0.0007302934039815715
1226,4.574626865671642,0.0007090331637300551,0.0007295925979411639
1227,4.5783582089552235,0.000743732787668705,0.0007280108317301222
1228,4.582089552238806,0.000670489389449358,0.0007233556854061601
1229,4.585820895522388,0.0006414870731532574,0.0007221192467912305
1230,4.58955223880597,0.000657496158964932,0.0007182652792302756
1231,4.593283582089552,0.0006763034034520388,0.0007153895652353218
1232,4.597014925373134,0.0007426355732604861,0.0007122442376141142
1233,4.600746268656716,0.000674704322591424,0.0007089038901939625
1234,4.604477611940299,0.000682963291183114,0.0007059064937937187
1235,4.608208955223881,0.0006650736904703081,0.0007020066926687411
1236,4.611940298507463,0.0006403400329872966,0.0007000532620245727
1237,4.615671641791045,0.0006937794387340546,0.0006984863274094717
1238,4.619402985074627,0.0007869360269978642,0.0006974277075198366
1239,4.623134328358209,0.0006702100508846343,0.0006949421353411021
1240,4.626865671641791,0.0006922670872882009,0.0006942046584743188
1241,4.630597014925373,0.0006009764038026333,0.0006931779619374471
1242,4.634328358208955,0.0006838974077254534,0.0006945892677233532
1243,4.638059701492537,0.0007270554779097438,0.0006956203653272696
1244,4.641791044776119,0.0006368839531205595,0.0006954839492852731
1245,4.645522388059701,0.0007084639510139823,0.0006978796317991687
1246,4.649253731343284,0.0006710971938446164,0.000700130993386776
1247,4.652985074626866,0.0006935510318726301,0.0007058387102627354
1248,4.656716417910448,0.0006254558102227747,0.0007102355451845541
1249,4.66044776119403,0.0006789966719225049,0.0007148694684274676
1250,4.664179104477612,0.0006509373779408634,0.0007201360777111315
1251,4.667910447761194,0.0006875666440464556,0.0007247002184868041
1252,4.6716417910447765,0.000642504368443042,0.0007262838899339662
1253,4.675373134328358,0.0007145808776840568,0.0007284847400491921
1254,4.67910447761194,0.0007082819938659668,0.000728706803695276
1255,4.682835820895522,0.000626266235485673,0.0007318202420364974
1256,4.686567164179104,0.0007182641420513391,0.0007316094891327183
1257,4.690298507462686,0.0007123188697732985,0.0007357345496463339
1258,4.6940298507462686,0.000687815947458148,0.000736776676892144
1259,4.697761194029851,0.0007591631729155779,0.0007355091766817723
1260,4.701492537313433,0.0007016102317720652,0.0007354213753942309
1261,4.705223880597015,0.0007506178226321936,0.000735816229191586
1262,4.708955223880597,0.0007371713872998953,0.000737559383950855
1263,4.712686567164179,0.0008315161685459316,0.0007387563236989081
1264,4.7164179104477615,0.0007435445440933108,0.0007371633532229902
1265,4.720149253731344,0.0008233528351411223,0.0007391484885862688
1266,4.723880597014926,0.0008360287174582481,0.0007367559492860626
1267,4.727611940298507,0.000943049555644393,0.0007374651457478361
1268,4.731343283582089,0.0009240030194632709,0.0007365906877988359
1269,4.735074626865671,0.000860480242408812,0.0007386105262856112
1270,4.7388059701492535,0.0008574180537834764,0.0007373612734670864
1271,4.742537313432836,0.0008446259307675064,0.0007399426313208007
1272,4.746268656716418,0.0007412339327856898,0.0007395084717356395
1273,4.75,0.0008328704279847443,0.0007437874602789922
1274,4.753731343283582,0.0006838089320808649,0.0007431202400589316
1275,4.757462686567164,0.0008106142631731927,0.0007447239122262634
1276,4.7611940298507465,0.0006564328214153647,0.000746684652900823
1277,4.764925373134329,0.0008094675140455365,0.000747101010879638
1278,4.768656716417911,0.0007365066558122635,0.0007486182120174351
1279,4.772388059701493,0.0007349685183726251,0.0007490778424231926
1280,4.776119402985074,0.0006666101980954409,0.0007490088038782521
1281,4.779850746268656,0.000708456092979759,0.0007500546919068367
1282,4.7835820895522385,0.0006724457489326596,0.0007508854855919575
1283,4.787313432835821,0.0007329719373956323,0.0007507727558088557
1284,4.791044776119403,0.0006617436883971095,0.0007483472156043096
1285,4.794776119402985,0.0007182745030149817,0.000747793640873236
1286,4.798507462686567,0.0006103698397055268,0.0007464396895091163
1287,4.802238805970149,0.0007001742487773299,0.0007438611809913887
1288,4.8059701492537314,0.0006576982559636235,0.0007388754108943409
1289,4.809701492537314,0.0007082691881805658,0.0007316870700068227
1290,4.813432835820896,0.0006277773063629866,0.0007262199481086033
1291,4.817164179104478,0.0007567730499431491,0.0007212454021522185
1292,4.82089552238806,0.0006697661010548472,0.0007170609513683835
1293,4.824626865671642,0.0008179428987205029,0.0007151820677014567
1294,4.8283582089552235,0.0006872248486615717,0.0007109626042997329
1295,4.832089552238806,0.0007740325527265668,0.0007109452896501596
1296,4.835820895522388,0.0007066566031426191,0.0007079083021026013
1297,4.83955223880597,0.0007353348191827536,0.0007086161754048634
1298,4.843283582089552,0.000774524116422981,0.0007059798766177421
1299,4.847014925373134,0.0007066607940942049,0.0007035450572602269
1300,4.850746268656716,0.0007563325925730169,0.0007009684454604257
1301,4.854477611940299,0.0007444916409440339,0.0007018934177212054
1302,4.858208955223881,0.0007846803637221456,0.0007009237902466116
1303,4.861940298507463,0.0007325494661927223,0.0007012446763039362
1304,4.865671641791045,0.0007320690201595426,0.000700607763819124
1305,4.869402985074627,0.000720847980119288,0.0007031686226383033
1306,4.873134328358209,0.0007678408292122185,0.0007018177903529893
1307,4.876865671641791,0.0007303098682314157,0.0007042886118586288
1308,4.880597014925373,0.0007386329816654325,0.0007031652920243399
1309,4.884328358208955,0.0006292810430750251,0.0007029263396383967
1310,4.888059701492537,0.0006363282445818186,0.000700227699026738
1311,4.891791044776119,0.0006534616695716977,0.0007011601885939698
1312,4.895522388059701,0.0006730634486302733,0.0006982215109462963
1313,4.899253731343284,0.0006641997024416924,0.0006987904198467731
1314,4.902985074626866,0.0006598724285140634,0.0006947668720740916
1315,4.906716417910448,0.0006830990314483643,0.0006948400518811512
1316,4.91044776119403,0.0006860977737233043,0.0006904802725241497
1317,4.914179104477612,0.0006854556268081069,0.0006905960532405027
1318,4.917910447761194,0.0007013792637735605,0.0006867235742236782
1319,4.9216417910447765,0.000636679062154144,0.0006848816822351115
1320,4.925373134328358,0.0006293274345807731,0.0006840424896104307
1321,4.92910447761194,0.0007045340607874095,0.0006826622085077915
1322,4.932835820895522,0.0006687013665214181,0.0006816581959222875
1323,4.936567164179104,0.0006856020772829652,0.0006814005205453169
1324,4.940298507462686,0.000706858525518328,0.0006799957851265989
1325,4.9440298507462686,0.0007667388999834657,0.0006817956398263937
1326,4.947761194029851,0.0006628903793171048,0.0006807768751480957
1327,4.951492537313433,0.0007116735214367509,0.0006787459346147753
1328,4.955223880597015,0.0006541181355714798,0.0006777136998319226
1329,4.958955223880597,0.000647901208139956,0.0006776001991522385
1330,4.962686567164179,0.0005976249231025577,0.0006784168938061268
1331,4.9664179104477615,0.000666009378619492,0.0006802013788440424
1332,4.970149253731344,0.0006362872663885355,0.000679617729208364
1333,4.973880597014926,0.0006930913659743965,0.0006803960068060494
1334,4.977611940298507,0.0006529774400405586,0.0006797501218232621
1335,4.981343283582089,0.0006902252207510173,0.0006817992103694961
1336,4.985074626865671,0.0005952815990895033,0.0006812619792138477
1337,4.9888059701492535,0.0007114036125130951,0.0006832354105781855
1338,4.992537313432836,0.0005765631794929504,0.0006838218768967725
1339,4.996268656716418,0.0006990065448917449,0.0006848829542854573
1340,5.0,0.0006722538964822888,0.0006879233207167467
1341,5.003731343283582,0.0006997410673648119,0.0006901988214472445
1342,5.007462686567164,0.0007033271249383688,0.0006921081903118004
1343,5.0111940298507465,0.0007741156732663512,0.0006923741652493979
1344,5.014925373134329,0.0006749553140252829,0.0006941127414792413
1345,5.018656716417911,0.000805863062851131,0.0006952237070924262
1346,5.022388059701493,0.0006790786283090711,0.0006950741304402672
1347,5.026119402985074,0.0006845722673460841,0.000694592213598875
1348,5.029850746268656,0.0006879882421344519,0.00069537123653856
1349,5.0335820895522385,0.0007339794537983835,0.0006959080190693097
1350,5.037313432835821,0.0006627655238844454,0.0006984936431186591
1351,5.041044776119403,0.0007094921311363578,0.0007001028620501662
1352,5.044776119402985,0.000629532034508884,0.0007007339963598586
1353,5.048507462686567,0.0007049728301353753,0.0007022711826011357
1354,5.052238805970149,0.0006377184181474149,0.0007012667497847138
1355,5.0559701492537314,0.0007438850589096546,0.000700368209480785
1356,5.059701492537314,0.0006610725540667772,0.0007007107942183389
1357,5.063432835820896,0.0007670084596611559,0.0007014464197975652
1358,5.067164179104478,0.000709500745870173,0.000700031977896465
1359,5.07089552238806,0.0007448834367096424,0.0007013613258761059
1360,5.074626865671642,0.0007613340858370066,0.0006998199685590296
1361,5.0783582089552235,0.0007226229645311832,0.0006972793603270519
1362,5.082089552238806,0.0007828181842342019,0.0006951514969398154
1363,5.085820895522388,0.0006796063389629126,0.000693508347201093
1364,5.08955223880597,0.0007568837027065456,0.0006909826429697071
1365,5.093283582089552,0.0007524081156589091,0.0006925450444857521
1366,5.097014925373134,0.0007606062572449446,0.0006884060013562259
1367,5.100746268656716,0.0006431317888200283,0.0006896610025361907
1368,5.104477611940299,0.0007436134619638324,0.0006887270080879694
1369,5.108208955223881,0.0006761262193322182,0.0006895221304148436
1370,5.111940298507463,0.0007539117941632867,0.0006874167948120796
1371,5.115671641791045,0.0006636028992943466,0.0006877276876078146
1372,5.119402985074627,0.0006918858853168786,0.0006865763528522377
1373,5.123134328358209,0.0006993119022808969,0.0006864495609500786
1374,5.126865671641791,0.000651909620501101,0.0006849718203472836
1375,5.130597014925373,0.0006161372875794768,0.0006846767912686961
1376,5.134328358208955,0.0007042711949907243,0.0006842607513024676
1377,5.138059701492537,0.0006254422478377819,0.0006830733604502024
1378,5.141791044776119,0.0006534114945679903,0.0006808597642769356
1379,5.145522388059701,0.0006310664466582239,0.0006794647722527748
1380,5.149253731343284,0.0006358108948916197,0.0006769076018117187
1381,5.152985074626866,0.0005680889589712024,0.0006742623333660205
1382,5.156716417910448,0.0006124986684881151,0.0006725296034568512
1383,5.16044776119403,0.000635957985650748,0.000670062109725777
1384,5.164179104477612,0.0006705617997795343,0.0006696536793464386
1385,5.167910447761194,0.0007390137761831284,0.0006676959271383722
1386,5.1716417910447765,0.0006361622945405543,0.0006643333798842277
1387,5.175373134328358,0.000730533676687628,0.0006619607632207434
1388,5.17910447761194,0.0006462784949690104,0.0006614202923118705
1389,5.182835820895522,0.0007205882575362921,0.0006585459753007787
1390,5.186567164179104,0.0006476606940850616,0.0006581207385241259
1391,5.190298507462686,0.0006755121285095811,0.0006535316195634262
1392,5.1940298507462686,0.0006622874061577022,0.0006536274478293774
1393,5.197761194029851,0.0006243335665203631,0.0006539093532099775
1394,5.201492537313433,0.0006443854654207826,0.0006517736104930319
1395,5.205223880597015,0.0006256222259253263,0.0006535082981671865
1396,5.208955223880597,0.0007268274202942848,0.0006550794478687571
1397,5.212686567164179,0.0006123895291239023,0.0006545798628727292
1398,5.2164179104477615,0.0006762510165572166,0.0006565435139303346
1399,5.220149253731344,0.0006523060728795826,0.0006577295305139226
1400,5.223880597014926,0.0006400394486263394,0.0006585671628893512
1401,5.227611940298507,0.0006528780795633793,0.0006623096329659769
1402,5.231343283582089,0.0006515810382552445,0.0006668548505730564
1403,5.235074626865671,0.000681650941260159,0.0006698894544459153
1404,5.2388059701492535,0.000662860693410039,0.0006707119982598759
1405,5.242537313432836,0.0006766158621758223,0.0006727236294664624
1406,5.246268656716418,0.0006145436782389879,0.0006723228228710047
1407,5.25,0.0006633289740420878,0.0006744525574215847
1408,5.253731343283582,0.0006209724815562367,0.000672484269626893
1409,5.257462686567164,0.0006257664645090699,0.0006759026351884553
1410,5.2611940298507465,0.0006586915114894509,0.0006749623287582724
1411,5.264925373134329,0.0005657579167746007,0.0006758574433284016
1412,5.268656716417911,0.0006675318581983447,0.0006778991778335739
1413,5.272388059701493,0.000703444005921483,0.0006788490005064664
1414,5.276119402985074,0.0006117464508861303,0.0006804049892419177
1415,5.279850746268656,0.0007230318151414394,0.0006822481731566169
1416,5.2835820895522385,0.0006805544253438711,0.0006820858958767863
1417,5.287313432835821,0.0006837882101535797,0.0006817354105140377
1418,5.291044776119403,0.0007059519411996007,0.00068298078045567
1419,5.294776119402985,0.000702038174495101,0.000683644149032217
1420,5.298507462686567,0.000665409374050796,0.0006837009852638514
1421,5.302238805970149,0.000789252168033272,0.0006858636497338189
1422,5.3059701492537314,0.0007544428808614612,0.0006861591700282766
1423,5.309701492537314,0.0007369174272753298,0.0006872117604560605
1424,5.313432835820896,0.0006696822820231318,0.0006870117816483466
1425,5.317164179104478,0.0007530386792495847,0.0006879401058185754
1426,5.32089552238806,0.0007225807057693601,0.0006876685429455303
1427,5.324626865671642,0.0007234814111143351,0.0006895494198699187
1428,5.3283582089552235,0.0006498338771052659,0.0006880899791878353
1429,5.332089552238806,0.0007864314829930663,0.0006918779094476344
1430,5.335820895522388,0.000682035693898797,0.0006917617723868206
1431,5.33955223880597,0.0006843603914603591,0.0006928812561942855
1432,5.343283582089552,0.0007592232432216406,0.0006957416913880989
1433,5.347014925373134,0.0007012301357463002,0.0006984674198575681
1434,5.350746268656716,0.0006881291046738625,0.0006989703425660548
1435,5.354477611940299,0.00071995600592345,0.0007041073063524758
1436,5.358208955223881,0.0006189688574522734,0.0007058649250056322
1437,5.361940298507463,0.0007124575204215944,0.0007084124060006948
1438,5.365671641791045,0.0006634496967308223,0.0007088852225711978
1439,5.369402985074627,0.0007034491281956434,0.0007121434957697624
1440,5.373134328358209,0.0006546363583765924,0.0007130960797573008
1441,5.376865671641791,0.0007287086918950081,0.0007160152677764617
1442,5.380597014925373,0.0006649944116361439,0.0007141061998881036
1443,5.384328358208955,0.0006947372457943857,0.0007172736393219633
1444,5.388059701492537,0.000673451810143888,0.000715869111179306
1445,5.391791044776119,0.0007009219843894243,0.0007209527184164561
1446,5.395522388059701,0.0006654817843809724,0.0007220972286787157
1447,5.399253731343284,0.0006916596321389079,0.0007243448678154225
1448,5.402985074626866,0.0006034919060766697,0.0007264511815908296
1449,5.406716417910448,0.0007762776222079992,0.0007285813534087161
1450,5.41044776119403,0.0006210048450157046,0.000727128281496556
1451,5.414179104477612,0.0007045903475955129,0.0007291078871320478
1452,5.417910447761194,0.0006830357597209513,0.0007286421193673117
1453,5.4216417910447765,0.0007792867254465818,0.0007273795327353404
1454,5.425373134328358,0.0007240638369694352,0.0007268738643288976
1455,5.42910447761194,0.0008223619661293924,0.0007285331148745083
1456,5.432835820895522,0.0007950941799208522,0.0007272953843334462
1457,5.436567164179104,0.0007850011461414397,0.0007284831840590369
1458,5.440298507462686,0.0007031736895442009,0.0007288065560093922
1459,5.4440298507462686,0.0008395411423407495,0.000728051283215059
1460,5.447761194029851,0.0007410941179841757,0.0007273755888113888
1461,5.451492537313433,0.0007850960828363895,0.0007289275271454599
1462,5.455223880597015,0.0007109803846105933,0.0007292013004899207
1463,5.458955223880597,0.0008843078976497054,0.0007302767636890455
1464,5.462686567164179,0.0006793317734263837,0.0007302270259526445
1465,5.4664179104477615,0.0008781101787462831,0.0007301631678895252
1466,5.470149253731344,0.0007999636000022292,0.0007297778587288609
1467,5.473880597014926,0.0008147339103743434,0.0007305028365652372
1468,5.477611940298507,0.0008098402759060264,0.0007306012444243562
1469,5.481343283582089,0.000737170921638608,0.0007306124856014078
1470,5.485074626865671,0.000726855534594506,0.0007274655579793743
1471,5.4888059701492535,0.0007631995249539614,0.0007265120739026404
1472,5.492537313432836,0.0006652639131061733,0.0007244449551785137
1473,5.496268656716418,0.000707457191310823,0.0007226665223176341
1474,5.5,0.0006804977310821414,0.0007179263275025822
1475,5.503731343283582,0.0007561583770439029,0.000713864156817336
1476,5.507462686567164,0.0006692090537399054,0.000708478332565325
1477,5.5111940298507465,0.0006676686462014914,0.0007045921960436716
1478,5.514925373134329,0.0007257157703861594,0.0007013325798098089
1479,5.518656716417911,0.0006324835121631622,0.0006987683932160641
1480,5.522388059701493,0.0006757456576451659,0.0006922636629741002
1481,5.526119402985074,0.0007182658300735056,0.0006901043319574943
1482,5.529850746268656,0.0007399333990179002,0.0006855202926799837
1483,5.5335820895522385,0.000709088402800262,0.0006838739826911833
1484,5.537313432835821,0.0006926979986019433,0.0006771813197879166
1485,5.541044776119403,0.0006708336295560002,0.0006766339335249873
1486,5.544776119402985,0.0006851243088021874,0.0006706438740011213
1487,5.548507462686567,0.0006952058756724,0.0006664630335119621
1488,5.552238805970149,0.0006956943543627858,0.0006642146731681395
1489,5.5559701492537314,0.0006039527943357825,0.0006608258969741078
1490,5.559701492537314,0.0006472535897046328,0.0006585466737927096
1491,5.563432835820896,0.0005819119978696108,0.0006568573497621933
1492,5.567164179104478,0.0006198384799063206,0.0006540927243782435
1493,5.57089552238806,0.0006101200124248862,0.0006524581212277819
1494,5.574626865671642,0.0005849387380294502,0.0006511575406099238
1495,5.5783582089552235,0.0005575148388743401,0.0006499500468191578
1496,5.582089552238806,0.0006015431717969477,0.0006469481769472179
1497,5.585820895522388,0.0006357625825330615,0.0006454357360603242
1498,5.58955223880597,0.0006513568805530667,0.000644398134815075
1499,5.593283582089552,0.0005980420392006636,0.0006413642706054194
1500,5.597014925373134,0.0005728472024202347,0.0006405353282078556
1501,5.600746268656716,0.0006525615463033319,0.000639672054647945
1502,5.604477611940299,0.000597150472458452,0.0006372607384081475
1503,5.608208955223881,0.0006434816750697792,0.0006337186247791822
1504,5.611940298507463,0.0006099087186157703,0.0006309991174309356
1505,5.615671641791045,0.0006568889366462827,0.0006297414756107439
1506,5.619402985074627,0.0006325177382677794,0.000628959194461747
1507,5.623134328358209,0.0006285491399466991,0.0006276700509394087
1508,5.626865671641791,0.000722551136277616,0.0006247970883212075
1509,5.630597014925373,0.0006709004519507289,0.0006235015533137612
1510,5.634328358208955,0.0006437227712012827,0.0006239728820396633
1511,5.638059701492537,0.0006575932493433356,0.0006242190237815787
1512,5.641791044776119,0.0006498498842120171,0.0006251733738747312
1513,5.645522388059701,0.0005982451839372516,0.0006257213578309591
1514,5.649253731343284,0.0006541333859786391,0.0006287321391538149
1515,5.652985074626866,0.0006309904856607318,0.0006312612449841165
1516,5.656716417910448,0.0006330817122943699,0.0006338760892792446
1517,5.66044776119403,0.0006071989773772657,0.0006369652876789431
1518,5.664179104477612,0.0006251269951462746,0.0006388971516748936
1519,5.667910447761194,0.0006013273377902806,0.0006392418375670365
1520,5.6716417910447765,0.0005984968738630414,0.0006397492436851125
1521,5.675373134328358,0.0006403514416888356,0.0006424212464835586
1522,5.67910447761194,0.0006194018642418087,0.0006438556578714492
1523,5.682835820895522,0.0005947067402303219,0.0006456484949988563
1524,5.686567164179104,0.0005975886015221477,0.0006442678291577754
1525,5.690298507462686,0.0006411346839740872,0.0006458038384685429
1526,5.6940298507462686,0.0006387601024471223,0.0006441661091407807
1527,5.697761194029851,0.0006322694243863225,0.0006442834643033765
1528,5.701492537313433,0.000577414408326149,0.0006459289309909431
1529,5.705223880597015,0.0006425774190574884,0.0006438742374728729
1530,5.708955223880597,0.0006232772720977664,0.0006442960045050557
1531,5.712686567164179,0.0006573454011231661,0.0006450416602580468
1532,5.7164179104477615,0.0006210403516888618,0.0006451790189802102
1533,5.720149253731344,0.0006423058221116662,0.0006450657127992954
1534,5.723880597014926,0.000733562046661973,0.0006442211366758296
1535,5.727611940298507,0.0006886320770718157,0.0006446977126094081
1536,5.731343283582089,0.0006647234549745917,0.0006448635859869239
1537,5.735074626865671,0.0007282003061845899,0.0006450166125077663
1538,5.7388059701492535,0.0007149690063670278,0.0006451598956340515
1539,5.742537313432836,0.0006654890021309257,0.0006461016700330485
1540,5.746268656716418,0.0006188456900417805,0.0006469010188039847
1541,5.75,0.0006823993171565235,0.0006469453318703283
1542,5.753731343283582,0.0007113724132068455,0.0006458660709762537
1543,5.757462686567164,0.0006706567946821451,0.0006453881307118913
1544,5.7611940298507465,0.0005868743755854666,0.0006464008446328524
1545,5.764925373134329,0.0006728851003572345,0.0006471017898037666
1546,5.768656716417911,0.0005897420342080295,0.0006473982314829056
1547,5.772388059701493,0.0006373292999342084,0.0006481440008118204
1548,5.776119402985074,0.0006960132741369307,0.00064831890773437
1549,5.779850746268656,0.0006383087020367384,0.0006518208169060327
1550,5.7835820895522385,0.0006881929002702236,0.000652910225808893
1551,5.787313432835821,0.000674294657073915,0.0006552780694441824
1552,5.791044776119403,0.0006632249569520354,0.0006549004181401758
1553,5.794776119402985,0.0006452043307945132,0.0006556047492933165
1554,5.798507462686567,0.0005636175628751516,0.0006570816309781881
1555,5.802238805970149,0.0006736729992553592,0.0006546701812866802
1556,5.8059701492537314,0.0006377912941388786,0.0006555968401499274
1557,5.809701492537314,0.0006393557996489108,0.0006548553029438708
1558,5.813432835820896,0.0006130735855549574,0.0006538674025228474
1559,5.817164179104478,0.0006637397455051541,0.0006518586731811123
1560,5.82089552238806,0.0006341006373986602,0.0006511215696951783
1561,5.824626865671642,0.0006003137095831335,0.0006527459893443781
1562,5.8283582089552235,0.000596101745031774,0.000651279470042848
1563,5.832089552238806,0.0005998063134029508,0.0006491198011378689
1564,5.835820895522388,0.0006362280109897256,0.0006475644171942117
1565,5.83955223880597,0.0006263273535296321,0.0006491150451460626
1566,5.843283582089552,0.0006532887928187847,0.0006484583960051035
1567,5.847014925373134,0.0006693366449326277,0.0006495100252966328
1568,5.850746268656716,0.0006394406082108617,0.000649066782476971
1569,5.854477611940299,0.0007209926843643188,0.0006474260419675308
1570,5.858208955223881,0.0006872431840747595,0.0006464775140601687
1571,5.861940298507463,0.0007203588611446321,0.0006451213976550029
1572,5.865671641791045,0.0006418616976588964,0.0006446184437131373
1573,5.869402985074627,0.0006499179289676249,0.0006449013059708948
1574,5.873134328358209,0.0007028579711914062,0.0006446799848274123
1575,5.876865671641791,0.0006346926093101501,0.0006466188933700323
1576,5.880597014925373,0.0007266250904649496,0.0006445026459603957
1577,5.884328358208955,0.0006343204295262694,0.0006460882794316403
1578,5.888059701492537,0.0006876963889226317,0.0006464918132689668
1579,5.891791044776119,0.0006326111033558846,0.0006480617874597268
1580,5.895522388059701,0.0006352677592076361,0.000646534223938588
1581,5.899253731343284,0.0006854468956589699,0.000645135422861885
1582,5.902985074626866,0.0006222720257937908,0.0006452569079290076
1583,5.906716417910448,0.0006228259881027043,0.0006453966219318895
1584,5.91044776119403,0.0006068860529921949,0.0006452983134517037
1585,5.914179104477612,0.0006504501216113567,0.0006449356314544453
1586,5.917910447761194,0.0006459624855779111,0.0006449871580116451
1587,5.9216417910447765,0.0006328588351607323,0.0006440354173253404
1588,5.925373134328358,0.0006191563443280756,0.0006435652584314528
1589,5.92910447761194,0.0006287429132498801,0.0006428332701211841
1590,5.932835820895522,0.0005994190578348935,0.0006397729753743766
1591,5.936567164179104,0.0006325921276584268,0.0006383373615013935
1592,5.940298507462686,0.0006536735454574227,0.0006358921613044492
1593,5.9440298507462686,0.0006748223095200956,0.0006337621087412826
1594,5.947761194029851,0.00063613016391173,0.0006344770336887095
1595,5.951492537313433,0.0006431128131225705,0.0006319677894480708
1596,5.955223880597015,0.0005869068554602563,0.0006313681398041365
1597,5.958955223880597,0.0007028022664599121,0.0006279120641964964
1598,5.962686567164179,0.0006559006869792938,0.0006274915919298442
1599,5.9664179104477615,0.0006774425273761153,0.000625297236937757
1600,5.970149253731344,0.0006011096411384642,0.0006261835593116902
1601,5.973880597014926,0.000576749793253839,0.000624655013358811
1602,5.977611940298507,0.0006052945973351598,0.0006243467952760799
1603,5.981343283582089,0.0006018300191499293,0.000623113964116428
1604,5.985074626865671,0.0005957756657153368,0.0006239398442231482
1605,5.9888059701492535,0.0006213580491021276,0.0006244423097885418
1606,5.992537313432836,0.0006284399423748255,0.0006229092307366067
1607,5.996268656716418,0.0006142674246802926,0.0006232268671028134
1608,6.0,0.0006500601302832365,0.000623385768338311
1609,6.003731343283582,0.0006094290874898434,0.0006234377662355943
1610,6.007462686567164,0.000595520599745214,0.0006238262853358032
1611,6.0111940298507465,0.0006283830152824521,0.0006243466490470781
1612,6.014925373134329,0.0006201056530699134,0.0006245372663592784
1613,6.018656716417911,0.0005545295425690711,0.0006244295623108018
1614,6.022388059701493,0.0006792298518121243,0.0006250304172792267
1615,6.026119402985074,0.0005999789573252201,0.0006253699184304512
1616,6.029850746268656,0.0006101069739088416,0.0006269652214719028
1617,6.0335820895522385,0.0005849259905517101,0.0006293838264466059
1618,6.037313432835821,0.0006170810665935278,0.0006290492786253552
1619,6.041044776119403,0.0005977278342470527,0.0006315395755625171
1620,6.044776119402985,0.000668950320687145,0.000632631255983852
1621,6.048507462686567,0.0005725973751395941,0.000635913357411216
1622,6.052238805970149,0.0006728099542669952,0.0006418070420849977
1623,6.0559701492537314,0.0005717259482480586,0.0006445594949693214
1624,6.059701492537314,0.0006566870724782348,0.0006491525379781862
1625,6.063432835820896,0.0006274871411733329,0.0006522785307180773
1626,6.067164179104478,0.000587593880482018,0.0006539826764066409
1627,6.07089552238806,0.0006589855765923858,0.0006553330032790942
1628,6.074626865671642,0.000639373785816133,0.000660255131107278
1629,6.0783582089552235,0.0006212882581166923,0.0006619713768908163
1630,6.082089552238806,0.0006446721963584423,0.0006636538579719277
1631,6.085820895522388,0.0006207539699971676,0.0006663417855345803
1632,6.08955223880597,0.0006404074374586344,0.0006663125993615789
1633,6.093283582089552,0.0006492576794698834,0.0006697279523217642
1634,6.097014925373134,0.0006994573632255197,0.0006728600568660512
1635,6.100746268656716,0.000650049711111933,0.0006734316277022405
1636,6.104477611940299,0.0007085202378220856,0.0006746340418098177
1637,6.108208955223881,0.0006860696594230831,0.0006771968285803025
1638,6.111940298507463,0.0006890858057886362,0.0006783391553454283
1639,6.115671641791045,0.0007580028614029288,0.000679467759299569
1640,6.119402985074627,0.0007222014246508479,0.0006800127207165266
1641,6.123134328358209,0.0007356757996603847,0.0006797656519111337
1642,6.126865671641791,0.0008183908648788929,0.0006811319305220755
1643,6.130597014925373,0.000718145165592432,0.0006792525527998805
1644,6.134328358208955,0.00079014478251338,0.0006810459748432949
1645,6.138059701492537,0.0007239413680508733,0.0006806315263596977
1646,6.141791044776119,0.0006912280223332345,0.000679547915507744
1647,6.145522388059701,0.0006838033441454172,0.0006812023930251598
1648,6.149253731343284,0.0008160746656358242,0.0006801311733064855
1649,6.152985074626866,0.000720426207408309,0.0006800765532250629
1650,6.156716417910448,0.0006784108118154109,0.0006804012369773374
1651,6.16044776119403,0.0007057256298139691,0.00068097424738836
1652,6.164179104477612,0.000627186382189393,0.0006821027831969465
1653,6.167910447761194,0.000760135124437511,0.0006814836524426937
1654,6.1716417910447765,0.00068294582888484,0.000682063434818169
1655,6.175373134328358,0.0007026642560958862,0.0006807353830237578
1656,6.17910447761194,0.0006492779357358813,0.0006807207473462857
1657,6.182835820895522,0.0007151812314987183,0.0006797322222576817
1658,6.186567164179104,0.0006317613879218698,0.0006788843794067095
1659,6.190298507462686,0.0006633538287132978,0.0006773560137556093
1660,6.1940298507462686,0.0006200712523423135,0.0006758995047520573
1661,6.197761194029851,0.0006588204996660352,0.0006738587001497607
1662,6.201492537313433,0.0006286147981882095,0.0006717993471794194
1663,6.205223880597015,0.0005957554676569998,0.0006695927813558317
1664,6.208955223880597,0.000645256252028048,0.0006691759350005446
1665,6.212686567164179,0.000639694684650749,0.0006660718993261093
1666,6.2164179104477615,0.0005830590962432325,0.0006648773219572698
1667,6.220149253731344,0.0006554274586960673,0.000665708065952924
1668,6.223880597014926,0.0006150655681267381,0.0006673887000055756
1669,6.227611940298507,0.0006371343624778092,0.0006643887893183203
1670,6.231343283582089,0.0006346002919599414,0.0006636905287983032
1671,6.235074626865671,0.0006681656232103705,0.0006648740609085596
1672,6.2388059701492535,0.0006670239381492138,0.0006647461800972317
1673,6.242537313432836,0.0006150230765342712,0.0006660096327456214
1674,6.246268656716418,0.0006730287568643689,0.0006630352908381965
1675,6.25,0.0006450072396546602,0.0006633599405176938
1676,6.253731343283582,0.0006494496483355761,0.0006612278322303077
1677,6.257462686567164,0.0006679907091893256,0.0006625860299142759
1678,6.2611940298507465,0.0006513081025332212,0.0006621709468252048
1679,6.264925373134329,0.0006264228140935302,0.0006641148612266634
1680,6.268656716417911,0.000698285992257297,0.0006642052690816544
1681,6.272388059701493,0.0006385284359566867,0.0006645218236371875
1682,6.276119402985074,0.000651242327876389,0.0006647624768225885
1683,6.279850746268656,0.0007279216661117971,0.0006654940775550175
1684,6.2835820895522385,0.0007010544650256634,0.0006664102420029117
1685,6.287313432835821,0.0006628793198615313,0.0006660949807932101
1686,6.291044776119403,0.0006749636959284544,0.0006665255598973756
1687,6.294776119402985,0.0007252885261550546,0.0006684427853764557
1688,6.298507462686567,0.0007527093403041363,0.0006681989293500054
1689,6.302238805970149,0.0006930783274583519,0.0006684473624861822
1690,6.3059701492537314,0.0006917975260876119,0.0006677877319772251
1691,6.309701492537314,0.000726935628335923,0.0006675149566811941
1692,6.313432835820896,0.0007004825165495276,0.0006661286319197133
1693,6.317164179104478,0.0006789879407733679,0.0006651394083391784
1694,6.32089552238806,0.0006381871062330902,0.0006644203364508363
1695,6.324626865671642,0.0006962564657442272,0.0006636462455456395
1696,6.3283582089552235,0.0006152478163130581,0.0006628376900263857
1697,6.332089552238806,0.0007049640407785773,0.0006609306494682664
1698,6.335820895522388,0.0006981628248468041,0.0006605785626849932
1699,6.33955223880597,0.0007114618783816695,0.0006625787539566617
1700,6.343283582089552,0.0006670605507679284,0.0006624473806856791
1701,6.347014925373134,0.0006330499891191721,0.0006612559607275194
1702,6.350746268656716,0.000668687280267477,0.0006616347122982871
1703,6.354477611940299,0.0006586104282177985,0.0006617435279711172
1704,6.358208955223881,0.0006333182100206614,0.00065767657857888
1705,6.361940298507463,0.0006323305424302816,0.0006555113742673179
1706,6.365671641791045,0.0006573484279215336,0.0006550228728617473
1707,6.369402985074627,0.00066166534088552,0.0006539844964608187
1708,6.373134328358209,0.0006454293616116047,0.0006522703319560828
1709,6.376865671641791,0.0006252513267099857,0.0006479671432227805
1710,6.380597014925373,0.0006100895116105676,0.000646262543230522
1711,6.384328358208955,0.0006234165048226714,0.0006447000210400579
1712,6.388059701492537,0.0006113263079896569,0.0006416507772306298
1713,6.391791044776119,0.0006264657713472843,0.000639852472842194
1714,6.395522388059701,0.0005855411291122437,0.0006382460436193136
1715,6.399253731343284,0.0006412910297513008,0.0006379598848203697
1716,6.402985074626866,0.0006118564633652568,0.0006384309580004433
1717,6.406716417910448,0.0005712609854526818,0.0006371006162314699
1718,6.41044776119403,0.0006535551510751247,0.0006357840015325787
1719,6.414179104477612,0.0007333159446716309,0.0006337214883121593
1720,6.417910447761194,0.0006210365099832416,0.0006320614342168882
1721,6.4216417910447765,0.0006494377739727497,0.000630596124498946
1722,6.425373134328358,0.0006540572503581643,0.0006301064120900886
1723,6.42910447761194,0.0006557037704624236,0.0006286976078139027
1724,6.432835820895522,0.0005611767410300672,0.0006279101305663949
1725,6.436567164179104,0.0006122810882516205,0.0006285304794224297
1726,6.440298507462686,0.0006428507622331381,0.0006278114742599428
1727,6.4440298507462686,0.0006323902634903789,0.0006269284171938169
1728,6.447761194029851,0.0006550077814608812,0.0006271699363956364
1729,6.451492537313433,0.0005762786022387445,0.0006265708688283112
1730,6.455223880597015,0.0006231897277757525,0.0006292397326721651
1731,6.458955223880597,0.0006277341162785888,0.000629934310492855
1732,6.462686567164179,0.0006019166321493685,0.0006318908091066633
1733,6.4664179104477615,0.0006267520366236567,0.0006320727563167854
1734,6.470149253731344,0.0006131243426352739,0.0006336711585612559
1735,6.473880597014926,0.0006264545954763889,0.000634981168820182
1736,6.477611940298507,0.0007155704661272466,0.0006365855309612504
1737,6.481343283582089,0.0005607038037851453,0.00063796585607456
1738,6.485074626865671,0.0006509828381240368,0.0006419113942240252
1739,6.4888059701492535,0.0006135997828096151,0.000642019623561149
1740,6.492537313432836,0.0006433996604755521,0.0006419221243094198
1741,6.496268656716418,0.000606982852332294,0.0006422735935236077
1742,6.5,0.0006129717803560197,0.0006434957584843221
1743,6.503731343283582,0.0006109263049438596,0.0006428078546688506
1744,6.507462686567164,0.0006263238610699773,0.0006436074958977903
1745,6.5111940298507465,0.0006587525131180882,0.0006454636246283971
1746,6.514925373134329,0.000602851330768317,0.0006454950809001741
1747,6.518656716417911,0.0006211430882103741,0.000644993452957218
1748,6.522388059701493,0.0006715676281601191,0.000645730041092398
1749,6.526119402985074,0.0006208675913512707,0.00064560379861377
1750,6.529850746268656,0.0007346747443079948,0.0006468067451084895
1751,6.5335820895522385,0.0006385672022588551,0.0006467036124909433
1752,6.537313432835821,0.0007036329479888082,0.0006455257733738641
1753,6.541044776119403,0.000618786143604666,0.0006445596766907995
1754,6.544776119402985,0.0006920002633705735,0.0006433200522712091
1755,6.548507462686567,0.0006392515497282147,0.0006428147913183926
1756,6.552238805970149,0.0007070698775351048,0.000642036052318517
1757,6.5559701492537314,0.0006684497930109501,0.000639435598092926
1758,6.559701492537314,0.0007330280495807528,0.0006396370448694542
1759,6.563432835820896,0.000657992553897202,0.000638708893902509
1760,6.567164179104478,0.0007293184753507376,0.0006388366795940007
1761,6.57089552238806,0.000635446747764945,0.0006384245721941314
1762,6.574626865671642,0.0006995465373620391,0.0006398359702604754
1763,6.5783582089552235,0.000625853193923831,0.0006391039223228468
1764,6.582089552238806,0.0006884890608489513,0.0006411663517810223
1765,6.585820895522388,0.0006372780189849436,0.000639892873217965
1766,6.58955223880597,0.0006135707953944802,0.0006408732208400601
1767,6.593283582089552,0.000622284016571939,0.0006413105662298821
1768,6.597014925373134,0.0006625903770327568,0.0006413624590694359
1769,6.600746268656716,0.0006498318398371339,0.0006407961198242336
1770,6.604477611940299,0.0006255994085222483,0.0006406076718121767
1771,6.608208955223881,0.0006189612904563546,0.000637913503252515
1772,6.611940298507463,0.0005794427124783397,0.0006374213787749773
1773,6.615671641791045,0.0005623066681437194,0.0006366413166155903
1774,6.619402985074627,0.0005759274354204535,0.0006370096745696374
1775,6.623134328358209,0.0005924086435697973,0.0006375278604625747
1776,6.626865671641791,0.0005945262964814901,0.0006375082771339249
1777,6.630597014925373,0.0006089518428780138,0.0006361030036492682
1778,6.634328358208955,0.0005689631216228008,0.0006356479276380525
1779,6.638059701492537,0.0006129286484792829,0.0006324198400806181
1780,6.641791044776119,0.0006188389961607754,0.0006329194364342384
1781,6.645522388059701,0.0006265032570809126,0.0006295771908764614
1782,6.649253731343284,0.0006648501730524004,0.0006307244823291534
1783,6.652985074626866,0.0005829578149132431,0.0006268088189067273
1784,6.656716417910448,0.0006954859127290547,0.0006286840397501137
1785,6.66044776119403,0.0005741112399846315,0.0006264092318327507
1786,6.664179104477612,0.0006989467656239867,0.0006279650842770934
1787,6.667910447761194,0.0006207824917510152,0.0006292067488042138
1788,6.6716417910447765,0.0006232706946320832,0.00063060273035861
1789,6.675373134328358,0.0006483477191068232,0.0006309385062195361
1790,6.67910447761194,0.0006131412228569388,0.0006325423487507534
1791,6.682835820895522,0.0006242138333618641,0.0006346663945672534
1792,6.686567164179104,0.0006183900986798108,0.0006346440584421521
1793,6.690298507462686,0.000671650399453938,0.0006367203200281393
1794,6.6940298507462686,0.0006338888197205961,0.0006392638031506865
1795,6.697761194029851,0.0007132458849810064,0.0006400326667239935
1796,6.701492537313433,0.0006384486332535744,0.0006429323211039711
1797,6.705223880597015,0.0006494536646641791,0.0006442085822771598
1798,6.708955223880597,0.0006497916765511036,0.0006452298328484885
1799,6.712686567164179,0.0006006764597259462,0.0006478014473076455
1800,6.7164179104477615,0.0006784760043956339,0.0006497629049302238
1801,6.720149253731344,0.000592286407481879,0.0006523844615624445
1802,6.723880597014926,0.000682485697325319,0.0006528177735872748
1803,6.727611940298507,0.0005390043370425701,0.0006523049030475682
1804,6.731343283582089,0.0007027372485026717,0.0006535872149780938
1805,6.735074626865671,0.000595221936237067,0.0006525964098528209
1806,6.7388059701492535,0.0007010679692029953,0.0006540178622278135
1807,6.742537313432836,0.0006644790410064161,0.0006525932212087621
1808,6.746268656716418,0.000679519260302186,0.0006536190162367392
1809,6.75,0.0006763571873307228,0.0006531459739340878
1810,6.753731343283582,0.0007155893836170435,0.0006535290726233365
1811,6.757462686567164,0.0007126852869987488,0.0006539780013376801
1812,6.7611940298507465,0.000618045509327203,0.0006532559622783305
1813,6.764925373134329,0.0006645694375038147,0.0006539820701951479
1814,6.768656716417911,0.0006665894761681557,0.0006524294205918545
1815,6.772388059701493,0.0006074508419260383,0.0006519879268414182
1816,6.776119402985074,0.0007112944731488824,0.0006498476893572909
1817,6.779850746268656,0.0006468530045822263,0.000649219550612587
1818,6.7835820895522385,0.0006508231163024902,0.0006493119928963119
1819,6.787313432835821,0.0006743993144482374,0.0006483226287655714
1820,6.791044776119403,0.0006933484110049903,0.0006509891799196783
1821,6.794776119402985,0.000726322818081826,0.0006493567517481563
1822,6.798507462686567,0.0006442690500989556,0.0006507159162471752
1823,6.802238805970149,0.0006438224809244275,0.000651330330761195
1824,6.8059701492537314,0.0006355326040647924,0.0006535042477658064
1825,6.809701492537314,0.0006548629025928676,0.0006519531726087557
1826,6.813432835820896,0.0006323907873593271,0.0006532578518977616
1827,6.817164179104478,0.0006405364838428795,0.0006521543879743392
1828,6.82089552238806,0.0006628400878980756,0.0006513674700882559
1829,6.824626865671642,0.0006038759602233768,0.0006506936269721425
1830,6.8283582089552235,0.0006640547653660178,0.0006483525162699019
1831,6.832089552238806,0.00063154730014503,0.0006461621534715338
1832,6.835820895522388,0.0005946102319285274,0.0006434281680324092
1833,6.83955223880597,0.0006481605232693255,0.000642442767701407
1834,6.843283582089552,0.0006079917657189071,0.0006409050689487741
1835,6.847014925373134,0.0006157875759527087,0.0006389289586123352
1836,6.850746268656716,0.0006254961481317878,0.0006384094523992844
1837,6.854477611940299,0.0006126949447207153,0.0006363850793937539
1838,6.858208955223881,0.0006532437982968986,0.0006352817971918095
1839,6.861940298507463,0.0006092277471907437,0.0006340290604318242
1840,6.865671641791045,0.0007100050570443273,0.0006318117985956189
1841,6.869402985074627,0.0006115464493632317,0.0006297932321591894
1842,6.873134328358209,0.0006480121519416571,0.0006274557615653044
1843,6.876865671641791,0.0007076766924001276,0.0006271299434734917
1844,6.880597014925373,0.0006281349342316389,0.000625692452758369
1845,6.884328358208955,0.0006391431670635939,0.000624325227208163
1846,6.888059701492537,0.000648713787086308,0.0006250672485315945
1847,6.891791044776119,0.0006558259483426809,0.0006255032466270211
1848,6.895522388059701,0.0006322154076769948,0.0006238722395742448
1849,6.899253731343284,0.0006518916925415397,0.0006224246746746869
1850,6.902985074626866,0.0005803716485388577,0.0006238539865036018
1851,6.906716417910448,0.0006257845088839531,0.0006221052722028661
1852,6.91044776119403,0.0006005918839946389,0.0006230410867052652
1853,6.914179104477612,0.0005776440957561135,0.0006236122940984987
1854,6.917910447761194,0.0006015237886458635,0.0006217399637623713
1855,6.9216417910447765,0.0005855689523741603,0.00062236304695877
1856,6.925373134328358,0.0005861510871909559,0.0006219848192569505
1857,6.92910447761194,0.0006282951799221337,0.0006210009167084425
1858,6.932835820895522,0.0006016184343025088,0.0006205245835434009
1859,6.936567164179104,0.0005994609091430902,0.0006193194152196733
1860,6.940298507462686,0.0005834915791638196,0.0006179102290444439
1861,6.9440298507462686,0.0006105871871113777,0.0006160857425661894
1862,6.947761194029851,0.000630486523732543,0.0006179590823083389
1863,6.951492537313433,0.0006309105083346367,0.0006171221555233365
1864,6.955223880597015,0.0005848853616043925,0.0006151792789218811
1865,6.958955223880597,0.0005794763565063477,0.0006164749615780282
1866,6.962686567164179,0.0006852857768535614,0.0006175866597559212
1867,6.9664179104477615,0.0006502667092718184,0.0006181064428102862
1868,6.970149253731344,0.0005736651946790516,0.0006163657668455527
1869,6.973880597014926,0.0006034899270161986,0.0006189214238874251
1870,6.977611940298507,0.0006624777452088892,0.0006203589458359269
1871,6.981343283582089,0.0005923574790358543,0.0006234854865796501
1872,6.985074626865671,0.0006699156947433949,0.0006263539402336791
1873,6.9888059701492535,0.0006180297350510955,0.0006291284609199842
1874,6.992537313432836,0.0005713949794881046,0.0006310077179677603
1875,6.996268656716418,0.0006335381767712533,0.0006338642461497973
1876,7.0,0.0006002802401781082,0.0006364670258424268
1877,7.003731343283582,0.000585156143642962,0.0006387182128070513
1878,7.007462686567164,0.0005931652849540114,0.0006399121555704169
1879,7.0111940298507465,0.0006038318970240653,0.00064199309932386
1880,7.014925373134329,0.0005514511140063405,0.0006422426895147599
1881,7.018656716417911,0.0006352011114358902,0.0006453938208656703
1882,7.022388059701493,0.000688353378791362,0.00064633670830872
1883,7.026119402985074,0.0006136981537565589,0.000647736057389255
1884,7.029850746268656,0.0006280187517404556,0.0006465799240509002
1885,7.0335820895522385,0.0006812579231336713,0.0006494185753825415
1886,7.037313432835821,0.0006847227923572063,0.0006515882176733235
1887,7.041044776119403,0.0006700248923152685,0.0006486372085197306
1888,7.044776119402985,0.0005844582337886095,0.0006482446858682102
1889,7.048507462686567,0.000736997346393764,0.0006477061727243225
1890,7.052238805970149,0.0007108300924301147,0.0006501433956323237
1891,7.0559701492537314,0.0007085598190315068,0.0006504089006495367
1892,7.059701492537314,0.0007433911086991429,0.0006508910190881934
1893,7.063432835820896,0.0007143472321331501,0.000649846109232252
1894,7.067164179104478,0.0006546936347149312,0.0006510586656698185
1895,7.07089552238806,0.0007186414441093802,0.000652370542832991
1896,7.074626865671642,0.0006922829197719693,0.0006525280243694419
1897,7.0783582089552235,0.000678449752740562,0.0006531975615383466
1898,7.082089552238806,0.0006772468332201242,0.0006546675122524725
1899,7.085820895522388,0.0006869371281936765,0.0006552988850716047
1900,7.08955223880597,0.0006096941069699824,0.000656122698096513
1901,7.093283582089552,0.0007126879645511508,0.0006581949873645677
1902,7.097014925373134,0.0006492455722764134,0.0006583430080265715
1903,7.100746268656716,0.0006878598360344768,0.0006571538098974199
1904,7.104477611940299,0.0005835090414620936,0.000659060718423528
1905,7.108208955223881,0.0007012700662016869,0.0006612510897400902
1906,7.111940298507463,0.000668431690428406,0.0006606565027429563
1907,7.115671641791045,0.0005642944015562534,0.0006609227105111974
1908,7.119402985074627,0.0006341732805594802,0.000661105156035685
1909,7.123134328358209,0.0005515861557796597,0.0006628481503689616
1910,7.126865671641791,0.0007034160662442446,0.0006600178497071128
1911,7.130597014925373,0.0006733634509146214,0.0006586726990573835
1912,7.134328358208955,0.0006121243350207806,0.0006564830475282379
1913,7.138059701492537,0.0006270743906497955,0.0006521187180357917
1914,7.141791044776119,0.0006677445489913225,0.0006512009550067709
1915,7.145522388059701,0.0006251819431781769,0.0006506547541925456
1916,7.149253731343284,0.0006399949197657406,0.0006479958041071347
1917,7.152985074626866,0.000627731264103204,0.0006473946581004051
1918,7.156716417910448,0.0006454241229221225,0.0006458973043552804
1919,7.16044776119403,0.0006190515705384314,0.0006458160791137233
1920,7.164179104477612,0.0006376082310453057,0.0006434481573949863
1921,7.167910447761194,0.0006364149739965796,0.0006450387441962049
1922,7.1716417910447765,0.0006412699585780501,0.0006431898871641151
1923,7.175373134328358,0.0006395962554961443,0.0006424887063231592
1924,7.17910447761194,0.0006918814033269882,0.0006430874175460237
1925,7.182835820895522,0.0007178239757195115,0.0006454613502705242
1926,7.186567164179104,0.0006568798562511802,0.0006441012274746488
1927,7.190298507462686,0.0006956373108550906,0.0006421078464993071
1928,7.1940298507462686,0.0006775051588192582,0.0006462301982271416
1929,7.197761194029851,0.0006559210014529526,0.0006458562282027631
1930,7.201492537313433,0.0006209550192579627,0.0006486203126813762
1931,7.205223880597015,0.0006556789157912135,0.0006480271638393765
1932,7.208955223880597,0.000618784106336534,0.0006508523109936859
1933,7.212686567164179,0.0005644535995088518,0.0006530714652887205
1934,7.2164179104477615,0.0006767189479433,0.0006539518490615414
1935,7.220149253731344,0.0006322994013316929,0.0006555487393265272
1936,7.223880597014926,0.0006096244906075299,0.0006565076580112119
1937,7.227611940298507,0.000667635933496058,0.0006587161886982801
1938,7.231343283582089,0.0006170582491904497,0.0006600692683671851
1939,7.235074626865671,0.000673916598316282,0.0006609331367809962
1940,7.2388059701492535,0.0005898523377254605,0.0006644349479934246
1941,7.242537313432836,0.000674908165819943,0.0006642148889623946
1942,7.246268656716418,0.0006368848262354732,0.000665370922921816
1943,7.25,0.0006204971577972174,0.0006656689404668968
1944,7.253731343283582,0.0007124069961719215,0.0006647743412475215
1945,7.257462686567164,0.0006808402831666172,0.0006650567917925556
1946,7.2611940298507465,0.0006455050315707922,0.0006642869599844987
1947,7.264925373134329,0.0005867030704393983,0.000664530327634477
1948,7.268656716417911,0.0007333108223974705,0.0006632244714149614
1949,7.272388059701493,0.0006188405095599592,0.0006628520602201362
1950,7.276119402985074,0.000664913619402796,0.0006618177228629952
1951,7.279850746268656,0.0006790969637222588,0.0006637364631609582
1952,7.2835820895522385,0.0007891944842413068,0.0006659808369898578
1953,7.287313432835821,0.0007031096611171961,0.0006655656743976401
1954,7.291044776119403,0.0006631701253354549,0.0006712173813068103
1955,7.294776119402985,0.0007332170498557389,0.000670589472553352
1956,7.298507462686567,0.0006644976092502475,0.0006718470220931056
1957,7.302238805970149,0.0007305446779355407,0.000674264356437162
1958,7.3059701492537314,0.000683207530528307,0.0006730256321067672
1959,7.309701492537314,0.0006808427278883755,0.0006749905310798345
1960,7.313432835820896,0.0007626258302479982,0.0006759336016640612
1961,7.317164179104478,0.0006285858107730746,0.0006769101956018769
1962,7.32089552238806,0.0006838123663328588,0.0006761006548114848
1963,7.324626865671642,0.0006534886779263616,0.0006776835596211618
1964,7.3283582089552235,0.0006029176875017583,0.0006780157762965778
1965,7.332089552238806,0.0007034618756733835,0.0006770508764198096
1966,7.335820895522388,0.0006862608715891838,0.0006756004692827602
1967,7.33955223880597,0.0006668579299002886,0.0006772913876353059
1968,7.343283582089552,0.0006420972058549523,0.0006789589576173301
1969,7.347014925373134,0.0006622362998314202,0.0006767661500972037
1970,7.350746268656716,0.0006135131698101759,0.0006785059231333435
1971,7.354477611940299,0.0006996233714744449,0.0006793388534655295
1972,7.358208955223881,0.0007476982427760959,0.0006790363567699565
1973,7.361940298507463,0.0006017624400556087,0.0006768045628943094
1974,7.365671641791045,0.0007961735827848315,0.0006753235442064157
1975,7.369402985074627,0.0006509746890515089,0.0006775671031280625
1976,7.373134328358209,0.0006838589324615896,0.0006744183057623847
1977,7.376865671641791,0.000708735198713839,0.0006753893827497051
1978,7.380597014925373,0.0006168482359498739,0.0006750827376935176
1979,7.384328358208955,0.0006976191070862114,0.0006756709786359129
1980,7.388059701492537,0.0007125824922695756,0.0006760486625929977
1981,7.391791044776119,0.0006298926891759038,0.0006729187358670482
1982,7.395522388059701,0.0006417169934138656,0.000674642446428174
1983,7.399253731343284,0.000701783923432231,0.0006743441719175657
1984,7.402985074626866,0.0006341180414892733,0.0006728766346918192
1985,7.406716417910448,0.0006728461012244225,0.0006742747713493683
1986,7.41044776119403,0.0006213735905475914,0.0006725505525359838
1987,7.414179104477612,0.0007148326840251684,0.0006719955723028539
1988,7.417910447761194,0.0006550734397023916,0.0006723936417185497
1989,7.4216417910447765,0.0006434057140722871,0.0006726637337833825
1990,7.425373134328358,0.0006901712040416896,0.0006721117164621629
1991,7.42910447761194,0.0006990637630224228,0.0006732287072781019
1992,7.432835820895522,0.0006666945992037654,0.0006712850966922394
1993,7.436567164179104,0.0006976909353397787,0.0006685975325725428
1994,7.440298507462686,0.0006423878949135542,0.0006698942800029749
1995,7.4440298507462686,0.000755156041122973,0.0006650689586133855
1996,7.447761194029851,0.0006041163578629494,0.0006641887863757225
1997,7.451492537313433,0.000704311765730381,0.000662724777102107
1998,7.455223880597015,0.0007179722306318581,0.0006623722516318284
1999,7.458955223880597,0.0007073254091665149,0.0006620717467740178
2000,7.462686567164179,0.0006963277701288462,0.000661381765938841
2001,7.4664179104477615,0.0006342988344840705,0.0006610013149883143
2002,7.470149253731344,0.0006992579437792301,0.0006612460228341926
2003,7.473880597014926,0.000671583111397922,0.00066245391698009
2004,7.477611940298507,0.000593319651670754,0.0006616937646801333
2005,7.481343283582089,0.000660241290461272,0.000662415345176691
2006,7.485074626865671,0.000632768904324621,0.0006620658465047799
2007,7.4888059701492535,0.0006635066820308566,0.0006648681152089522
2008,7.492537313432836,0.0006831787759438157,0.0006624770240017735
2009,7.496268656716418,0.0006531709805130959,0.0006643622338476522
2010,7.5,0.0006396035896614194,0.000665826795384197
2011,7.503731343283582,0.0006593097932636738,0.0006637843425113071
2012,7.507462686567164,0.0006199353374540806,0.0006635698770945211
2013,7.5111940298507465,0.0006375081138685346,0.0006624648969325168
2014,7.514925373134329,0.0006549290847033262,0.0006631218101374987
2015,7.518656716417911,0.0005983354058116674,0.0006615650916767375
2016,7.522388059701493,0.0006148876273073256,0.0006605114677080475
2017,7.526119402985074,0.0006238345522433519,0.0006591495163398
2018,7.529850746268656,0.000694281654432416,0.000658436564774048
2019,7.5335820895522385,0.0006045275367796421,0.0006554435311089746
2020,7.537313432835821,0.0006693298928439617,0.0006557003248528373
2021,7.541044776119403,0.0006969840032979846,0.0006532308918128653
2022,7.544776119402985,0.0006399257108569145,0.0006535497945506217
2023,7.548507462686567,0.0006912406533956528,0.0006510947075695163
2024,7.552238805970149,0.0006706176791340113,0.0006523663050313367
2025,7.5559701492537314,0.000663702841848135,0.0006530929495943938
2026,7.559701492537314,0.0006585166556760669,0.000655193517847759
2027,7.563432835820896,0.0007362666074186563,0.0006552178216757389
2028,7.567164179104478,0.0006167979445308447,0.0006556687578445346
2029,7.57089552238806,0.0007323670433834195,0.0006537128015557622
2030,7.574626865671642,0.0007034527370706201,0.0006527960195387827
2031,7.5783582089552235,0.0006064306362532079,0.0006524127377083571
2032,7.582089552238806,0.0006902706809341908,0.0006528642815083447
2033,7.585820895522388,0.0006213904125615954,0.0006544557414244769
2034,7.58955223880597,0.0007246243767440319,0.0006550662148539432
2035,7.593283582089552,0.0005785624380223453,0.0006560163967106946
2036,7.597014925373134,0.0007119574584066868,0.0006571267149411142
2037,7.600746268656716,0.0005482763517647982,0.0006578092565532865
2038,7.604477611940299,0.0006750807515345514,0.000659110062903293
2039,7.608208955223881,0.0005952578503638506,0.0006581118043580251
2040,7.611940298507463,0.0007178539526648819,0.0006601760709067671
2041,7.615671641791045,0.0005950810154899955,0.0006596973398700356
2042,7.619402985074627,0.00064737384673208,0.0006570532881064204
2043,7.623134328358209,0.00059859937755391,0.0006591590141264222
2044,7.626865671641791,0.0007237186073325574,0.0006568179275590653
2045,7.630597014925373,0.000623112078756094,0.0006574282902520059
2046,7.634328358208955,0.0007463645888492465,0.0006575391687475508
2047,7.638059701492537,0.0006337653612717986,0.0006558671976984819
2048,7.641791044776119,0.0006819950649514794,0.0006558937006402852
2049,7.645522388059701,0.0006029845681041479,0.0006563299656391325
2050,7.649253731343284,0.000615582917816937,0.0006565280619259106
2051,7.652985074626866,0.0006238890346139669,0.0006574368084462859
2052,7.656716417910448,0.0006778230890631676,0.0006590308025252165
2053,7.66044776119403,0.0006851851940155029,0.0006588895595064614
2054,7.664179104477612,0.0006625375244766474,0.0006606936193548325
2055,7.667910447761194,0.0006938865408301353,0.0006585660555240948
2056,7.6716417910447765,0.000643858453258872,0.0006607817869247278
2057,7.675373134328358,0.0006428718334063888,0.0006598164980504207
2058,7.67910447761194,0.000677167612593621,0.0006624906602111169
2059,7.682835820895522,0.0006533530540764332,0.0006637297820572446
2060,7.686567164179104,0.0006891624652780592,0.0006652787730960948
2061,7.690298507462686,0.000649701920337975,0.000663170035894415
2062,7.6940298507462686,0.0005885778809897602,0.0006649271477150117
2063,7.697761194029851,0.0007262604776769876,0.0006644787528075096
2064,7.701492537313433,0.0005952561041340232,0.0006667035844790317
2065,7.705223880597015,0.0006956425495445728,0.0006638587489383431
2066,7.708955223880597,0.0006682488601654768,0.0006662553684536095
2067,7.712686567164179,0.0005899658426642418,0.0006638845690049049
2068,7.7164179104477615,0.000737353228032589,0.0006651918009127967
2069,7.720149253731344,0.0006346848094835877,0.0006659469189599338
2070,7.723880597014926,0.0007404889911413193,0.000667259061606828
2071,7.727611940298507,0.0007407113444060087,0.000668846924005576
2072,7.731343283582089,0.0006717843934893608,0.0006688147791797613
2073,7.735074626865671,0.0006844797171652317,0.0006675042720261688
2074,7.7388059701492535,0.0006953568663448095,0.0006673940906028558
2075,7.742537313432836,0.0006373942596837878,0.00066700386928349
2076,7.746268656716418,0.0006694074254482985,0.0006665662896433254
2077,7.75,0.0006723806145600975,0.0006651197753210621
2078,7.753731343283582,0.0006579170003533363,0.0006648114152684263
2079,7.757462686567164,0.0007258847472257912,0.0006615073865892865
2080,7.7611940298507465,0.0006587664829567075,0.0006600098170499067
2081,7.764925373134329,0.0006313957273960114,0.0006589416496841828
2082,7.768656716417911,0.0006671226001344621,0.0006582113252611967
2083,7.772388059701493,0.0006289896555244923,0.0006584161636987474
2084,7.776119402985074,0.0006898174760863185,0.00065604250923526
2085,7.779850746268656,0.000607080350164324,0.0006567252141128226
2086,7.7835820895522385,0.0007213734788820148,0.0006543677782912444
2087,7.787313432835821,0.000649161811452359,0.0006533510352643888
2088,7.791044776119403,0.000687361869495362,0.0006540958860480204
2089,7.794776119402985,0.0007129549048841,0.0006509751859461753
2090,7.798507462686567,0.000656782416626811,0.0006505089652974432
2091,7.802238805970149,0.0006806852761656046,0.0006467781850227677
2092,7.8059701492537314,0.0006225710967555642,0.0006426371330190905
2093,7.809701492537314,0.0006240922957658768,0.0006399217342798848
2094,7.813432835820896,0.0006806677556596696,0.0006386665102071697
2095,7.817164179104478,0.0006465384503826499,0.0006349932348423796
2096,7.82089552238806,0.0006759457755833864,0.0006331697251170692
2097,7.824626865671642,0.000584551366046071,0.0006310804448908241
2098,7.8283582089552235,0.0006302290712483227,0.0006295757555607252
2099,7.832089552238806,0.0005417024367488921,0.0006280227836857481
2100,7.835820895522388,0.0005919527029618621,0.0006241512530278869
2101,7.83955223880597,0.0006453676032833755,0.0006216999296689542
2102,7.843283582089552,0.0006197586189955473,0.0006204443449926813
2103,7.847014925373134,0.000596976256929338,0.0006175888404136569
2104,7.850746268656716,0.0006289406446740031,0.000615593050209033
2105,7.854477611940299,0.0006232470041140914,0.0006129411815824668
2106,7.858208955223881,0.0005989876808598638,0.0006131439103472341
2107,7.861940298507463,0.0006265623960644007,0.0006108768213335879
2108,7.865671641791045,0.0006205047247931361,0.0006087944294871172
2109,7.869402985074627,0.0006094045238569379,0.0006090599841937968
2110,7.873134328358209,0.0006155697628855705,0.0006074398491963199
2111,7.876865671641791,0.0005875269998796284,0.0006070726397788016
2112,7.880597014925373,0.0005709282122552395,0.0006077443050765773
2113,7.884328358208955,0.0005604530451819301,0.0006077207465905969
2114,7.888059701492537,0.0006330155301839113,0.0006085525085104675
2115,7.891791044776119,0.0005447525763884187,0.0006076833815313876
2116,7.895522388059701,0.0005626303609460592,0.000607847207702878
2117,7.899253731343284,0.0005837469361722469,0.0006074273657826026
2118,7.902985074626866,0.0006106883520260453,0.0006103947724601845
2119,7.906716417910448,0.0005942451534792781,0.0006112542937555146
2120,7.91044776119403,0.0005671519902534783,0.0006145567153353335
2121,7.914179104477612,0.000558262225240469,0.0006171478875685575
2122,7.917910447761194,0.000579916755668819,0.0006173257914757947
2123,7.9216417910447765,0.000550046912394464,0.0006182941653561302
2124,7.925373134328358,0.0005471622571349144,0.0006205865647643805
2125,7.92910447761194,0.0005810908623971045,0.0006199418027635391
2126,7.932835820895522,0.0006153922295197845,0.0006214360644041402
2127,7.936567164179104,0.0006284228293225169,0.0006237445078313169
2128,7.940298507462686,0.0005637837457470596,0.000623547449344542
2129,7.9440298507462686,0.0006982496124692261,0.000623488009384856
2130,7.947761194029851,0.0006465293699875474,0.0006232758268441368
2131,7.951492537313433,0.0006417268305085599,0.000624417767451122
2132,7.955223880597015,0.0007082235533744097,0.0006244155569797064
2133,7.958955223880597,0.0006216051988303661,0.0006259663226423649
2134,7.962686567164179,0.0006581945344805717,0.000626631673118781
2135,7.9664179104477615,0.0006450335495173931,0.0006265972198623164
2136,7.970149253731344,0.0006532553234137595,0.0006286644933336392
2137,7.973880597014926,0.0006587322568520904,0.0006296351841628188
2138,7.977611940298507,0.0007062150398269296,0.0006311530539788669
2139,7.981343283582089,0.0006654694443568587,0.0006338828740209886
2140,7.985074626865671,0.000677101721521467,0.000633607006620434
2141,7.9888059701492535,0.0006981907645240426,0.0006347746239043772
2142,7.992537313432836,0.000652661663480103,0.0006369399574085525
2143,7.996268656716418,0.0006594619480893016,0.0006381279842859907
2144,8.0,0.0006909646326676011,0.0006405248565076873
2145,8.003731343283581,0.0006025054026395082,0.0006449977546453294
2146,8.007462686567164,0.0006845117313787341,0.0006460245959915039
2147,8.011194029850746,0.00069363386137411,0.0006470509248263225
2148,8.014925373134329,0.0006184829981066287,0.0006477032367866941
2149,8.01865671641791,0.0006180676864460111,0.0006491113752240269
2150,8.022388059701493,0.0006007050396874547,0.0006466279709257367
2151,8.026119402985074,0.0006623893277719617,0.0006469460857305221
2152,8.029850746268657,0.0005874363705515862,0.0006459108142114086
2153,8.033582089552239,0.0006345096044242382,0.0006440668863744089
2154,8.037313432835822,0.000587732414714992,0.0006423492634827952
2155,8.041044776119403,0.0006316029466688633,0.0006401744549071825
2156,8.044776119402986,0.0006295107887126505,0.0006380777042245538
2157,8.048507462686567,0.0006024286849424243,0.0006357057803742042
2158,8.052238805970148,0.0006459795986302197,0.0006334883325574238
2159,8.055970149253731,0.0007226109737530351,0.000631498659835992
2160,8.059701492537313,0.0005829345900565386,0.0006285217667293803
2161,8.063432835820896,0.0006150242988951504,0.0006260684628902776
2162,8.067164179104477,0.000647040898911655,0.000623697481720095
2163,8.07089552238806,0.0006286258576437831,0.0006221842443820362
2164,8.074626865671641,0.0006483186734840274,0.0006209151526890332
2165,8.078358208955224,0.0007305510807782412,0.0006174401368764116
2166,8.082089552238806,0.0006231913575902581,0.0006178701154478803
2167,8.085820895522389,0.0006574717117473483,0.0006151066968081201
2168,8.08955223880597,0.0006551676196977496,0.0006126870483546177
2169,8.093283582089553,0.0006215174216777086,0.0006119792616539975
2170,8.097014925373134,0.000596430036239326,0.0006125392221913832
2171,8.100746268656716,0.0006595720769837499,0.0006129163751810244
2172,8.104477611940299,0.0005992806982249022,0.0006114023939206651
2173,8.10820895522388,0.0006326225120574236,0.000610974898402829
2174,8.111940298507463,0.0005511826602742076,0.0006098339487457784
2175,8.115671641791044,0.0005690273828804493,0.0006093155910692564
2176,8.119402985074627,0.0005590667715296149,0.0006084656385455007
2177,8.123134328358208,0.0005560064455494285,0.0006074740114144799
2178,8.126865671641792,0.0005678168963640928,0.0006060273693193023
2179,8.130597014925373,0.0006246384582482278,0.0006042889435775578
2180,8.134328358208956,0.0005434168269857764,0.0006008704218491003
2181,8.138059701492537,0.0005765162641182542,0.0006008637180302019
2182,8.14179104477612,0.0006009805365465581,0.0006018622165046087
2183,8.145522388059701,0.0005906189326196909,0.0006014102780282861
2184,8.149253731343284,0.0006074291886761785,0.0006015092693837132
2185,8.152985074626866,0.0005484889843501151,0.0005999416717691574
2186,8.156716417910447,0.0006201345240697265,0.0006002651218029602
2187,8.16044776119403,0.0005712115671485662,0.00060059316314348
2188,8.164179104477611,0.0005944282747805119,0.0006009161347387041
2189,8.167910447761194,0.0005894637433812022,0.0006009343196637928
2190,8.171641791044776,0.0006410260684788227,0.0006015023923615311
2191,8.175373134328359,0.0006161683122627437,0.0006024537142366171
2192,8.17910447761194,0.0006003160960972309,0.0006027369285797383
2193,8.182835820895523,0.0005699090543203056,0.0006035633297160086
2194,8.186567164179104,0.0005877306684851646,0.00060479623611971
2195,8.190298507462687,0.0005664797499775887,0.0006065731598405031
2196,8.194029850746269,0.0005967548931948841,0.0006085845156254746
2197,8.197761194029852,0.0005888540763407946,0.0006093164783811606
2198,8.201492537313433,0.0005431163590401411,0.0006120531413726872
2199,8.205223880597014,0.0005747041432186961,0.0006137237154378942
2200,8.208955223880597,0.0005824515828862786,0.0006129391641901215
2201,8.212686567164178,0.0005826597334817052,0.0006149514967280371
2202,8.216417910447761,0.0006559627363458276,0.0006171174293452101
2203,8.220149253731343,0.0006285114213824272,0.0006165587110444903
2204,8.223880597014926,0.0006326845032162964,0.0006178492913022637
2205,8.227611940298507,0.0005840471712872386,0.0006183626459593453
2206,8.23134328358209,0.0007438125321641564,0.000619751218104417
2207,8.235074626865671,0.0006366410525515676,0.0006209490664598601
2208,8.238805970149254,0.0006707135471515357,0.000621675618742479
2209,8.242537313432836,0.0006559132016263902,0.0006237070561704658
2210,8.246268656716419,0.0006448084022849798,0.0006240951365836691
2211,8.25,0.0006354342331178486,0.0006259809228273608
2212,8.253731343283581,0.0006711838650517166,0.000624150740516531
2213,8.257462686567164,0.0006331631448119879,0.000625688317175046
2214,8.261194029850746,0.0006831716746091843,0.0006265265742180551
2215,8.264925373134329,0.0006240365328267217,0.0006273954286149181
2216,8.26865671641791,0.0006514929700642824,0.0006278734384445338
2217,8.272388059701493,0.0005890772445127368,0.000627523493987122
2218,8.276119402985074,0.0006682096282020211,0.0006275562095319535
2219,8.279850746268657,0.0006363104330375791,0.0006292144804852219
2220,8.283582089552239,0.0005924718570895493,0.0006281318364483191
2221,8.287313432835822,0.000625922461040318,0.0006283258411624446
2222,8.291044776119403,0.0006653195014223456,0.0006278291083418015
2223,8.294776119402986,0.0005780730862170458,0.0006261475940757408
2224,8.298507462686567,0.0006435327231884003,0.0006242954234660762
2225,8.302238805970148,0.0006284767296165228,0.000623271753727572
2226,8.305970149253731,0.0006054204422980547,0.0006238586062042997
2227,8.309701492537313,0.00066924630664289,0.0006210012560165147
2228,8.313432835820896,0.0006010002107359469,0.0006188746802963135
2229,8.317164179104477,0.000677717209327966,0.000616596910886739
2230,8.32089552238806,0.0006053750403225422,0.000616352607655089
2231,8.324626865671641,0.0007183433044701815,0.0006141710143377323
2232,8.328358208955224,0.0005411308375187218,0.0006127925078589014
2233,8.332089552238806,0.0006633567390963435,0.0006109750091393547
2234,8.335820895522389,0.0006042775930836797,0.0006089832849528004
2235,8.33955223880597,0.0006233536987565458,0.0006081280099773189
2236,8.343283582089553,0.0005860781529918313,0.00060632638917191
2237,8.347014925373134,0.0005824071704410017,0.0006055657726303651
2238,8.350746268656716,0.0005901954136788845,0.0006049741811982197
2239,8.354477611940299,0.0006111054681241512,0.0006043809784076563
2240,8.35820895522388,0.0005303157377056777,0.0006038390934785329
2241,8.361940298507463,0.0005904057761654258,0.0006057118255894904
2242,8.365671641791044,0.0005622936878353357,0.0006038501628719997
2243,8.369402985074627,0.0005870206514373422,0.0006024299768685568
2244,8.373134328358208,0.0005525724263861775,0.0006021316441502877
2245,8.376865671641792,0.0005907140439376235,0.0006007633566651948
2246,8.380597014925373,0.0006081081228330731,0.0005999598595336443
2247,8.384328358208956,0.0006266611744649708,0.0005991553061460032
2248,8.388059701492537,0.0005494514480233192,0.0005990108233740236
2249,8.39179104477612,0.0005773250013589859,0.0005986290790776654
2250,8.395522388059701,0.0006458967691287398,0.000596775880605891
2251,8.399253731343284,0.0005553630762733519,0.0005962476304664118
2252,8.402985074626866,0.0005789154674857855,0.0005930007432542015
2253,8.406716417910447,0.0005966664175502956,0.0005939049211830446
2254,8.41044776119403,0.0005515024531632662,0.0005918886106484002
2255,8.414179104477611,0.0006481054006144404,0.000591265939164725
2256,8.417910447761194,0.0005501700798049569,0.0005904809094783737
2257,8.421641791044776,0.000620307691860944,0.0005903587926451753
2258,8.425373134328359,0.0005648219957947731,0.0005909512075027678
2259,8.42910447761194,0.0006438883137889206,0.000591824691538222
2260,8.432835820895523,0.0006140931509435177,0.0005911890582022507
2261,8.436567164179104,0.0006692538736388087,0.0005918682649413623
2262,8.440298507462687,0.0005495942896232009,0.0005922576969080582
2263,8.444029850746269,0.0006070918752811849,0.0005916038672894058
2264,8.447761194029852,0.0005658414447680116,0.0005913644307860877
2265,8.451492537313433,0.0005874329362995923,0.0005925542053130524
2266,8.455223880597014,0.000595533347222954,0.0005910525953101857
2267,8.458955223880597,0.0005724337534047663,0.0005907596404119054
2268,8.462686567164178,0.0006633225129917264,0.0005902292976360313
2269,8.466417910447761,0.0005853486945852637,0.0005899563505564158
2270,8.470149253731343,0.000601736071985215,0.0005895762971216222
2271,8.473880597014926,0.0005837167846038938,0.0005878412843363859
2272,8.477611940298507,0.0005852209287695587,0.0005887240091929348
2273,8.48134328358209,0.0005782021326012909,0.0005895136969118584
2274,8.485074626865671,0.0005806880071759224,0.000588335642000524
2275,8.488805970149254,0.0005787480622529984,0.000587620956982236
2276,8.492537313432836,0.0005911674816161394,0.0005863038411295814
2277,8.496268656716419,0.0005810713628306985,0.0005863235238371644
2278,8.5,0.0006066961796022952,0.0005845944113211661
2279,8.503731343283581,0.0006260082591325045,0.0005828932029899301
2280,8.507462686567164,0.00058504450134933,0.0005799395574552076
2281,8.511194029850746,0.0005581632140092552,0.0005788361815531262
2282,8.514925373134329,0.0006063724867999554,0.0005758129892212044
2283,8.51865671641791,0.0005354866734705865,0.0005763573060947947
2284,8.522388059701493,0.0005772037548013031,0.0005754562018143876
2285,8.526119402985074,0.0006013531819917262,0.0005761104786382397
2286,8.529850746268657,0.0005291480338200927,0.0005762287821597988
2287,8.533582089552239,0.0005960969720035791,0.0005757978523899688
2288,8.537313432835822,0.0006049171206541359,0.0005749485770626584
2289,8.541044776119403,0.0005382606177590787,0.0005737296319793818
2290,8.544776119402986,0.0005617428105324507,0.0005725699919843819
2291,8.548507462686567,0.0005747612449340522,0.0005727200768887997
2292,8.552238805970148,0.0005915547953918576,0.0005735951822205651
2293,8.555970149253731,0.0006112926639616489,0.0005736853487267182
2294,8.559701492537313,0.0005483661661855876,0.000574581394619422
2295,8.563432835820896,0.0005222003674134612,0.0005758460795665841
2296,8.567164179104477,0.0005941036506555974,0.0005753975228133906
2297,8.57089552238806,0.0005509770708158612,0.0005762051612070603
2298,8.574626865671641,0.0005494140787050128,0.0005758060511519633
2299,8.578358208955224,0.0004950724542140961,0.0005743369763921492
2300,8.582089552238806,0.0005227888468652964,0.0005733974451176459
2301,8.585820895522389,0.00056885473895818,0.0005737385079378216
2302,8.58955223880597,0.0005453029880300164,0.0005750236152557702
2303,8.593283582089553,0.000571911281440407,0.0005749116464313574
2304,8.597014925373134,0.0005701465997844934,0.0005765242754799746
2305,8.600746268656716,0.0005926667945459485,0.000577112003911014
2306,8.604477611940299,0.0005922833806835115,0.0005769933625010819
2307,8.60820895522388,0.0005778652266599238,0.0005781211345115813
2308,8.611940298507463,0.0005376134649850428,0.0005795149978749999
2309,8.615671641791044,0.0006133457645773888,0.0005786342407213297
2310,8.619402985074627,0.0005378034547902644,0.0005818813238520084
2311,8.623134328358208,0.0006078895530663431,0.000582274640115296
2312,8.626865671641792,0.0006195961032062769,0.0005835421261286772
2313,8.630597014925373,0.0005889177555218339,0.0005848160902288084
2314,8.634328358208956,0.0006149400142021477,0.0005856556562343385
2315,8.638059701492537,0.0006325400900095701,0.0005870947469502869
2316,8.64179104477612,0.0005603572353720665,0.0005893742696881839
2317,8.645522388059701,0.0006242806557565928,0.0005901380308631171
2318,8.649253731343284,0.0005647078505717218,0.0005913431040670086
2319,8.652985074626866,0.0005464641144499183,0.0005932930521894155
2320,8.656716417910447,0.0005874874768778682,0.0005957363059789669
2321,8.66044776119403,0.0005990280769765377,0.0005988025322283913
2322,8.664179104477611,0.0006108526140451431,0.0005982707101261107
2323,8.667910447761194,0.000601781764999032,0.0005987129619958379
2324,8.671641791044776,0.0006016044644638896,0.0006004043715642538
2325,8.675373134328359,0.0006013006204739213,0.000601019501606593
2326,8.67910447761194,0.0005964888841845095,0.0006006980363120575
2327,8.682835820895523,0.0005753866862505674,0.0006019963610281305
2328,8.686567164179104,0.0006532453699037433,0.0006021717691044436
2329,8.690298507462687,0.0005688060773536563,0.0006044266160532105
2330,8.694029850746269,0.0006713910261169076,0.0006038334544339194
2331,8.697761194029852,0.0005778687773272395,0.0006050826490447834
2332,8.701492537313433,0.0006267281714826822,0.0006058624173264677
2333,8.705223880597014,0.0006437873234972358,0.0006048649396156756
2334,8.708955223880597,0.0006457148701883852,0.0006047024209870071
2335,8.712686567164178,0.0006073688855394721,0.0006040397111508177
2336,8.716417910447761,0.0006156607996672392,0.0006038253394341687
2337,8.720149253731343,0.0006254178588278592,0.0006052239161984223
2338,8.723880597014926,0.0006003850721754134,0.0006044512733862531
2339,8.727611940298507,0.0006293619517236948,0.000605150079070704
2340,8.73134328358209,0.0005952458595857024,0.0006056500658415621
2341,8.735074626865671,0.0006485041230916977,0.0006042532154313493
2342,8.738805970149254,0.0005470500327646732,0.0006044111526911942
2343,8.742537313432836,0.0005634353146888316,0.00060327346976165
2344,8.746268656716419,0.0006412590737454593,0.0006034594858292399
2345,8.75,0.0005953669315204024,0.0006037720638077433
2346,8.753731343283581,0.0005794867174699903,0.000603834382917096
2347,8.757462686567164,0.0006455146940425038,0.0006029869830122263
2348,8.761194029850746,0.0005850569577887654,0.0006026880455021633
2349,8.764925373134329,0.0006300621898844838,0.0006007420200082223
2350,8.76865671641791,0.0005890261381864548,0.000602698589606983
2351,8.772388059701493,0.0005890204338356853,0.0006009237230301085
2352,8.776119402985074,0.0006398600526154041,0.0006010492428819217
2353,8.779850746268657,0.0005786995170637965,0.0006012800206407541
2354,8.783582089552239,0.0005822544917464256,0.0005990488131008134
2355,8.787313432835822,0.0005877689109183848,0.0005978165640177705
2356,8.791044776119403,0.0006237508496269584,0.000596271458695211
2357,8.794776119402986,0.0006176988827064633,0.0005963250352978343
2358,8.798507462686567,0.0005926023004576564,0.0005940567665142802
2359,8.802238805970148,0.0005933588836342096,0.0005949473905763248
2360,8.805970149253731,0.0005669635720551014,0.0005937436391122457
2361,8.809701492537313,0.0005302166100591421,0.0005938122006383066
2362,8.813432835820896,0.0006055035046301782,0.0005919870696166848
2363,8.817164179104477,0.0005642076139338315,0.0005921088059705387
2364,8.82089552238806,0.0006094084237702191,0.0005924246137643732
2365,8.824626865671641,0.0006144201615825295,0.0005917893665865427
2366,8.828358208955224,0.0006038557039573789,0.0005912093627380161
2367,8.832089552238806,0.0005617454880848527,0.0005926201574322654
2368,8.835820895522389,0.0005631302483379841,0.0005916270041247694
2369,8.83955223880597,0.0005734583246521652,0.0005908792784505683
2370,8.843283582089553,0.0006490254309028387,0.0005919838014694794
2371,8.847014925373134,0.0005986214964650571,0.0005916965679583572
2372,8.850746268656716,0.0005830150912515819,0.0005930117203672303
2373,8.854477611940299,0.00063619005959481,0.0005935661128449549
2374,8.85820895522388,0.0005523078143596649,0.0005926225041947895
2375,8.861940298507463,0.0005951926577836275,0.0005947837503854094
2376,8.865671641791044,0.0005440195673145354,0.0005972426393205618
2377,8.869402985074627,0.0006178574403747916,0.0005960003032757924
2378,8.873134328358208,0.0005324188387021422,0.0005985962158841331
2379,8.876865671641792,0.0006369006587192416,0.0005991266069297747
2380,8.880597014925373,0.0005800081416964531,0.0006033067063360316
2381,8.884328358208956,0.0005980568821541965,0.0006047492554388577
2382,8.888059701492537,0.0005736737512052059,0.0006073845803124331
2383,8.89179104477612,0.0005520412232726812,0.0006086532602927125
2384,8.895522388059701,0.0005763834342360497,0.0006100356397105427
2385,8.899253731343284,0.0006152139394544065,0.0006118219320253446
2386,8.902985074626866,0.0005715867737308145,0.0006118785836961029
2387,8.906716417910447,0.0006373292999342084,0.000611976689159325
2388,8.91044776119403,0.0006047954084351659,0.0006127335591150857
2389,8.914179104477611,0.0005544002051465213,0.0006144942357999886
2390,8.917910447761194,0.0006753476336598396,0.0006140803040868444
2391,8.921641791044776,0.000577249564230442,0.0006126582852519322
2392,8.925373134328359,0.0006429416825994849,0.0006131893023848534
2393,8.92910447761194,0.0006625901442021132,0.0006138101126430784
2394,8.932835820895523,0.0005400115624070168,0.0006140814994734417
2395,8.936567164179104,0.0006708655855618417,0.0006168725170626691
2396,8.940298507462687,0.0006885833572596312,0.0006171392671559461
2397,8.944029850746269,0.0005728150717914104,0.0006213217502369023
2398,8.947761194029852,0.0007241312996484339,0.0006215156768675802
2399,8.951492537313433,0.0006143483333289623,0.000625413506030582
2400,8.955223880597014,0.0007647429592907429,0.000626935201935561
2401,8.958955223880597,0.0006261080852709711,0.0006300385760302405
2402,8.962686567164178,0.0006382649298757315,0.0006326021848064734
2403,8.966417910447761,0.0006575193838216364,0.0006350551663738926
2404,8.970149253731343,0.0006208851700648665,0.0006379527891645344
2405,8.973880597014926,0.0006826464086771011,0.0006395743055291837
2406,8.977611940298507,0.0006167428800836205,0.0006405408621947394
2407,8.98134328358209,0.0006078780279494822,0.0006418205050910573
2408,8.985074626865671,0.0005927771562710404,0.0006426049597992948
2409,8.988805970149254,0.0006353179924190044,0.0006421289772999178
2410,8.992537313432836,0.0005564871244132519,0.0006441143824060153
2411,8.996268656716419,0.0005907226586714387,0.0006433346836895841
2412,9.0,0.0006203931989148259,0.0006449222933819018
2413,9.003731343283581,0.0006084683118388057,0.0006426308650477994
2414,9.007462686567164,0.0006473169196397066,0.000640012272747188
2415,9.011194029850746,0.0006667395355179906,0.0006410091201116036
2416,9.014925373134329,0.0006061294116079807,0.0006386116246420254
2417,9.01865671641791,0.0007155013736337423,0.0006348236319154683
2418,9.022388059701493,0.0006258084322325885,0.0006353178490294008
2419,9.026119402985074,0.0006922298343852162,0.000631176540060196
2420,9.029850746268657,0.0006992901908233762,0.0006295615117201899
2421,9.033582089552239,0.0007072464795783162,0.0006247323315885918
2422,9.037313432835822,0.000703164841979742,0.0006227600785744627
2423,9.041044776119403,0.0006742459954693913,0.0006205704738953855
2424,9.044776119402986,0.0006708437576889992,0.0006181164985386337
2425,9.048507462686567,0.000642865605186671,0.0006166630830593044
2426,9.052238805970148,0.0006548427627421916,0.0006138447674968075
2427,9.055970149253731,0.0006240521324798465,0.0006111913386209891
2428,9.059701492537313,0.0006694919429719448,0.0006093796393720479
2429,9.063432835820896,0.0005852801259607077,0.0006078226114168945
2430,9.067164179104477,0.0006358018144965172,0.0006052480269473319
2431,9.07089552238806,0.0006433799862861633,0.000604989795048335
2432,9.074626865671641,0.0006423415616154671,0.0006035951622080331
2433,9.078358208955224,0.0005489931209012866,0.0006025720305354675
2434,9.082089552238806,0.0005552278598770499,0.000600738239349661
2435,9.085820895522389,0.0005808823043480515,0.0006002908694648706
2436,9.08955223880597,0.0005725682713091373,0.0005984079282980685
2437,9.093283582089553,0.0005332756554707885,0.0005980394113377282
2438,9.097014925373134,0.0005930779734626412,0.0005955219981487749
2439,9.100746268656716,0.0005543376319110394,0.0005961499807265837
2440,9.104477611940299,0.0005481321713887155,0.0005944736313256548
2441,9.10820895522388,0.000566746573895216,0.0005916739422146504
2442,9.111940298507463,0.0005452457116916776,0.0005900187008991474
2443,9.115671641791044,0.0005484911380335689,0.0005888101451734944
2444,9.119402985074627,0.0005569063941948116,0.0005865086227791702
2445,9.123134328358208,0.0005612951354123652,0.0005847284507869584
2446,9.126865671641792,0.0005670954706147313,0.0005858326344977973
2447,9.130597014925373,0.0005079522961750627,0.000584804153399224
2448,9.134328358208956,0.0005335983587428927,0.0005852164893706398
2449,9.138059701492537,0.0005289390101097524,0.0005837386309328239
2450,9.14179104477612,0.0005297600291669369,0.0005858525088647516
2451,9.145522388059701,0.0005458996165543795,0.0005842537744107043
2452,9.149253731343284,0.0005335427122190595,0.0005843848779388681
2453,9.152985074626866,0.0005784448003396392,0.0005841170190606358
2454,9.156716417910447,0.0005332828732207417,0.000587069044718746
2455,9.16044776119403,0.0006289747543632984,0.0005889236770865576
2456,9.164179104477611,0.0005895389476791024,0.000591487608134474
2457,9.167910447761194,0.0005910202162340283,0.0005920197950994096
2458,9.171641791044776,0.0006122874328866601,0.0005947524119486533
2459,9.175373134328359,0.0006515557179227471,0.0005957651116726239
2460,9.17910447761194,0.000623499508947134,0.0005965571731283534
2461,9.182835820895523,0.000584502937272191,0.0005969810214393386
2462,9.186567164179104,0.0006393815856426954,0.0005972109587363354
2463,9.190298507462687,0.0006536140572279692,0.0005979743848622935
2464,9.194029850746269,0.0005798835773020983,0.0005988579260457944
2465,9.197761194029852,0.0005978567060083151,0.0006008374663751299
2466,9.201492537313433,0.0006881371373310685,0.0006017403026883741
2467,9.205223880597014,0.0006126750377006829,0.0006020098410705786
2468,9.208955223880597,0.000640957907307893,0.0006035847842080019
2469,9.212686567164178,0.0006088997470214963,0.0006046160507561048
2470,9.216417910447761,0.0006719491211697459,0.0006068602584802159
2471,9.220149253731343,0.0005702537018805742,0.0006086754004993453
2472,9.223880597014926,0.0006487552309408784,0.0006099385110002648
2473,9.227611940298507,0.0006313593476079404,0.0006124475366072502
2474,9.23134328358209,0.0006700261728838086,0.000613270208194125
2475,9.235074626865671,0.0006312677869573236,0.0006150360156713826
2476,9.238805970149254,0.0006860034773126245,0.000613767970296577
2477,9.242537313432836,0.0005943879368714988,0.000614194004944094
2478,9.246268656716419,0.0006453129462897778,0.0006143671074291555
2479,9.25,0.0006345986621454358,0.0006131619007735536
2480,9.253731343283581,0.0005868121515959501,0.0006115882098106895
2481,9.257462686567164,0.0005655099521391094,0.0006107995329174871
2482,9.261194029850746,0.000576174003072083,0.0006085728258235244
2483,9.264925373134329,0.0005765461828559637,0.000606199844297385
2484,9.26865671641791,0.0005847163265570998,0.0006050326330473692
2485,9.272388059701493,0.0006380675476975739,0.0006044779310752525
2486,9.276119402985074,0.0005983114242553711,0.0006051226873972975
2487,9.279850746268657,0.0005781465442851186,0.0006036642362454497
2488,9.283582089552239,0.0005725249648094177,0.0006041597410264175
2489,9.287313432835822,0.0005758802872151136,0.0006037005805410445
2490,9.291044776119403,0.0006209515267983079,0.0006027553051641983
2491,9.294776119402986,0.0006041808519512415,0.0006013914244249463
2492,9.298507462686567,0.0005976871470920742,0.0006029915217900785
2493,9.302238805970148,0.0006364127621054649,0.0006007556434402742
2494,9.305970149253731,0.0006121743354015052,0.0006002707466505831
2495,9.309701492537313,0.0006056809797883034,0.0005992880082552935
2496,9.313432835820896,0.0005769848939962685,0.0005975451062024548
2497,9.317164179104477,0.000607006368227303,0.0005958704717979744
2498,9.32089552238806,0.0005981174181215465,0.0005941271764884998
2499,9.324626865671641,0.0005628739600069821,0.0005926048502371442
2500,9.328358208955224,0.0005870343884453177,0.0005911076370422252
2501,9.332089552238806,0.000591163756325841,0.000590552165593225
2502,9.335820895522389,0.0004932079464197159,0.0005899390472644349
2503,9.33955223880597,0.0005420893430709839,0.0005889406268734758
2504,9.343283582089553,0.0006057583959773183,0.0005888182488156528
2505,9.347014925373134,0.0005571407964453101,0.0005867542477506326
2506,9.350746268656716,0.0006242917152121663,0.0005854598697979095
2507,9.354477611940299,0.0006283406401053071,0.0005842385140656516
2508,9.35820895522388,0.0006329907337203622,0.0005830877571275867
2509,9.361940298507463,0.0006221323274075985,0.0005820079141569029
2510,9.365671641791044,0.0005701434565708041,0.0005809856598583482
2511,9.369402985074627,0.0006160300108604133,0.000579916180690705
2512,9.373134328358208,0.0006358576938509941,0.0005785849331537398
2513,9.376865671641792,0.0005570842185989022,0.0005780406205392465
2514,9.380597014925373,0.0006114785792306066,0.0005760478301587083
2515,9.384328358208956,0.0006297338986769319,0.0005745300966337687
2516,9.388059701492537,0.0005598088027909398,0.0005731891198992366
2517,9.39179104477612,0.0006173434667289257,0.0005733823480379836
2518,9.395522388059701,0.000522912829183042,0.0005727321414912982
2519,9.399253731343284,0.0005828975699841976,0.0005714584797870641
2520,9.402985074626866,0.000573212921153754,0.0005723220074731038
2521,9.406716417910447,0.0005640378221869469,0.0005719790025046323
2522,9.41044776119403,0.0005403721006587148,0.0005738207468444981
2523,9.414179104477611,0.0005352387670427561,0.000575494540787143
2524,9.417910447761194,0.0005715286824852228,0.0005770117021733668
2525,9.421641791044776,0.0005000922828912735,0.0005767905485543717
2526,9.425373134328359,0.000584998051635921,0.0005778573160968358
2527,9.42910447761194,0.0005482358392328024,0.000579140105046241
2528,9.432835820895523,0.0005309655098244548,0.000578375314589499
2529,9.436567164179104,0.0005282514030113816,0.0005789782636140178
2530,9.440298507462687,0.0005339678609743714,0.000577061904151356
2531,9.444029850746269,0.0005771028809249401,0.0005792606658892842
2532,9.447761194029852,0.0005495997029356658,0.0005780416157482783
2533,9.451492537313433,0.0005753703298978508,0.0005790937007632015
2534,9.455223880597014,0.0005547083565033972,0.0005797726349200962
2535,9.458955223880597,0.0005499472608789802,0.0005798368308715886
2536,9.462686567164178,0.0005507009336724877,0.0005801147795509456
2537,9.466417910447761,0.000584907247684896,0.0005825385919817519
2538,9.470149253731343,0.000580347899813205,0.000582200964833269
2539,9.473880597014926,0.0005458972882479429,0.0005858205642165025
2540,9.477611940298507,0.0005982785951346159,0.0005862457442051936
2541,9.48134328358209,0.0005729711847379804,0.000587146308999963
2542,9.485074626865671,0.0006666752742603421,0.0005888194697568329
2543,9.488805970149254,0.0005618334980681539,0.0005919176193590207
2544,9.492537313432836,0.0006042929599061608,0.0005928754675906243
2545,9.496268656716419,0.0005966910975985229,0.0005939886820070991
2546,9.5,0.0006008782656863332,0.0005960289286676703
2547,9.503731343283581,0.0006768860621377826,0.0005961832158812662
2548,9.507462686567164,0.0005969842313788831,0.0005972125828720448
2549,9.511194029850746,0.0006577116437256336,0.00059903039676478
2550,9.514925373134329,0.0005435615894384682,0.0006008787966537766
2551,9.51865671641791,0.0006602926878258586,0.000603074704796621
2552,9.522388059701493,0.0005660489550791681,0.0006040367099070331
2553,9.526119402985074,0.0006789931794628501,0.0006068284813564544
2554,9.529850746268657,0.0005849205190315843,0.0006093575162018036
2555,9.533582089552239,0.0006141106132417917,0.00061038362498327
2556,9.537313432835822,0.0006411297945305705,0.0006138717176438105
2557,9.541044776119403,0.0006591851124539971,0.0006143930566883305
2558,9.544776119402986,0.0006035007536411285,0.0006156258651327978
2559,9.548507462686567,0.0006713164038956165,0.000615171518846892
2560,9.552238805970148,0.0006003299495205283,0.0006169813426733925
2561,9.555970149253731,0.0006101360777392983,0.0006186061229261501
2562,9.559701492537313,0.0006326374132186174,0.0006203519623363163
2563,9.563432835820896,0.0006673962343484163,0.0006202280084125516
2564,9.567164179104477,0.0005745105445384979,0.000623293534750346
2565,9.57089552238806,0.0006171704735606909,0.0006227293009188299
2566,9.574626865671641,0.0005837423959746957,0.0006247183716878658
2567,9.578358208955224,0.000591323827393353,0.0006283760914102015
2568,9.582089552238806,0.0005904398858547211,0.0006277538515150365
2569,9.585820895522389,0.0006054958794265985,0.0006290611373714921
2570,9.58955223880597,0.0006040357984602451,0.0006286529753152736
2571,9.593283582089553,0.0006240000948309898,0.0006311422813025008
2572,9.597014925373134,0.0006165450904518366,0.0006305363253554012
2573,9.600746268656716,0.0006640623323619366,0.0006329655965290419
2574,9.604477611940299,0.0006790607585571706,0.0006319468318507439
2575,9.60820895522388,0.0005967788165435195,0.0006321590527233373
2576,9.611940298507463,0.0006929590599611402,0.0006334680748717269
2577,9.615671641791044,0.0005720758344978094,0.0006322365171821197
2578,9.619402985074627,0.0006354523939080536,0.0006316118183682059
2579,9.623134328358208,0.000561719702091068,0.0006335764376605611
2580,9.626865671641792,0.0006201000651344657,0.0006304578188375184
2581,9.630597014925373,0.0006648945854976773,0.0006323576004744121
2582,9.634328358208956,0.0006445506005547941,0.00063319928467092
2583,9.638059701492537,0.0006615931633859873,0.0006331539877531369
2584,9.64179104477612,0.0006875200779177248,0.0006321128244829796
2585,9.645522388059701,0.0005811593728139997,0.000632840664432634
2586,9.649253731343284,0.0006782429991289973,0.000633440335372054
2587,9.652985074626866,0.0007508447743020952,0.0006360862597187118
2588,9.656716417910447,0.0006513742264360189,0.0006369884415506953
2589,9.66044776119403,0.0006505829514935613,0.0006382976354826697
2590,9.664179104477611,0.0006409769994206727,0.000640610237208354
2591,9.667910447761194,0.0006456231349147856,0.000640765653082692
2592,9.671641791044776,0.0006354484939947724,0.0006409102110987211
2593,9.675373134328359,0.0006656490731984377,0.0006405269122319069
2594,9.67910447761194,0.0006372238276526332,0.0006385149317793548
2595,9.682835820895523,0.0005936215748079121,0.0006365575572112348
2596,9.686567164179104,0.000667780521325767,0.0006365531973154625
2597,9.690298507462687,0.0005906359292566776,0.0006341286068895786
2598,9.694029850746269,0.0006335724610835314,0.0006340033298063023
2599,9.697761194029852,0.0006840501446276903,0.0006325365861923229
2600,9.701492537313433,0.0005434530321508646,0.000632502912350635
2601,9.705223880597014,0.000678220996633172,0.0006313425042984508
2602,9.708955223880597,0.0006446451297961175,0.0006286786292770468
2603,9.712686567164178,0.0006307802395895123,0.0006254020561577707
2604,9.716417910447761,0.0006247085402719676,0.0006228171178230607
2605,9.720149253731343,0.0006043519824743271,0.0006204287084273812
2606,9.723880597014926,0.0006417569820769131,0.0006202465354851107
2607,9.727611940298507,0.000692225294187665,0.0006162268535529332
2608,9.73134328358209,0.0006283132825046778,0.000611469557043165
2609,9.735074626865671,0.0006441168370656669,0.000609921757131815
2610,9.738805970149254,0.0007003125501796603,0.0006079969121279513
2611,9.742537313432836,0.0006104078493081033,0.0006063162099297453
2612,9.746268656716419,0.0006299269734881818,0.000604526802795235
2613,9.75,0.0006008298369124532,0.0006019529565691766
2614,9.753731343283581,0.0005815711338073015,0.0006002765915515582
2615,9.757462686567164,0.0005988084012642503,0.000598862115577681
2616,9.761194029850746,0.0005966000608168542,0.0005992140603910495
2617,9.764925373134329,0.0005935508524999022,0.0005971588784965073
2618,9.76865671641791,0.0005669394740834832,0.0005978414981921272
2619,9.772388059701493,0.0005753159057348967,0.0005959227578941641
2620,9.776119402985074,0.0005603390745818615,0.0005938134428749724
2621,9.779850746268657,0.0005725233349949121,0.0005947734944794963
2622,9.783582089552239,0.0005556757096201181,0.0005923973157911039
2623,9.787313432835822,0.0005102111026644707,0.000591479033152232
2624,9.791044776119403,0.0005556106916628778,0.0005906007420158059
2625,9.794776119402986,0.0005895952926948667,0.0005892523445143569
2626,9.798507462686567,0.0005736902821809053,0.0005887406338687713
2627,9.802238805970148,0.0005134360399097204,0.0005864512853937723
2628,9.805970149253731,0.0005557956174015999,0.0005836542908715584
2629,9.809701492537313,0.0005879144300706685,0.0005819855425393255
2630,9.813432835820896,0.0005716643063351512,0.0005817808673671651
2631,9.817164179104477,0.0005720682092942297,0.0005774430819877946
2632,9.82089552238806,0.0005722574423998594,0.0005770550157715817
2633,9.824626865671641,0.0005299207987263799,0.000577049610977311
2634,9.828358208955224,0.0005969181074760854,0.0005764392709995551
2635,9.832089552238806,0.0005792303127236664,0.0005768881883563065
2636,9.835820895522389,0.0006080513121560216,0.0005768668900312083
2637,9.83955223880597,0.0005835180636495352,0.0005759552260292921
2638,9.843283582089553,0.000618623336777091,0.000575544705852957
2639,9.847014925373134,0.0005549041088670492,0.0005770133476045619
2640,9.850746268656716,0.0005975682288408279,0.000578430102195409
2641,9.854477611940299,0.0005828151479363441,0.0005783738295842962
2642,9.85820895522388,0.0005807976704090834,0.0005785708710346826
2643,9.861940298507463,0.0006069955416023731,0.0005767114074310152
2644,9.865671641791044,0.0005947703029960394,0.0005786084632457393
2645,9.869402985074627,0.0005694242427125573,0.0005784161635901688
2646,9.873134328358208,0.0005833718460053205,0.0005778994896767162
2647,9.876865671641792,0.000547893694601953,0.0005770924787900252
2648,9.880597014925373,0.0005775485187768936,0.000577712373342365
2649,9.884328358208956,0.0005598946008831263,0.0005789416907468765
2650,9.888059701492537,0.0006357251550070941,0.0005774500356737251
2651,9.89179104477612,0.0005224633496254683,0.0005779246666196097
2652,9.895522388059701,0.0005944971344433725,0.0005791419861474778
2653,9.899253731343284,0.0006297053769230843,0.0005782627494914866
2654,9.902985074626866,0.0005758058978244662,0.0005811019914179314
2655,9.906716417910447,0.0005999767454341054,0.0005814264622153487
2656,9.91044776119403,0.0005979351699352264,0.0005811080450146664
2657,9.914179104477611,0.0005592218367382884,0.000581016105304404
2658,9.917910447761194,0.000576719525270164,0.000581095713508747
2659,9.921641791044776,0.0006271537858992815,0.0005792657044012008
2660,9.925373134328359,0.0006334028439596295,0.0005804662629621239
2661,9.92910447761194,0.0005580318975262344,0.0005791653047043194
2662,9.932835820895523,0.0005806020344607532,0.0005799289665003194
2663,9.936567164179104,0.000479437701869756,0.0005789822728441256
2664,9.940298507462687,0.0005879903910681605,0.0005788452264557524
2665,9.944029850746269,0.0005477264057844877,0.0005787417928620083
2666,9.947761194029852,0.0005684116622433066,0.000579172106482452
2667,9.951492537313433,0.0005406028358265758,0.000579006072678944
2668,9.955223880597014,0.000538851716555655,0.0005795183795981291
2669,9.958955223880597,0.0006061976309865713,0.0005786238669803957
2670,9.962686567164178,0.0005267565720714629,0.0005790948918907018
2671,9.966417910447761,0.0005911241751164198,0.000578661689182698
2672,9.970149253731343,0.0006219783099368215,0.0005812539772993726
2673,9.973880597014926,0.0005362087395042181,0.0005805431524427925
2674,9.977611940298507,0.0006463297177106142,0.0005799338176119618
2675,9.98134328358209,0.0006102214101701975,0.0005799006988726011
2676,9.985074626865671,0.0005661752074956894,0.0005804527332302092
2677,9.988805970149254,0.0006042817840352654,0.0005806197437866614
2678,9.992537313432836,0.000586782000027597,0.0005816333776726047
2679,9.996268656716419,0.0005435929633677006,0.0005832250902951672
2680,10.0,0.0006041270098648965,0.0005818754903086257
2681,10.003731343283581,0.0005442289402708411,0.0005820714272331538
2682,10.007462686567164,0.0006141252815723419,0.0005824664343580059
2683,10.011194029850746,0.0005419832305051386,0.0005838171062173276
2684,10.014925373134329,0.0006013766396790743,0.0005871053776567484
2685,10.01865671641791,0.0005905295256525278,0.0005878993159546176
2686,10.022388059701493,0.0005870671011507511,0.0005882849062156932
2687,10.026119402985074,0.0005765644600614905,0.0005904800846332275
2688,10.029850746268657,0.0005688982782885432,0.0005914225518453593
2689,10.033582089552239,0.0005408735014498234,0.0005921500269323587
2690,10.037313432835822,0.0005792066222056746,0.0005934614341751468
2691,10.041044776119403,0.0006179638439789414,0.0005955642341954134
2692,10.044776119402986,0.0006287471624091268,0.0005950783166421078
2693,10.048507462686567,0.0005653533153235912,0.0005947308211655515
2694,10.052238805970148,0.000604722648859024,0.0005964324525671034
2695,10.055970149253731,0.0005744480295106769,0.0005946595111021363
2696,10.059701492537313,0.0006226101540960371,0.0005942123712085914
2697,10.063432835820896,0.0006047826027497649,0.000594374252392388
2698,10.067164179104477,0.000600780826061964,0.0005937246861299727
2699,10.07089552238806,0.000641979742795229,0.0005941352105654049
2700,10.074626865671641,0.0005718201864510775,0.0005941252471174953
2701,10.078358208955224,0.0006414362578652799,0.0005938896721955844
2702,10.082089552238806,0.0005742271896451712,0.0005927231267844214
2703,10.085820895522389,0.0006359795806929469,0.0005921912067229064
2704,10.08955223880597,0.0006142568308860064,0.0005915926758018209
2705,10.093283582089553,0.0006205418612807989,0.0005915979315276916
2706,10.097014925373134,0.0005635356064885855,0.0005905365659401002
2707,10.100746268656716,0.0006584139773622155,0.0005914033631930445
2708,10.104477611940299,0.0005792439915239811,0.0005902448774133696
2709,10.10820895522388,0.0005686781951226294,0.000590406149546275
2710,10.111940298507463,0.0006599653279408813,0.0005903386939657716
2711,10.115671641791044,0.0006129713729023933,0.0005899996300818535
2712,10.119402985074627,0.0005712015554308891,0.0005878742710437353
2713,10.123134328358208,0.0006077309953980148,0.0005871986447856194
2714,10.126865671641792,0.0006059756269678473,0.0005858430536691008
2715,10.130597014925373,0.0005736391176469624,0.0005867610566272605
2716,10.134328358208956,0.0005918886745348573,0.000586533288630407
2717,10.138059701492537,0.0005728123360313475,0.0005851064967672999
2718,10.14179104477612,0.0005776495672762394,0.0005832062040387494
2719,10.145522388059701,0.0006036135018803179,0.0005827294435442948
2720,10.149253731343284,0.0005431844620034099,0.0005806924508339385
2721,10.152985074626866,0.0005944684380665421,0.0005808487469216854
2722,10.156716417910447,0.0004964005784131587,0.00057878391959182
2723,10.16044776119403,0.0005923165590502322,0.0005774926422618148
2724,10.164179104477611,0.0005174434627406299,0.0005751595415015955
2725,10.167910447761194,0.0006015921244397759,0.0005736037685603994
2726,10.171641791044776,0.0005470135365612805,0.0005713363061659038
2727,10.175373134328359,0.0006226057885214686,0.0005716810360687171
2728,10.17910447761194,0.0005290665430948138,0.000567958658992699
2729,10.182835820895523,0.0005755104357376695,0.0005666753646304332
2730,10.186567164179104,0.0005381078226491809,0.000565179368117597
2731,10.190298507462687,0.0005653050029650331,0.0005620290275390555
2732,10.194029850746269,0.000530824123416096,0.000559603197715904
2733,10.197761194029852,0.0006010464858263731,0.0005587668487484135
2734,10.201492537313433,0.0005097740795463324,0.0005574552072552828
2735,10.205223880597014,0.0006423607701435685,0.0005553456906388264
2736,10.208955223880597,0.0005651095416396856,0.0005544287694913404
2737,10.212686567164178,0.0005641116877086461,0.000554072995749643
2738,10.216417910447761,0.0005268706008791924,0.0005537166498692297
2739,10.220149253731343,0.0005812336457893252,0.0005533768335448169
2740,10.223880597014926,0.0005584630416706204,0.0005520397510447698
2741,10.227611940298507,0.000578228326048702,0.0005510224287807033
2742,10.23134328358209,0.000556778337340802,0.0005500096921445574
2743,10.235074626865671,0.0005212848191149533,0.0005520378926587178
2744,10.238805970149254,0.0005403224495239556,0.0005499016644046982
2745,10.242537313432836,0.0005504701402969658,0.0005509660170390839
2746,10.246268656716419,0.0005275759031064808,0.0005498093200802076
2747,10.25,0.0005776695325039327,0.0005497508412567763
2748,10.253731343283581,0.0005057965172454715,0.000547359304264097
2749,10.257462686567164,0.0005266289226710796,0.0005467255676460521
2750,10.261194029850746,0.0005073423380963504,0.0005454486420537095
2751,10.264925373134329,0.0005308013642206788,0.0005455310229302906
2752,10.26865671641791,0.000513512350153178,0.0005449911781086973
2753,10.272388059701493,0.0005369112477637827,0.0005459144069790477
2754,10.276119402985074,0.0005539536941796541,0.0005454955389723182
2755,10.279850746268657,0.0005194854456931353,0.0005452735264353999
2756,10.283582089552239,0.000536045350600034,0.0005428230094655258
2757,10.287313432835822,0.0005773019511252642,0.0005421480547250589
2758,10.291044776119403,0.0005582021549344063,0.0005408586187447171
2759,10.294776119402986,0.0005637170979753137,0.0005409404274825825
2760,10.298507462686567,0.0005487931193783879,0.0005383642366235485
2761,10.302238805970148,0.000501474249176681,0.0005376007906218037
2762,10.305970149253731,0.0005529462359845638,0.0005359758967931224
2763,10.309701492537313,0.0005795567994937301,0.0005361777084323055
2764,10.313432835820896,0.0005047312006354332,0.0005357706239276634
2765,10.317164179104477,0.0005610819207504392,0.0005354705648553535
2766,10.32089552238806,0.0005541675491258502,0.0005365059442715947
2767,10.324626865671641,0.0005446159048005939,0.0005369639420234485
2768,10.328358208955224,0.0005245527718216181,0.000535214079186184
2769,10.332089552238806,0.0005030833417549729,0.0005358736940784516
2770,10.335820895522389,0.0005231564864516258,0.0005350890775245228
2771,10.33955223880597,0.0005414854385890067,0.0005359154602047056
2772,10.343283582089553,0.0005431713652797043,0.0005362171661279096
2773,10.347014925373134,0.0005686765071004629,0.0005360535018021105
2774,10.350746268656716,0.0005838728975504637,0.000535782445761625
2775,10.354477611940299,0.0005006715655326843,0.0005343134774792394
2776,10.35820895522388,0.0005418895743787289,0.000534145393630308
2777,10.361940298507463,0.000537436397280544,0.0005338343290509883
2778,10.365671641791044,0.0005112448125146329,0.0005321366046612128
2779,10.369402985074627,0.00053022475913167,0.0005318589910308308
2780,10.373134328358208,0.0004756098205689341,0.0005313423653871457
2781,10.376865671641792,0.0005271617555990815,0.0005313315231455263
2782,10.380597014925373,0.0005116076790727675,0.0005325358822407973
2783,10.384328358208956,0.0005650526145473123,0.0005325219805477323
2784,10.388059701492537,0.0005045943544246256,0.0005334391231682697
2785,10.39179104477612,0.0005280200275592506,0.0005350663211685037
2786,10.395522388059701,0.000592920696362853,0.0005357547843453997
2787,10.399253731343284,0.0005463538109324872,0.0005368527341577247
2788,10.402985074626866,0.0005059251561760902,0.000537130569261158
2789,10.406716417910447,0.000532840727828443,0.0005406159446177232
2790,10.41044776119403,0.0004944596439599991,0.0005421218122980307
2791,10.414179104477611,0.0005412240279838443,0.0005455644291587083
2792,10.417910447761194,0.0005431713070720434,0.0005469771887164381
2793,10.421641791044776,0.0005068021127954125,0.0005482483205169712
2794,10.425373134328359,0.000525797950103879,0.0005497210935928019
2795,10.42910447761194,0.0004937259946018457,0.0005495929927281217
2796,10.432835820895523,0.0005125940078869462,0.000551468544361386
2797,10.436567164179104,0.0005232917028479278,0.0005535325298097166
2798,10.440298507462687,0.0005076952511444688,0.0005537583925704495
2799,10.444029850746269,0.0005468199960887432,0.000556801504699695
2800,10.447761194029852,0.0005425354465842247,0.000557772144419709
2801,10.451492537313433,0.0005483485874719918,0.000561059039460904
2802,10.455223880597014,0.0005508529720827937,0.0005617385471762135
2803,10.458955223880597,0.0005523762665688992,0.0005629862851758556
2804,10.462686567164178,0.000617159646935761,0.0005632772567545677
2805,10.466417910447761,0.0005714463186450303,0.0005648117072357819
2806,10.470149253731343,0.0005893089110031724,0.0005659114373507114
2807,10.473880597014926,0.0005991834914311767,0.0005656834180671267
2808,10.477611940298507,0.0005560071440413594,0.0005664383274185039
2809,10.48134328358209,0.0006674531614407897,0.0005696979322947743
2810,10.485074626865671,0.0005648239166475832,0.0005722711098425817
2811,10.488805970149254,0.0006643037777394056,0.0005761348151192978
2812,10.492537313432836,0.000599408580455929,0.0005769711214958168
2813,10.496268656716419,0.0005952877691015601,0.0005789376247288068
2814,10.5,0.0006290602032095194,0.0005804815190480795
2815,10.503731343283581,0.0005786207620985806,0.0005820899798602956
2816,10.507462686567164,0.0005775691824965179,0.0005857978050210854
2817,10.511194029850746,0.0006265129777602851,0.0005888472504277782
2818,10.514925373134329,0.0005466967704705894,0.0005932106372400573
2819,10.51865671641791,0.0006360124098137021,0.0005967581528238952
2820,10.522388059701493,0.0005700209876522422,0.0006013208838384144
2821,10.526119402985074,0.0006103725172579288,0.0006069612516112989
2822,10.529850746268657,0.0005550215719267726,0.0006103738730705184
2823,10.533582089552239,0.0005627649370580912,0.0006147616985821869
2824,10.537313432835822,0.0005769824492745101,0.0006179046510468895
2825,10.541044776119403,0.0005675068241544068,0.0006195810217433041
2826,10.544776119402986,0.0005731089622713625,0.0006232960958874262
2827,10.548507462686567,0.0005835719057358801,0.0006262609655628117
2828,10.552238805970148,0.0005773050943389535,0.0006286390154145476
2829,10.555970149253731,0.0006395689561031759,0.0006292351300078557
2830,10.559701492537313,0.0006383410072885454,0.0006292634359674483
2831,10.563432835820896,0.000652871560305357,0.0006299430899117597
2832,10.567164179104477,0.0005755125894211233,0.0006288339443527525
2833,10.57089552238806,0.0006237979396246374,0.0006296650233973818
2834,10.574626865671641,0.0005701017798855901,0.0006296187866388298
2835,10.578358208955224,0.0005917448434047401,0.0006298981564369326
2836,10.582089552238806,0.0006457468261942267,0.0006292919861152768
2837,10.585820895522389,0.0006376212695613503,0.0006299882689945218
2838,10.58955223880597,0.0007021905621513724,0.000628426482208164
2839,10.593283582089553,0.0006531433900818229,0.0006309406173120184
2840,10.597014925373134,0.0007338919676840305,0.0006285440914968891
2841,10.600746268656716,0.0007737905252724886,0.0006305505408019554
2842,10.604477611940299,0.0006882660672999918,0.000629071813508323
2843,10.60820895522388,0.0007307538180612028,0.0006309730545958368
2844,10.611940298507463,0.0006812373176217079,0.0006307545118033886
2845,10.615671641791044,0.0006858908454887569,0.0006320151378309763
2846,10.619402985074627,0.0007237643585540354,0.0006329220486804843
2847,10.623134328358208,0.0007108685676939785,0.0006327848816176922
2848,10.626865671641792,0.0006966835353523493,0.0006341000808766339
2849,10.630597014925373,0.0005804478423669934,0.0006330910979247675
2850,10.634328358208956,0.0006686137057840824,0.0006314604003663833
2851,10.638059701492537,0.0005926897283643484,0.0006298983977857704
2852,10.64179104477612,0.0006188288098201156,0.0006284813166641426
2853,10.645522388059701,0.0006334828212857246,0.0006285436173174075
2854,10.649253731343284,0.0005933920620009303,0.0006260141665002377
2855,10.652985074626866,0.0006405143649317324,0.0006249889989792392
2856,10.656716417910447,0.0005537677789106965,0.0006243497667061846
2857,10.66044776119403,0.0006061167805455625,0.0006219333083164402
2858,10.664179104477611,0.0005624797195196152,0.0006198403453908679
2859,10.667910447761194,0.0006497763097286224,0.0006159055756586717
2860,10.671641791044776,0.0005377548513934016,0.0006116087514361957
2861,10.675373134328359,0.0006522854091599584,0.0006052081717359947
2862,10.67910447761194,0.0005497446982190013,0.000598035603704885
2863,10.682835820895523,0.0006329724565148354,0.0005937609395648284
2864,10.686567164179104,0.0005538046825677156,0.0005883873403413085
2865,10.690298507462687,0.0006286681164056063,0.0005843575402140254
2866,10.694029850746269,0.0006046901689842343,0.0005815062862139468
2867,10.697761194029852,0.0005674851126968861,0.0005761937596040164
2868,10.701492537313433,0.00063749507535249,0.0005723470949749575
2869,10.705223880597014,0.0005359367933124304,0.0005702671251350605
2870,10.708955223880597,0.0005727103562094271,0.000569288253999974
2871,10.712686567164178,0.0005742989014834166,0.0005668967681164603
2872,10.716417910447761,0.000594771234318614,0.000567703162853765
2873,10.720149253731343,0.000578066916204989,0.0005660175641135471
2874,10.723880597014926,0.0005200904561206698,0.0005637506255879998
2875,10.727611940298507,0.0005280699115246534,0.0005633239506562127
2876,10.73134328358209,0.0005655363202095032,0.0005619700504012588
2877,10.735074626865671,0.0005466720322147012,0.0005620343585089758
2878,10.738805970149254,0.0005518097896128893,0.0005618327285912706
2879,10.742537313432836,0.00054086500313133,0.0005623181251150261
2880,10.746268656716419,0.00047697359696030617,0.0005601564714707798
2881,10.75,0.0004714681999757886,0.0005611221408244314
2882,10.753731343283581,0.0004797152359969914,0.0005612954008960869
2883,10.757462686567164,0.0005130048375576735,0.0005613916252580722
2884,10.761194029850746,0.000510436249896884,0.0005641766290021379
2885,10.764925373134329,0.0005160155124031007,0.0005660744117027739
2886,10.76865671641791,0.0005689894314855337,0.0005691656104584293
2887,10.772388059701493,0.0005059507675468922,0.0005708298256916063
2888,10.776119402985074,0.000553155317902565,0.0005747733663245127
2889,10.779850746268657,0.0006114047719165683,0.0005773449452911936
2890,10.783582089552239,0.000540314125828445,0.0005789184516931815
2891,10.787313432835822,0.0005705627845600247,0.0005812024308663861
2892,10.791044776119403,0.0006257519125938416,0.0005834404841951299
2893,10.794776119402986,0.0005497192614711821,0.0005867170629932023
2894,10.798507462686567,0.0005405383417382836,0.0005891127213722141
2895,10.802238805970148,0.0005758983897976577,0.0005927619555533477
2896,10.805970149253731,0.0005850044544786215,0.0005956200496634332
2897,10.809701492537313,0.0005564044113270938,0.0005985220692620226
2898,10.813432835820896,0.0005978499539196491,0.0006005335925714817
2899,10.817164179104477,0.0005823809769935906,0.0006023782984035589
2900,10.82089552238806,0.0005611485103145242,0.0006043492523930603
2901,10.824626865671641,0.0005773472948931158,0.0006074784891452732
2902,10.828358208955224,0.0006593890720978379,0.0006108872688988723
2903,10.832089552238806,0.0005536898970603943,0.0006157505416833773
2904,10.835820895522389,0.0007471576100215316,0.000617507229013959
2905,10.83955223880597,0.0006316137732937932,0.0006204192645893228
2906,10.843283582089553,0.0007554072653874755,0.0006224708958165493
2907,10.847014925373134,0.0006729229935444891,0.0006231899364715124
2908,10.850746268656716,0.0007291702786460519,0.0006255394162996332
2909,10.854477611940299,0.0007429298129864037,0.0006270668392705663
2910,10.85820895522388,0.000600450555793941,0.0006253867816157276
2911,10.861940298507463,0.0006663535023108125,0.0006260393079506551
2912,10.865671641791044,0.0006660590879619122,0.0006250017748509602
2913,10.869402985074627,0.0007291109650395811,0.000623285719307094
2914,10.873134328358208,0.0006762889097444713,0.0006249303256570384
2915,10.876865671641792,0.000669709057547152,0.0006248757950166558
2916,10.880597014925373,0.0006452517700381577,0.0006241514972161229
2917,10.884328358208956,0.0006845191237516701,0.0006241724462952556
2918,10.888059701492537,0.0006291444879025221,0.0006234879966075645
2919,10.89179104477612,0.000627442728728056,0.0006227120742905976
2920,10.895522388059701,0.0006216741167008877,0.0006222206554034861
2921,10.899253731343284,0.0006052723038010299,0.0006215829507266058
2922,10.902985074626866,0.0006112281698733568,0.0006207271036124084
2923,10.906716417910447,0.0006791094201616943,0.0006182873593189004
2924,10.91044776119403,0.000585029018111527,0.0006183550619270379
2925,10.914179104477611,0.0006298297084867954,0.0006140195764601231
2926,10.917910447761194,0.000600132392719388,0.0006108784894799678
2927,10.921641791044776,0.0005984700983390212,0.000605386047249251
2928,10.925373134328359,0.0006022794404998422,0.0006008167316705534
2929,10.92910447761194,0.0006157796597108245,0.0005961061276427311
2930,10.932835820895523,0.0005425224080681801,0.0005914115931884181
2931,10.936567164179104,0.0005670677055604756,0.0005892506053830247
2932,10.940298507462687,0.0005280239274725318,0.0005866515098094213
2933,10.944029850746269,0.0005553936352953315,0.0005827695330059747
2934,10.947761194029852,0.0006171481218189001,0.0005805539421555473
2935,10.951492537313433,0.0005383025854825974,0.0005776645039299094
2936,10.955223880597014,0.0005462021799758077,0.0005748603867775783
2937,10.958955223880597,0.0005858633667230606,0.0005728454434131159
2938,10.962686567164178,0.000528341974131763,0.0005691116022672959
2939,10.966417910447761,0.0005660371389240026,0.0005671376924643792
2940,10.970149253731343,0.0005622328026220202,0.0005646512911814015
2941,10.973880597014926,0.0005350026185624301,0.0005628945300264693
2942,10.977611940298507,0.0005422575632110238,0.0005615851075229485
2943,10.98134328358209,0.0005593595560640097,0.0005594021413566136
2944,10.985074626865671,0.0005564657039940357,0.0005562713542930418
2945,10.988805970149254,0.0005694027058780193,0.0005553010609795953
2946,10.992537313432836,0.0005028292071074247,0.0005518139876629702
2947,10.996268656716419,0.0005302171339280903,0.0005503430687140946
2948,11.0,0.00048558105481788516,0.0005492816946083089
2949,11.003731343283581,0.0005360355135053396,0.0005461297405418009
2950,11.007462686567164,0.000550453900359571,0.0005445293535580631
2951,11.011194029850746,0.0005118500557728112,0.00054379178725024
2952,11.014925373134329,0.0005597905837930739,0.0005423920250372825
2953,11.01865671641791,0.0005068980390205979,0.0005426610636854227
2954,11.022388059701493,0.0006382717401720583,0.0005421948941458562
2955,11.026119402985074,0.0005578219424933195,0.0005396422823584388
2956,11.029850746268657,0.0005547402543015778,0.0005389220236016937
2957,11.033582089552239,0.0005626390920951962,0.0005391897192145357
2958,11.037313432835822,0.0005314316367730498,0.0005372049203199312
2959,11.041044776119403,0.0005482141859829426,0.0005375780229081922
2960,11.044776119402986,0.0005255002761259675,0.0005363230302464217
2961,11.048507462686567,0.0005496469093486667,0.0005364108173369725
2962,11.052238805970148,0.000551585981156677,0.0005368438482613916
2963,11.055970149253731,0.0005217265570536256,0.0005366668856146223
2964,11.059701492537313,0.000550747150555253,0.0005351445451662763
2965,11.063432835820896,0.0005452469922602177,0.000534242493946605
2966,11.067164179104477,0.0004868597025051713,0.0005324232078259583
2967,11.07089552238806,0.0005398247158154845,0.0005329119477409688
2968,11.074626865671641,0.0005549537600018084,0.0005316536897713909
2969,11.078358208955224,0.00047304932377301157,0.0005324434967450343
2970,11.082089552238806,0.0005501637933775783,0.00053147351292598
2971,11.085820895522389,0.0005122821894474328,0.0005307801446888778
2972,11.08955223880597,0.000509677454829216,0.0005308237422269019
2973,11.093283582089553,0.0005390545120462775,0.0005297195315417811
2974,11.097014925373134,0.0005362806841731071,0.0005290978573966863
2975,11.100746268656716,0.0005124910385347903,0.0005262922793740361
2976,11.104477611940299,0.0005087719764560461,0.000524641870714088
2977,11.10820895522388,0.0005571777001023293,0.0005252387519448814
2978,11.111940298507463,0.0005044866120442748,0.0005244139508094366
2979,11.115671641791044,0.0005436391802504659,0.0005245710887787183
2980,11.119402985074627,0.0005145824397914112,0.0005245622184990746
2981,11.123134328358208,0.0005658320733346045,0.000525166521916484
2982,11.126865671641792,0.0005527568864636123,0.0005245434955080472
2983,11.130597014925373,0.0005350020946934819,0.0005236780654252847
2984,11.134328358208956,0.0004969435976818204,0.0005256998630967446
2985,11.138059701492537,0.000519481603987515,0.0005257446389849774
2986,11.14179104477612,0.0004948119749315083,0.000526857237252066
2987,11.145522388059701,0.0005228675436228514,0.0005304598882680805
2988,11.149253731343284,0.0004786285571753979,0.000533127710052834
2989,11.152985074626866,0.0005179631407372653,0.0005325502985747667
2990,11.156716417910447,0.0004962661769241095,0.0005358126853513191
2991,11.16044776119403,0.0005220258026383817,0.0005377121447165292
2992,11.164179104477611,0.0005136375548318028,0.0005394532054197043
2993,11.167910447761194,0.000514517945703119,0.0005422966780493082
2994,11.171641791044776,0.0004814093990717083,0.0005430572321240949
2995,11.175373134328359,0.0005232430412434042,0.0005441294569896943
2996,11.17910447761194,0.0004901551874354482,0.0005457167557679208
2997,11.182835820895523,0.0005792123847641051,0.000546838897252001
2998,11.186567164179104,0.00052882224554196,0.0005481047066008081
2999,11.190298507462687,0.0005378742935135961,0.0005492499494277759
3000,11.194029850746269,0.0005478505045175552,0.0005512727110748883
3001,11.197761194029852,0.0005502767162397504,0.0005531065604683557
3002,11.201492537313433,0.000524102826602757,0.0005540419377034484
3003,11.205223880597014,0.0005161033477634192,0.0005554394837661941
3004,11.208955223880597,0.0006046202615834773,0.000558643040343801
3005,11.212686567164178,0.0005525829619728029,0.0005604271775554502
3006,11.216417910447761,0.0005908635212108493,0.000564086451848242
3007,11.220149253731343,0.0006345683941617608,0.0005656102474881109
3008,11.223880597014926,0.0006492054089903831,0.0005673035409971617
3009,11.227611940298507,0.0005312798894010484,0.0005695195137466327
3010,11.23134328358209,0.0006068071816116571,0.0005717047457526461
3011,11.235074626865671,0.0006280416273511946,0.0005737547713002508
3012,11.238805970149254,0.0005836656782776117,0.0005755083849823965
3013,11.242537313432836,0.0006262598326429725,0.0005774592445515914
3014,11.246268656716419,0.0005702372291125357,0.0005777272482391265
3015,11.25,0.0005802419036626816,0.0005803037343955622
3016,11.253731343283581,0.0005775702884420753,0.0005805997657816766
3017,11.257462686567164,0.000554779777303338,0.0005820954783547033
3018,11.261194029850746,0.0006090758834034204,0.0005801237676656101
3019,11.264925373134329,0.0005514415679499507,0.0005808930159773586
3020,11.26865671641791,0.0006265724077820778,0.0005814389214941823
3021,11.272388059701493,0.0005897702649235725,0.0005814649644534944
3022,11.276119402985074,0.000604182539973408,0.0005809442415583606
3023,11.279850746268657,0.000610056275036186,0.0005831976219580123
3024,11.283582089552239,0.0006663479143753648,0.0005861817328145773
3025,11.287313432835822,0.0005700932233594358,0.0005865410884569694
3026,11.291044776119403,0.0006695118499919772,0.0005885243043871369
3027,11.294776119402986,0.0005572875961661339,0.0005900808340279249
3028,11.298507462686567,0.0005922925774939358,0.0005907867964152701
3029,11.302238805970148,0.0005694834399037063,0.0005913462075291247
3030,11.305970149253731,0.0006075576529838145,0.0005940676669635605
3031,11.309701492537313,0.0005803172243759036,0.0005957516543453605
3032,11.313432835820896,0.0005939239636063576,0.0005963312677766491
3033,11.317164179104477,0.0005936227971687913,0.0005973140544417064
3034,11.32089552238806,0.0005255060968920588,0.0005977690282345908
3035,11.324626865671641,0.0005870453314855695,0.0005977645973538662
3036,11.328358208955224,0.0005353803280740976,0.000599592163159353
3037,11.332089552238806,0.0005514794029295444,0.0005997617660862644
3038,11.335820895522389,0.0004983722465112805,0.000600475103810157
3039,11.33955223880597,0.0005603614263236523,0.0006013384682308064
3040,11.343283582089553,0.0005602564197033644,0.0006024654139764607
3041,11.347014925373134,0.0005489182658493519,0.0006034654656016245
3042,11.350746268656716,0.0005289270775392652,0.0006026384468962689
3043,11.354477611940299,0.0006164914229884744,0.0006048123709993755
3044,11.35820895522388,0.0006384518928825855,0.0006060339070334122
3045,11.361940298507463,0.000619353842921555,0.0006047285817813401
3046,11.365671641791044,0.0006338948151096702,0.0006081719425643181
3047,11.369402985074627,0.0006546812364831567,0.0006064764329050554
3048,11.373134328358208,0.0006635128520429134,0.0006101926058962396
3049,11.376865671641792,0.0006721412646584213,0.0006110068189161943
3050,11.380597014925373,0.0006428597262129188,0.0006139513272678525
3051,11.384328358208956,0.0006758506642654538,0.0006137515940680737
3052,11.388059701492537,0.0006518057780340314,0.0006166999455450512
3053,11.39179104477612,0.0006239599315449595,0.0006171602119759815
3054,11.395522388059701,0.0006449137581512332,0.0006201090546688292
3055,11.399253731343284,0.0005700555630028248,0.0006234430020856784
3056,11.402985074626866,0.00065517210168764,0.0006266054044273205
3057,11.406716417910447,0.0005845240084454417,0.0006301651521381446
3058,11.41044776119403,0.0005840266239829361,0.0006334469937605829
3059,11.414179104477611,0.0006444738246500492,0.0006373192442058608
3060,11.417910447761194,0.0005976463435217738,0.0006384415219810496
3061,11.421641791044776,0.0006675745244137943,0.0006396315577326388
3062,11.425373134328359,0.0005558624980039895,0.00064165908672915
3063,11.42910447761194,0.0006933134282007813,0.0006442769549832475
3064,11.432835820895523,0.0006601392524316907,0.0006426878503478337
3065,11.436567164179104,0.0006128295790404081,0.000642791897251566
3066,11.440298507462687,0.0007112710154615343,0.0006424377675213646
3067,11.444029850746269,0.0005999959539622068,0.0006414295824403624
3068,11.447761194029852,0.0007096506888046861,0.0006399111915947642
3069,11.451492537313433,0.0006256753113120794,0.0006384933466750492
3070,11.455223880597014,0.0006902082823216915,0.0006357357473816814
3071,11.458955223880597,0.0005993685917928815,0.0006338069797493517
3072,11.462686567164178,0.0007011996349319816,0.000631590619422041
3073,11.466417910447761,0.0006127948872745037,0.0006284523718399791
3074,11.470149253731343,0.0007145253475755453,0.0006290653950489331
3075,11.473880597014926,0.0006621979409828782,0.0006264767555588084
3076,11.477611940298507,0.0007167038274928927,0.0006278365149117279
3077,11.48134328358209,0.0006813299842178822,0.0006252876454509976
3078,11.485074626865671,0.0006860349094495177,0.0006255755462206718
3079,11.488805970149254,0.0006571345147676766,0.0006250772119795041
3080,11.492537313432836,0.0006063748151063919,0.0006239522992428847
3081,11.496268656716419,0.0006090478855185211,0.000623712294859948
3082,11.5,0.0006320469547063112,0.0006229905227040191
3083,11.503731343283581,0.0006362596759572625,0.0006237204112793977
3084,11.507462686567164,0.0005513381329365075,0.0006213154524519313
3085,11.511194029850746,0.0006427178159356117,0.0006192057370776083
3086,11.514925373134329,0.0006048345239832997,0.000617994371767542
3087,11.51865671641791,0.0005925592267885804,0.0006158171780975308
3088,11.522388059701493,0.0005924272118136287,0.0006159753638047088
3089,11.526119402985074,0.000605381210334599,0.0006134667215164659
3090,11.529850746268657,0.0005590796936303377,0.0006123385278553497
3091,11.533582089552239,0.0005637802532874048,0.0006107837813565644
3092,11.537313432835822,0.000584979890845716,0.0006102428589833946
3093,11.541044776119403,0.0005231376271694899,0.0006089942322521493
3094,11.544776119402986,0.0006490938831120729,0.0006075697772136731
3095,11.548507462686567,0.0005387795390561223,0.0006060924412251064
3096,11.552238805970148,0.0006258056964725256,0.0006062140923970174
3097,11.555970149253731,0.000550668453797698,0.0006037509798572012
3098,11.559701492537313,0.0005963279400020838,0.0006026883819708373
3099,11.563432835820896,0.0005635949200950563,0.0006002897663587114
3100,11.567164179104477,0.0005983524024486542,0.0005995793844482339
3101,11.57089552238806,0.0005878061638213694,0.000598717408493252
3102,11.574626865671641,0.0006379818660207093,0.0005980983118117764
3103,11.578358208955224,0.0005857879295945168,0.0005951801814684054
3104,11.582089552238806,0.0005947101162746549,0.0005943554002087472
3105,11.585820895522389,0.0005736409220844507,0.0005971096078410926
3106,11.58955223880597,0.0005631636013276875,0.0005960709758943356
3107,11.593283582089553,0.0006220060749910772,0.0005962283651503484
3108,11.597014925373134,0.0006064815679565072,0.0005959961222620999
3109,11.600746268656716,0.0006067963549867272,0.000596547090425724
3110,11.604477611940299,0.0005794193712063134,0.0005966933378836186
3111,11.60820895522388,0.0006264636758714914,0.0005970293920055577
3112,11.611940298507463,0.0005771907744929194,0.0005990008414700264
3113,11.615671641791044,0.0006500059389509261,0.0005982972783740701
3114,11.619402985074627,0.0005543922306969762,0.0006013979578799591
3115,11.623134328358208,0.000653954572044313,0.0005982214110767151
3116,11.626865671641792,0.0006671856390312314,0.0005999226250867472
3117,11.630597014925373,0.0006157162133604288,0.000597025872571621
3118,11.634328358208956,0.000637763470876962,0.000598032226240853
3119,11.638059701492537,0.0005876916693523526,0.0005982568723195028
3120,11.64179104477612,0.0006280088564381003,0.0005985432270369152
3121,11.645522388059701,0.0005710338009521365,0.0006001275771002217
3122,11.649253731343284,0.0005836649215780199,0.0006001670035624468
3123,11.652985074626866,0.0005124036106280982,0.0005996636563639451
3124,11.656716417910447,0.0006024436443112791,0.0006004209067990504
3125,11.66044776119403,0.0006642606458626688,0.0006002414681971437
3126,11.664179104477611,0.0006001339061185718,0.0006000559958742886
3127,11.667910447761194,0.0006112874834798276,0.0006009065617080323
3128,11.671641791044776,0.0005830372683703899,0.0006003375079982528
3129,11.675373134328359,0.0006150169065222144,0.0006006392849064092
3130,11.67910447761194,0.000611377356108278,0.0005999534950228181
3131,11.682835820895523,0.0005728579126298428,0.0006012851457543126
3132,11.686567164179104,0.0006446096813306212,0.0005999988842210392
3133,11.690298507462687,0.0005561338039115071,0.0005992870428599417
3134,11.694029850746269,0.0006502654869109392,0.0005982114802818837
3135,11.697761194029852,0.0005188554641790688,0.000598882404496757
3136,11.701492537313433,0.000608529313467443,0.0005971496248981211
3137,11.705223880597014,0.0005070388433523476,0.0005957696873626513
3138,11.708955223880597,0.0005919289542362094,0.0005948177876700534
3139,11.712686567164178,0.0006055384292267263,0.000593381496600625
3140,11.716417910447761,0.0005753354635089636,0.0005926705397120336
3141,11.720149253731343,0.0006633107550442219,0.0005913356478076155
3142,11.723880597014926,0.0005894226487725973,0.0005933326277200406
3143,11.727611940298507,0.000617344630882144,0.0005931288611552701
3144,11.73134328358209,0.0006168351974338293,0.0005951153168386621
3145,11.735074626865671,0.0005873531335964799,0.0005944510410744242
3146,11.738805970149254,0.0005660365568473935,0.0005925595717754488
3147,11.742537313432836,0.0005980368005111814,0.0005925834227194329
3148,11.746268656716419,0.0005986748728901148,0.0005919729180565876
3149,11.75,0.0006188544211909175,0.0005912690568238315
3150,11.753731343283581,0.0005786789697594941,0.0005912982628726196
3151,11.757462686567164,0.0006340170511975884,0.0005896653860761989
3152,11.761194029850746,0.0005737269530072808,0.0005893593699466892
3153,11.764925373134329,0.0005480052786879241,0.0005877323863210111
3154,11.76865671641791,0.0006059078732505441,0.0005865863853747525
3155,11.772388059701493,0.0005819001235067844,0.0005845147520076575
3156,11.776119402985074,0.0005829106085002422,0.0005848497087022335
3157,11.779850746268657,0.0006106082000769675,0.0005821299571657508
3158,11.783582089552239,0.0005766883259639144,0.0005828560011961111
3159,11.787313432835822,0.0005788755370303988,0.0005810204964335553
3160,11.791044776119403,0.0005585424369201064,0.0005802942536453285
3161,11.794776119402986,0.0005732782883569598,0.0005796783385094164
3162,11.798507462686567,0.0006529099773615599,0.0005756560826628673
3163,11.802238805970148,0.0005753104924224317,0.0005741172453115989
3164,11.805970149253731,0.0005938482936471701,0.0005731122886262289
3165,11.809701492537313,0.0005752083379775286,0.0005710996238787364
3166,11.813432835820896,0.0005867104046046734,0.0005703956263548717
3167,11.817164179104477,0.000601111794821918,0.0005697504469625107
3168,11.82089552238806,0.0005862567923031747,0.0005676137431093105
3169,11.824626865671641,0.0005541789578273892,0.0005657613268917109
3170,11.828358208955224,0.0006162143545225263,0.0005637094642535397
3171,11.832089552238806,0.0005444294074550271,0.0005628550936263509
3172,11.835820895522389,0.0005603112513199449,0.0005598495808066573
3173,11.83955223880597,0.0005779033526778221,0.0005595895969990368
3174,11.843283582089553,0.0005091477651149035,0.0005591769969635984
3175,11.847014925373134,0.0005653285188600421,0.0005585222204056819
3176,11.850746268656716,0.0005325886886566877,0.0005579419297779478
3177,11.854477611940299,0.0004970195004716516,0.0005568595086337953
3178,11.85820895522388,0.0005368066485971212,0.0005551456933750249
3179,11.861940298507463,0.0005166732589714229,0.0005532351617769497
3180,11.865671641791044,0.0005757624749094248,0.0005518800022489414
3181,11.869402985074627,0.0005500829429365695,0.0005507444304118796
3182,11.873134328358208,0.0004983982653357089,0.0005493073883216555
3183,11.876865671641792,0.0005263303173705935,0.0005453035644278294
3184,11.880597014925373,0.0005761414067819715,0.0005443337410347672
3185,11.884328358208956,0.000534315942786634,0.0005415208799560078
3186,11.888059701492537,0.0005584892351180315,0.0005397467956333081
3187,11.89179104477612,0.0005395842017605901,0.0005368639575885381
3188,11.895522388059701,0.0005104319425299764,0.0005346940100624612
3189,11.899253731343284,0.0005227258079685271,0.00053213369001907
3190,11.902985074626866,0.0005347280530259013,0.0005311146868313322
3191,11.906716417910447,0.0005436497740447521,0.0005280210447736176
3192,11.91044776119403,0.0005107910255901515,0.0005283273533611308
3193,11.914179104477611,0.0005630676168948412,0.0005277890616902946
3194,11.917910447761194,0.0005310886772349477,0.0005264054627509833
3195,11.921641791044776,0.0005790620343759656,0.0005273108658801037
3196,11.925373134328359,0.0005581082077696919,0.0005262672096184205
3197,11.92910447761194,0.0005385313415899873,0.0005254809760272776
3198,11.932835820895523,0.0005403417744673789,0.000526649358529007
3199,11.936567164179104,0.0004983565304428339,0.0005269123648758978
3200,11.940298507462687,0.0005233139963820577,0.0005263094073331846
3201,11.944029850746269,0.0005119839916005731,0.0005254330725420448
3202,11.947761194029852,0.0005143595626577735,0.0005270003280091304
3203,11.951492537313433,0.0004887531977146864,0.0005267157053245549
3204,11.955223880597014,0.0005355477333068848,0.0005265069726525192
3205,11.958955223880597,0.0004785209894180298,0.0005248838761628311
3206,11.962686567164178,0.0005024708807468414,0.0005243497129768225
3207,11.966417910447761,0.0004685140447691083,0.0005246832144798757
3208,11.970149253731343,0.0005121439462527633,0.0005245952130147688
3209,11.973880597014926,0.00048128367052413523,0.0005276479563823469
3210,11.977611940298507,0.0005123998271301389,0.0005281280318740755
3211,11.98134328358209,0.000489375030156225,0.0005292265779600002
3212,11.985074626865671,0.0005569880595430732,0.0005288410714611684
3213,11.988805970149254,0.0005382412928156555,0.000531042921044523
3214,11.992537313432836,0.0005211757961660624,0.000529942750822889
3215,11.996268656716419,0.0005462692934088409,0.0005308648396749049
3216,12.0,0.0005225386121310294,0.000531552635593249
3217,12.003731343283581,0.0005003531114198267,0.000531591604912381
3218,12.007462686567164,0.000544923183042556,0.0005351686062257192
3219,12.011194029850746,0.0005475899088196456,0.0005371326193065814
3220,12.014925373134329,0.000491951999720186,0.0005425433876708423
3221,12.01865671641791,0.0005398327484726906,0.000544932046933554
3222,12.022388059701493,0.0006143404170870781,0.0005492858777515499
3223,12.026119402985074,0.000486728735268116,0.0005523817742913507
3224,12.029850746268657,0.0005177722778171301,0.0005568999892225625
3225,12.033582089552239,0.0005095944507047534,0.0005589784768966549
3226,12.037313432835822,0.0005124152521602809,0.000564322025350454
3227,12.041044776119403,0.0005721627967432141,0.0005686151328008259
3228,12.044776119402986,0.0005359761416912079,0.0005732884413346921
3229,12.048507462686567,0.0006355944206006825,0.0005777525983853038
3230,12.052238805970148,0.0005424089031293988,0.000583783896617228
3231,12.055970149253731,0.0005797684425488114,0.0005879645752606959
3232,12.059701492537313,0.0005278440075926483,0.0005936792628589744
3233,12.063432835820896,0.0006010668585076928,0.0005972354442857933
3234,12.067164179104477,0.0005179606378078461,0.0006017894995194383
3235,12.07089552238806,0.0005688943201676011,0.0006053454310792248
3236,12.074626865671641,0.0006072616670280695,0.0006089922588704745
3237,12.078358208955224,0.0005597059498541057,0.0006130326102010724
3238,12.082089552238806,0.0006851883954368532,0.0006188776602446124
3239,12.085820895522389,0.0006208663107827306,0.0006218979791056638
3240,12.08955223880597,0.0007201980333775282,0.0006271781138621452
3241,12.093283582089553,0.0006212490261532366,0.0006306111051632864
3242,12.097014925373134,0.0006904910551384091,0.0006348556958184373
3243,12.100746268656716,0.0006412913207896054,0.000635447139601882
3244,12.104477611940299,0.000674000009894371,0.0006403656244823118
3245,12.10820895522388,0.0006207657279446721,0.0006424779151907055
3246,12.111940298507463,0.0006976064760237932,0.0006469719867199296
3247,12.115671641791044,0.0006784882862120867,0.0006493741757145561
3248,12.119402985074627,0.0006601196946576238,0.0006518085791002504
3249,12.123134328358208,0.0006951743853278458,0.0006544943671764397
3250,12.126865671641792,0.0007285668980330229,0.0006560156059383256
3251,12.130597014925373,0.0006838076515123248,0.0006581198242379398
3252,12.134328358208956,0.000723677221685648,0.0006594908418042994
3253,12.138059701492537,0.0007027914980426431,0.0006612591649882677
3254,12.14179104477612,0.0007249575573951006,0.0006611393878190983
3255,12.145522388059701,0.0006669689901173115,0.0006636916659772396
3256,12.149253731343284,0.0006957892328500748,0.0006662470958672646
3257,12.152985074626866,0.0006881930166855454,0.0006662537145042201
3258,12.156716417910447,0.000740000163204968,0.0006689700630220879
3259,12.16044776119403,0.0006687562563456595,0.0006675608796862568
3260,12.164179104477611,0.0007640754338353872,0.0006682076434627539
3261,12.167910447761194,0.0006327046430669725,0.000666175957587434
3262,12.171641791044776,0.000713860965333879,0.0006672248553779976
3263,12.175373134328359,0.0006385896122083068,0.0006661846787986778
3264,12.17910447761194,0.0006883866153657436,0.0006660259479270657
3265,12.182835820895523,0.0006043761968612671,0.0006640708988259841
3266,12.186567164179104,0.0006938513834029436,0.0006635671839254295
3267,12.190298507462687,0.0006109050009399652,0.0006601702444618795
3268,12.194029850746269,0.0006719733355566859,0.0006589573274207552
3269,12.197761194029852,0.0006460934528149664,0.0006571286542500119
3270,12.201492537313433,0.0006979652098380029,0.0006558498702716174
3271,12.205223880597014,0.0006286818534135818,0.000651891732293113
3272,12.208955223880597,0.000635980162769556,0.0006495737527474398
3273,12.212686567164178,0.0006003452581353486,0.0006450196052333567
3274,12.216417910447761,0.0005961559945717454,0.0006433580590343875
3275,12.220149253731343,0.0006226040422916412,0.0006395471353288285
3276,12.223880597014926,0.0006736669456586242,0.0006377498275691234
3277,12.227611940298507,0.0006075330311432481,0.0006359823405878936
3278,12.23134328358209,0.0006710762390866876,0.0006327194562068255
3279,12.235074626865671,0.0006274118786677718,0.0006315042023410703
3280,12.238805970149254,0.0006473836256191134,0.0006306716879807049
3281,12.242537313432836,0.0006368989124894142,0.0006262815071883179
3282,12.246268656716419,0.0006642538355663419,0.0006249866238227341
3283,12.25,0.0006478438153862953,0.0006224075772390678
3284,12.253731343283581,0.0006347833550535142,0.0006203150430626077
3285,12.257462686567164,0.0005938429967500269,0.0006164398325448175
3286,12.261194029850746,0.0006001134170219302,0.0006166993833442287
3287,12.264925373134329,0.0005583319580182433,0.000614112143677364
3288,12.26865671641791,0.0006287586875259876,0.0006133381848041786
3289,12.272388059701493,0.0005851440946571529,0.0006115758683668767
3290,12.276119402985074,0.0006427442422136664,0.0006099467566123278
3291,12.279850746268657,0.0005662832409143448,0.000608412318908405
3292,12.283582089552239,0.0005887704901397228,0.000606660129184403
3293,12.287313432835822,0.0005369571736082435,0.0006060433750063544
3294,12.291044776119403,0.0006346681038849056,0.0006045601756607251
3295,12.294776119402986,0.0005687096854671836,0.0006037080041473595
3296,12.298507462686567,0.0005932793719694018,0.0006022618348119644
3297,12.302238805970148,0.0006233222666196525,0.0005996066455093281
3298,12.305970149253731,0.0005544147570617497,0.000598378375842713
3299,12.309701492537313,0.0006901747547090054,0.0005959460366994324
3300,12.313432835820896,0.0006346231675706804,0.0005940500882499647
3301,12.317164179104477,0.0005840780213475227,0.0005933768754802281
3302,12.32089552238806,0.0005796144250780344,0.0005917554627536092
3303,12.324626865671641,0.0006081200554035604,0.0005892483509009386
3304,12.328358208955224,0.0005527957109734416,0.0005876470794446948
3305,12.332089552238806,0.000529502984136343,0.0005858810717898716
3306,12.335820895522389,0.0006150177796371281,0.0005853535868681786
3307,12.33955223880597,0.0005877745570614934,0.0005857768843359337
3308,12.343283582089553,0.0005791726871393621,0.0005864354103190325
3309,12.347014925373134,0.0005997183616273105,0.0005843731753596264
3310,12.350746268656716,0.000579299870878458,0.0005834496455130781
3311,12.354477611940299,0.00063505326397717,0.0005811777408802654
3312,12.35820895522388,0.0005568420747295022,0.0005795618081919667
3313,12.361940298507463,0.000610693241469562,0.0005773817722844641
3314,12.365671641791044,0.0005395340849645436,0.0005775559182483248
3315,12.369402985074627,0.0005612169625237584,0.000574844376831429
3316,12.373134328358208,0.0005633110995404422,0.0005754083749929034
3317,12.376865671641792,0.0005648041842505336,0.0005745807131638796
3318,12.380597014925373,0.0005571739748120308,0.0005741595438249954
3319,12.384328358208956,0.000571350334212184,0.0005747763704076954
3320,12.388059701492537,0.0005496779922395945,0.0005732636526794877
3321,12.39179104477612,0.0006197819020599127,0.0005722746832250822
3322,12.395522388059701,0.0005704209906980395,0.0005728104307952268
3323,12.399253731343284,0.0005614622496068478,0.0005733153297247865
3324,12.402985074626866,0.0005821916856803,0.0005725595188645147
3325,12.406716417910447,0.0005623770412057638,0.0005730636327005014
3326,12.41044776119403,0.0005722161149606109,0.0005756755282807095
3327,12.414179104477611,0.0006174686131998897,0.0005741061915348215
3328,12.417910447761194,0.0005853315233252943,0.0005742499843330645
3329,12.421641791044776,0.0005442070541903377,0.0005739061090890773
3330,12.425373134328359,0.0005472793709486723,0.0005724981694096109
3331,12.42910447761194,0.0005495961522683501,0.0005717040763645456
3332,12.432835820895523,0.0005000300006940961,0.000568216440847098
3333,12.436567164179104,0.000499389017932117,0.0005681807666494534
3334,12.440298507462687,0.000544097158126533,0.0005669396302503784
3335,12.444029850746269,0.0005234949057921767,0.000567693914934175
3336,12.447761194029852,0.0005918336100876331,0.0005676060781541575
3337,12.451492537313433,0.000559345236979425,0.0005687699460129185
3338,12.455223880597014,0.0006060543237254024,0.0005693508953810102
3339,12.458955223880597,0.0005797046469524503,0.0005711478553144489
3340,12.462686567164178,0.0006281533278524876,0.0005704604569118379
3341,12.466417910447761,0.0005940754199400544,0.0005717654187209541
3342,12.470149253731343,0.0006060436717234552,0.0005696099819388332
3343,12.473880597014926,0.0006003152811899781,0.0005704523092590091
3344,12.477611940298507,0.0005771318101324141,0.0005700066884434441
3345,12.48134328358209,0.0005734643782489002,0.000569702635757716
3346,12.485074626865671,0.0006365907029248774,0.0005712183788645921
3347,12.488805970149254,0.0005506749730557203,0.0005709771592192715
3348,12.492537313432836,0.000593670061789453,0.0005709393242396778
3349,12.496268656716419,0.0005650738021358848,0.000571416497866555
3350,12.5,0.0005419928347691894,0.0005724725580388089
3351,12.503731343283581,0.0005467420560307801,0.0005739054915199919
3352,12.507462686567164,0.0004920602077618241,0.0005744211304728397
3353,12.511194029850746,0.0005553794326260686,0.0005764702729676374
3354,12.514925373134329,0.000559806649107486,0.0005789265595944371
3355,12.51865671641791,0.0005704597570002079,0.0005795130628251993
3356,12.522388059701493,0.0005576156545430422,0.0005807117956531484
3357,12.526119402985074,0.0006110296817496419,0.0005803293954558307
3358,12.529850746268657,0.0005886231083422899,0.0005804398125491855
3359,12.533582089552239,0.0006308493320830166,0.0005781634500613663
3360,12.537313432835822,0.0005431669997051358,0.0005777537873832555
3361,12.541044776119403,0.0006031814264133573,0.000576229127146667
3362,12.544776119402986,0.0005314089939929545,0.0005738670375516139
3363,12.548507462686567,0.0006049564108252525,0.0005740952783082499
3364,12.552238805970148,0.000543191796168685,0.000572863976164471
3365,12.555970149253731,0.0005697255255654454,0.0005729559740823944
3366,12.559701492537313,0.0006245225085876882,0.000572886577773294
3367,12.563432835820896,0.0005623261095024645,0.0005707570178456968
3368,12.567164179104477,0.0006159173790365458,0.0005713040562823596
3369,12.57089552238806,0.0006048956420272589,0.00056989747667458
3370,12.574626865671641,0.0005875055212527514,0.0005707488815504603
3371,12.578358208955224,0.000606029643677175,0.0005715061575401483
3372,12.582089552238806,0.0005707373493351042,0.0005714816506952047
3373,12.585820895522389,0.0005840448429808021,0.0005741442068161942
3374,12.58955223880597,0.000600096769630909,0.0005766072994802239
3375,12.593283582089553,0.0005681437905877829,0.0005769106337982343
3376,12.597014925373134,0.0005726429517380893,0.0005795620310847171
3377,12.600746268656716,0.000576155201997608,0.000580285873161856
3378,12.604477611940299,0.0005638723378069699,0.0005806425299563604
3379,12.60820895522388,0.0005127234617248178,0.0005796408215424092
3380,12.611940298507463,0.0005629084771499038,0.000580509763960613
3381,12.615671641791044,0.0005656422581523657,0.0005801716030052886
3382,12.619402985074627,0.000497229746542871,0.000581916264065246
3383,12.623134328358208,0.0006154015427455306,0.0005821998816028964
3384,12.626865671641792,0.0005498318932950497,0.0005838640073950334
3385,12.630597014925373,0.0005809037247672677,0.0005850969862033863
3386,12.634328358208956,0.000570619129575789,0.0005864567015456353
3387,12.638059701492537,0.000549278745893389,0.0005852681593174433
3388,12.64179104477612,0.0005731035489588976,0.0005861255056338339
3389,12.645522388059701,0.000536000297870487,0.0005856905666338961
3390,12.649253731343284,0.0005999814020469785,0.0005871391537167677
3391,12.652985074626866,0.0005730411503463984,0.0005862259209474049
3392,12.656716417910447,0.0005457372753880918,0.0005859017397685931
3393,12.66044776119403,0.0006012250087223947,0.0005863130918885694
3394,12.664179104477611,0.0006563662318512797,0.0005860580401154371
3395,12.667910447761194,0.0005722433561459184,0.0005864684098036732
3396,12.671641791044776,0.0006791670457459986,0.0005862043713355755
3397,12.675373134328359,0.000587293179705739,0.000587655146174678
3398,12.67910447761194,0.0006256526103243232,0.0005888407155530663
3399,12.682835820895523,0.0005475530633702874,0.0005904223781260775
3400,12.686567164179104,0.0006664759712293744,0.0005920131381305797
3401,12.690298507462687,0.0005293024005368352,0.0005944705292832379
3402,12.694029850746269,0.0006747125298716128,0.0005951966584955411
3403,12.697761194029852,0.0005430373130366206,0.0006000528043908317
3404,12.701492537313433,0.0006731855683028698,0.0006008355043510474
3405,12.705223880597014,0.0005937439273111522,0.000604939693868978
3406,12.708955223880597,0.0006254738545976579,0.0006072286405691468
3407,12.712686567164178,0.0005757922772318125,0.0006083911611335125
3408,12.716417910447761,0.0005974773084744811,0.0006115837164632068
3409,12.720149253731343,0.0005980848800390959,0.0006146537120136
3410,12.723880597014926,0.0006642877124249935,0.0006176036805277918
3411,12.727611940298507,0.0005500629777088761,0.0006181187146888455
3412,12.73134328358209,0.0005927382153458893,0.0006204065738995446
3413,12.735074626865671,0.0005876027862541378,0.0006220979082239111
3414,12.738805970149254,0.0005735877202823758,0.000622471493509848
3415,12.742537313432836,0.0006169219268485904,0.0006216495260937003
3416,12.746268656716419,0.0005573182133957744,0.000621637560870135
3417,12.75,0.0006321247201412916,0.0006191013906173771
3418,12.753731343283581,0.0006247635465115309,0.0006193651337880733
3419,12.757462686567164,0.0006287205033004284,0.0006182719200917678
3420,12.761194029850746,0.0005779446219094098,0.0006185038492265271
3421,12.764925373134329,0.0006636615144088864,0.0006157505516212707
3422,12.76865671641791,0.0005954135558567941,0.0006164034087460761
3423,12.772388059701493,0.0006963317282497883,0.0006131316327898786
3424,12.776119402985074,0.000647492241114378,0.0006125128257270084
3425,12.779850746268657,0.0007181036635302007,0.0006088227553224964
3426,12.783582089552239,0.0006747505394741893,0.0006077913425453916
3427,12.787313432835822,0.0006182824727147818,0.0006053090683275425
3428,12.791044776119403,0.0006801735144108534,0.0006044004552588775
3429,12.794776119402986,0.0006989733665250242,0.0006029332715381937
3430,12.798507462686567,0.0006569490069523454,0.0006017400769562256
3431,12.802238805970148,0.0006210978026501834,0.0005984414232576765
3432,12.805970149253731,0.0006668433779850602,0.0005984397792461805
3433,12.809701492537313,0.0006150819826871157,0.0005968740002661035
3434,12.813432835820896,0.0006165420054458082,0.0005951356142759323
3435,12.817164179104477,0.0006226655677892268,0.000593493746525449
3436,12.82089552238806,0.0005717527819797397,0.0005913784020444061
3437,12.824626865671641,0.0005751840653829277,0.0005897736665224884
3438,12.828358208955224,0.0005981066497042775,0.0005875978726757373
3439,12.832089552238806,0.000580830848775804,0.0005835912051247205
3440,12.835820895522389,0.000557062157895416,0.000580718385896123
3441,12.83955223880597,0.0005535907694138587,0.0005800843781155603
3442,12.843283582089553,0.0005560695426538587,0.0005765090463683009
3443,12.847014925373134,0.000540569715667516,0.0005738486268943766
3444,12.850746268656716,0.0005176662234589458,0.0005676140540234018
3445,12.854477611940299,0.0005218926817178726,0.0005627412791931774
3446,12.85820895522388,0.0005514560034498572,0.0005564355609438768
3447,12.861940298507463,0.0005237006116658449,0.0005519904945863457
3448,12.865671641791044,0.0005385391414165497,0.0005482135023978516
3449,12.869402985074627,0.000537322775926441,0.0005438553102643843
3450,12.873134328358208,0.0005491639021784067,0.000538568370890372
3451,12.876865671641792,0.000529042910784483,0.0005345523091907636
3452,12.880597014925373,0.0005499955732375383,0.0005310486374627344
3453,12.884328358208956,0.0005285412771627307,0.0005272802096087394
3454,12.888059701492537,0.0005163289606571198,0.0005255372081769676
3455,12.89179104477612,0.0005062711425125599,0.0005220464237670346
3456,12.895522388059701,0.0005301928031258285,0.0005193250693903282
3457,12.899253731343284,0.0004915240569971502,0.0005186520951300314
3458,12.902985074626866,0.0005429171724244952,0.0005161134922229572
3459,12.906716417910447,0.0004604901769198477,0.0005136539033761747
3460,12.91044776119403,0.0005109349149279296,0.0005119632178542726
3461,12.914179104477611,0.0005519503029063344,0.0005104405125432716
3462,12.917910447761194,0.0005170729127712548,0.0005102854601118895
3463,12.921641791044776,0.0004863363574258983,0.0005099206215917791
3464,12.925373134328359,0.000440714240539819,0.0005082787765564806
3465,12.92910447761194,0.00044770847307518125,0.0005076859939968349
3466,12.932835820895523,0.00045956921530887485,0.0005079654319404919
3467,12.936567164179104,0.0004925028188154101,0.0005069294661885445
3468,12.940298507462687,0.0004634257929865271,0.000507404000594894
3469,12.944029850746269,0.0005014876369386911,0.0005068106757102125
3470,12.947761194029852,0.00048220885219052434,0.0005064228579413327
3471,12.951492537313433,0.0004922904772683978,0.0005069856578768118
3472,12.955223880597014,0.0004774472618009895,0.0005080815036951496
3473,12.958955223880597,0.000512337835971266,0.0005077084011068885
3474,12.962686567164178,0.000543618923984468,0.0005091653530565431
3475,12.966417910447761,0.00047341984463855624,0.0005102155129595591
3476,12.970149253731343,0.000511090038344264,0.0005115932471221085
3477,12.973880597014926,0.0005441608373075724,0.0005113402936641672
3478,12.977611940298507,0.00047110134619288146,0.0005140964079523323
3479,12.98134328358209,0.0004972635069862008,0.0005145065050583514
3480,12.985074626865671,0.0005115127423778176,0.0005176268658521245
3481,12.988805970149254,0.000494631240144372,0.0005193475254799989
3482,12.992537313432836,0.0005472336197271943,0.0005204302135275723
3483,12.996268656716419,0.0005411111633293331,0.0005230463795625128
3484,13.0,0.0004732540692202747,0.0005257797957023197
3485,13.003731343283581,0.0004933621385134757,0.0005297732543734061
3486,13.007462686567164,0.0005333496374078095,0.0005343989192269651
3487,13.011194029850746,0.0005089814076200128,0.000537021665566987
3488,13.014925373134329,0.0005431565223261714,0.0005398999378596228
3489,13.01865671641791,0.0005142128211446106,0.0005429705119373776
3490,13.022388059701493,0.00052142224740237,0.0005435194243767821
3491,13.026119402985074,0.0005722386995330453,0.0005455212000325867
3492,13.029850746268657,0.0005739725893363357,0.0005480946459035139
3493,13.033582089552239,0.0005346983671188354,0.0005486130426217597
3494,13.037313432835822,0.0005882763070985675,0.0005494402132349134
3495,13.041044776119403,0.0005593855166807771,0.0005486705489513441
3496,13.044776119402986,0.0005627582431770861,0.0005509840635435156
3497,13.048507462686567,0.0005198217113502324,0.0005512387178009149
3498,13.052238805970148,0.0006045247428119183,0.0005509506551855494
3499,13.055970149253731,0.0005597311537712812,0.0005516227187089077
3500,13.059701492537313,0.0005884249694645405,0.0005524171496423461
3501,13.063432835820896,0.0005814819596707821,0.0005516494260873737
3502,13.067164179104477,0.0005963405128568411,0.0005525836121949662
3503,13.07089552238806,0.0006243357202038169,0.000550335552117492
3504,13.074626865671641,0.0005984064191579819,0.0005501129248508866
3505,13.078358208955224,0.0006044460460543633,0.0005496151300953565
3506,13.082089552238806,0.0006373607320711017,0.0005504378272368141
3507,13.085820895522389,0.0005671018152497709,0.0005491917808085862
3508,13.08955223880597,0.0006105119828134775,0.0005493327810588043
3509,13.093283582089553,0.0005893193301744759,0.0005484972682940523
3510,13.097014925373134,0.0005239930469542742,0.0005481935194239202
3511,13.100746268656716,0.0005642816540785134,0.0005487737830773723
3512,13.104477611940299,0.0005978017579764128,0.0005481594565846934
3513,13.10820895522388,0.000498701527249068,0.0005476506094720851
3514,13.111940298507463,0.0005462518311105669,0.0005475429025842104
3515,13.115671641791044,0.0005120626883581281,0.0005464153917983356
3516,13.119402985074627,0.0005682739429175854,0.0005462864149793437
3517,13.123134328358208,0.0005215308628976345,0.0005464098436144613
3518,13.126865671641792,0.0005323502700775862,0.0005471531455064328
3519,13.130597014925373,0.0004986559506505728,0.0005460651932147945
3520,13.134328358208956,0.0005298351752571762,0.0005458326649670376
3521,13.138059701492537,0.00048003607662394643,0.0005445869244839541
3522,13.14179104477612,0.0005329328705556691,0.0005442058062748756
3523,13.145522388059701,0.00045506315655075014,0.0005427172404668498
3524,13.149253731343284,0.0005319834453985095,0.00054054586756293
3525,13.152985074626866,0.00045284448424354196,0.0005396772687118955
3526,13.156716417910447,0.0005270927213132381,0.0005388845172824292
3527,13.16044776119403,0.0004822617338504642,0.0005361159451351297
3528,13.164179104477611,0.0005147624178789556,0.0005344815336440395
3529,13.167910447761194,0.000508900498971343,0.0005327809102288107
3530,13.171641791044776,0.0005017591174691916,0.0005312375142239034
3531,13.175373134328359,0.0005452130571939051,0.0005299685247492318
3532,13.17910447761194,0.0005470513133332133,0.0005302968741644447
3533,13.182835820895523,0.0005531098577193916,0.0005279639707423928
3534,13.186567164179104,0.0005302823847159743,0.0005298264043564658
3535,13.190298507462687,0.0005420483648777008,0.0005295130143101077
3536,13.194029850746269,0.0005540974671021104,0.0005290115510522411
3537,13.197761194029852,0.000567818817216903,0.0005279847111257656
3538,13.201492537313433,0.0005502970889210701,0.0005280572108969819
3539,13.205223880597014,0.0005599186988547444,0.0005270412401864078
3540,13.208955223880597,0.0005501974956132472,0.0005270446190701389
3541,13.212686567164178,0.0005373496096581221,0.0005275915723248589
3542,13.216417910447761,0.0005658561130985618,0.0005291469988594876
3543,13.220149253731343,0.0005353093147277832,0.0005284822872476425
3544,13.223880597014926,0.000535309431143105,0.0005304352543600722
3545,13.227611940298507,0.0005627938662655652,0.0005311570407129916
3546,13.23134328358209,0.0005719432374462485,0.0005325760795996048
3547,13.235074626865671,0.0005238492740318179,0.0005327682159897848
3548,13.238805970149254,0.0005000909441150725,0.0005337073987281722
3549,13.242537313432836,0.0005407864227890968,0.0005341061141069342
3550,13.246268656716419,0.000526040093973279,0.0005355689052787678
3551,13.25,0.0004719644784927368,0.000537239487862169
3552,13.253731343283581,0.000577743980102241,0.0005375736949556484
3553,13.257462686567164,0.0005021527176722884,0.0005380550921871895
3554,13.261194029850746,0.0005750613054260612,0.0005386469746576395
3555,13.264925373134329,0.0005334028392098844,0.0005387844171420467
3556,13.26865671641791,0.0004915026947855949,0.0005393106910604529
3557,13.272388059701493,0.0005261735059320927,0.0005395384902906854
3558,13.276119402985074,0.0005245033535175025,0.0005384437873300801
3559,13.279850746268657,0.000490695470944047,0.0005402665843664691
3560,13.283582089552239,0.0004987944848835468,0.0005386666516864263
3561,13.287313432835822,0.0005522602587006986,0.0005383490493929968
3562,13.291044776119403,0.0005438085645437241,0.0005385862669067048
3563,13.294776119402986,0.0005056796944700181,0.0005384403843114652
3564,13.298507462686567,0.0005351348081603646,0.0005383500687369123
3565,13.302238805970148,0.0005615766858682036,0.0005379244997506825
3566,13.305970149253731,0.0005110250785946846,0.0005388146212392645
3567,13.309701492537313,0.0005349703133106232,0.0005396803423603316
3568,13.313432835820896,0.0005207682261243463,0.0005415864459170801
3569,13.317164179104477,0.0005311097484081984,0.0005430328651195074
3570,13.32089552238806,0.0005688749370165169,0.0005440656876577655
3571,13.324626865671641,0.0005702530033886433,0.000543784195409588
3572,13.328358208955224,0.0005589155480265617,0.0005470298730382105
3573,13.332089552238806,0.0005667885998263955,0.0005466939438497875
3574,13.335820895522389,0.0005773770390078425,0.0005498692129238895
3575,13.33955223880597,0.000535917526576668,0.0005493070007438158
3576,13.343283582089553,0.0005636255955323577,0.0005538528472775729
3577,13.347014925373134,0.0005634372355416417,0.0005572968355675296
3578,13.350746268656716,0.0005229359958320856,0.000558836189689251
3579,13.354477611940299,0.0006250317674130201,0.0005618028879370086
3580,13.35820895522388,0.0004943214589729905,0.0005636239330647741
3581,13.361940298507463,0.0005371758015826344,0.0005667901231634725
3582,13.365671641791044,0.0005470755277201533,0.0005666427825373121
3583,13.369402985074627,0.0005598749266937375,0.0005685004729368701
3584,13.373134328358208,0.0005316063761711121,0.0005695503119879016
3585,13.376865671641792,0.000517861102707684,0.0005700095931476936
3586,13.380597014925373,0.00059928884729743,0.0005695845806834902
3587,13.384328358208956,0.0006074378034099936,0.0005715309000551337
3588,13.388059701492537,0.0006019995198585093,0.0005717427887181501
3589,13.39179104477612,0.0005593941314145923,0.0005730356291368059
3590,13.395522388059701,0.0005831321468576789,0.0005740298017882174
3591,13.399253731343284,0.0005144989117980003,0.0005729264613786122
3592,13.402985074626866,0.0006050372612662613,0.000572158929483011
3593,13.406716417910447,0.0005639708833768964,0.0005713615469952546
3594,13.41044776119403,0.0006323387497104704,0.0005702941093548406
3595,13.414179104477611,0.0005520106060430408,0.0005697669083729568
3596,13.417910447761194,0.0007197825470939279,0.0005706252711938648
3597,13.421641791044776,0.0006327062146738172,0.0005701470853215674
3598,13.425373134328359,0.0005892870249226689,0.0005690531617757388
3599,13.42910447761194,0.0006461379816755652,0.0005690027681383781
3600,13.432835820895523,0.0005653583211824298,0.0005668605132619055
3601,13.436567164179104,0.0006286082789301872,0.0005670269133477676
3602,13.440298507462687,0.0005462192930281162,0.000566090566458226
3603,13.444029850746269,0.0006199738709256053,0.0005645675708187698
3604,13.447761194029852,0.000548723095562309,0.0005636657169372662
3605,13.451492537313433,0.0005539653357118368,0.0005620290736792745
3606,13.455223880597014,0.0005441511748358607,0.000562001920515308
3607,13.458955223880597,0.0005908241728320718,0.0005589624690800542
3608,13.462686567164178,0.0005436577484942973,0.0005558549579823526
3609,13.466417910447761,0.0005737746832892299,0.0005532189615911282
3610,13.470149253731343,0.0005718708271160722,0.0005508661085580726
3611,13.473880597014926,0.000523637980222702,0.0005490172912775562
3612,13.477611940298507,0.0005387841956689954,0.0005487487339073928
3613,13.48134328358209,0.0005262228660285473,0.0005460490214229539
3614,13.485074626865671,0.0005230236565694213,0.0005447263488682305
3615,13.488805970149254,0.0005557617987506092,0.0005419216467998922
3616,13.492537313432836,0.0005711104022338986,0.0005408166013317319
3617,13.496268656716419,0.0005440199747681618,0.0005348076385150595
3618,13.5,0.0005185863701626658,0.0005315998455554974
3619,13.503731343283581,0.0005208698567003012,0.000529776307436206
3620,13.507462686567164,0.0005371993174776435,0.0005282748280456517
3621,13.511194029850746,0.0005011438624933362,0.0005283347592212078
3622,13.514925373134329,0.0004987855791114271,0.0005253691612402113
3623,13.51865671641791,0.0004846327065024525,0.0005245966646570439
3624,13.522388059701493,0.0005228989175520837,0.0005229455007172031
3625,13.526119402985074,0.0004645040025934577,0.0005221248876939459
3626,13.529850746268657,0.0005167478229850531,0.0005211330589656605
3627,13.533582089552239,0.00047467133845202625,0.0005207949817725798
3628,13.537313432835822,0.0004800298484042287,0.0005211763214547096
3629,13.541044776119403,0.0004939236678183079,0.0005219278717981424
3630,13.544776119402986,0.00046292715705931187,0.0005233683240054766
3631,13.548507462686567,0.0005073306383565068,0.0005248911499908966
3632,13.552238805970148,0.0005034880596213043,0.0005275331588075837
3633,13.555970149253731,0.0004943490494042635,0.0005299304824935772
3634,13.559701492537313,0.0005097413086332381,0.0005320194092147597
3635,13.563432835820896,0.0005173459649085999,0.0005333744608456405
3636,13.567164179104477,0.0005067037418484688,0.0005341058514626106
3637,13.57089552238806,0.00047341507161036134,0.0005338685587048531
3638,13.574626865671641,0.0005011867033317685,0.0005347854798523391
3639,13.578358208955224,0.0005145219620317221,0.0005363778512152593
3640,13.582089552238806,0.0005845773266628385,0.0005390227476998073
3641,13.585820895522389,0.0005678154993802309,0.000538924601065313
3642,13.58955223880597,0.0005070187617093325,0.000541068877593228
3643,13.593283582089553,0.000514546933118254,0.0005426812198626377
3644,13.597014925373134,0.000552276149392128,0.0005435809406463238
3645,13.600746268656716,0.0005150779616087675,0.0005457224615383893
3646,13.604477611940299,0.0005133003578521311,0.0005476547713198404
3647,13.60820895522388,0.000530290009919554,0.0005483055088339691
3648,13.611940298507463,0.0006064590997993946,0.0005496224223795097
3649,13.615671641791044,0.0005744713125750422,0.0005519831831362553
3650,13.619402985074627,0.0006328332237899303,0.0005530907528293206
3651,13.623134328358208,0.0006343066925182939,0.0005564364865876553
3652,13.626865671641792,0.000631960341706872,0.0005568863877958459
3653,13.630597014925373,0.0006370744667947292,0.0005581198123896994
3654,13.634328358208956,0.0006118688615970314,0.0005597092534937873
3655,13.638059701492537,0.000578580773435533,0.0005602706010771416
3656,13.64179104477612,0.0005857488140463829,0.0005612385831205402
3657,13.645522388059701,0.000561381399165839,0.0005620563368699173
3658,13.649253731343284,0.0005816137418150902,0.0005635825119253884
3659,13.652985074626866,0.0005838735960423946,0.0005650860910508327
3660,13.656716417910447,0.0006293106125667691,0.0005661851567466085
3661,13.66044776119403,0.0005331753054633737,0.0005660315240142731
3662,13.664179104477611,0.0005890592001378536,0.0005649857680176998
3663,13.667910447761194,0.0005648916121572256,0.0005657402869518391
3664,13.671641791044776,0.0005215212586335838,0.0005655275152360158
3665,13.675373134328359,0.0006107012741267681,0.0005645368094896762
3666,13.67910447761194,0.0005437287036329508,0.0005652526785369689
3667,13.682835820895523,0.0005434280610643327,0.0005652849596538921
3668,13.686567164179104,0.0005286647938191891,0.0005662290779760153
3669,13.690298507462687,0.0005768210394307971,0.0005644351476803422
3670,13.694029850746269,0.000539334025233984,0.0005627916841881304
3671,13.697761194029852,0.0006001022411510348,0.000560902651092719
3672,13.701492537313433,0.0005257765878923237,0.0005585222133071866
3673,13.705223880597014,0.0005540584679692984,0.0005551305749998768
3674,13.708955223880597,0.0005595161346718669,0.0005522767215308438
3675,13.712686567164178,0.0005327565595507622,0.0005497969062317436
3676,13.716417910447761,0.000557033228687942,0.000546953260398856
3677,13.720149253731343,0.0005402316455729306,0.0005456648650579154
3678,13.723880597014926,0.0005359882488846779,0.0005439328620346581
3679,13.727611940298507,0.0005628334474749863,0.0005422979209958235
3680,13.73134328358209,0.0005595836555585265,0.000541864391757039
3681,13.735074626865671,0.0005782783846370876,0.0005382737442964642
3682,13.738805970149254,0.0005249395035207272,0.0005378341288078668
3683,13.742537313432836,0.0005379540380090475,0.0005355533851287896
3684,13.746268656716419,0.0005058232927694917,0.0005353089342484387
3685,13.75,0.0005116572137922049,0.0005351083918202032
3686,13.753731343283581,0.0005444285925477743,0.0005343739133578067
3687,13.757462686567164,0.0005146238836459816,0.0005345307943615608
3688,13.761194029850746,0.0005689988611266017,0.000535272469278425
3689,13.764925373134329,0.0005329079576767981,0.0005353318765850329
3690,13.76865671641791,0.0005070893093943596,0.0005340467309352102
3691,13.772388059701493,0.0005553828668780625,0.0005337869416263591
3692,13.776119402985074,0.0005367087433114648,0.0005311520639579835
3693,13.779850746268657,0.000492903171107173,0.0005311017952541389
3694,13.783582089552239,0.0005200664745643735,0.0005307271565515093
3695,13.787313432835822,0.0005101964343339205,0.0005290565597711177
3696,13.791044776119403,0.00046199129428714514,0.0005280563888912339
3697,13.794776119402986,0.0005329246050678194,0.000527501774940458
3698,13.798507462686567,0.0004903692752122879,0.0005266134209771891
3699,13.802238805970148,0.0005145811592228711,0.0005269143290295288
3700,13.805970149253731,0.0005660988972522318,0.0005254822615647643
3701,13.809701492537313,0.000482094066683203,0.0005246722409160944
3702,13.813432835820896,0.0005151510704308748,0.0005222167308646731
3703,13.817164179104477,0.0004955487092956901,0.0005227620500457905
3704,13.82089552238806,0.0005548691260628402,0.0005227078856877619
3705,13.824626865671641,0.0005132990190759301,0.0005234201628964667
3706,13.828358208955224,0.0005805876571685076,0.0005229014957255525
3707,13.832089552238806,0.0005501608247868717,0.0005222963532660065
3708,13.835820895522389,0.0005738367326557636,0.0005234310803821356
3709,13.83955223880597,0.0005311004933901131,0.0005220906928227079
3710,13.843283582089553,0.0005241300677880645,0.0005216209655173305
3711,13.847014925373134,0.0005286826635710895,0.0005226086515637977
3712,13.850746268656716,0.0004920722567476332,0.0005225780641478373
3713,13.854477611940299,0.0005237155710346997,0.0005226076194425909
3714,13.85820895522388,0.0005386982811614871,0.0005255412429616582
3715,13.861940298507463,0.000491021666675806,0.0005265485733838343
3716,13.865671641791044,0.000491749553475529,0.0005280838643268841
3717,13.869402985074627,0.0005342940567061305,0.000529754803254746
3718,13.873134328358208,0.000503809133078903,0.0005299092352776448
3719,13.876865671641792,0.0005483254790306091,0.0005306989428723549
3720,13.880597014925373,0.0005041186814196408,0.0005329216307983166
3721,13.884328358208956,0.0005263728089630604,0.0005314884999789661
3722,13.888059701492537,0.00047760247252881527,0.0005348565556654116
3723,13.89179104477612,0.0005472975899465382,0.000534760321365533
3724,13.895522388059701,0.0005357332993298769,0.0005381513974720203
3725,13.899253731343284,0.0005350266583263874,0.0005392848866105806
3726,13.902985074626866,0.0004903918597847223,0.0005411417195119145
3727,13.906716417910447,0.0005196177517063916,0.0005413331929026399
3728,13.91044776119403,0.0005611476954072714,0.0005415562389804641
3729,13.914179104477611,0.0005140429711900651,0.0005415058992916672
3730,13.917910447761194,0.0005136491381563246,0.0005425397993815018
3731,13.921641791044776,0.0005475844372995198,0.0005440996567968552
3732,13.925373134328359,0.0005541287828236818,0.0005455155908016534
3733,13.92910447761194,0.0005379205103963614,0.0005466110078708791
3734,13.932835820895523,0.0006131817353889346,0.0005491645467217739
3735,13.936567164179104,0.0005613670218735933,0.0005492114351221883
3736,13.940298507462687,0.0005731433629989624,0.0005519457201178117
3737,13.944029850746269,0.0005304997903294861,0.0005525882830048298
3738,13.947761194029852,0.0005392563180066645,0.0005535915033982658
3739,13.951492537313433,0.0005227472865954041,0.0005558188223825177
3740,13.955223880597014,0.0006057113641873002,0.0005544574530908792
3741,13.958955223880597,0.0005073405336588621,0.0005561929145010143
3742,13.962686567164178,0.0006201843498274684,0.0005562335320907395
3743,13.966417910447761,0.0005112054641358554,0.0005573014268742465
3744,13.970149253731343,0.0006345828296616673,0.0005574710965270131
3745,13.973880597014926,0.0006013421807438135,0.0005571519283055351
3746,13.977611940298507,0.0005894291680306196,0.0005588189218897464
3747,13.98134328358209,0.000588438066188246,0.0005593117036879426
3748,13.985074626865671,0.0005593057139776647,0.00056194398756616
3749,13.988805970149254,0.0005717728054150939,0.0005628836139604994
3750,13.992537313432836,0.0005734903970733285,0.0005644517865531692
3751,13.996268656716419,0.000588084221817553,0.000565390084109201
3752,14.0,0.0005867359577678144,0.0005661133171354489
3753,14.003731343283581,0.0005369843565858901,0.0005658104640954151
3754,14.007462686567164,0.000628410663921386,0.0005673059353196039
3755,14.011194029850746,0.0005406207055784762,0.0005650902465099423
3756,14.014925373134329,0.0006031273514963686,0.0005642785875285725
3757,14.01865671641791,0.0005180946318432689,0.0005640412195267655
3758,14.022388059701493,0.0005754260928370059,0.0005656422453750743
3759,14.026119402985074,0.0005951292114332318,0.000565806293019616
3760,14.029850746268657,0.0004925093380734324,0.0005656430120125595
3761,14.033582089552239,0.000575272599235177,0.0005629088647277435
3762,14.037313432835822,0.0005280381301417947,0.0005640869125405826
3763,14.041044776119403,0.0005213861586526036,0.0005623276385183378
3764,14.044776119402986,0.0005542540457099676,0.0005625984560493835
3765,14.048507462686567,0.0005226474022492766,0.0005599798509714807
3766,14.052238805970148,0.0006033733952790499,0.00055780124186152
3767,14.055970149253731,0.0005105959135107696,0.0005577690402477435
3768,14.059701492537313,0.0006275413907133043,0.0005560471894923689
3769,14.063432835820896,0.0005996723775751889,0.0005554348136661802
3770,14.067164179104477,0.0005783380474895239,0.0005543457682062759
3771,14.07089552238806,0.0005521193379536271,0.0005525281644289995
3772,14.074626865671641,0.0005772369913756847,0.0005509063286320647
3773,14.078358208955224,0.0005417118081822991,0.0005484863224144025
3774,14.082089552238806,0.0005992348305881023,0.0005486166465277897
3775,14.085820895522389,0.0005223384941928089,0.0005460356208836524
3776,14.08955223880597,0.000528089003637433,0.0005442858389692335
3777,14.093283582089553,0.0005634112749248743,0.0005435180245535221
3778,14.097014925373134,0.0005961418501101434,0.0005436263277149964
3779,14.100746268656716,0.0005459822714328766,0.0005432588996638249
3780,14.104477611940299,0.0005160527653060853,0.0005422824278201271
3781,14.10820895522388,0.0004936113255098462,0.0005438274266652581
3782,14.111940298507463,0.0005556404939852655,0.0005415670762531368
3783,14.115671641791044,0.0005480541149154305,0.0005418082064574175
3784,14.119402985074627,0.0005223089829087257,0.0005417920162094893
3785,14.123134328358208,0.0005272200214676559,0.0005407379805280758
3786,14.126865671641792,0.0005120192072354257,0.00054072113153979
3787,14.130597014925373,0.0005881089018657804,0.0005382785875997619
3788,14.134328358208956,0.0005178421852178872,0.0005388949172877957
3789,14.138059701492537,0.0005341983051039279,0.00053590105309878
3790,14.14179104477612,0.0005271219415590167,0.0005349588371733794
3791,14.145522388059701,0.0004989686422049999,0.000534215996683598
3792,14.149253731343284,0.0005215889541432261,0.0005334857602819527
3793,14.152985074626866,0.0004875157028436661,0.000532485800937227
3794,14.156716417910447,0.0005423276452347636,0.0005313664136692973
3795,14.16044776119403,0.000522588612511754,0.0005295451683639662
3796,14.164179104477611,0.0004688796470873058,0.0005287753464938028
3797,14.167910447761194,0.000571646960452199,0.0005274804482213789
3798,14.171641791044776,0.0005225350614637136,0.0005268543637811956
3799,14.175373134328359,0.0005603615427389741,0.0005250068313283165
3800,14.17910447761194,0.0005550938658416271,0.0005231490656847089
3801,14.182835820895523,0.0005558542907238007,0.0005226861642923479
3802,14.186567164179104,0.000482598232338205,0.0005230510681186144
3803,14.190298507462687,0.0005379244685173035,0.0005220178608419146
3804,14.194029850746269,0.0005207223584875464,0.000521483818330325
3805,14.197761194029852,0.0005110385827720165,0.0005209501279040989
3806,14.201492537313433,0.0005219565937295556,0.0005209275035800912
3807,14.205223880597014,0.0005032290937379003,0.0005212187520001175
3808,14.208955223880597,0.0005358654307201505,0.0005190118695836423
3809,14.212686567164178,0.0005047929589636624,0.0005198576552906959
3810,14.216417910447761,0.0005610415246337652,0.0005199351623404498
3811,14.220149253731343,0.000547881587408483,0.0005199096077576098
3812,14.223880597014926,0.000522179645486176,0.0005205739758022856
3813,14.227611940298507,0.0005362386582419276,0.0005209153367592613
3814,14.23134328358209,0.0004958169301971793,0.0005221921033453105
3815,14.235074626865671,0.0005245637730695307,0.0005227215715865718
3816,14.238805970149254,0.0004907757975161076,0.0005222742556503452
3817,14.242537313432836,0.00047499817446805537,0.0005231745890341699
3818,14.246268656716419,0.000537741812877357,0.0005220471236786646
3819,14.25,0.000520393019542098,0.0005214744539954132
3820,14.253731343283581,0.00046981388004496694,0.0005196644463178861
3821,14.257462686567164,0.0004970738082192838,0.0005187111326050377
3822,14.261194029850746,0.0005085723823867738,0.0005166944465599954
3823,14.264925373134329,0.0005132789956405759,0.0005172582196991709
3824,14.26865671641791,0.0005261583719402552,0.0005170088382040309
3825,14.272388059701493,0.0005004276754334569,0.0005177231157686925
3826,14.276119402985074,0.0005262924241833389,0.0005181881580672158
3827,14.279850746268657,0.0005239603924565017,0.0005178481089121594
3828,14.283582089552239,0.0004976267227903008,0.0005179019538379024
3829,14.287313432835822,0.0005525193992070854,0.000517435753064957
3830,14.291044776119403,0.0005373760941438377,0.0005172874214888619
3831,14.294776119402986,0.0005260742036625743,0.0005155448033758326
3832,14.298507462686567,0.0005262077320367098,0.0005153581981331383
3833,14.302238805970148,0.0005355847533792257,0.0005150218884653707
3834,14.305970149253731,0.0005398631328716874,0.000514026950596173
3835,14.309701492537313,0.0005640358431264758,0.0005143874860084729
3836,14.313432835820896,0.0005042486591264606,0.0005126893499059739
3837,14.317164179104477,0.0005057933158241212,0.0005130113461679529
3838,14.32089552238806,0.0005254208808764815,0.0005137833692814882
3839,14.324626865671641,0.0004990556044504046,0.0005124945551293288
3840,14.328358208955224,0.00048615122796036303,0.000513365120263543
3841,14.332089552238806,0.0005160080036148429,0.0005152171701987888
3842,14.335820895522389,0.0004731701628770679,0.0005164534199937451
3843,14.33955223880597,0.0005057129310443997,0.0005183376417290874
3844,14.343283582089553,0.0005276998272165656,0.0005191721124347391
3845,14.347014925373134,0.0005500077386386693,0.0005189989432238224
3846,14.350746268656716,0.0005301053170114756,0.0005208950790735643
3847,14.354477611940299,0.0005080145783722401,0.0005210421826099841
3848,14.35820895522388,0.0005054367356933653,0.0005234533469419835
3849,14.361940298507463,0.000516751199029386,0.0005236549285899211
3850,14.365671641791044,0.0004987113643437624,0.0005266708478036268
3851,14.369402985074627,0.0004895941819995642,0.0005266166110409469
3852,14.373134328358208,0.0005402307724580169,0.0005284073739880469
3853,14.376865671641792,0.0005083909491077065,0.0005294206444310342
3854,14.380597014925373,0.0004954462056048214,0.0005304388923388793
3855,14.384328358208956,0.0005105988821014762,0.0005304924050550453
3856,14.388059701492537,0.00045494019286707044,0.0005303192102895459
3857,14.39179104477612,0.0005039776442572474,0.0005324207922080304
3858,14.395522388059701,0.000506651122123003,0.0005345010672832226
3859,14.399253731343284,0.000484900432638824,0.0005352450222367557
3860,14.402985074626866,0.0005560861900448799,0.0005369332034095395
3861,14.406716417910447,0.000545747927390039,0.0005386725342094262
3862,14.41044776119403,0.0005477600498124957,0.0005412504123807772
3863,14.414179104477611,0.0005858254735358059,0.0005431762973141925
3864,14.417910447761194,0.0005474922945722938,0.0005459686692963104
3865,14.421641791044776,0.0005190584342926741,0.0005467611736981426
3866,14.425373134328359,0.0005781692452728748,0.0005492232541167518
3867,14.42910447761194,0.0005323236691765487,0.0005504515550167459
3868,14.432835820895523,0.000622818130068481,0.0005532438474957173
3869,14.436567164179104,0.0005058915703557432,0.000554261024950481
3870,14.440298507462687,0.000676172086969018,0.000556325933203192
3871,14.444029850746269,0.0005351523868739605,0.0005570437330411883
3872,14.447761194029852,0.0005994954844936728,0.0005594177821810107
3873,14.451492537313433,0.0005677518201991916,0.0005596343146796088
3874,14.455223880597014,0.0005773329176008701,0.0005612985767628543
3875,14.458955223880597,0.0005420571542344987,0.0005626486125970032
3876,14.462686567164178,0.0005569348577409983,0.0005648772944923399
3877,14.466417910447761,0.0005904135177843273,0.0005685208001878204
3878,14.470149253731343,0.0005910845939069986,0.0005699264129805492
3879,14.473880597014926,0.0005559230339713395,0.0005713719874620438
3880,14.477611940298507,0.0005682710325345397,0.0005748413273178768
3881,14.48134328358209,0.000557463790755719,0.0005762724038327067
3882,14.485074626865671,0.0006217010086402297,0.0005766405971016643
3883,14.488805970149254,0.0005521314451470971,0.0005771530019800837
3884,14.492537313432836,0.0006202001823112369,0.0005775425546211986
3885,14.496268656716419,0.0005601925076916814,0.0005767370060245256
3886,14.5,0.0006509530358016491,0.0005787529076858446
3887,14.503731343283581,0.000580465653911233,0.0005789032055451194
3888,14.507462686567164,0.000622498570010066,0.0005813007251495813
3889,14.511194029850746,0.000547141011338681,0.0005811544180643268
3890,14.514925373134329,0.0006014124373905361,0.0005825853142773778
3891,14.51865671641791,0.0005281411577016115,0.0005813091013739567
3892,14.522388059701493,0.0005869301967322826,0.0005818608248174736
3893,14.526119402985074,0.0005491086049005389,0.0005808697059387114
3894,14.529850746268657,0.0005766256945207715,0.0005810660219228849
3895,14.533582089552239,0.0005507976748049259,0.0005796966057770499
3896,14.537313432835822,0.000601974839810282,0.0005793136149849288
3897,14.541044776119403,0.0006043239263817668,0.0005794657783287509
3898,14.544776119402986,0.0005616077687591314,0.0005775298426359347
3899,14.548507462686567,0.0005659196758642793,0.0005750388102946667
3900,14.552238805970148,0.000627143366727978,0.000574138024026846
3901,14.555970149253731,0.0006147603271529078,0.0005721010618400192
3902,14.559701492537313,0.0005608438514173031,0.0005709228237875079
3903,14.563432835820896,0.0005687686498276889,0.0005690721325042499
3904,14.567164179104477,0.0006017971318215132,0.0005676655429585768
3905,14.57089552238806,0.000514464802108705,0.0005654733714636234
3906,14.574626865671641,0.0006017104024067521,0.000564997834749747
3907,14.578358208955224,0.00058433145750314,0.0005609351799471258
3908,14.582089552238806,0.0006306219729594886,0.0005589351377438572
3909,14.585820895522389,0.0006168195395730436,0.0005565921019297093
3910,14.58955223880597,0.0005645583150908351,0.0005558013309804132
3911,14.593283582089553,0.0006238473579287529,0.000552808483295915
3912,14.597014925373134,0.0005577730480581522,0.0005537375144762691
3913,14.600746268656716,0.0005588596104644239,0.0005514306980241999
3914,14.604477611940299,0.0005758007755503058,0.0005512237101622926
3915,14.60820895522388,0.0005211868556216359,0.0005502489930666165
3916,14.611940298507463,0.0005263545317575336,0.0005496362026883062
3917,14.615671641791044,0.0005631735548377037,0.0005484009154493035
3918,14.619402985074627,0.0005110401543788612,0.0005460767644718744
3919,14.623134328358208,0.0004889522679150105,0.0005455467084752078
3920,14.626865671641792,0.0005189907969906926,0.0005444253023952337
3921,14.630597014925373,0.0004847555828746408,0.0005414537374191441
3922,14.634328358208956,0.0005091560306027532,0.0005400066892900391
3923,14.638059701492537,0.0005458226660266519,0.000538921362021938
3924,14.64179104477612,0.0004944612737745047,0.0005376192282533227
3925,14.645522388059701,0.0005303211510181427,0.0005347369225956954
3926,14.649253731343284,0.00054069550242275,0.0005345148120995429
3927,14.652985074626866,0.00048438418889418244,0.000532236324322251
3928,14.656716417910447,0.0004984639235772192,0.0005298737044696038
3929,14.66044776119403,0.0005264341016300023,0.000526967993653493
3930,14.664179104477611,0.0005147194024175406,0.0005256535965245126
3931,14.667910447761194,0.0004787056823261082,0.0005253257170296842
3932,14.671641791044776,0.0005662314360961318,0.0005226265681657667
3933,14.675373134328359,0.0004923507221974432,0.0005220445313082054
3934,14.67910447761194,0.0005406221025623381,0.0005206753352157227
3935,14.682835820895523,0.0005366622935980558,0.0005187320483212428
3936,14.686567164179104,0.0005256732692942023,0.0005184012499251743
3937,14.690298507462687,0.0005513280630111694,0.0005175614084980292
3938,14.694029850746269,0.000509033736307174,0.0005173034832540263
3939,14.697761194029852,0.0005398754728958011,0.0005174769165289657
3940,14.701492537313433,0.0005199420265853405,0.000519197936760398
3941,14.705223880597014,0.0005053092027083039,0.0005204310248855774
3942,14.708955223880597,0.0005554313538596034,0.0005229379954781928
3943,14.712686567164178,0.0005163454334251583,0.000524793955264613
3944,14.716417910447761,0.0005153811653144658,0.0005256304021913377
3945,14.720149253731343,0.00048362259985879064,0.0005266143331338265
3946,14.723880597014926,0.000505358271766454,0.0005271417953403349
3947,14.727611940298507,0.00050829240353778,0.0005278409602086446
3948,14.73134328358209,0.0004874640435446054,0.0005308980322386161
3949,14.735074626865671,0.0005114878294989467,0.0005309078352605333
3950,14.738805970149254,0.0005629292572848499,0.0005321891775366101
3951,14.742537313432836,0.0005511152558028698,0.0005346099645887479
3952,14.746268656716419,0.0005131822545081377,0.0005358273139302959
3953,14.75,0.0005339095368981361,0.0005356716992980914
3954,14.753731343283581,0.0005027225706726313,0.0005365607616911847
3955,14.757462686567164,0.0004961260128766298,0.0005368645673492787
3956,14.761194029850746,0.0005076241213828325,0.0005368236686591422
3957,14.764925373134329,0.00049192103324458,0.00053567092698181
3958,14.76865671641791,0.0005525986198335886,0.0005345508724553283
3959,14.772388059701493,0.0005181509186513722,0.0005341474947848971
3960,14.776119402985074,0.0005595140974037349,0.0005345369807001567
3961,14.779850746268657,0.0005695474101230502,0.0005350143459864052
3962,14.783582089552239,0.000587541377171874,0.0005345111925768234
3963,14.787313432835822,0.0005852503818459809,0.0005331081210453881
3964,14.791044776119403,0.0005801169900223613,0.0005328275459227947
3965,14.794776119402986,0.0005348024424165487,0.0005332458105574293
3966,14.798507462686567,0.0005519471014849842,0.0005331215407506268
3967,14.802238805970148,0.0005693612620234489,0.0005345289778566306
3968,14.805970149253731,0.0006097241421230137,0.0005351579116328006
3969,14.809701492537313,0.0004988658474758267,0.0005376998891645088
3970,14.813432835820896,0.0005789691349491477,0.0005394269516350837
3971,14.817164179104477,0.0006139716715551913,0.0005384714870781797
3972,14.82089552238806,0.0005286170053295791,0.0005377934416528883
3973,14.824626865671641,0.0005598512361757457,0.0005386640720932586
3974,14.828358208955224,0.0005288022803142667,0.0005384904613559385
3975,14.832089552238806,0.0005530781345441937,0.0005392593944944986
3976,14.835820895522389,0.0005349854473024607,0.0005412067303706597
3977,14.83955223880597,0.0004784108605235815,0.0005405562185886793
3978,14.843283582089553,0.0005054058274254203,0.0005422057456155194
3979,14.847014925373134,0.0004924952518194914,0.0005407410222332833
3980,14.850746268656716,0.0005558443954214454,0.0005419300613561418
3981,14.854477611940299,0.0005395140033215284,0.000540426861290343
3982,14.85820895522388,0.0004846799129154533,0.0005410255398601294
3983,14.861940298507463,0.0004979054210707545,0.000541460138132296
3984,14.865671641791044,0.0005048418533988297,0.0005413196844662108
3985,14.869402985074627,0.000532530015334487,0.0005402271706815354
3986,14.873134328358208,0.00047852753777988255,0.0005419571307578646
3987,14.876865671641792,0.0005630631931126118,0.0005417740392703108
3988,14.880597014925373,0.0005340786883607507,0.0005417013535185195
3989,14.884328358208956,0.0005916851223446429,0.0005412312102413214
3990,14.888059701492537,0.0005822973907925189,0.0005422272696727659
3991,14.89179104477612,0.0005237552104517817,0.0005415406847577087
3992,14.895522388059701,0.0005233153933659196,0.0005398908056455051
3993,14.899253731343284,0.0005488781025633216,0.0005403526493620764
3994,14.902985074626866,0.000526791496668011,0.0005406516308828098
3995,14.906716417910447,0.0005342488293536007,0.0005410820751155658
3996,14.91044776119403,0.000575966783799231,0.000540491659194231
3997,14.914179104477611,0.0004809531383216381,0.000540835311545468
3998,14.917910447761194,0.0005595516413450241,0.0005425296826060953
3999,14.921641791044776,0.0004925449611619115,0.0005427907127319131
4000,14.925373134328359,0.0005669015226885676,
4001,14.92910447761194,0.000497882894705981,
4002,14.932835820895523,0.0005940932314842939,
4003,14.936567164179104,0.0006053599063307047,
4004,14.940298507462687,0.0005794917815364897,
4005,14.944029850746269,0.0005353239248506725,
4006,14.947761194029852,0.0006057308055460453,
4007,14.951492537313433,0.0005444403504952788,
4008,14.955223880597014,0.0005663811462000012,
4009,14.958955223880597,0.0005904482677578926,
4010,14.962686567164178,0.0005397042841650546,
4011,14.966417910447761,0.000550819153431803,
4012,14.970149253731343,0.0005463266279548407,
4013,14.973880597014926,0.0005475525977090001,
4014,14.977611940298507,0.0005721094785258174,
4015,14.98134328358209,0.0005464504938572645,
4016,14.985074626865671,0.0005288710817694664,
4017,14.988805970149254,0.0005490751937031746,
4018,14.992537313432836,0.0005478800740092993,
4019,14.996268656716419,0.0005161080625839531,
